#pragma once

// Generated by build_scripts/generate_toolbar_svg_header.py from
// resources/images/ToolbarIcons. Do not edit by hand.

#include <cstddef>

static const unsigned char main_toolbar_new_sequence_svg[] = {
    0x3c, 0x73, 0x76, 0x67, 0x20, 0x69, 0x64, 0x3d, 0x22, 0x4c, 0x61, 0x79, 0x65, 0x72, 0x5f, 0x31,
    0x22, 0x20, 0x64, 0x61, 0x74, 0x61, 0x2d, 0x6e, 0x61, 0x6d, 0x65, 0x3d, 0x22, 0x4c, 0x61, 0x79,
    0x65, 0x72, 0x20, 0x31, 0x22, 0x20, 0x78, 0x6d, 0x6c, 0x6e, 0x73, 0x3d, 0x22, 0x68, 0x74, 0x74,
    0x70, 0x3a, 0x2f, 0x2f, 0x77, 0x77, 0x77, 0x2e, 0x77, 0x33, 0x2e, 0x6f, 0x72, 0x67, 0x2f, 0x32,
    0x30, 0x30, 0x30, 0x2f, 0x73, 0x76, 0x67, 0x22, 0x20, 0x76, 0x69, 0x65, 0x77, 0x42, 0x6f, 0x78,
    0x3d, 0x22, 0x30, 0x20, 0x30, 0x20, 0x34, 0x39, 0x2e, 0x31, 0x36, 0x20, 0x36, 0x34, 0x22, 0x3e,
    0x3c, 0x70, 0x61, 0x74, 0x68, 0x20, 0x64, 0x3d, 0x22, 0x4d, 0x2e, 0x30, 0x36, 0x2c, 0x35, 0x36,
    0x2e, 0x32, 0x38, 0x6c, 0x30, 0x2d, 0x2e, 0x31, 0x35, 0x5a, 0x22, 0x20, 0x73, 0x74, 0x79, 0x6c,
    0x65, 0x3d, 0x22, 0x66, 0x69, 0x6c, 0x6c, 0x3a, 0x23, 0x33, 0x33, 0x33, 0x22, 0x2f, 0x3e, 0x3c,
    0x70, 0x61, 0x74, 0x68, 0x20, 0x64, 0x3d, 0x22, 0x4d, 0x2e, 0x35, 0x36, 0x2c, 0x35, 0x38, 0x2e,
    0x31, 0x61, 0x2e, 0x34, 0x33, 0x2e, 0x34, 0x33, 0x2c, 0x30, 0x2c, 0x30, 0x2c, 0x31, 0x2c, 0x30,
    0x2d, 0x2e, 0x30, 0x37, 0x41, 0x2e, 0x34, 0x33, 0x2e, 0x34, 0x33, 0x2c, 0x30, 0x2c, 0x30, 0x2c,
    0x30, 0x2c, 0x2e, 0x35, 0x36, 0x2c, 0x35, 0x38, 0x2e, 0x31, 0x5a, 0x22, 0x20, 0x73, 0x74, 0x79,
    0x6c, 0x65, 0x3d, 0x22, 0x66, 0x69, 0x6c, 0x6c, 0x3a, 0x23, 0x33, 0x33, 0x33, 0x22, 0x2f, 0x3e,
    0x3c, 0x70, 0x61, 0x74, 0x68, 0x20, 0x64, 0x3d, 0x22, 0x4d, 0x2e, 0x31, 0x37, 0x2c, 0x35, 0x36,
    0x2e, 0x39, 0x31, 0x61, 0x2e, 0x35, 0x33, 0x2e, 0x35, 0x33, 0x2c, 0x30, 0x2c, 0x30, 0x2c, 0x31,
    0x2c, 0x30, 0x2d, 0x2e, 0x31, 0x32, 0x41, 0x2e, 0x35, 0x33, 0x2e, 0x35, 0x33, 0x2c, 0x30, 0x2c,
    0x30, 0x2c, 0x30, 0x2c, 0x2e, 0x31, 0x37, 0x2c, 0x35, 0x36, 0x2e, 0x39, 0x31, 0x5a, 0x22, 0x20,
    0x73, 0x74, 0x79, 0x6c, 0x65, 0x3d, 0x22, 0x66, 0x69, 0x6c, 0x6c, 0x3a, 0x23, 0x33, 0x33, 0x33,
    0x22, 0x2f, 0x3e, 0x3c, 0x70, 0x61, 0x74, 0x68, 0x20, 0x64, 0x3d, 0x22, 0x4d, 0x2e, 0x33, 0x34,
    0x2c, 0x35, 0x37, 0x2e, 0x35, 0x33, 0x73, 0x30, 0x2d, 0x2e, 0x30, 0x37, 0x2c, 0x30, 0x2d, 0x2e,
    0x31, 0x31, 0x53, 0x2e, 0x33, 0x33, 0x2c, 0x35, 0x37, 0x2e, 0x35, 0x2e, 0x33, 0x34, 0x2c, 0x35,
    0x37, 0x2e, 0x35, 0x33, 0x5a, 0x22, 0x20, 0x73, 0x74, 0x79, 0x6c, 0x65, 0x3d, 0x22, 0x66, 0x69,
    0x6c, 0x6c, 0x3a, 0x23, 0x33, 0x33, 0x33, 0x22, 0x2f, 0x3e, 0x3c, 0x70, 0x61, 0x74, 0x68, 0x20,
    0x64, 0x3d, 0x22, 0x4d, 0x34, 0x39, 0x2e, 0x31, 0x32, 0x2c, 0x31, 0x37, 0x2e, 0x35, 0x33, 0x6c,
    0x2d, 0x2e, 0x30, 0x37, 0x2d, 0x2e, 0x30, 0x37, 0x68, 0x30, 0x6c, 0x30, 0x2c, 0x30, 0x2d, 0x2e,
    0x31, 0x35, 0x2d, 0x2e, 0x31, 0x35, 0x68, 0x30, 0x6c, 0x30, 0x2c, 0x30, 0x2c, 0x30, 0x2c, 0x30,
    0x4c, 0x34, 0x38, 0x2e, 0x35, 0x39, 0x2c, 0x31, 0x37, 0x6c, 0x30, 0x2c, 0x30, 0x2c, 0x30, 0x2c,
    0x30, 0x2d, 0x2e, 0x31, 0x39, 0x2d, 0x2e, 0x31, 0x39, 0x68, 0x30, 0x6c, 0x30, 0x2c, 0x30, 0x2d,
    0x2e, 0x30, 0x37, 0x2d, 0x2e, 0x30, 0x38, 0x2c, 0x30, 0x2c, 0x30, 0x2c, 0x30, 0x2c, 0x30, 0x2c,
    0x30, 0x2c, 0x30, 0x2d, 0x2e, 0x31, 0x35, 0x2d, 0x2e, 0x31, 0x35, 0x68, 0x30, 0x6c, 0x30, 0x2c,
    0x30, 0x2c, 0x30, 0x2c, 0x30, 0x2d, 0x2e, 0x31, 0x32, 0x2d, 0x2e, 0x31, 0x32, 0x2c, 0x30, 0x2c,
    0x30, 0x2c, 0x30, 0x2c, 0x30, 0x2c, 0x30, 0x2c, 0x30, 0x2d, 0x2e, 0x31, 0x32, 0x2d, 0x2e, 0x31,
    0x31, 0x2d, 0x2e, 0x31, 0x39, 0x2d, 0x2e, 0x31, 0x39, 0x68, 0x30, 0x6c, 0x30, 0x2c, 0x30, 0x4c,
    0x34, 0x35, 0x2c, 0x31, 0x33, 0x2e, 0x34, 0x33, 0x2c, 0x33, 0x39, 0x2e, 0x35, 0x34, 0x2c, 0x38,
    0x6c, 0x37, 0x2e, 0x36, 0x38, 0x2c, 0x37, 0x2e, 0x36, 0x35, 0x56, 0x35, 0x35, 0x2e, 0x34, 0x36,
    0x61, 0x36, 0x2e, 0x36, 0x32, 0x2c, 0x36, 0x2e, 0x36, 0x32, 0x2c, 0x30, 0x2c, 0x30, 0x2c, 0x31,
    0x2d, 0x36, 0x2e, 0x36, 0x31, 0x2c, 0x36, 0x2e, 0x36, 0x68, 0x2d, 0x33, 0x34, 0x41, 0x36, 0x2e,
    0x35, 0x34, 0x2c, 0x36, 0x2e, 0x35, 0x34, 0x2c, 0x30, 0x2c, 0x30, 0x2c, 0x31, 0x2c, 0x32, 0x2c,
    0x36, 0x30, 0x2e, 0x31, 0x34, 0x6c, 0x30, 0x2c, 0x30, 0x2c, 0x30, 0x2c, 0x30, 0x2c, 0x30, 0x2c,
    0x30, 0x2c, 0x30, 0x2c, 0x30, 0x61, 0x2e, 0x30, 0x38, 0x2e, 0x30, 0x38, 0x2c, 0x30, 0x2c, 0x30,
    0x2c, 0x30, 0x2c, 0x30, 0x2c, 0x30, 0x6c, 0x30, 0x2c, 0x30, 0x2c, 0x30, 0x2c, 0x30, 0x2c, 0x30,
    0x2c, 0x2e, 0x30, 0x35, 0x2c, 0x30, 0x2c, 0x30, 0x2c, 0x30, 0x2c, 0x30, 0x2c, 0x30, 0x2c, 0x30,
    0x2c, 0x30, 0x2c, 0x30, 0x2c, 0x30, 0x2c, 0x30, 0x2c, 0x30, 0x2c, 0x30, 0x2c, 0x30, 0x2c, 0x30,
    0x2c, 0x30, 0x2c, 0x30, 0x2c, 0x30, 0x2c, 0x30, 0x2c, 0x30, 0x2c, 0x30, 0x2c, 0x30, 0x2c, 0x30,
    0x2c, 0x30, 0x2c, 0x30, 0x2c, 0x30, 0x2c, 0x30, 0x2c, 0x30, 0x2c, 0x30, 0x2c, 0x30, 0x2c, 0x30,
    0x2c, 0x30, 0x2c, 0x30, 0x2c, 0x30, 0x2c, 0x30, 0x2c, 0x30, 0x2c, 0x30, 0x61, 0x2e, 0x30, 0x38,
    0x2e, 0x30, 0x38, 0x2c, 0x30, 0x2c, 0x30, 0x2c, 0x31, 0x2c, 0x30, 0x2c, 0x30, 0x6c, 0x30, 0x2c,
    0x30, 0x2c, 0x30, 0x2c, 0x30, 0x2c, 0x30, 0x2c, 0x30, 0x2c, 0x30, 0x2c, 0x30, 0x2c, 0x30, 0x2c,
    0x30, 0x2c, 0x30, 0x2c, 0x30, 0x61, 0x2e, 0x30, 0x38, 0x2e, 0x30, 0x38, 0x2c, 0x30, 0x2c, 0x30,
    0x2c, 0x31, 0x2c, 0x30, 0x2c, 0x30, 0x6c, 0x30, 0x2c, 0x30, 0x2c, 0x30, 0x2c, 0x30, 0x2c, 0x30,
    0x2c, 0x30, 0x2c, 0x30, 0x2c, 0x30, 0x2c, 0x30, 0x2c, 0x30, 0x2c, 0x30, 0x2c, 0x30, 0x2c, 0x30,
    0x2c, 0x30, 0x2c, 0x30, 0x2c, 0x30, 0x2c, 0x30, 0x2c, 0x2e, 0x30, 0x35, 0x2c, 0x30, 0x2c, 0x30,
    0x2c, 0x30, 0x2c, 0x30, 0x2c, 0x30, 0x2c, 0x30, 0x2c, 0x30, 0x2c, 0x30, 0x2c, 0x30, 0x2c, 0x30,
    0x2c, 0x30, 0x2c, 0x30, 0x2c, 0x30, 0x2c, 0x30, 0x61, 0x36, 0x2e, 0x35, 0x39, 0x2c, 0x36, 0x2e,
    0x35, 0x39, 0x2c, 0x30, 0x2c, 0x30, 0x2c, 0x30, 0x2c, 0x34, 0x2e, 0x36, 0x39, 0x2c, 0x32, 0x68,
    0x33, 0x34, 0x61, 0x36, 0x2e, 0x36, 0x32, 0x2c, 0x36, 0x2e, 0x36, 0x32, 0x2c, 0x30, 0x2c, 0x30,
    0x2c, 0x30, 0x2c, 0x36, 0x2e, 0x36, 0x31, 0x2d, 0x36, 0x2e, 0x36, 0x56, 0x31, 0x37, 0x2e, 0x35,
    0x37, 0x5a, 0x22, 0x20, 0x73, 0x74, 0x79, 0x6c, 0x65, 0x3d, 0x22, 0x66, 0x69, 0x6c, 0x6c, 0x3a,
    0x23, 0x33, 0x33, 0x33, 0x22, 0x2f, 0x3e, 0x3c, 0x70, 0x61, 0x74, 0x68, 0x20, 0x64, 0x3d, 0x22,
    0x4d, 0x2e, 0x38, 0x31, 0x2c, 0x35, 0x38, 0x2e, 0x36, 0x33, 0x76, 0x30, 0x5a, 0x22, 0x20, 0x73,
    0x74, 0x79, 0x6c, 0x65, 0x3d, 0x22, 0x66, 0x69, 0x6c, 0x6c, 0x3a, 0x23, 0x33, 0x33, 0x33, 0x22,
    0x2f, 0x3e, 0x3c, 0x70, 0x61, 0x74, 0x68, 0x20, 0x64, 0x3d, 0x22, 0x4d, 0x2e, 0x35, 0x32, 0x2c,
    0x35, 0x38, 0x6c, 0x2d, 0x2e, 0x31, 0x38, 0x2d, 0x2e, 0x35, 0x5a, 0x22, 0x20, 0x73, 0x74, 0x79,
    0x6c, 0x65, 0x3d, 0x22, 0x66, 0x69, 0x6c, 0x6c, 0x3a, 0x23, 0x62, 0x30, 0x61, 0x65, 0x39, 0x64,
    0x22, 0x2f, 0x3e, 0x3c, 0x70, 0x61, 0x74, 0x68, 0x20, 0x64, 0x3d, 0x22, 0x4d, 0x2e, 0x33, 0x2c,
    0x35, 0x37, 0x2e, 0x34, 0x32, 0x63, 0x30, 0x2d, 0x2e, 0x31, 0x36, 0x2d, 0x2e, 0x30, 0x39, 0x2d,
    0x2e, 0x33, 0x34, 0x2d, 0x2e, 0x31, 0x33, 0x2d, 0x2e, 0x35, 0x31, 0x43, 0x2e, 0x32, 0x31, 0x2c,
    0x35, 0x37, 0x2e, 0x30, 0x38, 0x2e, 0x32, 0x35, 0x2c, 0x35, 0x37, 0x2e, 0x32, 0x36, 0x2e, 0x33,
    0x2c, 0x35, 0x37, 0x2e, 0x34, 0x32, 0x5a, 0x22, 0x20, 0x73, 0x74, 0x79, 0x6c, 0x65, 0x3d, 0x22,
    0x66, 0x69, 0x6c, 0x6c, 0x3a, 0x23, 0x62, 0x30, 0x61, 0x65, 0x39, 0x64, 0x22, 0x2f, 0x3e, 0x3c,
    0x70, 0x61, 0x74, 0x68, 0x20, 0x64, 0x3d, 0x22, 0x4d, 0x2e, 0x31, 0x34, 0x2c, 0x35, 0x36, 0x2e,
    0x37, 0x39, 0x61, 0x34, 0x2e, 0x35, 0x2c, 0x34, 0x2e, 0x35, 0x2c, 0x30, 0x2c, 0x30, 0x2c, 0x31,
    0x2d, 0x2e, 0x30, 0x38, 0x2d, 0x2e, 0x35, 0x31, 0x41, 0x34, 0x2e, 0x35, 0x2c, 0x34, 0x2e, 0x35,
    0x2c, 0x30, 0x2c, 0x30, 0x2c, 0x30, 0x2c, 0x2e, 0x31, 0x34, 0x2c, 0x35, 0x36, 0x2e, 0x37, 0x39,
    0x5a, 0x22, 0x20, 0x73, 0x74, 0x79, 0x6c, 0x65, 0x3d, 0x22, 0x66, 0x69, 0x6c, 0x6c, 0x3a, 0x23,
    0x62, 0x30, 0x61, 0x65, 0x39, 0x64, 0x22, 0x2f, 0x3e, 0x3c, 0x70, 0x61, 0x74, 0x68, 0x20, 0x64,
    0x3d, 0x22, 0x4d, 0x2e, 0x38, 0x31, 0x2c, 0x35, 0x38, 0x2e, 0x36, 0x31, 0x61, 0x34, 0x2e, 0x38,
    0x31, 0x2c, 0x34, 0x2e, 0x38, 0x31, 0x2c, 0x30, 0x2c, 0x30, 0x2c, 0x31, 0x2d, 0x2e, 0x32, 0x35,
    0x2d, 0x2e, 0x35, 0x31, 0x41, 0x34, 0x2e, 0x38, 0x31, 0x2c, 0x34, 0x2e, 0x38, 0x31, 0x2c, 0x30,
    0x2c, 0x30, 0x2c, 0x30, 0x2c, 0x2e, 0x38, 0x31, 0x2c, 0x35, 0x38, 0x2e, 0x36, 0x31, 0x5a, 0x22,
    0x20, 0x73, 0x74, 0x79, 0x6c, 0x65, 0x3d, 0x22, 0x66, 0x69, 0x6c, 0x6c, 0x3a, 0x23, 0x62, 0x30,
    0x61, 0x65, 0x39, 0x64, 0x22, 0x2f, 0x3e, 0x3c, 0x70, 0x61, 0x74, 0x68, 0x20, 0x64, 0x3d, 0x22,
    0x4d, 0x2e, 0x38, 0x31, 0x2c, 0x35, 0x38, 0x2e, 0x36, 0x33, 0x41, 0x36, 0x2e, 0x35, 0x36, 0x2c,
    0x36, 0x2e, 0x35, 0x36, 0x2c, 0x30, 0x2c, 0x30, 0x2c, 0x30, 0x2c, 0x32, 0x2c, 0x36, 0x30, 0x2e,
    0x31, 0x34, 0x48, 0x32, 0x41, 0x36, 0x2e, 0x35, 0x36, 0x2c, 0x36, 0x2e, 0x35, 0x36, 0x2c, 0x30,
    0x2c, 0x30, 0x2c, 0x31, 0x2c, 0x2e, 0x38, 0x31, 0x2c, 0x35, 0x38, 0x2e, 0x36, 0x33, 0x5a, 0x22,
    0x20, 0x73, 0x74, 0x79, 0x6c, 0x65, 0x3d, 0x22, 0x66, 0x69, 0x6c, 0x6c, 0x3a, 0x23, 0x62, 0x30,
    0x61, 0x65, 0x39, 0x64, 0x22, 0x2f, 0x3e, 0x3c, 0x70, 0x61, 0x74, 0x68, 0x20, 0x64, 0x3d, 0x22,
    0x4d, 0x30, 0x2c, 0x35, 0x36, 0x2e, 0x31, 0x33, 0x63, 0x30, 0x2d, 0x2e, 0x32, 0x32, 0x2c, 0x30,
    0x2d, 0x2e, 0x34, 0x35, 0x2c, 0x30, 0x2d, 0x2e, 0x36, 0x37, 0x43, 0x30, 0x2c, 0x35, 0x35, 0x2e,
    0x36, 0x38, 0x2c, 0x30, 0x2c, 0x35, 0x35, 0x2e, 0x39, 0x31, 0x2c, 0x30, 0x2c, 0x35, 0x36, 0x2e,
    0x31, 0x33, 0x5a, 0x22, 0x20, 0x73, 0x74, 0x79, 0x6c, 0x65, 0x3d, 0x22, 0x66, 0x69, 0x6c, 0x6c,
    0x3a, 0x23, 0x62, 0x30, 0x61, 0x65, 0x39, 0x64, 0x22, 0x2f, 0x3e, 0x3c, 0x70, 0x61, 0x74, 0x68,
    0x20, 0x64, 0x3d, 0x22, 0x4d, 0x34, 0x30, 0x2e, 0x36, 0x31, 0x2c, 0x35, 0x38, 0x61, 0x32, 0x2e,
    0x35, 0x35, 0x2c, 0x32, 0x2e, 0x35, 0x35, 0x2c, 0x30, 0x2c, 0x30, 0x2c, 0x30, 0x2c, 0x32, 0x2e,
    0x35, 0x36, 0x2d, 0x32, 0x2e, 0x35, 0x35, 0x6c, 0x2d, 0x2e, 0x30, 0x39, 0x2d, 0x33, 0x38, 0x2e,
    0x32, 0x33, 0x2d, 0x38, 0x2e, 0x34, 0x38, 0x2c, 0x30, 0x61, 0x34, 0x2e, 0x35, 0x37, 0x2c, 0x34,
    0x2e, 0x35, 0x37, 0x2c, 0x30, 0x2c, 0x30, 0x2c, 0x31, 0x2d, 0x31, 0x2e, 0x30, 0x35, 0x2d, 0x2e,
    0x31, 0x33, 0x48, 0x31, 0x34, 0x2e, 0x38, 0x37, 0x61, 0x31, 0x2e, 0x36, 0x33, 0x2c, 0x31, 0x2e,
    0x36, 0x33, 0x2c, 0x30, 0x2c, 0x30, 0x2c, 0x31, 0x2c, 0x30, 0x2d, 0x33, 0x2e, 0x32, 0x35, 0x48,
    0x33, 0x30, 0x2e, 0x31, 0x39, 0x61, 0x34, 0x2e, 0x38, 0x33, 0x2c, 0x34, 0x2e, 0x38, 0x33, 0x2c,
    0x30, 0x2c, 0x30, 0x2c, 0x31, 0x2d, 0x2e, 0x31, 0x37, 0x2d, 0x31, 0x2e, 0x32, 0x56, 0x34, 0x6c,
    0x2d, 0x32, 0x33, 0x2e, 0x34, 0x31, 0x2c, 0x30, 0x41, 0x32, 0x2e, 0x35, 0x36, 0x2c, 0x32, 0x2e,
    0x35, 0x36, 0x2c, 0x30, 0x2c, 0x30, 0x2c, 0x30, 0x2c, 0x34, 0x2e, 0x30, 0x35, 0x2c, 0x36, 0x2e,
    0x36, 0x31, 0x56, 0x35, 0x35, 0x2e, 0x34, 0x36, 0x41, 0x32, 0x2e, 0x35, 0x35, 0x2c, 0x32, 0x2e,
    0x35, 0x35, 0x2c, 0x30, 0x2c, 0x30, 0x2c, 0x30, 0x2c, 0x36, 0x2e, 0x36, 0x31, 0x2c, 0x35, 0x38,
    0x5a, 0x22, 0x20, 0x73, 0x74, 0x79, 0x6c, 0x65, 0x3d, 0x22, 0x66, 0x69, 0x6c, 0x6c, 0x3a, 0x23,
    0x66, 0x66, 0x66, 0x22, 0x2f, 0x3e, 0x3c, 0x70, 0x61, 0x74, 0x68, 0x20, 0x64, 0x3d, 0x22, 0x4d,
    0x33, 0x39, 0x2e, 0x35, 0x34, 0x2c, 0x38, 0x2c, 0x33, 0x31, 0x2e, 0x36, 0x34, 0x2e, 0x31, 0x31,
    0x2c, 0x33, 0x31, 0x2e, 0x35, 0x33, 0x2c, 0x30, 0x48, 0x36, 0x2e, 0x36, 0x31, 0x41, 0x36, 0x2e,
    0x36, 0x31, 0x2c, 0x36, 0x2e, 0x36, 0x31, 0x2c, 0x30, 0x2c, 0x30, 0x2c, 0x30, 0x2c, 0x30, 0x2c,
    0x36, 0x2e, 0x36, 0x31, 0x56, 0x35, 0x35, 0x2e, 0x34, 0x36, 0x63, 0x30, 0x2c, 0x2e, 0x32, 0x32,
    0x2c, 0x30, 0x2c, 0x2e, 0x34, 0x35, 0x2c, 0x30, 0x2c, 0x2e, 0x36, 0x37, 0x6c, 0x30, 0x2c, 0x2e,
    0x31, 0x35, 0x61, 0x34, 0x2e, 0x35, 0x2c, 0x34, 0x2e, 0x35, 0x2c, 0x30, 0x2c, 0x30, 0x2c, 0x30,
    0x2c, 0x2e, 0x30, 0x38, 0x2e, 0x35, 0x31, 0x2e, 0x35, 0x33, 0x2e, 0x35, 0x33, 0x2c, 0x30, 0x2c,
    0x30, 0x2c, 0x30, 0x2c, 0x30, 0x2c, 0x2e, 0x31, 0x32, 0x63, 0x30, 0x2c, 0x2e, 0x31, 0x37, 0x2e,
    0x30, 0x38, 0x2e, 0x33, 0x35, 0x2e, 0x31, 0x33, 0x2e, 0x35, 0x31, 0x73, 0x30, 0x2c, 0x2e, 0x30,
    0x38, 0x2c, 0x30, 0x2c, 0x2e, 0x31, 0x31, 0x6c, 0x2e, 0x31, 0x38, 0x2e, 0x35, 0x61, 0x2e, 0x34,
    0x33, 0x2e, 0x34, 0x33, 0x2c, 0x30, 0x2c, 0x30, 0x2c, 0x30, 0x2c, 0x30, 0x2c, 0x2e, 0x30, 0x37,
    0x2c, 0x34, 0x2e, 0x38, 0x31, 0x2c, 0x34, 0x2e, 0x38, 0x31, 0x2c, 0x30, 0x2c, 0x30, 0x2c, 0x30,
    0x2c, 0x2e, 0x32, 0x35, 0x2e, 0x35, 0x31, 0x76, 0x30, 0x41, 0x36, 0x2e, 0x35, 0x36, 0x2c, 0x36,
    0x2e, 0x35, 0x36, 0x2c, 0x30, 0x2c, 0x30, 0x2c, 0x30, 0x2c, 0x32, 0x2c, 0x36, 0x30, 0x2e, 0x31,
    0x34, 0x48, 0x32, 0x61, 0x36, 0x2e, 0x35, 0x34, 0x2c, 0x36, 0x2e, 0x35, 0x34, 0x2c, 0x30, 0x2c,
    0x30, 0x2c, 0x30, 0x2c, 0x34, 0x2e, 0x36, 0x35, 0x2c, 0x31, 0x2e, 0x39, 0x32, 0x68, 0x33, 0x34,
    0x61, 0x36, 0x2e, 0x36, 0x32, 0x2c, 0x36, 0x2e, 0x36, 0x32, 0x2c, 0x30, 0x2c, 0x30, 0x2c, 0x30,
    0x2c, 0x36, 0x2e, 0x36, 0x31, 0x2d, 0x36, 0x2e, 0x36, 0x56, 0x31, 0x35, 0x2e, 0x36, 0x33, 0x5a,
    0x6d, 0x31, 0x2e, 0x30, 0x37, 0x2c, 0x35, 0x30, 0x68, 0x2d, 0x33, 0x34, 0x61, 0x32, 0x2e, 0x35,
    0x35, 0x2c, 0x32, 0x2e, 0x35, 0x35, 0x2c, 0x30, 0x2c, 0x30, 0x2c, 0x31, 0x2d, 0x32, 0x2e, 0x35,
    0x36, 0x2d, 0x32, 0x2e, 0x35, 0x35, 0x56, 0x36, 0x2e, 0x36, 0x31, 0x41, 0x32, 0x2e, 0x35, 0x36,
    0x2c, 0x32, 0x2e, 0x35, 0x36, 0x2c, 0x30, 0x2c, 0x30, 0x2c, 0x31, 0x2c, 0x36, 0x2e, 0x36, 0x31,
    0x2c, 0x34, 0x2e, 0x30, 0x35, 0x4c, 0x33, 0x30, 0x2c, 0x34, 0x76, 0x38, 0x2e, 0x36, 0x36, 0x61,
    0x34, 0x2e, 0x38, 0x33, 0x2c, 0x34, 0x2e, 0x38, 0x33, 0x2c, 0x30, 0x2c, 0x30, 0x2c, 0x30, 0x2c,
    0x2e, 0x31, 0x37, 0x2c, 0x31, 0x2e, 0x32, 0x2c, 0x34, 0x2e, 0x36, 0x32, 0x2c, 0x34, 0x2e, 0x36,
    0x32, 0x2c, 0x30, 0x2c, 0x30, 0x2c, 0x30, 0x2c, 0x34, 0x2e, 0x34, 0x31, 0x2c, 0x33, 0x2e, 0x33,
    0x38, 0x6c, 0x38, 0x2e, 0x34, 0x38, 0x2c, 0x30, 0x2c, 0x2e, 0x30, 0x39, 0x2c, 0x33, 0x38, 0x2e,
    0x32, 0x33, 0x41, 0x32, 0x2e, 0x35, 0x35, 0x2c, 0x32, 0x2e, 0x35, 0x35, 0x2c, 0x30, 0x2c, 0x30,
    0x2c, 0x31, 0x2c, 0x34, 0x30, 0x2e, 0x36, 0x31, 0x2c, 0x35, 0x38, 0x5a, 0x22, 0x20, 0x73, 0x74,
    0x79, 0x6c, 0x65, 0x3d, 0x22, 0x66, 0x69, 0x6c, 0x6c, 0x3a, 0x23, 0x66, 0x66, 0x63, 0x62, 0x31,
    0x30, 0x22, 0x2f, 0x3e, 0x3c, 0x70, 0x61, 0x74, 0x68, 0x20, 0x64, 0x3d, 0x22, 0x4d, 0x31, 0x33,
    0x2e, 0x32, 0x35, 0x2c, 0x31, 0x35, 0x2e, 0x35, 0x61, 0x31, 0x2e, 0x36, 0x33, 0x2c, 0x31, 0x2e,
    0x36, 0x33, 0x2c, 0x30, 0x2c, 0x30, 0x2c, 0x30, 0x2c, 0x31, 0x2e, 0x36, 0x32, 0x2c, 0x31, 0x2e,
    0x36, 0x33, 0x48, 0x33, 0x33, 0x2e, 0x35, 0x35, 0x61, 0x34, 0x2e, 0x35, 0x38, 0x2c, 0x34, 0x2e,
    0x35, 0x38, 0x2c, 0x30, 0x2c, 0x30, 0x2c, 0x31, 0x2d, 0x33, 0x2e, 0x33, 0x36, 0x2d, 0x33, 0x2e,
    0x32, 0x35, 0x48, 0x31, 0x34, 0x2e, 0x38, 0x37, 0x41, 0x31, 0x2e, 0x36, 0x33, 0x2c, 0x31, 0x2e,
    0x36, 0x33, 0x2c, 0x30, 0x2c, 0x30, 0x2c, 0x30, 0x2c, 0x31, 0x33, 0x2e, 0x32, 0x35, 0x2c, 0x31,
    0x35, 0x2e, 0x35, 0x5a, 0x22, 0x20, 0x73, 0x74, 0x79, 0x6c, 0x65, 0x3d, 0x22, 0x66, 0x69, 0x6c,
    0x6c, 0x3a, 0x23, 0x63, 0x37, 0x61, 0x30, 0x30, 0x66, 0x22, 0x2f, 0x3e, 0x3c, 0x70, 0x61, 0x74,
    0x68, 0x20, 0x64, 0x3d, 0x22, 0x4d, 0x33, 0x34, 0x2e, 0x32, 0x39, 0x2c, 0x32, 0x33, 0x2e, 0x37,
    0x35, 0x48, 0x31, 0x34, 0x2e, 0x38, 0x37, 0x61, 0x31, 0x2e, 0x36, 0x33, 0x2c, 0x31, 0x2e, 0x36,
    0x33, 0x2c, 0x30, 0x2c, 0x30, 0x2c, 0x31, 0x2c, 0x30, 0x2d, 0x33, 0x2e, 0x32, 0x36, 0x48, 0x33,
    0x34, 0x2e, 0x32, 0x39, 0x61, 0x31, 0x2e, 0x36, 0x33, 0x2c, 0x31, 0x2e, 0x36, 0x33, 0x2c, 0x30,
    0x2c, 0x30, 0x2c, 0x31, 0x2c, 0x30, 0x2c, 0x33, 0x2e, 0x32, 0x36, 0x5a, 0x22, 0x20, 0x73, 0x74,
    0x79, 0x6c, 0x65, 0x3d, 0x22, 0x66, 0x69, 0x6c, 0x6c, 0x3a, 0x23, 0x63, 0x37, 0x61, 0x30, 0x30,
    0x66, 0x22, 0x2f, 0x3e, 0x3c, 0x70, 0x61, 0x74, 0x68, 0x20, 0x64, 0x3d, 0x22, 0x4d, 0x33, 0x34,
    0x2e, 0x32, 0x39, 0x2c, 0x33, 0x30, 0x2e, 0x33, 0x32, 0x48, 0x31, 0x34, 0x2e, 0x38, 0x37, 0x61,
    0x31, 0x2e, 0x36, 0x33, 0x2c, 0x31, 0x2e, 0x36, 0x33, 0x2c, 0x30, 0x2c, 0x30, 0x2c, 0x31, 0x2c,
    0x30, 0x2d, 0x33, 0x2e, 0x32, 0x35, 0x48, 0x33, 0x34, 0x2e, 0x32, 0x39, 0x61, 0x31, 0x2e, 0x36,
    0x33, 0x2c, 0x31, 0x2e, 0x36, 0x33, 0x2c, 0x30, 0x2c, 0x30, 0x2c, 0x31, 0x2c, 0x30, 0x2c, 0x33,
    0x2e, 0x32, 0x35, 0x5a, 0x22, 0x20, 0x73, 0x74, 0x79, 0x6c, 0x65, 0x3d, 0x22, 0x66, 0x69, 0x6c,
    0x6c, 0x3a, 0x23, 0x63, 0x37, 0x61, 0x30, 0x30, 0x66, 0x22, 0x2f, 0x3e, 0x3c, 0x70, 0x61, 0x74,
    0x68, 0x20, 0x64, 0x3d, 0x22, 0x4d, 0x33, 0x34, 0x2e, 0x32, 0x39, 0x2c, 0x33, 0x36, 0x2e, 0x39,
    0x33, 0x48, 0x31, 0x34, 0x2e, 0x38, 0x37, 0x61, 0x31, 0x2e, 0x36, 0x33, 0x2c, 0x31, 0x2e, 0x36,
    0x33, 0x2c, 0x30, 0x2c, 0x30, 0x2c, 0x31, 0x2c, 0x30, 0x2d, 0x33, 0x2e, 0x32, 0x35, 0x48, 0x33,
    0x34, 0x2e, 0x32, 0x39, 0x61, 0x31, 0x2e, 0x36, 0x33, 0x2c, 0x31, 0x2e, 0x36, 0x33, 0x2c, 0x30,
    0x2c, 0x30, 0x2c, 0x31, 0x2c, 0x30, 0x2c, 0x33, 0x2e, 0x32, 0x35, 0x5a, 0x22, 0x20, 0x73, 0x74,
    0x79, 0x6c, 0x65, 0x3d, 0x22, 0x66, 0x69, 0x6c, 0x6c, 0x3a, 0x23, 0x63, 0x37, 0x61, 0x30, 0x30,
    0x66, 0x22, 0x2f, 0x3e, 0x3c, 0x70, 0x61, 0x74, 0x68, 0x20, 0x64, 0x3d, 0x22, 0x4d, 0x33, 0x34,
    0x2e, 0x32, 0x39, 0x2c, 0x34, 0x33, 0x2e, 0x35, 0x31, 0x48, 0x31, 0x34, 0x2e, 0x38, 0x37, 0x61,
    0x31, 0x2e, 0x36, 0x33, 0x2c, 0x31, 0x2e, 0x36, 0x33, 0x2c, 0x30, 0x2c, 0x30, 0x2c, 0x31, 0x2c,
    0x30, 0x2d, 0x33, 0x2e, 0x32, 0x36, 0x48, 0x33, 0x34, 0x2e, 0x32, 0x39, 0x61, 0x31, 0x2e, 0x36,
    0x33, 0x2c, 0x31, 0x2e, 0x36, 0x33, 0x2c, 0x30, 0x2c, 0x30, 0x2c, 0x31, 0x2c, 0x30, 0x2c, 0x33,
    0x2e, 0x32, 0x36, 0x5a, 0x22, 0x20, 0x73, 0x74, 0x79, 0x6c, 0x65, 0x3d, 0x22, 0x66, 0x69, 0x6c,
    0x6c, 0x3a, 0x23, 0x63, 0x37, 0x61, 0x30, 0x30, 0x66, 0x22, 0x2f, 0x3e, 0x3c, 0x70, 0x61, 0x74,
    0x68, 0x20, 0x64, 0x3d, 0x22, 0x4d, 0x33, 0x34, 0x2e, 0x32, 0x39, 0x2c, 0x35, 0x30, 0x2e, 0x31,
    0x32, 0x48, 0x31, 0x34, 0x2e, 0x38, 0x37, 0x61, 0x31, 0x2e, 0x36, 0x33, 0x2c, 0x31, 0x2e, 0x36,
    0x33, 0x2c, 0x30, 0x2c, 0x30, 0x2c, 0x31, 0x2c, 0x30, 0x2d, 0x33, 0x2e, 0x32, 0x35, 0x48, 0x33,
    0x34, 0x2e, 0x32, 0x39, 0x61, 0x31, 0x2e, 0x36, 0x33, 0x2c, 0x31, 0x2e, 0x36, 0x33, 0x2c, 0x30,
    0x2c, 0x30, 0x2c, 0x31, 0x2c, 0x30, 0x2c, 0x33, 0x2e, 0x32, 0x35, 0x5a, 0x22, 0x20, 0x73, 0x74,
    0x79, 0x6c, 0x65, 0x3d, 0x22, 0x66, 0x69, 0x6c, 0x6c, 0x3a, 0x23, 0x63, 0x37, 0x61, 0x30, 0x30,
    0x66, 0x22, 0x2f, 0x3e, 0x3c, 0x2f, 0x73, 0x76, 0x67, 0x3e,
};
static const size_t main_toolbar_new_sequence_svg_len = 2890;

static const unsigned char main_toolbar_open_sequence_svg[] = {
    0x3c, 0x73, 0x76, 0x67, 0x20, 0x69, 0x64, 0x3d, 0x22, 0x4c, 0x61, 0x79, 0x65, 0x72, 0x5f, 0x31,
    0x22, 0x20, 0x64, 0x61, 0x74, 0x61, 0x2d, 0x6e, 0x61, 0x6d, 0x65, 0x3d, 0x22, 0x4c, 0x61, 0x79,
    0x65, 0x72, 0x20, 0x31, 0x22, 0x20, 0x78, 0x6d, 0x6c, 0x6e, 0x73, 0x3d, 0x22, 0x68, 0x74, 0x74,
    0x70, 0x3a, 0x2f, 0x2f, 0x77, 0x77, 0x77, 0x2e, 0x77, 0x33, 0x2e, 0x6f, 0x72, 0x67, 0x2f, 0x32,
    0x30, 0x30, 0x30, 0x2f, 0x73, 0x76, 0x67, 0x22, 0x20, 0x76, 0x69, 0x65, 0x77, 0x42, 0x6f, 0x78,
    0x3d, 0x22, 0x30, 0x20, 0x30, 0x20, 0x36, 0x33, 0x2e, 0x36, 0x20, 0x34, 0x39, 0x2e, 0x39, 0x22,
    0x3e, 0x3c, 0x70, 0x61, 0x74, 0x68, 0x20, 0x64, 0x3d, 0x22, 0x4d, 0x36, 0x32, 0x2e, 0x38, 0x35,
    0x2c, 0x31, 0x33, 0x2e, 0x34, 0x39, 0x61, 0x33, 0x2e, 0x34, 0x32, 0x2c, 0x33, 0x2e, 0x34, 0x32,
    0x2c, 0x30, 0x2c, 0x30, 0x2c, 0x30, 0x2d, 0x32, 0x2e, 0x36, 0x37, 0x2d, 0x31, 0x2e, 0x32, 0x38,
    0x48, 0x35, 0x36, 0x2e, 0x37, 0x35, 0x61, 0x33, 0x2e, 0x34, 0x32, 0x2c, 0x33, 0x2e, 0x34, 0x32,
    0x2c, 0x30, 0x2c, 0x30, 0x2c, 0x30, 0x2d, 0x33, 0x2e, 0x34, 0x32, 0x2d, 0x33, 0x2e, 0x34, 0x33,
    0x48, 0x34, 0x39, 0x2e, 0x39, 0x56, 0x35, 0x2e, 0x33, 0x35, 0x61, 0x33, 0x2e, 0x34, 0x32, 0x2c,
    0x33, 0x2e, 0x34, 0x32, 0x2c, 0x30, 0x2c, 0x30, 0x2c, 0x30, 0x2d, 0x33, 0x2e, 0x34, 0x33, 0x2d,
    0x33, 0x2e, 0x34, 0x32, 0x48, 0x35, 0x2e, 0x33, 0x35, 0x41, 0x33, 0x2e, 0x34, 0x32, 0x2c, 0x33,
    0x2e, 0x34, 0x32, 0x2c, 0x30, 0x2c, 0x30, 0x2c, 0x30, 0x2c, 0x31, 0x2e, 0x39, 0x33, 0x2c, 0x35,
    0x2e, 0x33, 0x35, 0x56, 0x34, 0x36, 0x2e, 0x34, 0x37, 0x41, 0x33, 0x2e, 0x34, 0x32, 0x2c, 0x33,
    0x2e, 0x34, 0x32, 0x2c, 0x30, 0x2c, 0x30, 0x2c, 0x30, 0x2c, 0x35, 0x2e, 0x33, 0x35, 0x2c, 0x34,
    0x39, 0x2e, 0x39, 0x68, 0x34, 0x38, 0x61, 0x33, 0x2e, 0x34, 0x33, 0x2c, 0x33, 0x2e, 0x34, 0x33,
    0x2c, 0x30, 0x2c, 0x30, 0x2c, 0x30, 0x2c, 0x33, 0x2e, 0x33, 0x34, 0x2d, 0x32, 0x2e, 0x36, 0x38,
    0x6c, 0x36, 0x2e, 0x38, 0x35, 0x2d, 0x33, 0x30, 0x2e, 0x38, 0x34, 0x41, 0x33, 0x2e, 0x34, 0x31,
    0x2c, 0x33, 0x2e, 0x34, 0x31, 0x2c, 0x30, 0x2c, 0x30, 0x2c, 0x30, 0x2c, 0x36, 0x32, 0x2e, 0x38,
    0x35, 0x2c, 0x31, 0x33, 0x2e, 0x34, 0x39, 0x5a, 0x4d, 0x35, 0x2e, 0x33, 0x35, 0x2c, 0x35, 0x2e,
    0x33, 0x35, 0x48, 0x34, 0x36, 0x2e, 0x34, 0x37, 0x56, 0x38, 0x2e, 0x37, 0x38, 0x48, 0x34, 0x33,
    0x2e, 0x30, 0x35, 0x61, 0x33, 0x2e, 0x34, 0x32, 0x2c, 0x33, 0x2e, 0x34, 0x32, 0x2c, 0x30, 0x2c,
    0x30, 0x2c, 0x30, 0x2d, 0x33, 0x2e, 0x34, 0x33, 0x2c, 0x33, 0x2e, 0x34, 0x33, 0x48, 0x31, 0x39,
    0x2e, 0x30, 0x36, 0x61, 0x33, 0x2e, 0x34, 0x31, 0x2c, 0x33, 0x2e, 0x34, 0x31, 0x2c, 0x30, 0x2c,
    0x30, 0x2c, 0x30, 0x2d, 0x33, 0x2e, 0x33, 0x34, 0x2c, 0x32, 0x2e, 0x36, 0x38, 0x53, 0x38, 0x2e,
    0x37, 0x38, 0x2c, 0x34, 0x36, 0x2e, 0x32, 0x33, 0x2c, 0x38, 0x2e, 0x37, 0x38, 0x2c, 0x34, 0x36,
    0x2e, 0x34, 0x37, 0x48, 0x35, 0x2e, 0x33, 0x35, 0x56, 0x35, 0x2e, 0x33, 0x35, 0x5a, 0x22, 0x20,
    0x73, 0x74, 0x79, 0x6c, 0x65, 0x3d, 0x22, 0x66, 0x69, 0x6c, 0x6c, 0x3a, 0x23, 0x33, 0x33, 0x33,
    0x22, 0x2f, 0x3e, 0x3c, 0x70, 0x61, 0x74, 0x68, 0x20, 0x64, 0x3d, 0x22, 0x4d, 0x36, 0x30, 0x2e,
    0x39, 0x32, 0x2c, 0x31, 0x31, 0x2e, 0x35, 0x36, 0x61, 0x33, 0x2e, 0x34, 0x32, 0x2c, 0x33, 0x2e,
    0x34, 0x32, 0x2c, 0x30, 0x2c, 0x30, 0x2c, 0x30, 0x2d, 0x32, 0x2e, 0x36, 0x37, 0x2d, 0x31, 0x2e,
    0x32, 0x38, 0x48, 0x35, 0x34, 0x2e, 0x38, 0x32, 0x41, 0x33, 0x2e, 0x34, 0x33, 0x2c, 0x33, 0x2e,
    0x34, 0x33, 0x2c, 0x30, 0x2c, 0x30, 0x2c, 0x30, 0x2c, 0x35, 0x31, 0x2e, 0x34, 0x2c, 0x36, 0x2e,
    0x38, 0x35, 0x48, 0x34, 0x38, 0x56, 0x33, 0x2e, 0x34, 0x33, 0x41, 0x33, 0x2e, 0x34, 0x32, 0x2c,
    0x33, 0x2e, 0x34, 0x32, 0x2c, 0x30, 0x2c, 0x30, 0x2c, 0x30, 0x2c, 0x34, 0x34, 0x2e, 0x35, 0x34,
    0x2c, 0x30, 0x48, 0x33, 0x2e, 0x34, 0x33, 0x41, 0x33, 0x2e, 0x34, 0x32, 0x2c, 0x33, 0x2e, 0x34,
    0x32, 0x2c, 0x30, 0x2c, 0x30, 0x2c, 0x30, 0x2c, 0x30, 0x2c, 0x33, 0x2e, 0x34, 0x33, 0x56, 0x34,
    0x34, 0x2e, 0x35, 0x34, 0x41, 0x33, 0x2e, 0x34, 0x32, 0x2c, 0x33, 0x2e, 0x34, 0x32, 0x2c, 0x30,
    0x2c, 0x30, 0x2c, 0x30, 0x2c, 0x33, 0x2e, 0x34, 0x33, 0x2c, 0x34, 0x38, 0x68, 0x34, 0x38, 0x61,
    0x33, 0x2e, 0x34, 0x31, 0x2c, 0x33, 0x2e, 0x34, 0x31, 0x2c, 0x30, 0x2c, 0x30, 0x2c, 0x30, 0x2c,
    0x33, 0x2e, 0x33, 0x34, 0x2d, 0x32, 0x2e, 0x36, 0x38, 0x6c, 0x36, 0x2e, 0x38, 0x35, 0x2d, 0x33,
    0x30, 0x2e, 0x38, 0x34, 0x41, 0x33, 0x2e, 0x34, 0x31, 0x2c, 0x33, 0x2e, 0x34, 0x31, 0x2c, 0x30,
    0x2c, 0x30, 0x2c, 0x30, 0x2c, 0x36, 0x30, 0x2e, 0x39, 0x32, 0x2c, 0x31, 0x31, 0x2e, 0x35, 0x36,
    0x5a, 0x22, 0x20, 0x73, 0x74, 0x79, 0x6c, 0x65, 0x3d, 0x22, 0x66, 0x69, 0x6c, 0x6c, 0x3a, 0x23,
    0x30, 0x30, 0x61, 0x36, 0x35, 0x31, 0x22, 0x2f, 0x3e, 0x3c, 0x70, 0x61, 0x74, 0x68, 0x20, 0x64,
    0x3d, 0x22, 0x4d, 0x33, 0x2e, 0x34, 0x33, 0x2c, 0x33, 0x2e, 0x34, 0x33, 0x48, 0x34, 0x34, 0x2e,
    0x35, 0x34, 0x56, 0x36, 0x2e, 0x38, 0x35, 0x48, 0x34, 0x31, 0x2e, 0x31, 0x32, 0x61, 0x33, 0x2e,
    0x34, 0x34, 0x2c, 0x33, 0x2e, 0x34, 0x34, 0x2c, 0x30, 0x2c, 0x30, 0x2c, 0x30, 0x2d, 0x33, 0x2e,
    0x34, 0x33, 0x2c, 0x33, 0x2e, 0x34, 0x33, 0x48, 0x31, 0x37, 0x2e, 0x31, 0x33, 0x41, 0x33, 0x2e,
    0x34, 0x33, 0x2c, 0x33, 0x2e, 0x34, 0x33, 0x2c, 0x30, 0x2c, 0x30, 0x2c, 0x30, 0x2c, 0x31, 0x33,
    0x2e, 0x37, 0x39, 0x2c, 0x31, 0x33, 0x53, 0x36, 0x2e, 0x38, 0x36, 0x2c, 0x34, 0x34, 0x2e, 0x33,
    0x2c, 0x36, 0x2e, 0x38, 0x36, 0x2c, 0x34, 0x34, 0x2e, 0x35, 0x34, 0x48, 0x33, 0x2e, 0x34, 0x33,
    0x56, 0x33, 0x2e, 0x34, 0x33, 0x5a, 0x22, 0x20, 0x73, 0x74, 0x79, 0x6c, 0x65, 0x3d, 0x22, 0x66,
    0x69, 0x6c, 0x6c, 0x3a, 0x23, 0x66, 0x66, 0x66, 0x22, 0x2f, 0x3e, 0x3c, 0x2f, 0x73, 0x76, 0x67,
    0x3e,
};
static const size_t main_toolbar_open_sequence_svg_len = 897;

static const unsigned char main_toolbar_save_svg[] = {
    0x3c, 0x73, 0x76, 0x67, 0x20, 0x69, 0x64, 0x3d, 0x22, 0x4c, 0x61, 0x79, 0x65, 0x72, 0x5f, 0x31,
    0x22, 0x20, 0x64, 0x61, 0x74, 0x61, 0x2d, 0x6e, 0x61, 0x6d, 0x65, 0x3d, 0x22, 0x4c, 0x61, 0x79,
    0x65, 0x72, 0x20, 0x31, 0x22, 0x20, 0x78, 0x6d, 0x6c, 0x6e, 0x73, 0x3d, 0x22, 0x68, 0x74, 0x74,
    0x70, 0x3a, 0x2f, 0x2f, 0x77, 0x77, 0x77, 0x2e, 0x77, 0x33, 0x2e, 0x6f, 0x72, 0x67, 0x2f, 0x32,
    0x30, 0x30, 0x30, 0x2f, 0x73, 0x76, 0x67, 0x22, 0x20, 0x76, 0x69, 0x65, 0x77, 0x42, 0x6f, 0x78,
    0x3d, 0x22, 0x30, 0x20, 0x30, 0x20, 0x36, 0x34, 0x20, 0x36, 0x34, 0x22, 0x3e, 0x3c, 0x72, 0x65,
    0x63, 0x74, 0x20, 0x78, 0x3d, 0x22, 0x31, 0x2e, 0x39, 0x33, 0x22, 0x20, 0x79, 0x3d, 0x22, 0x31,
    0x2e, 0x39, 0x33, 0x22, 0x20, 0x77, 0x69, 0x64, 0x74, 0x68, 0x3d, 0x22, 0x36, 0x32, 0x2e, 0x30,
    0x37, 0x22, 0x20, 0x68, 0x65, 0x69, 0x67, 0x68, 0x74, 0x3d, 0x22, 0x36, 0x32, 0x2e, 0x30, 0x37,
    0x22, 0x20, 0x72, 0x78, 0x3d, 0x22, 0x37, 0x2e, 0x37, 0x36, 0x22, 0x20, 0x73, 0x74, 0x79, 0x6c,
    0x65, 0x3d, 0x22, 0x66, 0x69, 0x6c, 0x6c, 0x3a, 0x23, 0x33, 0x33, 0x33, 0x22, 0x2f, 0x3e, 0x3c,
    0x72, 0x65, 0x63, 0x74, 0x20, 0x77, 0x69, 0x64, 0x74, 0x68, 0x3d, 0x22, 0x36, 0x32, 0x2e, 0x30,
    0x37, 0x22, 0x20, 0x68, 0x65, 0x69, 0x67, 0x68, 0x74, 0x3d, 0x22, 0x36, 0x32, 0x2e, 0x30, 0x37,
    0x22, 0x20, 0x72, 0x78, 0x3d, 0x22, 0x37, 0x2e, 0x37, 0x36, 0x22, 0x20, 0x73, 0x74, 0x79, 0x6c,
    0x65, 0x3d, 0x22, 0x66, 0x69, 0x6c, 0x6c, 0x3a, 0x23, 0x30, 0x30, 0x38, 0x66, 0x64, 0x30, 0x22,
    0x2f, 0x3e, 0x3c, 0x70, 0x61, 0x74, 0x68, 0x20, 0x64, 0x3d, 0x22, 0x4d, 0x34, 0x36, 0x2e, 0x35,
    0x35, 0x2c, 0x32, 0x32, 0x2e, 0x39, 0x33, 0x61, 0x33, 0x2e, 0x38, 0x39, 0x2c, 0x33, 0x2e, 0x38,
    0x39, 0x2c, 0x30, 0x2c, 0x30, 0x2c, 0x31, 0x2d, 0x33, 0x2e, 0x38, 0x38, 0x2c, 0x33, 0x2e, 0x38,
    0x38, 0x48, 0x31, 0x39, 0x2e, 0x34, 0x61, 0x33, 0x2e, 0x38, 0x38, 0x2c, 0x33, 0x2e, 0x38, 0x38,
    0x2c, 0x30, 0x2c, 0x30, 0x2c, 0x31, 0x2d, 0x33, 0x2e, 0x38, 0x38, 0x2d, 0x33, 0x2e, 0x38, 0x38,
    0x56, 0x33, 0x2e, 0x35, 0x34, 0x68, 0x33, 0x31, 0x5a, 0x22, 0x20, 0x73, 0x74, 0x79, 0x6c, 0x65,
    0x3d, 0x22, 0x66, 0x69, 0x6c, 0x6c, 0x3a, 0x23, 0x66, 0x66, 0x66, 0x22, 0x2f, 0x3e, 0x3c, 0x72,
    0x65, 0x63, 0x74, 0x20, 0x78, 0x3d, 0x22, 0x33, 0x34, 0x2e, 0x39, 0x31, 0x22, 0x20, 0x79, 0x3d,
    0x22, 0x37, 0x2e, 0x34, 0x32, 0x22, 0x20, 0x77, 0x69, 0x64, 0x74, 0x68, 0x3d, 0x22, 0x37, 0x2e,
    0x37, 0x36, 0x22, 0x20, 0x68, 0x65, 0x69, 0x67, 0x68, 0x74, 0x3d, 0x22, 0x31, 0x35, 0x2e, 0x35,
    0x32, 0x22, 0x20, 0x73, 0x74, 0x79, 0x6c, 0x65, 0x3d, 0x22, 0x66, 0x69, 0x6c, 0x6c, 0x3a, 0x23,
    0x30, 0x30, 0x35, 0x35, 0x37, 0x65, 0x22, 0x2f, 0x3e, 0x3c, 0x70, 0x61, 0x74, 0x68, 0x20, 0x64,
    0x3d, 0x22, 0x4d, 0x35, 0x38, 0x2c, 0x35, 0x34, 0x2e, 0x32, 0x39, 0x61, 0x33, 0x2e, 0x38, 0x39,
    0x2c, 0x33, 0x2e, 0x38, 0x39, 0x2c, 0x30, 0x2c, 0x30, 0x2c, 0x31, 0x2d, 0x33, 0x2e, 0x38, 0x38,
    0x2c, 0x33, 0x2e, 0x38, 0x38, 0x48, 0x38, 0x61, 0x33, 0x2e, 0x38, 0x39, 0x2c, 0x33, 0x2e, 0x38,
    0x39, 0x2c, 0x30, 0x2c, 0x30, 0x2c, 0x31, 0x2d, 0x33, 0x2e, 0x38, 0x37, 0x2d, 0x33, 0x2e, 0x38,
    0x38, 0x56, 0x33, 0x31, 0x2e, 0x30, 0x38, 0x48, 0x35, 0x38, 0x5a, 0x22, 0x20, 0x73, 0x74, 0x79,
    0x6c, 0x65, 0x3d, 0x22, 0x66, 0x69, 0x6c, 0x6c, 0x3a, 0x23, 0x66, 0x66, 0x66, 0x22, 0x2f, 0x3e,
    0x3c, 0x70, 0x61, 0x74, 0x68, 0x20, 0x64, 0x3d, 0x22, 0x4d, 0x35, 0x30, 0x2e, 0x37, 0x34, 0x2c,
    0x33, 0x39, 0x2e, 0x36, 0x35, 0x48, 0x31, 0x31, 0x2e, 0x33, 0x33, 0x61, 0x31, 0x2e, 0x36, 0x33,
    0x2c, 0x31, 0x2e, 0x36, 0x33, 0x2c, 0x30, 0x2c, 0x31, 0x2c, 0x31, 0x2c, 0x30, 0x2d, 0x33, 0x2e,
    0x32, 0x35, 0x48, 0x35, 0x30, 0x2e, 0x37, 0x34, 0x61, 0x31, 0x2e, 0x36, 0x33, 0x2c, 0x31, 0x2e,
    0x36, 0x33, 0x2c, 0x30, 0x2c, 0x31, 0x2c, 0x31, 0x2c, 0x30, 0x2c, 0x33, 0x2e, 0x32, 0x35, 0x5a,
    0x22, 0x20, 0x73, 0x74, 0x79, 0x6c, 0x65, 0x3d, 0x22, 0x66, 0x69, 0x6c, 0x6c, 0x3a, 0x23, 0x30,
    0x30, 0x35, 0x35, 0x37, 0x65, 0x22, 0x2f, 0x3e, 0x3c, 0x70, 0x61, 0x74, 0x68, 0x20, 0x64, 0x3d,
    0x22, 0x4d, 0x35, 0x30, 0x2e, 0x37, 0x34, 0x2c, 0x34, 0x36, 0x2e, 0x32, 0x35, 0x48, 0x31, 0x31,
    0x2e, 0x33, 0x33, 0x61, 0x31, 0x2e, 0x36, 0x33, 0x2c, 0x31, 0x2e, 0x36, 0x33, 0x2c, 0x30, 0x2c,
    0x31, 0x2c, 0x31, 0x2c, 0x30, 0x2d, 0x33, 0x2e, 0x32, 0x35, 0x48, 0x35, 0x30, 0x2e, 0x37, 0x34,
    0x61, 0x31, 0x2e, 0x36, 0x33, 0x2c, 0x31, 0x2e, 0x36, 0x33, 0x2c, 0x30, 0x2c, 0x31, 0x2c, 0x31,
    0x2c, 0x30, 0x2c, 0x33, 0x2e, 0x32, 0x35, 0x5a, 0x22, 0x20, 0x73, 0x74, 0x79, 0x6c, 0x65, 0x3d,
    0x22, 0x66, 0x69, 0x6c, 0x6c, 0x3a, 0x23, 0x30, 0x30, 0x35, 0x35, 0x37, 0x65, 0x22, 0x2f, 0x3e,
    0x3c, 0x70, 0x61, 0x74, 0x68, 0x20, 0x64, 0x3d, 0x22, 0x4d, 0x35, 0x30, 0x2e, 0x37, 0x34, 0x2c,
    0x35, 0x32, 0x2e, 0x38, 0x34, 0x48, 0x31, 0x31, 0x2e, 0x33, 0x33, 0x61, 0x31, 0x2e, 0x36, 0x33,
    0x2c, 0x31, 0x2e, 0x36, 0x33, 0x2c, 0x30, 0x2c, 0x31, 0x2c, 0x31, 0x2c, 0x30, 0x2d, 0x33, 0x2e,
    0x32, 0x35, 0x48, 0x35, 0x30, 0x2e, 0x37, 0x34, 0x61, 0x31, 0x2e, 0x36, 0x33, 0x2c, 0x31, 0x2e,
    0x36, 0x33, 0x2c, 0x30, 0x2c, 0x31, 0x2c, 0x31, 0x2c, 0x30, 0x2c, 0x33, 0x2e, 0x32, 0x35, 0x5a,
    0x22, 0x20, 0x73, 0x74, 0x79, 0x6c, 0x65, 0x3d, 0x22, 0x66, 0x69, 0x6c, 0x6c, 0x3a, 0x23, 0x30,
    0x30, 0x35, 0x35, 0x37, 0x65, 0x22, 0x2f, 0x3e, 0x3c, 0x2f, 0x73, 0x76, 0x67, 0x3e,
};
static const size_t main_toolbar_save_svg_len = 846;

static const unsigned char main_toolbar_save_as_svg[] = {
    0x3c, 0x73, 0x76, 0x67, 0x20, 0x69, 0x64, 0x3d, 0x22, 0x4c, 0x61, 0x79, 0x65, 0x72, 0x5f, 0x31,
    0x22, 0x20, 0x64, 0x61, 0x74, 0x61, 0x2d, 0x6e, 0x61, 0x6d, 0x65, 0x3d, 0x22, 0x4c, 0x61, 0x79,
    0x65, 0x72, 0x20, 0x31, 0x22, 0x20, 0x78, 0x6d, 0x6c, 0x6e, 0x73, 0x3d, 0x22, 0x68, 0x74, 0x74,
    0x70, 0x3a, 0x2f, 0x2f, 0x77, 0x77, 0x77, 0x2e, 0x77, 0x33, 0x2e, 0x6f, 0x72, 0x67, 0x2f, 0x32,
    0x30, 0x30, 0x30, 0x2f, 0x73, 0x76, 0x67, 0x22, 0x20, 0x76, 0x69, 0x65, 0x77, 0x42, 0x6f, 0x78,
    0x3d, 0x22, 0x30, 0x20, 0x30, 0x20, 0x36, 0x34, 0x20, 0x36, 0x34, 0x22, 0x3e, 0x3c, 0x70, 0x61,
    0x74, 0x68, 0x20, 0x64, 0x3d, 0x22, 0x4d, 0x35, 0x37, 0x2e, 0x37, 0x31, 0x2c, 0x31, 0x33, 0x2e,
    0x36, 0x38, 0x48, 0x35, 0x32, 0x2e, 0x32, 0x36, 0x56, 0x38, 0x2e, 0x32, 0x33, 0x41, 0x36, 0x2e,
    0x33, 0x31, 0x2c, 0x36, 0x2e, 0x33, 0x31, 0x2c, 0x30, 0x2c, 0x30, 0x2c, 0x30, 0x2c, 0x34, 0x36,
    0x2c, 0x31, 0x2e, 0x39, 0x34, 0x48, 0x38, 0x2e, 0x32, 0x33, 0x41, 0x36, 0x2e, 0x33, 0x31, 0x2c,
    0x36, 0x2e, 0x33, 0x31, 0x2c, 0x30, 0x2c, 0x30, 0x2c, 0x30, 0x2c, 0x31, 0x2e, 0x39, 0x34, 0x2c,
    0x38, 0x2e, 0x32, 0x33, 0x56, 0x34, 0x36, 0x61, 0x36, 0x2e, 0x33, 0x31, 0x2c, 0x36, 0x2e, 0x33,
    0x31, 0x2c, 0x30, 0x2c, 0x30, 0x2c, 0x30, 0x2c, 0x36, 0x2e, 0x32, 0x39, 0x2c, 0x36, 0x2e, 0x32,
    0x39, 0x68, 0x35, 0x2e, 0x34, 0x35, 0x76, 0x35, 0x2e, 0x34, 0x35, 0x41, 0x36, 0x2e, 0x33, 0x31,
    0x2c, 0x36, 0x2e, 0x33, 0x31, 0x2c, 0x30, 0x2c, 0x30, 0x2c, 0x30, 0x2c, 0x32, 0x30, 0x2c, 0x36,
    0x34, 0x48, 0x35, 0x37, 0x2e, 0x37, 0x31, 0x41, 0x36, 0x2e, 0x33, 0x31, 0x2c, 0x36, 0x2e, 0x33,
    0x31, 0x2c, 0x30, 0x2c, 0x30, 0x2c, 0x30, 0x2c, 0x36, 0x34, 0x2c, 0x35, 0x37, 0x2e, 0x37, 0x31,
    0x56, 0x32, 0x30, 0x41, 0x36, 0x2e, 0x33, 0x31, 0x2c, 0x36, 0x2e, 0x33, 0x31, 0x2c, 0x30, 0x2c,
    0x30, 0x2c, 0x30, 0x2c, 0x35, 0x37, 0x2e, 0x37, 0x31, 0x2c, 0x31, 0x33, 0x2e, 0x36, 0x38, 0x5a,
    0x22, 0x20, 0x73, 0x74, 0x79, 0x6c, 0x65, 0x3d, 0x22, 0x66, 0x69, 0x6c, 0x6c, 0x3a, 0x23, 0x33,
    0x33, 0x33, 0x22, 0x2f, 0x3e, 0x3c, 0x72, 0x65, 0x63, 0x74, 0x20, 0x78, 0x3d, 0x22, 0x31, 0x31,
    0x2e, 0x37, 0x34, 0x22, 0x20, 0x79, 0x3d, 0x22, 0x31, 0x31, 0x2e, 0x37, 0x34, 0x22, 0x20, 0x77,
    0x69, 0x64, 0x74, 0x68, 0x3d, 0x22, 0x35, 0x30, 0x2e, 0x33, 0x32, 0x22, 0x20, 0x68, 0x65, 0x69,
    0x67, 0x68, 0x74, 0x3d, 0x22, 0x35, 0x30, 0x2e, 0x33, 0x32, 0x22, 0x20, 0x72, 0x78, 0x3d, 0x22,
    0x36, 0x2e, 0x32, 0x39, 0x22, 0x20, 0x73, 0x74, 0x79, 0x6c, 0x65, 0x3d, 0x22, 0x66, 0x69, 0x6c,
    0x6c, 0x3a, 0x23, 0x62, 0x35, 0x35, 0x65, 0x31, 0x33, 0x22, 0x2f, 0x3e, 0x3c, 0x70, 0x61, 0x74,
    0x68, 0x20, 0x64, 0x3d, 0x22, 0x4d, 0x34, 0x39, 0x2e, 0x34, 0x38, 0x2c, 0x33, 0x30, 0x2e, 0x33,
    0x33, 0x61, 0x33, 0x2e, 0x31, 0x36, 0x2c, 0x33, 0x2e, 0x31, 0x36, 0x2c, 0x30, 0x2c, 0x30, 0x2c,
    0x31, 0x2d, 0x33, 0x2e, 0x31, 0x34, 0x2c, 0x33, 0x2e, 0x31, 0x35, 0x48, 0x32, 0x37, 0x2e, 0x34,
    0x37, 0x61, 0x33, 0x2e, 0x31, 0x36, 0x2c, 0x33, 0x2e, 0x31, 0x36, 0x2c, 0x30, 0x2c, 0x30, 0x2c,
    0x31, 0x2d, 0x33, 0x2e, 0x31, 0x35, 0x2d, 0x33, 0x2e, 0x31, 0x35, 0x56, 0x31, 0x34, 0x2e, 0x36,
    0x31, 0x48, 0x34, 0x39, 0x2e, 0x34, 0x38, 0x5a, 0x22, 0x20, 0x73, 0x74, 0x79, 0x6c, 0x65, 0x3d,
    0x22, 0x66, 0x69, 0x6c, 0x6c, 0x3a, 0x23, 0x66, 0x66, 0x66, 0x22, 0x2f, 0x3e, 0x3c, 0x72, 0x65,
    0x63, 0x74, 0x20, 0x78, 0x3d, 0x22, 0x34, 0x30, 0x2e, 0x30, 0x35, 0x22, 0x20, 0x79, 0x3d, 0x22,
    0x31, 0x37, 0x2e, 0x37, 0x36, 0x22, 0x20, 0x77, 0x69, 0x64, 0x74, 0x68, 0x3d, 0x22, 0x36, 0x2e,
    0x32, 0x39, 0x22, 0x20, 0x68, 0x65, 0x69, 0x67, 0x68, 0x74, 0x3d, 0x22, 0x31, 0x32, 0x2e, 0x35,
    0x38, 0x22, 0x20, 0x73, 0x74, 0x79, 0x6c, 0x65, 0x3d, 0x22, 0x66, 0x69, 0x6c, 0x6c, 0x3a, 0x23,
    0x62, 0x35, 0x35, 0x65, 0x31, 0x33, 0x22, 0x2f, 0x3e, 0x3c, 0x70, 0x61, 0x74, 0x68, 0x20, 0x64,
    0x3d, 0x22, 0x4d, 0x35, 0x38, 0x2e, 0x37, 0x35, 0x2c, 0x35, 0x35, 0x2e, 0x37, 0x35, 0x41, 0x33,
    0x2e, 0x31, 0x36, 0x2c, 0x33, 0x2e, 0x31, 0x36, 0x2c, 0x30, 0x2c, 0x30, 0x2c, 0x31, 0x2c, 0x35,
    0x35, 0x2e, 0x36, 0x2c, 0x35, 0x38, 0x2e, 0x39, 0x48, 0x31, 0x38, 0x2e, 0x32, 0x61, 0x33, 0x2e,
    0x31, 0x36, 0x2c, 0x33, 0x2e, 0x31, 0x36, 0x2c, 0x30, 0x2c, 0x30, 0x2c, 0x31, 0x2d, 0x33, 0x2e,
    0x31, 0x35, 0x2d, 0x33, 0x2e, 0x31, 0x35, 0x56, 0x33, 0x36, 0x2e, 0x39, 0x34, 0x68, 0x34, 0x33,
    0x2e, 0x37, 0x5a, 0x22, 0x20, 0x73, 0x74, 0x79, 0x6c, 0x65, 0x3d, 0x22, 0x66, 0x69, 0x6c, 0x6c,
    0x3a, 0x23, 0x66, 0x66, 0x66, 0x22, 0x2f, 0x3e, 0x3c, 0x70, 0x61, 0x74, 0x68, 0x20, 0x64, 0x3d,
    0x22, 0x4d, 0x35, 0x32, 0x2e, 0x36, 0x36, 0x2c, 0x34, 0x33, 0x2e, 0x37, 0x33, 0x48, 0x32, 0x31,
    0x2e, 0x31, 0x34, 0x61, 0x31, 0x2e, 0x33, 0x2c, 0x31, 0x2e, 0x33, 0x2c, 0x30, 0x2c, 0x30, 0x2c,
    0x31, 0x2c, 0x30, 0x2d, 0x32, 0x2e, 0x36, 0x48, 0x35, 0x32, 0x2e, 0x36, 0x36, 0x61, 0x31, 0x2e,
    0x33, 0x2c, 0x31, 0x2e, 0x33, 0x2c, 0x30, 0x2c, 0x31, 0x2c, 0x31, 0x2c, 0x30, 0x2c, 0x32, 0x2e,
    0x36, 0x5a, 0x22, 0x20, 0x73, 0x74, 0x79, 0x6c, 0x65, 0x3d, 0x22, 0x66, 0x69, 0x6c, 0x6c, 0x3a,
    0x23, 0x62, 0x35, 0x35, 0x65, 0x31, 0x33, 0x22, 0x2f, 0x3e, 0x3c, 0x70, 0x61, 0x74, 0x68, 0x20,
    0x64, 0x3d, 0x22, 0x4d, 0x35, 0x32, 0x2e, 0x36, 0x36, 0x2c, 0x34, 0x39, 0x48, 0x32, 0x31, 0x2e,
    0x31, 0x34, 0x61, 0x31, 0x2e, 0x33, 0x2c, 0x31, 0x2e, 0x33, 0x2c, 0x30, 0x2c, 0x30, 0x2c, 0x31,
    0x2c, 0x30, 0x2d, 0x32, 0x2e, 0x36, 0x48, 0x35, 0x32, 0x2e, 0x36, 0x36, 0x61, 0x31, 0x2e, 0x33,
    0x2c, 0x31, 0x2e, 0x33, 0x2c, 0x30, 0x2c, 0x31, 0x2c, 0x31, 0x2c, 0x30, 0x2c, 0x32, 0x2e, 0x36,
    0x5a, 0x22, 0x20, 0x73, 0x74, 0x79, 0x6c, 0x65, 0x3d, 0x22, 0x66, 0x69, 0x6c, 0x6c, 0x3a, 0x23,
    0x62, 0x35, 0x35, 0x65, 0x31, 0x33, 0x22, 0x2f, 0x3e, 0x3c, 0x70, 0x61, 0x74, 0x68, 0x20, 0x64,
    0x3d, 0x22, 0x4d, 0x35, 0x32, 0x2e, 0x36, 0x36, 0x2c, 0x35, 0x34, 0x2e, 0x32, 0x37, 0x48, 0x32,
    0x31, 0x2e, 0x31, 0x34, 0x61, 0x31, 0x2e, 0x33, 0x2c, 0x31, 0x2e, 0x33, 0x2c, 0x30, 0x2c, 0x31,
    0x2c, 0x31, 0x2c, 0x30, 0x2d, 0x32, 0x2e, 0x36, 0x48, 0x35, 0x32, 0x2e, 0x36, 0x36, 0x61, 0x31,
    0x2e, 0x33, 0x2c, 0x31, 0x2e, 0x33, 0x2c, 0x30, 0x2c, 0x31, 0x2c, 0x31, 0x2c, 0x30, 0x2c, 0x32,
    0x2e, 0x36, 0x5a, 0x22, 0x20, 0x73, 0x74, 0x79, 0x6c, 0x65, 0x3d, 0x22, 0x66, 0x69, 0x6c, 0x6c,
    0x3a, 0x23, 0x62, 0x35, 0x35, 0x65, 0x31, 0x33, 0x22, 0x2f, 0x3e, 0x3c, 0x72, 0x65, 0x63, 0x74,
    0x20, 0x77, 0x69, 0x64, 0x74, 0x68, 0x3d, 0x22, 0x35, 0x30, 0x2e, 0x33, 0x32, 0x22, 0x20, 0x68,
    0x65, 0x69, 0x67, 0x68, 0x74, 0x3d, 0x22, 0x35, 0x30, 0x2e, 0x33, 0x32, 0x22, 0x20, 0x72, 0x78,
    0x3d, 0x22, 0x36, 0x2e, 0x32, 0x39, 0x22, 0x20, 0x73, 0x74, 0x79, 0x6c, 0x65, 0x3d, 0x22, 0x66,
    0x69, 0x6c, 0x6c, 0x3a, 0x23, 0x64, 0x65, 0x37, 0x33, 0x31, 0x64, 0x22, 0x2f, 0x3e, 0x3c, 0x70,
    0x61, 0x74, 0x68, 0x20, 0x64, 0x3d, 0x22, 0x4d, 0x33, 0x37, 0x2e, 0x37, 0x34, 0x2c, 0x31, 0x38,
    0x2e, 0x35, 0x39, 0x61, 0x33, 0x2e, 0x31, 0x36, 0x2c, 0x33, 0x2e, 0x31, 0x36, 0x2c, 0x30, 0x2c,
    0x30, 0x2c, 0x31, 0x2d, 0x33, 0x2e, 0x31, 0x35, 0x2c, 0x33, 0x2e, 0x31, 0x35, 0x48, 0x31, 0x35,
    0x2e, 0x37, 0x32, 0x61, 0x33, 0x2e, 0x31, 0x35, 0x2c, 0x33, 0x2e, 0x31, 0x35, 0x2c, 0x30, 0x2c,
    0x30, 0x2c, 0x31, 0x2d, 0x33, 0x2e, 0x31, 0x34, 0x2d, 0x33, 0x2e, 0x31, 0x35, 0x56, 0x32, 0x2e,
    0x38, 0x37, 0x48, 0x33, 0x37, 0x2e, 0x37, 0x34, 0x5a, 0x22, 0x20, 0x73, 0x74, 0x79, 0x6c, 0x65,
    0x3d, 0x22, 0x66, 0x69, 0x6c, 0x6c, 0x3a, 0x23, 0x66, 0x66, 0x66, 0x22, 0x2f, 0x3e, 0x3c, 0x72,
    0x65, 0x63, 0x74, 0x20, 0x78, 0x3d, 0x22, 0x32, 0x38, 0x2e, 0x33, 0x22, 0x20, 0x79, 0x3d, 0x22,
    0x36, 0x2e, 0x30, 0x31, 0x22, 0x20, 0x77, 0x69, 0x64, 0x74, 0x68, 0x3d, 0x22, 0x36, 0x2e, 0x32,
    0x39, 0x22, 0x20, 0x68, 0x65, 0x69, 0x67, 0x68, 0x74, 0x3d, 0x22, 0x31, 0x32, 0x2e, 0x35, 0x38,
    0x22, 0x20, 0x73, 0x74, 0x79, 0x6c, 0x65, 0x3d, 0x22, 0x66, 0x69, 0x6c, 0x6c, 0x3a, 0x23, 0x62,
    0x35, 0x35, 0x65, 0x31, 0x33, 0x22, 0x2f, 0x3e, 0x3c, 0x70, 0x61, 0x74, 0x68, 0x20, 0x64, 0x3d,
    0x22, 0x4d, 0x34, 0x37, 0x2c, 0x34, 0x34, 0x61, 0x33, 0x2e, 0x31, 0x35, 0x2c, 0x33, 0x2e, 0x31,
    0x35, 0x2c, 0x30, 0x2c, 0x30, 0x2c, 0x31, 0x2d, 0x33, 0x2e, 0x31, 0x34, 0x2c, 0x33, 0x2e, 0x31,
    0x34, 0x48, 0x36, 0x2e, 0x34, 0x36, 0x41, 0x33, 0x2e, 0x31, 0x35, 0x2c, 0x33, 0x2e, 0x31, 0x35,
    0x2c, 0x30, 0x2c, 0x30, 0x2c, 0x31, 0x2c, 0x33, 0x2e, 0x33, 0x31, 0x2c, 0x34, 0x34, 0x56, 0x32,
    0x35, 0x2e, 0x32, 0x48, 0x34, 0x37, 0x5a, 0x22, 0x20, 0x73, 0x74, 0x79, 0x6c, 0x65, 0x3d, 0x22,
    0x66, 0x69, 0x6c, 0x6c, 0x3a, 0x23, 0x66, 0x66, 0x66, 0x22, 0x2f, 0x3e, 0x3c, 0x70, 0x61, 0x74,
    0x68, 0x20, 0x64, 0x3d, 0x22, 0x4d, 0x34, 0x30, 0x2e, 0x39, 0x32, 0x2c, 0x33, 0x32, 0x48, 0x39,
    0x2e, 0x34, 0x61, 0x31, 0x2e, 0x33, 0x31, 0x2c, 0x31, 0x2e, 0x33, 0x31, 0x2c, 0x30, 0x2c, 0x30,
    0x2c, 0x31, 0x2c, 0x30, 0x2d, 0x32, 0x2e, 0x36, 0x31, 0x48, 0x34, 0x30, 0x2e, 0x39, 0x32, 0x61,
    0x31, 0x2e, 0x33, 0x31, 0x2c, 0x31, 0x2e, 0x33, 0x31, 0x2c, 0x30, 0x2c, 0x30, 0x2c, 0x31, 0x2c,
    0x30, 0x2c, 0x32, 0x2e, 0x36, 0x31, 0x5a, 0x22, 0x20, 0x73, 0x74, 0x79, 0x6c, 0x65, 0x3d, 0x22,
    0x66, 0x69, 0x6c, 0x6c, 0x3a, 0x23, 0x62, 0x35, 0x35, 0x65, 0x31, 0x33, 0x22, 0x2f, 0x3e, 0x3c,
    0x70, 0x61, 0x74, 0x68, 0x20, 0x64, 0x3d, 0x22, 0x4d, 0x34, 0x30, 0x2e, 0x39, 0x32, 0x2c, 0x33,
    0x37, 0x2e, 0x32, 0x32, 0x48, 0x39, 0x2e, 0x34, 0x61, 0x31, 0x2e, 0x33, 0x2c, 0x31, 0x2e, 0x33,
    0x2c, 0x30, 0x2c, 0x30, 0x2c, 0x31, 0x2c, 0x30, 0x2d, 0x32, 0x2e, 0x36, 0x48, 0x34, 0x30, 0x2e,
    0x39, 0x32, 0x61, 0x31, 0x2e, 0x33, 0x2c, 0x31, 0x2e, 0x33, 0x2c, 0x30, 0x2c, 0x30, 0x2c, 0x31,
    0x2c, 0x30, 0x2c, 0x32, 0x2e, 0x36, 0x5a, 0x22, 0x20, 0x73, 0x74, 0x79, 0x6c, 0x65, 0x3d, 0x22,
    0x66, 0x69, 0x6c, 0x6c, 0x3a, 0x23, 0x62, 0x35, 0x35, 0x65, 0x31, 0x33, 0x22, 0x2f, 0x3e, 0x3c,
    0x70, 0x61, 0x74, 0x68, 0x20, 0x64, 0x3d, 0x22, 0x4d, 0x34, 0x30, 0x2e, 0x39, 0x32, 0x2c, 0x34,
    0x32, 0x2e, 0x34, 0x39, 0x48, 0x39, 0x2e, 0x34, 0x61, 0x31, 0x2e, 0x33, 0x2c, 0x31, 0x2e, 0x33,
    0x2c, 0x30, 0x2c, 0x31, 0x2c, 0x31, 0x2c, 0x30, 0x2d, 0x32, 0x2e, 0x36, 0x48, 0x34, 0x30, 0x2e,
    0x39, 0x32, 0x61, 0x31, 0x2e, 0x33, 0x2c, 0x31, 0x2e, 0x33, 0x2c, 0x30, 0x2c, 0x30, 0x2c, 0x31,
    0x2c, 0x30, 0x2c, 0x32, 0x2e, 0x36, 0x5a, 0x22, 0x20, 0x73, 0x74, 0x79, 0x6c, 0x65, 0x3d, 0x22,
    0x66, 0x69, 0x6c, 0x6c, 0x3a, 0x23, 0x62, 0x35, 0x35, 0x65, 0x31, 0x33, 0x22, 0x2f, 0x3e, 0x3c,
    0x2f, 0x73, 0x76, 0x67, 0x3e,
};
static const size_t main_toolbar_save_as_svg_len = 1653;

static const unsigned char main_toolbar_show_folder_svg[] = {
    0x3c, 0x73, 0x76, 0x67, 0x20, 0x69, 0x64, 0x3d, 0x22, 0x4c, 0x61, 0x79, 0x65, 0x72, 0x5f, 0x31,
    0x22, 0x20, 0x64, 0x61, 0x74, 0x61, 0x2d, 0x6e, 0x61, 0x6d, 0x65, 0x3d, 0x22, 0x4c, 0x61, 0x79,
    0x65, 0x72, 0x20, 0x31, 0x22, 0x20, 0x78, 0x6d, 0x6c, 0x6e, 0x73, 0x3d, 0x22, 0x68, 0x74, 0x74,
    0x70, 0x3a, 0x2f, 0x2f, 0x77, 0x77, 0x77, 0x2e, 0x77, 0x33, 0x2e, 0x6f, 0x72, 0x67, 0x2f, 0x32,
    0x30, 0x30, 0x30, 0x2f, 0x73, 0x76, 0x67, 0x22, 0x20, 0x76, 0x69, 0x65, 0x77, 0x42, 0x6f, 0x78,
    0x3d, 0x22, 0x30, 0x20, 0x30, 0x20, 0x36, 0x31, 0x2e, 0x33, 0x36, 0x20, 0x34, 0x39, 0x2e, 0x35,
    0x22, 0x3e, 0x3c, 0x70, 0x61, 0x74, 0x68, 0x20, 0x64, 0x3d, 0x22, 0x4d, 0x35, 0x39, 0x2e, 0x36,
    0x2c, 0x39, 0x2e, 0x36, 0x37, 0x6c, 0x30, 0x2d, 0x2e, 0x30, 0x35, 0x2c, 0x30, 0x2c, 0x30, 0x73,
    0x30, 0x2c, 0x30, 0x2d, 0x2e, 0x30, 0x35, 0x2d, 0x2e, 0x30, 0x35, 0x6c, 0x30, 0x2c, 0x30, 0x2c,
    0x30, 0x2c, 0x30, 0x2c, 0x30, 0x2c, 0x30, 0x2c, 0x30, 0x2c, 0x30, 0x2c, 0x30, 0x2c, 0x30, 0x2c,
    0x30, 0x2c, 0x30, 0x2c, 0x30, 0x2c, 0x30, 0x2c, 0x30, 0x2c, 0x30, 0x2c, 0x30, 0x2c, 0x30, 0x2c,
    0x30, 0x2c, 0x30, 0x2c, 0x30, 0x2c, 0x30, 0x2d, 0x2e, 0x30, 0x35, 0x2c, 0x30, 0x2c, 0x30, 0x2c,
    0x30, 0x2c, 0x30, 0x2c, 0x30, 0x2c, 0x30, 0x2c, 0x30, 0x2c, 0x30, 0x2c, 0x30, 0x2c, 0x30, 0x2c,
    0x30, 0x2c, 0x30, 0x2c, 0x30, 0x73, 0x30, 0x2c, 0x30, 0x2c, 0x30, 0x2c, 0x30, 0x6c, 0x30, 0x2c,
    0x30, 0x2c, 0x30, 0x2c, 0x30, 0x2c, 0x30, 0x2c, 0x30, 0x2c, 0x30, 0x2c, 0x30, 0x2d, 0x2e, 0x30,
    0x35, 0x2d, 0x2e, 0x30, 0x35, 0x2c, 0x30, 0x2c, 0x30, 0x2c, 0x30, 0x2c, 0x30, 0x2c, 0x30, 0x2c,
    0x30, 0x2c, 0x30, 0x2c, 0x30, 0x2c, 0x30, 0x2c, 0x30, 0x2c, 0x30, 0x2c, 0x30, 0x2c, 0x30, 0x2c,
    0x30, 0x2c, 0x30, 0x2c, 0x30, 0x2c, 0x30, 0x2c, 0x30, 0x2c, 0x30, 0x2c, 0x30, 0x2c, 0x30, 0x2c,
    0x30, 0x2c, 0x30, 0x2c, 0x30, 0x2c, 0x30, 0x2c, 0x30, 0x2c, 0x30, 0x2c, 0x30, 0x4c, 0x35, 0x38,
    0x2c, 0x38, 0x6c, 0x30, 0x2c, 0x30, 0x2c, 0x30, 0x2c, 0x30, 0x2c, 0x30, 0x2c, 0x30, 0x2c, 0x30,
    0x2c, 0x30, 0x2c, 0x30, 0x2c, 0x30, 0x2c, 0x30, 0x2c, 0x30, 0x2c, 0x30, 0x2c, 0x30, 0x2c, 0x30,
    0x2c, 0x30, 0x61, 0x36, 0x2c, 0x36, 0x2c, 0x30, 0x2c, 0x30, 0x2c, 0x30, 0x2d, 0x34, 0x2e, 0x32,
    0x32, 0x2d, 0x31, 0x2e, 0x37, 0x36, 0x48, 0x32, 0x39, 0x2e, 0x36, 0x39, 0x4c, 0x32, 0x33, 0x2e,
    0x37, 0x38, 0x2c, 0x30, 0x68, 0x30, 0x6c, 0x30, 0x2c, 0x30, 0x48, 0x36, 0x41, 0x36, 0x2c, 0x36,
    0x2c, 0x30, 0x2c, 0x30, 0x2c, 0x30, 0x2c, 0x30, 0x2c, 0x35, 0x2e, 0x39, 0x34, 0x56, 0x34, 0x31,
    0x2e, 0x35, 0x35, 0x61, 0x36, 0x2c, 0x36, 0x2c, 0x30, 0x2c, 0x30, 0x2c, 0x30, 0x2c, 0x31, 0x2e,
    0x37, 0x36, 0x2c, 0x34, 0x2e, 0x32, 0x32, 0x2e, 0x30, 0x38, 0x2e, 0x30, 0x38, 0x2c, 0x30, 0x2c,
    0x30, 0x2c, 0x31, 0x2c, 0x30, 0x2c, 0x30, 0x6c, 0x30, 0x2c, 0x30, 0x2c, 0x30, 0x2c, 0x30, 0x2c,
    0x30, 0x2c, 0x30, 0x2c, 0x30, 0x2c, 0x30, 0x2c, 0x30, 0x2c, 0x30, 0x73, 0x30, 0x2c, 0x30, 0x2c,
    0x30, 0x2c, 0x30, 0x6c, 0x30, 0x2c, 0x30, 0x2c, 0x30, 0x2c, 0x30, 0x2c, 0x30, 0x2c, 0x30, 0x2c,
    0x30, 0x2c, 0x30, 0x2c, 0x30, 0x2c, 0x30, 0x2c, 0x30, 0x2c, 0x30, 0x2c, 0x30, 0x2c, 0x30, 0x2c,
    0x30, 0x2c, 0x30, 0x2c, 0x30, 0x2c, 0x30, 0x2c, 0x30, 0x2c, 0x30, 0x73, 0x30, 0x2c, 0x30, 0x2c,
    0x30, 0x2c, 0x30, 0x6c, 0x30, 0x2c, 0x30, 0x2c, 0x30, 0x2c, 0x30, 0x2c, 0x30, 0x2c, 0x30, 0x2c,
    0x30, 0x2c, 0x30, 0x2c, 0x30, 0x2c, 0x30, 0x2c, 0x30, 0x2c, 0x30, 0x2c, 0x30, 0x2c, 0x30, 0x2c,
    0x30, 0x2c, 0x30, 0x2c, 0x30, 0x2c, 0x30, 0x2c, 0x30, 0x2c, 0x30, 0x2c, 0x30, 0x2c, 0x30, 0x73,
    0x30, 0x2c, 0x30, 0x2c, 0x30, 0x2c, 0x30, 0x53, 0x33, 0x2c, 0x34, 0x37, 0x2c, 0x33, 0x2c, 0x34,
    0x37, 0x6c, 0x30, 0x2c, 0x30, 0x2c, 0x30, 0x2c, 0x30, 0x2c, 0x30, 0x2c, 0x30, 0x2c, 0x30, 0x2c,
    0x30, 0x73, 0x30, 0x2c, 0x30, 0x2c, 0x30, 0x2c, 0x30, 0x6c, 0x30, 0x2c, 0x30, 0x2c, 0x30, 0x2c,
    0x30, 0x2c, 0x30, 0x2c, 0x30, 0x2c, 0x30, 0x2c, 0x30, 0x2c, 0x30, 0x2c, 0x30, 0x2c, 0x30, 0x2c,
    0x2e, 0x30, 0x35, 0x2c, 0x30, 0x2c, 0x30, 0x2c, 0x30, 0x2c, 0x30, 0x2c, 0x30, 0x2c, 0x30, 0x2c,
    0x30, 0x2c, 0x30, 0x2c, 0x30, 0x2c, 0x30, 0x73, 0x30, 0x2c, 0x30, 0x2c, 0x30, 0x2c, 0x30, 0x6c,
    0x30, 0x2c, 0x30, 0x2c, 0x30, 0x2c, 0x30, 0x41, 0x35, 0x2e, 0x39, 0x31, 0x2c, 0x35, 0x2e, 0x39,
    0x31, 0x2c, 0x30, 0x2c, 0x30, 0x2c, 0x30, 0x2c, 0x38, 0x2c, 0x34, 0x39, 0x2e, 0x35, 0x48, 0x35,
    0x35, 0x2e, 0x34, 0x32, 0x61, 0x36, 0x2c, 0x36, 0x2c, 0x30, 0x2c, 0x30, 0x2c, 0x30, 0x2c, 0x35,
    0x2e, 0x39, 0x34, 0x2d, 0x36, 0x56, 0x31, 0x33, 0x2e, 0x38, 0x37, 0x41, 0x35, 0x2e, 0x38, 0x37,
    0x2c, 0x35, 0x2e, 0x38, 0x37, 0x2c, 0x30, 0x2c, 0x30, 0x2c, 0x30, 0x2c, 0x35, 0x39, 0x2e, 0x36,
    0x2c, 0x39, 0x2e, 0x36, 0x37, 0x5a, 0x22, 0x20, 0x73, 0x74, 0x79, 0x6c, 0x65, 0x3d, 0x22, 0x66,
    0x69, 0x6c, 0x6c, 0x3a, 0x23, 0x35, 0x38, 0x35, 0x39, 0x35, 0x62, 0x22, 0x2f, 0x3e, 0x3c, 0x70,
    0x61, 0x74, 0x68, 0x20, 0x64, 0x3d, 0x22, 0x4d, 0x35, 0x33, 0x2e, 0x34, 0x32, 0x2c, 0x35, 0x2e,
    0x39, 0x34, 0x48, 0x32, 0x39, 0x2e, 0x36, 0x39, 0x4c, 0x32, 0x33, 0x2e, 0x37, 0x34, 0x2c, 0x30,
    0x48, 0x36, 0x41, 0x36, 0x2c, 0x36, 0x2c, 0x30, 0x2c, 0x30, 0x2c, 0x30, 0x2c, 0x30, 0x2c, 0x35,
    0x2e, 0x39, 0x34, 0x56, 0x34, 0x31, 0x2e, 0x35, 0x35, 0x61, 0x36, 0x2c, 0x36, 0x2c, 0x30, 0x2c,
    0x30, 0x2c, 0x30, 0x2c, 0x36, 0x2c, 0x36, 0x48, 0x35, 0x33, 0x2e, 0x34, 0x32, 0x61, 0x36, 0x2c,
    0x36, 0x2c, 0x30, 0x2c, 0x30, 0x2c, 0x30, 0x2c, 0x35, 0x2e, 0x39, 0x34, 0x2d, 0x36, 0x56, 0x31,
    0x31, 0x2e, 0x38, 0x37, 0x61, 0x35, 0x2e, 0x39, 0x34, 0x2c, 0x35, 0x2e, 0x39, 0x34, 0x2c, 0x30,
    0x2c, 0x30, 0x2c, 0x30, 0x2d, 0x35, 0x2e, 0x39, 0x34, 0x2d, 0x35, 0x2e, 0x39, 0x33, 0x22, 0x20,
    0x73, 0x74, 0x79, 0x6c, 0x65, 0x3d, 0x22, 0x66, 0x69, 0x6c, 0x6c, 0x3a, 0x23, 0x62, 0x30, 0x61,
    0x65, 0x39, 0x64, 0x22, 0x2f, 0x3e, 0x3c, 0x72, 0x65, 0x63, 0x74, 0x20, 0x78, 0x3d, 0x22, 0x35,
    0x2e, 0x32, 0x38, 0x22, 0x20, 0x79, 0x3d, 0x22, 0x31, 0x34, 0x2e, 0x33, 0x35, 0x22, 0x20, 0x77,
    0x69, 0x64, 0x74, 0x68, 0x3d, 0x22, 0x34, 0x38, 0x2e, 0x38, 0x22, 0x20, 0x68, 0x65, 0x69, 0x67,
    0x68, 0x74, 0x3d, 0x22, 0x32, 0x2e, 0x36, 0x35, 0x22, 0x20, 0x73, 0x74, 0x79, 0x6c, 0x65, 0x3d,
    0x22, 0x66, 0x69, 0x6c, 0x6c, 0x3a, 0x23, 0x30, 0x30, 0x36, 0x35, 0x32, 0x65, 0x3b, 0x73, 0x74,
    0x72, 0x6f, 0x6b, 0x65, 0x3a, 0x23, 0x32, 0x33, 0x31, 0x66, 0x32, 0x30, 0x3b, 0x73, 0x74, 0x72,
    0x6f, 0x6b, 0x65, 0x2d, 0x6d, 0x69, 0x74, 0x65, 0x72, 0x6c, 0x69, 0x6d, 0x69, 0x74, 0x3a, 0x31,
    0x30, 0x3b, 0x73, 0x74, 0x72, 0x6f, 0x6b, 0x65, 0x2d, 0x77, 0x69, 0x64, 0x74, 0x68, 0x3a, 0x30,
    0x2e, 0x35, 0x70, 0x78, 0x22, 0x2f, 0x3e, 0x3c, 0x70, 0x6f, 0x6c, 0x79, 0x67, 0x6f, 0x6e, 0x20,
    0x70, 0x6f, 0x69, 0x6e, 0x74, 0x73, 0x3d, 0x22, 0x32, 0x36, 0x2e, 0x31, 0x36, 0x20, 0x32, 0x31,
    0x2e, 0x39, 0x39, 0x20, 0x33, 0x33, 0x2e, 0x36, 0x37, 0x20, 0x32, 0x32, 0x2e, 0x31, 0x33, 0x20,
    0x33, 0x32, 0x2e, 0x39, 0x39, 0x20, 0x31, 0x31, 0x2e, 0x38, 0x35, 0x20, 0x32, 0x37, 0x2e, 0x35,
    0x33, 0x20, 0x31, 0x31, 0x2e, 0x39, 0x31, 0x20, 0x32, 0x36, 0x2e, 0x31, 0x36, 0x20, 0x32, 0x31,
    0x2e, 0x39, 0x39, 0x22, 0x20, 0x73, 0x74, 0x79, 0x6c, 0x65, 0x3d, 0x22, 0x73, 0x74, 0x72, 0x6f,
    0x6b, 0x65, 0x3a, 0x23, 0x32, 0x33, 0x31, 0x66, 0x32, 0x30, 0x3b, 0x73, 0x74, 0x72, 0x6f, 0x6b,
    0x65, 0x2d, 0x6d, 0x69, 0x74, 0x65, 0x72, 0x6c, 0x69, 0x6d, 0x69, 0x74, 0x3a, 0x31, 0x30, 0x3b,
    0x66, 0x69, 0x6c, 0x6c, 0x3a, 0x6e, 0x6f, 0x6e, 0x65, 0x3b, 0x73, 0x74, 0x72, 0x6f, 0x6b, 0x65,
    0x2d, 0x77, 0x69, 0x64, 0x74, 0x68, 0x3a, 0x31, 0x2e, 0x32, 0x35, 0x70, 0x78, 0x22, 0x2f, 0x3e,
    0x3c, 0x70, 0x6f, 0x6c, 0x79, 0x67, 0x6f, 0x6e, 0x20, 0x70, 0x6f, 0x69, 0x6e, 0x74, 0x73, 0x3d,
    0x22, 0x32, 0x36, 0x2e, 0x31, 0x36, 0x20, 0x32, 0x31, 0x2e, 0x39, 0x39, 0x20, 0x33, 0x33, 0x2e,
    0x36, 0x37, 0x20, 0x32, 0x32, 0x2e, 0x31, 0x33, 0x20, 0x33, 0x32, 0x2e, 0x39, 0x39, 0x20, 0x31,
    0x31, 0x2e, 0x38, 0x35, 0x20, 0x32, 0x37, 0x2e, 0x35, 0x33, 0x20, 0x31, 0x31, 0x2e, 0x39, 0x31,
    0x20, 0x32, 0x36, 0x2e, 0x31, 0x36, 0x20, 0x32, 0x31, 0x2e, 0x39, 0x39, 0x22, 0x20, 0x73, 0x74,
    0x79, 0x6c, 0x65, 0x3d, 0x22, 0x66, 0x69, 0x6c, 0x6c, 0x3a, 0x23, 0x30, 0x30, 0x36, 0x35, 0x32,
    0x65, 0x22, 0x2f, 0x3e, 0x3c, 0x70, 0x61, 0x74, 0x68, 0x20, 0x64, 0x3d, 0x22, 0x4d, 0x32, 0x39,
    0x2e, 0x34, 0x2c, 0x34, 0x32, 0x2e, 0x38, 0x63, 0x32, 0x2e, 0x32, 0x33, 0x2e, 0x30, 0x35, 0x2c,
    0x36, 0x2e, 0x36, 0x38, 0x2d, 0x37, 0x2e, 0x31, 0x34, 0x2c, 0x36, 0x2e, 0x37, 0x39, 0x2d, 0x31,
    0x32, 0x2e, 0x36, 0x53, 0x33, 0x34, 0x2c, 0x32, 0x32, 0x2e, 0x36, 0x31, 0x2c, 0x33, 0x34, 0x2c,
    0x32, 0x32, 0x2e, 0x36, 0x31, 0x6c, 0x2d, 0x38, 0x2e, 0x32, 0x35, 0x2d, 0x2e, 0x32, 0x41, 0x39,
    0x2e, 0x34, 0x39, 0x2c, 0x39, 0x2e, 0x34, 0x39, 0x2c, 0x30, 0x2c, 0x30, 0x2c, 0x30, 0x2c, 0x32,
    0x33, 0x2e, 0x30, 0x35, 0x2c, 0x32, 0x39, 0x43, 0x32, 0x32, 0x2e, 0x38, 0x38, 0x2c, 0x33, 0x33,
    0x2e, 0x34, 0x39, 0x2c, 0x32, 0x36, 0x2e, 0x35, 0x38, 0x2c, 0x34, 0x32, 0x2e, 0x37, 0x35, 0x2c,
    0x32, 0x39, 0x2e, 0x34, 0x2c, 0x34, 0x32, 0x2e, 0x38, 0x5a, 0x22, 0x20, 0x73, 0x74, 0x79, 0x6c,
    0x65, 0x3d, 0x22, 0x73, 0x74, 0x72, 0x6f, 0x6b, 0x65, 0x3a, 0x23, 0x32, 0x33, 0x31, 0x66, 0x32,
    0x30, 0x3b, 0x73, 0x74, 0x72, 0x6f, 0x6b, 0x65, 0x2d, 0x6d, 0x69, 0x74, 0x65, 0x72, 0x6c, 0x69,
    0x6d, 0x69, 0x74, 0x3a, 0x31, 0x30, 0x3b, 0x66, 0x69, 0x6c, 0x6c, 0x3a, 0x6e, 0x6f, 0x6e, 0x65,
    0x3b, 0x73, 0x74, 0x72, 0x6f, 0x6b, 0x65, 0x2d, 0x77, 0x69, 0x64, 0x74, 0x68, 0x3a, 0x31, 0x2e,
    0x32, 0x35, 0x70, 0x78, 0x22, 0x2f, 0x3e, 0x3c, 0x70, 0x61, 0x74, 0x68, 0x20, 0x64, 0x3d, 0x22,
    0x4d, 0x32, 0x39, 0x2e, 0x34, 0x2c, 0x34, 0x32, 0x2e, 0x38, 0x63, 0x32, 0x2e, 0x32, 0x33, 0x2e,
    0x30, 0x35, 0x2c, 0x36, 0x2e, 0x36, 0x38, 0x2d, 0x37, 0x2e, 0x31, 0x34, 0x2c, 0x36, 0x2e, 0x37,
    0x39, 0x2d, 0x31, 0x32, 0x2e, 0x36, 0x53, 0x33, 0x34, 0x2c, 0x32, 0x32, 0x2e, 0x36, 0x31, 0x2c,
    0x33, 0x34, 0x2c, 0x32, 0x32, 0x2e, 0x36, 0x31, 0x6c, 0x2d, 0x38, 0x2e, 0x32, 0x35, 0x2d, 0x2e,
    0x32, 0x41, 0x39, 0x2e, 0x34, 0x39, 0x2c, 0x39, 0x2e, 0x34, 0x39, 0x2c, 0x30, 0x2c, 0x30, 0x2c,
    0x30, 0x2c, 0x32, 0x33, 0x2e, 0x30, 0x35, 0x2c, 0x32, 0x39, 0x43, 0x32, 0x32, 0x2e, 0x38, 0x38,
    0x2c, 0x33, 0x33, 0x2e, 0x34, 0x39, 0x2c, 0x32, 0x36, 0x2e, 0x35, 0x38, 0x2c, 0x34, 0x32, 0x2e,
    0x37, 0x35, 0x2c, 0x32, 0x39, 0x2e, 0x34, 0x2c, 0x34, 0x32, 0x2e, 0x38, 0x5a, 0x22, 0x20, 0x73,
    0x74, 0x79, 0x6c, 0x65, 0x3d, 0x22, 0x66, 0x69, 0x6c, 0x6c, 0x3a, 0x23, 0x65, 0x65, 0x64, 0x63,
    0x30, 0x30, 0x22, 0x2f, 0x3e, 0x3c, 0x2f, 0x73, 0x76, 0x67, 0x3e,
};
static const size_t main_toolbar_show_folder_svg_len = 1675;

static const unsigned char main_toolbar_render_svg[] = {
    0x3c, 0x73, 0x76, 0x67, 0x20, 0x69, 0x64, 0x3d, 0x22, 0x4c, 0x61, 0x79, 0x65, 0x72, 0x5f, 0x31,
    0x22, 0x20, 0x64, 0x61, 0x74, 0x61, 0x2d, 0x6e, 0x61, 0x6d, 0x65, 0x3d, 0x22, 0x4c, 0x61, 0x79,
    0x65, 0x72, 0x20, 0x31, 0x22, 0x20, 0x78, 0x6d, 0x6c, 0x6e, 0x73, 0x3d, 0x22, 0x68, 0x74, 0x74,
    0x70, 0x3a, 0x2f, 0x2f, 0x77, 0x77, 0x77, 0x2e, 0x77, 0x33, 0x2e, 0x6f, 0x72, 0x67, 0x2f, 0x32,
    0x30, 0x30, 0x30, 0x2f, 0x73, 0x76, 0x67, 0x22, 0x20, 0x76, 0x69, 0x65, 0x77, 0x42, 0x6f, 0x78,
    0x3d, 0x22, 0x30, 0x20, 0x30, 0x20, 0x36, 0x31, 0x2e, 0x30, 0x34, 0x20, 0x36, 0x31, 0x2e, 0x30,
    0x34, 0x22, 0x3e, 0x3c, 0x70, 0x61, 0x74, 0x68, 0x20, 0x64, 0x3d, 0x22, 0x4d, 0x35, 0x33, 0x2e,
    0x33, 0x36, 0x2c, 0x31, 0x30, 0x2e, 0x35, 0x39, 0x6c, 0x30, 0x2c, 0x30, 0x2c, 0x30, 0x2d, 0x2e,
    0x30, 0x35, 0x61, 0x2e, 0x30, 0x38, 0x2e, 0x30, 0x38, 0x2c, 0x30, 0x2c, 0x30, 0x2c, 0x31, 0x2c,
    0x30, 0x2c, 0x30, 0x6c, 0x30, 0x2c, 0x30, 0x2c, 0x30, 0x2c, 0x30, 0x2c, 0x30, 0x2c, 0x30, 0x2c,
    0x30, 0x2c, 0x30, 0x4c, 0x35, 0x33, 0x2c, 0x31, 0x30, 0x2e, 0x32, 0x37, 0x6c, 0x30, 0x2c, 0x30,
    0x2c, 0x30, 0x2c, 0x30, 0x61, 0x2e, 0x30, 0x38, 0x2e, 0x30, 0x38, 0x2c, 0x30, 0x2c, 0x30, 0x2c,
    0x31, 0x2c, 0x30, 0x2c, 0x30, 0x6c, 0x30, 0x2c, 0x30, 0x2c, 0x30, 0x2c, 0x30, 0x2c, 0x30, 0x2c,
    0x30, 0x61, 0x2e, 0x31, 0x32, 0x2e, 0x31, 0x32, 0x2c, 0x30, 0x2c, 0x30, 0x2c, 0x31, 0x2c, 0x30,
    0x2c, 0x30, 0x6c, 0x30, 0x2c, 0x30, 0x73, 0x30, 0x2c, 0x30, 0x2c, 0x30, 0x2c, 0x30, 0x6c, 0x30,
    0x2c, 0x30, 0x2c, 0x30, 0x2d, 0x2e, 0x30, 0x35, 0x2d, 0x2e, 0x30, 0x36, 0x2d, 0x2e, 0x30, 0x35,
    0x2c, 0x30, 0x2c, 0x30, 0x2c, 0x30, 0x2c, 0x30, 0x2c, 0x30, 0x2c, 0x30, 0x2c, 0x30, 0x2c, 0x30,
    0x2c, 0x30, 0x2c, 0x30, 0x2c, 0x30, 0x2c, 0x30, 0x61, 0x2e, 0x31, 0x32, 0x2e, 0x31, 0x32, 0x2c,
    0x30, 0x2c, 0x30, 0x2c, 0x31, 0x2d, 0x2e, 0x30, 0x35, 0x2d, 0x2e, 0x30, 0x35, 0x6c, 0x30, 0x2c,
    0x30, 0x73, 0x30, 0x2c, 0x30, 0x2c, 0x30, 0x2c, 0x30, 0x6c, 0x30, 0x2c, 0x30, 0x2c, 0x30, 0x2c,
    0x30, 0x2c, 0x30, 0x2c, 0x30, 0x2c, 0x30, 0x2c, 0x30, 0x2c, 0x30, 0x2c, 0x30, 0x2c, 0x30, 0x2c,
    0x30, 0x2d, 0x2e, 0x30, 0x35, 0x2c, 0x30, 0x2c, 0x30, 0x2c, 0x30, 0x73, 0x30, 0x2c, 0x30, 0x2c,
    0x30, 0x2c, 0x30, 0x2c, 0x30, 0x2c, 0x30, 0x2c, 0x30, 0x2c, 0x30, 0x6c, 0x30, 0x2c, 0x30, 0x73,
    0x30, 0x2c, 0x30, 0x2c, 0x30, 0x2c, 0x30, 0x6c, 0x30, 0x2c, 0x30, 0x2d, 0x2e, 0x30, 0x36, 0x2c,
    0x30, 0x2c, 0x30, 0x2c, 0x30, 0x2c, 0x30, 0x2c, 0x30, 0x73, 0x30, 0x2c, 0x30, 0x2c, 0x30, 0x2c,
    0x30, 0x2c, 0x30, 0x2c, 0x30, 0x2c, 0x30, 0x2c, 0x30, 0x6c, 0x30, 0x2c, 0x30, 0x2c, 0x30, 0x2c,
    0x30, 0x2c, 0x30, 0x2c, 0x30, 0x41, 0x33, 0x31, 0x2e, 0x32, 0x33, 0x2c, 0x33, 0x31, 0x2e, 0x32,
    0x33, 0x2c, 0x30, 0x2c, 0x30, 0x2c, 0x30, 0x2c, 0x32, 0x39, 0x2e, 0x35, 0x32, 0x2c, 0x30, 0x2c,
    0x32, 0x39, 0x2e, 0x35, 0x32, 0x2c, 0x32, 0x39, 0x2e, 0x35, 0x32, 0x2c, 0x30, 0x2c, 0x30, 0x2c,
    0x30, 0x2c, 0x38, 0x2e, 0x36, 0x36, 0x2c, 0x35, 0x30, 0x2e, 0x34, 0x31, 0x6c, 0x2e, 0x30, 0x35,
    0x2e, 0x30, 0x35, 0x2c, 0x30, 0x2c, 0x30, 0x2c, 0x30, 0x2c, 0x30, 0x2c, 0x30, 0x2c, 0x30, 0x61,
    0x32, 0x36, 0x35, 0x33, 0x37, 0x37, 0x31, 0x35, 0x33, 0x30, 0x32, 0x31, 0x39, 0x2e, 0x31, 0x39,
    0x2c, 0x32, 0x36, 0x35, 0x33, 0x37, 0x37, 0x31, 0x35, 0x33, 0x30, 0x32, 0x31, 0x39, 0x2e, 0x31,
    0x39, 0x2c, 0x30, 0x2c, 0x30, 0x2c, 0x30, 0x2c, 0x2e, 0x30, 0x38, 0x2e, 0x30, 0x38, 0x6c, 0x30,
    0x2c, 0x30, 0x2c, 0x30, 0x2c, 0x30, 0x2c, 0x30, 0x2c, 0x30, 0x61, 0x2e, 0x30, 0x38, 0x2e, 0x30,
    0x38, 0x2c, 0x30, 0x2c, 0x30, 0x2c, 0x30, 0x2c, 0x30, 0x2c, 0x30, 0x6c, 0x30, 0x2c, 0x30, 0x2c,
    0x30, 0x2c, 0x30, 0x2c, 0x30, 0x2c, 0x30, 0x2c, 0x30, 0x2c, 0x30, 0x2c, 0x30, 0x2c, 0x30, 0x2c,
    0x30, 0x2c, 0x30, 0x2c, 0x2e, 0x30, 0x35, 0x2c, 0x30, 0x2c, 0x30, 0x2c, 0x30, 0x2c, 0x30, 0x2c,
    0x30, 0x2c, 0x30, 0x2c, 0x2e, 0x30, 0x35, 0x73, 0x30, 0x2c, 0x30, 0x2c, 0x30, 0x2c, 0x30, 0x6c,
    0x30, 0x2c, 0x30, 0x2c, 0x30, 0x2c, 0x30, 0x2c, 0x30, 0x2c, 0x30, 0x61, 0x2e, 0x30, 0x38, 0x2e,
    0x30, 0x38, 0x2c, 0x30, 0x2c, 0x30, 0x2c, 0x31, 0x2c, 0x30, 0x2c, 0x30, 0x6c, 0x2e, 0x30, 0x36,
    0x2c, 0x30, 0x2c, 0x30, 0x2c, 0x30, 0x73, 0x30, 0x2c, 0x30, 0x2c, 0x30, 0x2c, 0x30, 0x6c, 0x30,
    0x2c, 0x30, 0x2c, 0x30, 0x2c, 0x30, 0x2c, 0x30, 0x2c, 0x30, 0x2c, 0x30, 0x2c, 0x30, 0x2c, 0x2e,
    0x30, 0x35, 0x2e, 0x30, 0x35, 0x61, 0x2e, 0x30, 0x38, 0x2e, 0x30, 0x38, 0x2c, 0x30, 0x2c, 0x30,
    0x2c, 0x31, 0x2c, 0x30, 0x2c, 0x30, 0x6c, 0x30, 0x2c, 0x30, 0x2c, 0x30, 0x2c, 0x30, 0x2c, 0x30,
    0x2c, 0x30, 0x61, 0x32, 0x36, 0x35, 0x33, 0x37, 0x37, 0x31, 0x35, 0x33, 0x30, 0x32, 0x31, 0x38,
    0x2e, 0x36, 0x31, 0x2c, 0x32, 0x36, 0x35, 0x33, 0x37, 0x37, 0x31, 0x35, 0x33, 0x30, 0x32, 0x31,
    0x38, 0x2e, 0x36, 0x31, 0x2c, 0x30, 0x2c, 0x30, 0x2c, 0x31, 0x2c, 0x2e, 0x30, 0x38, 0x2e, 0x30,
    0x38, 0x6c, 0x30, 0x2c, 0x30, 0x2c, 0x30, 0x2c, 0x2e, 0x30, 0x35, 0x2c, 0x30, 0x2c, 0x30, 0x2c,
    0x30, 0x2c, 0x30, 0x2c, 0x2e, 0x30, 0x35, 0x2c, 0x30, 0x2c, 0x30, 0x2c, 0x30, 0x2c, 0x30, 0x2c,
    0x30, 0x2c, 0x30, 0x2c, 0x30, 0x2c, 0x30, 0x2c, 0x30, 0x2c, 0x30, 0x2c, 0x30, 0x2c, 0x30, 0x2c,
    0x30, 0x41, 0x32, 0x39, 0x2e, 0x34, 0x33, 0x2c, 0x32, 0x39, 0x2e, 0x34, 0x33, 0x2c, 0x30, 0x2c,
    0x30, 0x2c, 0x30, 0x2c, 0x33, 0x31, 0x2e, 0x35, 0x32, 0x2c, 0x36, 0x31, 0x61, 0x34, 0x2e, 0x39,
    0x32, 0x2c, 0x34, 0x2e, 0x39, 0x32, 0x2c, 0x30, 0x2c, 0x30, 0x2c, 0x30, 0x2c, 0x34, 0x2e, 0x39,
    0x32, 0x2d, 0x34, 0x2e, 0x39, 0x32, 0x2c, 0x34, 0x2e, 0x38, 0x34, 0x2c, 0x34, 0x2e, 0x38, 0x34,
    0x2c, 0x30, 0x2c, 0x30, 0x2c, 0x30, 0x2d, 0x31, 0x2e, 0x32, 0x38, 0x2d, 0x33, 0x2e, 0x33, 0x2c,
    0x34, 0x2e, 0x39, 0x32, 0x2c, 0x34, 0x2e, 0x39, 0x32, 0x2c, 0x30, 0x2c, 0x30, 0x2c, 0x31, 0x2c,
    0x33, 0x2e, 0x36, 0x39, 0x2d, 0x38, 0x2e, 0x31, 0x38, 0x68, 0x35, 0x2e, 0x37, 0x39, 0x41, 0x31,
    0x36, 0x2e, 0x34, 0x31, 0x2c, 0x31, 0x36, 0x2e, 0x34, 0x31, 0x2c, 0x30, 0x2c, 0x30, 0x2c, 0x30,
    0x2c, 0x36, 0x31, 0x2c, 0x32, 0x38, 0x2e, 0x32, 0x34, 0x2c, 0x32, 0x34, 0x2e, 0x36, 0x2c, 0x32,
    0x34, 0x2e, 0x36, 0x2c, 0x30, 0x2c, 0x30, 0x2c, 0x30, 0x2c, 0x35, 0x33, 0x2e, 0x33, 0x36, 0x2c,
    0x31, 0x30, 0x2e, 0x35, 0x39, 0x5a, 0x22, 0x20, 0x73, 0x74, 0x79, 0x6c, 0x65, 0x3d, 0x22, 0x66,
    0x69, 0x6c, 0x6c, 0x3a, 0x23, 0x35, 0x38, 0x35, 0x39, 0x35, 0x62, 0x22, 0x2f, 0x3e, 0x3c, 0x70,
    0x61, 0x74, 0x68, 0x20, 0x64, 0x3d, 0x22, 0x4d, 0x32, 0x39, 0x2e, 0x35, 0x32, 0x2c, 0x30, 0x61,
    0x32, 0x39, 0x2e, 0x35, 0x32, 0x2c, 0x32, 0x39, 0x2e, 0x35, 0x32, 0x2c, 0x30, 0x2c, 0x30, 0x2c,
    0x30, 0x2c, 0x30, 0x2c, 0x35, 0x39, 0x2c, 0x34, 0x2e, 0x39, 0x32, 0x2c, 0x34, 0x2e, 0x39, 0x32,
    0x2c, 0x30, 0x2c, 0x30, 0x2c, 0x30, 0x2c, 0x34, 0x2e, 0x39, 0x32, 0x2d, 0x34, 0x2e, 0x39, 0x32,
    0x2c, 0x34, 0x2e, 0x38, 0x34, 0x2c, 0x34, 0x2e, 0x38, 0x34, 0x2c, 0x30, 0x2c, 0x30, 0x2c, 0x30,
    0x2d, 0x31, 0x2e, 0x32, 0x38, 0x2d, 0x33, 0x2e, 0x33, 0x2c, 0x34, 0x2e, 0x39, 0x32, 0x2c, 0x34,
    0x2e, 0x39, 0x32, 0x2c, 0x30, 0x2c, 0x30, 0x2c, 0x31, 0x2c, 0x33, 0x2e, 0x36, 0x39, 0x2d, 0x38,
    0x2e, 0x31, 0x38, 0x68, 0x35, 0x2e, 0x37, 0x39, 0x41, 0x31, 0x36, 0x2e, 0x34, 0x31, 0x2c, 0x31,
    0x36, 0x2e, 0x34, 0x31, 0x2c, 0x30, 0x2c, 0x30, 0x2c, 0x30, 0x2c, 0x35, 0x39, 0x2c, 0x32, 0x36,
    0x2e, 0x32, 0x34, 0x43, 0x35, 0x39, 0x2c, 0x31, 0x31, 0x2e, 0x37, 0x34, 0x2c, 0x34, 0x35, 0x2e,
    0x38, 0x32, 0x2c, 0x30, 0x2c, 0x32, 0x39, 0x2e, 0x35, 0x32, 0x2c, 0x30, 0x5a, 0x22, 0x20, 0x73,
    0x74, 0x79, 0x6c, 0x65, 0x3d, 0x22, 0x66, 0x69, 0x6c, 0x6c, 0x3a, 0x23, 0x65, 0x30, 0x63, 0x62,
    0x38, 0x63, 0x22, 0x2f, 0x3e, 0x3c, 0x70, 0x61, 0x74, 0x68, 0x20, 0x64, 0x3d, 0x22, 0x4d, 0x35,
    0x31, 0x2e, 0x34, 0x37, 0x2c, 0x32, 0x33, 0x2e, 0x33, 0x33, 0x6c, 0x30, 0x2c, 0x30, 0x2c, 0x30,
    0x2c, 0x30, 0x2c, 0x30, 0x2c, 0x30, 0x2c, 0x30, 0x2c, 0x30, 0x2c, 0x30, 0x2c, 0x30, 0x2c, 0x30,
    0x2c, 0x30, 0x2d, 0x2e, 0x30, 0x35, 0x2d, 0x2e, 0x30, 0x35, 0x2c, 0x30, 0x2c, 0x30, 0x2c, 0x30,
    0x2c, 0x30, 0x2c, 0x30, 0x2c, 0x30, 0x2c, 0x30, 0x2c, 0x30, 0x73, 0x30, 0x2c, 0x30, 0x2c, 0x30,
    0x2c, 0x30, 0x6c, 0x30, 0x2c, 0x30, 0x73, 0x30, 0x2c, 0x30, 0x2c, 0x30, 0x2c, 0x30, 0x6c, 0x30,
    0x2c, 0x30, 0x2c, 0x30, 0x2c, 0x30, 0x2c, 0x30, 0x2c, 0x30, 0x2c, 0x30, 0x2c, 0x30, 0x2d, 0x2e,
    0x30, 0x35, 0x2d, 0x2e, 0x30, 0x35, 0x2c, 0x30, 0x2c, 0x30, 0x2c, 0x30, 0x2c, 0x30, 0x2c, 0x30,
    0x2d, 0x2e, 0x30, 0x35, 0x2c, 0x30, 0x2c, 0x30, 0x2c, 0x30, 0x2c, 0x30, 0x73, 0x30, 0x2c, 0x30,
    0x2c, 0x30, 0x2c, 0x30, 0x6c, 0x30, 0x2c, 0x30, 0x2c, 0x30, 0x2c, 0x30, 0x2c, 0x30, 0x2c, 0x30,
    0x2c, 0x30, 0x2c, 0x30, 0x2c, 0x30, 0x2c, 0x30, 0x2c, 0x30, 0x2c, 0x30, 0x2c, 0x30, 0x2d, 0x2e,
    0x30, 0x35, 0x2c, 0x30, 0x2c, 0x30, 0x2c, 0x30, 0x2c, 0x30, 0x2c, 0x30, 0x2c, 0x30, 0x2d, 0x2e,
    0x30, 0x35, 0x2d, 0x2e, 0x30, 0x35, 0x2c, 0x30, 0x2c, 0x30, 0x2c, 0x30, 0x2c, 0x30, 0x2c, 0x30,
    0x2c, 0x30, 0x2c, 0x30, 0x2c, 0x30, 0x2c, 0x30, 0x2c, 0x30, 0x2c, 0x30, 0x2d, 0x2e, 0x30, 0x35,
    0x2c, 0x30, 0x2c, 0x30, 0x2c, 0x30, 0x2c, 0x30, 0x2c, 0x30, 0x2c, 0x30, 0x2c, 0x30, 0x2c, 0x30,
    0x2c, 0x30, 0x2d, 0x2e, 0x30, 0x35, 0x2c, 0x30, 0x2c, 0x30, 0x2c, 0x30, 0x2c, 0x30, 0x2c, 0x30,
    0x2c, 0x30, 0x61, 0x37, 0x2e, 0x33, 0x34, 0x2c, 0x37, 0x2e, 0x33, 0x34, 0x2c, 0x30, 0x2c, 0x30,
    0x2c, 0x30, 0x2d, 0x31, 0x2e, 0x37, 0x35, 0x2d, 0x31, 0x2e, 0x32, 0x39, 0x2c, 0x37, 0x2e, 0x31,
    0x32, 0x2c, 0x37, 0x2e, 0x31, 0x32, 0x2c, 0x30, 0x2c, 0x30, 0x2c, 0x30, 0x2d, 0x38, 0x2e, 0x33,
    0x32, 0x2c, 0x31, 0x31, 0x2e, 0x33, 0x36, 0x6c, 0x30, 0x2c, 0x30, 0x2c, 0x30, 0x2c, 0x30, 0x2c,
    0x2e, 0x30, 0x35, 0x2c, 0x30, 0x61, 0x2e, 0x30, 0x38, 0x2e, 0x30, 0x38, 0x2c, 0x30, 0x2c, 0x30,
    0x2c, 0x30, 0x2c, 0x30, 0x2c, 0x30, 0x6c, 0x30, 0x2c, 0x30, 0x2c, 0x30, 0x2c, 0x30, 0x2c, 0x30,
    0x2c, 0x30, 0x2c, 0x30, 0x2c, 0x30, 0x2c, 0x30, 0x2c, 0x30, 0x2c, 0x30, 0x2c, 0x2e, 0x30, 0x35,
    0x2c, 0x30, 0x2c, 0x30, 0x2c, 0x30, 0x2c, 0x30, 0x2c, 0x30, 0x2c, 0x30, 0x2c, 0x30, 0x2c, 0x30,
    0x2c, 0x30, 0x2c, 0x30, 0x2c, 0x30, 0x2c, 0x30, 0x2c, 0x30, 0x2c, 0x30, 0x61, 0x2e, 0x30, 0x38,
    0x2e, 0x30, 0x38, 0x2c, 0x30, 0x2c, 0x30, 0x2c, 0x30, 0x2c, 0x30, 0x2c, 0x30, 0x6c, 0x30, 0x2c,
    0x30, 0x2c, 0x30, 0x2c, 0x30, 0x2c, 0x30, 0x2c, 0x2e, 0x30, 0x35, 0x61, 0x2e, 0x30, 0x38, 0x2e,
    0x30, 0x38, 0x2c, 0x30, 0x2c, 0x30, 0x2c, 0x31, 0x2c, 0x30, 0x2c, 0x30, 0x6c, 0x30, 0x2c, 0x30,
    0x2c, 0x30, 0x2c, 0x30, 0x2c, 0x30, 0x2c, 0x30, 0x2c, 0x30, 0x2c, 0x30, 0x2c, 0x30, 0x2c, 0x30,
    0x73, 0x30, 0x2c, 0x30, 0x2c, 0x30, 0x2c, 0x30, 0x6c, 0x30, 0x2c, 0x30, 0x2c, 0x30, 0x2c, 0x30,
    0x2c, 0x30, 0x2c, 0x30, 0x2c, 0x2e, 0x30, 0x35, 0x2c, 0x30, 0x2c, 0x30, 0x2c, 0x30, 0x2c, 0x30,
    0x2c, 0x30, 0x2c, 0x30, 0x2c, 0x30, 0x2c, 0x30, 0x2c, 0x30, 0x2c, 0x30, 0x2c, 0x30, 0x2c, 0x30,
    0x2c, 0x30, 0x2c, 0x30, 0x2c, 0x30, 0x2c, 0x30, 0x2c, 0x30, 0x2c, 0x30, 0x2c, 0x30, 0x2c, 0x30,
    0x2c, 0x30, 0x2c, 0x30, 0x2c, 0x30, 0x2c, 0x2e, 0x30, 0x35, 0x2c, 0x30, 0x73, 0x30, 0x2c, 0x30,
    0x2c, 0x30, 0x2c, 0x30, 0x6c, 0x30, 0x2c, 0x30, 0x2c, 0x30, 0x2c, 0x30, 0x2c, 0x30, 0x2c, 0x30,
    0x2c, 0x30, 0x2c, 0x30, 0x2c, 0x30, 0x2c, 0x30, 0x41, 0x37, 0x2e, 0x31, 0x32, 0x2c, 0x37, 0x2e,
    0x31, 0x32, 0x2c, 0x30, 0x2c, 0x31, 0x2c, 0x30, 0x2c, 0x35, 0x31, 0x2e, 0x34, 0x37, 0x2c, 0x32,
    0x33, 0x2e, 0x33, 0x33, 0x5a, 0x22, 0x20, 0x73, 0x74, 0x79, 0x6c, 0x65, 0x3d, 0x22, 0x66, 0x69,
    0x6c, 0x6c, 0x3a, 0x23, 0x30, 0x30, 0x34, 0x30, 0x37, 0x31, 0x22, 0x2f, 0x3e, 0x3c, 0x70, 0x61,
    0x74, 0x68, 0x20, 0x64, 0x3d, 0x22, 0x4d, 0x34, 0x31, 0x2e, 0x31, 0x35, 0x2c, 0x33, 0x32, 0x2e,
    0x36, 0x39, 0x61, 0x37, 0x2e, 0x31, 0x32, 0x2c, 0x37, 0x2e, 0x31, 0x32, 0x2c, 0x30, 0x2c, 0x31,
    0x2c, 0x31, 0x2c, 0x39, 0x2e, 0x36, 0x31, 0x2d, 0x33, 0x2c, 0x37, 0x2e, 0x31, 0x31, 0x2c, 0x37,
    0x2e, 0x31, 0x31, 0x2c, 0x30, 0x2c, 0x30, 0x2c, 0x31, 0x2d, 0x39, 0x2e, 0x36, 0x31, 0x2c, 0x33,
    0x5a, 0x22, 0x20, 0x73, 0x74, 0x79, 0x6c, 0x65, 0x3d, 0x22, 0x66, 0x69, 0x6c, 0x6c, 0x3a, 0x23,
    0x30, 0x30, 0x37, 0x32, 0x62, 0x63, 0x22, 0x2f, 0x3e, 0x3c, 0x70, 0x61, 0x74, 0x68, 0x20, 0x64,
    0x3d, 0x22, 0x4d, 0x33, 0x36, 0x2e, 0x34, 0x35, 0x2c, 0x38, 0x2e, 0x33, 0x31, 0x6c, 0x30, 0x2c,
    0x30, 0x2c, 0x30, 0x2c, 0x30, 0x2c, 0x30, 0x2c, 0x30, 0x2c, 0x30, 0x2c, 0x30, 0x2c, 0x30, 0x2c,
    0x30, 0x2c, 0x30, 0x2c, 0x30, 0x2c, 0x30, 0x2c, 0x30, 0x2c, 0x30, 0x2c, 0x30, 0x2c, 0x30, 0x2c,
    0x30, 0x2c, 0x30, 0x2c, 0x30, 0x2c, 0x30, 0x2c, 0x30, 0x2c, 0x30, 0x2c, 0x30, 0x2c, 0x30, 0x2c,
    0x30, 0x73, 0x30, 0x2c, 0x30, 0x2d, 0x2e, 0x30, 0x35, 0x2c, 0x30, 0x6c, 0x30, 0x2c, 0x30, 0x2c,
    0x30, 0x2d, 0x2e, 0x30, 0x35, 0x2c, 0x30, 0x2c, 0x30, 0x2c, 0x30, 0x2c, 0x30, 0x2c, 0x30, 0x2c,
    0x30, 0x2c, 0x30, 0x2c, 0x30, 0x2c, 0x30, 0x2c, 0x30, 0x2c, 0x30, 0x2c, 0x30, 0x2c, 0x30, 0x2c,
    0x30, 0x2c, 0x30, 0x2c, 0x30, 0x2c, 0x30, 0x2c, 0x30, 0x2c, 0x30, 0x2c, 0x30, 0x2c, 0x30, 0x2c,
    0x30, 0x2c, 0x30, 0x2c, 0x30, 0x2c, 0x30, 0x2c, 0x30, 0x2c, 0x30, 0x2c, 0x30, 0x2c, 0x30, 0x2c,
    0x30, 0x2d, 0x2e, 0x30, 0x35, 0x2c, 0x30, 0x2c, 0x30, 0x2c, 0x30, 0x2c, 0x30, 0x2c, 0x30, 0x2c,
    0x30, 0x2c, 0x30, 0x2c, 0x30, 0x2c, 0x30, 0x2c, 0x30, 0x2c, 0x30, 0x2c, 0x30, 0x2c, 0x30, 0x2c,
    0x30, 0x2c, 0x30, 0x2c, 0x30, 0x2c, 0x30, 0x2c, 0x30, 0x2c, 0x30, 0x2c, 0x30, 0x2c, 0x30, 0x2c,
    0x30, 0x2c, 0x30, 0x2c, 0x30, 0x2c, 0x30, 0x2c, 0x30, 0x2c, 0x30, 0x2c, 0x30, 0x2c, 0x30, 0x2c,
    0x30, 0x2c, 0x30, 0x2c, 0x30, 0x2c, 0x30, 0x2c, 0x30, 0x2c, 0x30, 0x2c, 0x30, 0x2c, 0x30, 0x41,
    0x37, 0x2e, 0x31, 0x32, 0x2c, 0x37, 0x2e, 0x31, 0x32, 0x2c, 0x30, 0x2c, 0x31, 0x2c, 0x30, 0x2c,
    0x32, 0x34, 0x2e, 0x34, 0x32, 0x2c, 0x31, 0x36, 0x2e, 0x34, 0x33, 0x6c, 0x30, 0x2c, 0x30, 0x2c,
    0x30, 0x2c, 0x30, 0x2c, 0x30, 0x2c, 0x2e, 0x30, 0x35, 0x2c, 0x30, 0x2c, 0x30, 0x73, 0x30, 0x2c,
    0x30, 0x2c, 0x30, 0x2c, 0x30, 0x6c, 0x30, 0x2c, 0x30, 0x73, 0x30, 0x2c, 0x30, 0x2c, 0x30, 0x2c,
    0x30, 0x2c, 0x30, 0x2c, 0x30, 0x2c, 0x30, 0x2c, 0x30, 0x6c, 0x30, 0x2c, 0x30, 0x2c, 0x30, 0x2c,
    0x30, 0x2c, 0x2e, 0x30, 0x35, 0x2c, 0x30, 0x2c, 0x30, 0x2c, 0x30, 0x2c, 0x30, 0x2c, 0x30, 0x2c,
    0x30, 0x2c, 0x30, 0x2c, 0x30, 0x2c, 0x30, 0x2c, 0x30, 0x2c, 0x30, 0x2c, 0x30, 0x2c, 0x30, 0x2c,
    0x30, 0x2c, 0x30, 0x2c, 0x30, 0x2c, 0x30, 0x2c, 0x30, 0x2c, 0x30, 0x2c, 0x2e, 0x30, 0x35, 0x2c,
    0x30, 0x73, 0x30, 0x2c, 0x30, 0x2c, 0x30, 0x2c, 0x30, 0x6c, 0x30, 0x2c, 0x30, 0x2c, 0x30, 0x2c,
    0x30, 0x2c, 0x30, 0x2c, 0x30, 0x2c, 0x30, 0x2c, 0x30, 0x2c, 0x30, 0x2c, 0x30, 0x2c, 0x30, 0x2c,
    0x30, 0x2c, 0x30, 0x2c, 0x2e, 0x30, 0x35, 0x2c, 0x30, 0x2c, 0x30, 0x73, 0x30, 0x2c, 0x30, 0x2c,
    0x30, 0x2c, 0x30, 0x2c, 0x30, 0x2c, 0x30, 0x2c, 0x30, 0x2c, 0x30, 0x6c, 0x30, 0x2c, 0x30, 0x2c,
    0x30, 0x2c, 0x30, 0x2c, 0x30, 0x2c, 0x30, 0x2c, 0x30, 0x2c, 0x30, 0x2c, 0x2e, 0x30, 0x35, 0x2c,
    0x30, 0x2c, 0x30, 0x2c, 0x30, 0x2c, 0x30, 0x2c, 0x30, 0x61, 0x2e, 0x30, 0x38, 0x2e, 0x30, 0x38,
    0x2c, 0x30, 0x2c, 0x30, 0x2c, 0x31, 0x2c, 0x30, 0x2c, 0x30, 0x6c, 0x30, 0x2c, 0x30, 0x2c, 0x30,
    0x2c, 0x30, 0x2c, 0x30, 0x2c, 0x2e, 0x30, 0x35, 0x2c, 0x30, 0x2c, 0x30, 0x73, 0x30, 0x2c, 0x30,
    0x2c, 0x30, 0x2c, 0x30, 0x6c, 0x30, 0x2c, 0x30, 0x2c, 0x30, 0x2c, 0x30, 0x2c, 0x30, 0x2c, 0x30,
    0x2c, 0x30, 0x2c, 0x30, 0x2c, 0x30, 0x2c, 0x30, 0x61, 0x36, 0x2e, 0x38, 0x34, 0x2c, 0x36, 0x2e,
    0x38, 0x34, 0x2c, 0x30, 0x2c, 0x30, 0x2c, 0x30, 0x2c, 0x31, 0x2e, 0x37, 0x35, 0x2c, 0x31, 0x2e,
    0x32, 0x39, 0x41, 0x37, 0x2e, 0x31, 0x32, 0x2c, 0x37, 0x2e, 0x31, 0x32, 0x2c, 0x30, 0x2c, 0x30,
    0x2c, 0x30, 0x2c, 0x33, 0x36, 0x2e, 0x34, 0x35, 0x2c, 0x38, 0x2e, 0x33, 0x31, 0x5a, 0x22, 0x20,
    0x73, 0x74, 0x79, 0x6c, 0x65, 0x3d, 0x22, 0x66, 0x69, 0x6c, 0x6c, 0x3a, 0x23, 0x30, 0x30, 0x36,
    0x35, 0x32, 0x65, 0x22, 0x2f, 0x3e, 0x3c, 0x70, 0x61, 0x74, 0x68, 0x20, 0x64, 0x3d, 0x22, 0x4d,
    0x32, 0x36, 0x2e, 0x31, 0x33, 0x2c, 0x31, 0x37, 0x2e, 0x36, 0x37, 0x61, 0x37, 0x2e, 0x31, 0x32,
    0x2c, 0x37, 0x2e, 0x31, 0x32, 0x2c, 0x30, 0x2c, 0x31, 0x2c, 0x31, 0x2c, 0x39, 0x2e, 0x36, 0x31,
    0x2d, 0x33, 0x2c, 0x37, 0x2e, 0x31, 0x2c, 0x37, 0x2e, 0x31, 0x2c, 0x30, 0x2c, 0x30, 0x2c, 0x31,
    0x2d, 0x39, 0x2e, 0x36, 0x31, 0x2c, 0x33, 0x5a, 0x22, 0x20, 0x73, 0x74, 0x79, 0x6c, 0x65, 0x3d,
    0x22, 0x66, 0x69, 0x6c, 0x6c, 0x3a, 0x23, 0x30, 0x30, 0x61, 0x36, 0x35, 0x31, 0x22, 0x2f, 0x3e,
    0x3c, 0x70, 0x61, 0x74, 0x68, 0x20, 0x64, 0x3d, 0x22, 0x4d, 0x32, 0x31, 0x2c, 0x32, 0x32, 0x2e,
    0x35, 0x33, 0x61, 0x2e, 0x30, 0x38, 0x2e, 0x30, 0x38, 0x2c, 0x30, 0x2c, 0x30, 0x2c, 0x30, 0x2c,
    0x30, 0x2c, 0x30, 0x2c, 0x2e, 0x30, 0x38, 0x2e, 0x30, 0x38, 0x2c, 0x30, 0x2c, 0x30, 0x2c, 0x30,
    0x2c, 0x30, 0x2c, 0x30, 0x6c, 0x30, 0x2c, 0x30, 0x2c, 0x30, 0x2c, 0x30, 0x2c, 0x30, 0x2c, 0x30,
    0x73, 0x30, 0x2c, 0x30, 0x2c, 0x30, 0x2c, 0x30, 0x2c, 0x30, 0x2c, 0x30, 0x2c, 0x30, 0x2c, 0x30,
    0x6c, 0x30, 0x2c, 0x30, 0x2c, 0x30, 0x2c, 0x30, 0x73, 0x30, 0x2c, 0x30, 0x2c, 0x30, 0x2c, 0x30,
    0x6c, 0x30, 0x2c, 0x30, 0x2c, 0x30, 0x2c, 0x30, 0x2c, 0x30, 0x2c, 0x30, 0x2c, 0x30, 0x2c, 0x30,
    0x2c, 0x30, 0x2c, 0x30, 0x2c, 0x30, 0x2c, 0x30, 0x2c, 0x30, 0x2c, 0x30, 0x2c, 0x30, 0x2c, 0x30,
    0x2c, 0x30, 0x2c, 0x30, 0x2c, 0x30, 0x2c, 0x30, 0x2c, 0x30, 0x2c, 0x30, 0x2c, 0x30, 0x2c, 0x30,
    0x2c, 0x30, 0x2c, 0x30, 0x2c, 0x30, 0x2c, 0x30, 0x2c, 0x30, 0x2c, 0x30, 0x2c, 0x30, 0x2c, 0x30,
    0x2c, 0x30, 0x2c, 0x30, 0x61, 0x2e, 0x30, 0x38, 0x2e, 0x30, 0x38, 0x2c, 0x30, 0x2c, 0x30, 0x2c,
    0x30, 0x2c, 0x30, 0x2c, 0x30, 0x6c, 0x30, 0x2c, 0x30, 0x2c, 0x30, 0x2d, 0x2e, 0x30, 0x35, 0x2c,
    0x30, 0x2c, 0x30, 0x2c, 0x30, 0x2c, 0x30, 0x73, 0x30, 0x2c, 0x30, 0x2c, 0x30, 0x2c, 0x30, 0x6c,
    0x30, 0x2c, 0x30, 0x73, 0x30, 0x2c, 0x30, 0x2c, 0x30, 0x2c, 0x30, 0x6c, 0x30, 0x2c, 0x30, 0x2c,
    0x30, 0x2d, 0x2e, 0x30, 0x35, 0x2c, 0x30, 0x2c, 0x30, 0x61, 0x2e, 0x30, 0x38, 0x2e, 0x30, 0x38,
    0x2c, 0x30, 0x2c, 0x30, 0x2c, 0x30, 0x2c, 0x30, 0x2c, 0x30, 0x6c, 0x30, 0x2d, 0x2e, 0x30, 0x35,
    0x2c, 0x30, 0x2c, 0x30, 0x2d, 0x2e, 0x30, 0x35, 0x2c, 0x30, 0x2c, 0x30, 0x2c, 0x30, 0x2c, 0x30,
    0x2c, 0x30, 0x2c, 0x30, 0x2c, 0x30, 0x2c, 0x30, 0x2c, 0x30, 0x2c, 0x30, 0x2c, 0x30, 0x2c, 0x30,
    0x2c, 0x30, 0x2c, 0x30, 0x2c, 0x30, 0x73, 0x30, 0x2c, 0x30, 0x2c, 0x30, 0x2c, 0x30, 0x61, 0x36,
    0x2e, 0x38, 0x37, 0x2c, 0x36, 0x2e, 0x38, 0x37, 0x2c, 0x30, 0x2c, 0x30, 0x2c, 0x30, 0x2d, 0x31,
    0x2e, 0x37, 0x35, 0x2d, 0x31, 0x2e, 0x32, 0x38, 0x41, 0x37, 0x2e, 0x31, 0x32, 0x2c, 0x37, 0x2e,
    0x31, 0x32, 0x2c, 0x30, 0x2c, 0x30, 0x2c, 0x30, 0x2c, 0x39, 0x2c, 0x33, 0x30, 0x2e, 0x36, 0x34,
    0x61, 0x2e, 0x30, 0x38, 0x2e, 0x30, 0x38, 0x2c, 0x30, 0x2c, 0x30, 0x2c, 0x31, 0x2c, 0x30, 0x2c,
    0x30, 0x6c, 0x30, 0x2c, 0x30, 0x2c, 0x30, 0x2c, 0x30, 0x2c, 0x30, 0x2c, 0x30, 0x2c, 0x30, 0x2c,
    0x30, 0x2c, 0x30, 0x2c, 0x30, 0x2c, 0x30, 0x2c, 0x30, 0x2c, 0x30, 0x2c, 0x2e, 0x30, 0x35, 0x2c,
    0x30, 0x2c, 0x30, 0x2c, 0x2e, 0x30, 0x35, 0x2c, 0x30, 0x2c, 0x30, 0x2c, 0x30, 0x73, 0x30, 0x2c,
    0x30, 0x2c, 0x30, 0x2c, 0x30, 0x6c, 0x30, 0x2c, 0x30, 0x2c, 0x30, 0x2c, 0x30, 0x73, 0x30, 0x2c,
    0x30, 0x2c, 0x30, 0x2c, 0x30, 0x61, 0x2e, 0x30, 0x38, 0x2e, 0x30, 0x38, 0x2c, 0x30, 0x2c, 0x30,
    0x2c, 0x31, 0x2c, 0x30, 0x2c, 0x30, 0x6c, 0x30, 0x2c, 0x30, 0x2c, 0x30, 0x2c, 0x30, 0x2c, 0x30,
    0x2c, 0x2e, 0x30, 0x35, 0x2c, 0x30, 0x2c, 0x30, 0x2c, 0x2e, 0x30, 0x35, 0x2c, 0x30, 0x2c, 0x30,
    0x2c, 0x30, 0x2c, 0x30, 0x2c, 0x30, 0x2c, 0x30, 0x2c, 0x30, 0x2c, 0x30, 0x2c, 0x30, 0x2c, 0x30,
    0x2c, 0x30, 0x2c, 0x30, 0x2c, 0x30, 0x2c, 0x30, 0x2c, 0x30, 0x2c, 0x30, 0x2c, 0x30, 0x61, 0x2e,
    0x30, 0x38, 0x2e, 0x30, 0x38, 0x2c, 0x30, 0x2c, 0x30, 0x2c, 0x31, 0x2c, 0x30, 0x2c, 0x30, 0x6c,
    0x30, 0x2c, 0x30, 0x2c, 0x30, 0x2c, 0x30, 0x2c, 0x2e, 0x30, 0x35, 0x2c, 0x30, 0x2c, 0x30, 0x2c,
    0x30, 0x61, 0x2e, 0x30, 0x38, 0x2e, 0x30, 0x38, 0x2c, 0x30, 0x2c, 0x30, 0x2c, 0x30, 0x2c, 0x30,
    0x2c, 0x30, 0x6c, 0x30, 0x2c, 0x30, 0x2c, 0x2e, 0x30, 0x35, 0x2c, 0x30, 0x2c, 0x30, 0x2c, 0x30,
    0x2c, 0x30, 0x2c, 0x30, 0x61, 0x2e, 0x30, 0x38, 0x2e, 0x30, 0x38, 0x2c, 0x30, 0x2c, 0x30, 0x2c,
    0x31, 0x2c, 0x30, 0x2c, 0x30, 0x6c, 0x30, 0x2c, 0x30, 0x2c, 0x30, 0x2c, 0x30, 0x2c, 0x30, 0x2c,
    0x30, 0x2c, 0x30, 0x2c, 0x30, 0x2c, 0x30, 0x2c, 0x30, 0x2c, 0x30, 0x2c, 0x30, 0x2c, 0x30, 0x2c,
    0x30, 0x2c, 0x2e, 0x30, 0x35, 0x2e, 0x30, 0x35, 0x2c, 0x30, 0x2c, 0x30, 0x2c, 0x30, 0x2c, 0x30,
    0x61, 0x37, 0x2e, 0x35, 0x35, 0x2c, 0x37, 0x2e, 0x35, 0x35, 0x2c, 0x30, 0x2c, 0x30, 0x2c, 0x30,
    0x2c, 0x31, 0x2e, 0x37, 0x35, 0x2c, 0x31, 0x2e, 0x32, 0x39, 0x41, 0x37, 0x2e, 0x31, 0x32, 0x2c,
    0x37, 0x2e, 0x31, 0x32, 0x2c, 0x30, 0x2c, 0x30, 0x2c, 0x30, 0x2c, 0x32, 0x31, 0x2c, 0x32, 0x32,
    0x2e, 0x35, 0x33, 0x5a, 0x22, 0x20, 0x73, 0x74, 0x79, 0x6c, 0x65, 0x3d, 0x22, 0x66, 0x69, 0x6c,
    0x6c, 0x3a, 0x23, 0x38, 0x62, 0x30, 0x33, 0x30, 0x34, 0x22, 0x2f, 0x3e, 0x3c, 0x70, 0x61, 0x74,
    0x68, 0x20, 0x64, 0x3d, 0x22, 0x4d, 0x31, 0x30, 0x2e, 0x37, 0x31, 0x2c, 0x33, 0x31, 0x2e, 0x38,
    0x39, 0x61, 0x37, 0x2e, 0x31, 0x32, 0x2c, 0x37, 0x2e, 0x31, 0x32, 0x2c, 0x30, 0x2c, 0x31, 0x2c,
    0x31, 0x2c, 0x39, 0x2e, 0x36, 0x31, 0x2d, 0x33, 0x2c, 0x37, 0x2e, 0x31, 0x31, 0x2c, 0x37, 0x2e,
    0x31, 0x31, 0x2c, 0x30, 0x2c, 0x30, 0x2c, 0x31, 0x2d, 0x39, 0x2e, 0x36, 0x31, 0x2c, 0x33, 0x5a,
    0x22, 0x20, 0x73, 0x74, 0x79, 0x6c, 0x65, 0x3d, 0x22, 0x66, 0x69, 0x6c, 0x6c, 0x3a, 0x23, 0x65,
    0x64, 0x31, 0x63, 0x32, 0x34, 0x22, 0x2f, 0x3e, 0x3c, 0x2f, 0x73, 0x76, 0x67, 0x3e,
};
static const size_t main_toolbar_render_svg_len = 3406;

static const unsigned char main_toolbar_paste_by_time_svg[] = {
    0x3c, 0x73, 0x76, 0x67, 0x20, 0x69, 0x64, 0x3d, 0x22, 0x4c, 0x61, 0x79, 0x65, 0x72, 0x5f, 0x31,
    0x22, 0x20, 0x64, 0x61, 0x74, 0x61, 0x2d, 0x6e, 0x61, 0x6d, 0x65, 0x3d, 0x22, 0x4c, 0x61, 0x79,
    0x65, 0x72, 0x20, 0x31, 0x22, 0x20, 0x78, 0x6d, 0x6c, 0x6e, 0x73, 0x3d, 0x22, 0x68, 0x74, 0x74,
    0x70, 0x3a, 0x2f, 0x2f, 0x77, 0x77, 0x77, 0x2e, 0x77, 0x33, 0x2e, 0x6f, 0x72, 0x67, 0x2f, 0x32,
    0x30, 0x30, 0x30, 0x2f, 0x73, 0x76, 0x67, 0x22, 0x20, 0x76, 0x69, 0x65, 0x77, 0x42, 0x6f, 0x78,
    0x3d, 0x22, 0x30, 0x20, 0x30, 0x20, 0x34, 0x36, 0x2e, 0x31, 0x34, 0x20, 0x36, 0x36, 0x22, 0x3e,
    0x3c, 0x70, 0x61, 0x74, 0x68, 0x20, 0x64, 0x3d, 0x22, 0x4d, 0x34, 0x34, 0x2e, 0x38, 0x32, 0x2c,
    0x31, 0x31, 0x6c, 0x30, 0x2c, 0x30, 0x2c, 0x30, 0x2c, 0x30, 0x2c, 0x30, 0x2c, 0x30, 0x2c, 0x30,
    0x2c, 0x30, 0x2c, 0x30, 0x2c, 0x30, 0x2c, 0x30, 0x2c, 0x30, 0x2c, 0x30, 0x2c, 0x30, 0x2c, 0x30,
    0x2c, 0x30, 0x73, 0x30, 0x2c, 0x30, 0x2c, 0x30, 0x2c, 0x30, 0x2c, 0x30, 0x2c, 0x30, 0x2c, 0x30,
    0x2c, 0x30, 0x2c, 0x30, 0x2c, 0x30, 0x2c, 0x30, 0x2c, 0x30, 0x6c, 0x30, 0x2c, 0x30, 0x2c, 0x30,
    0x2c, 0x30, 0x2c, 0x30, 0x2c, 0x30, 0x61, 0x2e, 0x30, 0x38, 0x2e, 0x30, 0x38, 0x2c, 0x30, 0x2c,
    0x30, 0x2c, 0x30, 0x2c, 0x30, 0x2c, 0x30, 0x6c, 0x30, 0x2d, 0x2e, 0x30, 0x35, 0x2c, 0x30, 0x2c,
    0x30, 0x2c, 0x30, 0x2c, 0x30, 0x2c, 0x30, 0x2c, 0x30, 0x2c, 0x30, 0x2c, 0x30, 0x2c, 0x30, 0x2c,
    0x30, 0x2c, 0x30, 0x2c, 0x30, 0x73, 0x30, 0x2c, 0x30, 0x2c, 0x30, 0x2c, 0x30, 0x2c, 0x30, 0x2c,
    0x30, 0x2c, 0x30, 0x2c, 0x30, 0x2c, 0x30, 0x2c, 0x30, 0x2c, 0x30, 0x2c, 0x30, 0x6c, 0x30, 0x2c,
    0x30, 0x2c, 0x30, 0x2c, 0x30, 0x2c, 0x30, 0x2c, 0x30, 0x61, 0x32, 0x36, 0x35, 0x33, 0x37, 0x37,
    0x31, 0x35, 0x33, 0x30, 0x32, 0x31, 0x36, 0x2e, 0x36, 0x34, 0x2c, 0x32, 0x36, 0x35, 0x33, 0x37,
    0x37, 0x31, 0x35, 0x33, 0x30, 0x32, 0x31, 0x36, 0x2e, 0x36, 0x34, 0x2c, 0x30, 0x2c, 0x30, 0x2c,
    0x30, 0x2d, 0x2e, 0x30, 0x38, 0x2d, 0x2e, 0x30, 0x38, 0x6c, 0x30, 0x2c, 0x30, 0x2c, 0x30, 0x2c,
    0x30, 0x2c, 0x30, 0x2c, 0x30, 0x73, 0x30, 0x2c, 0x30, 0x2c, 0x30, 0x2c, 0x30, 0x6c, 0x30, 0x2c,
    0x30, 0x2c, 0x30, 0x2c, 0x30, 0x2c, 0x30, 0x2c, 0x30, 0x2c, 0x30, 0x2c, 0x30, 0x2c, 0x30, 0x2c,
    0x30, 0x2c, 0x30, 0x2c, 0x30, 0x61, 0x32, 0x36, 0x35, 0x33, 0x37, 0x37, 0x31, 0x35, 0x33, 0x30,
    0x32, 0x32, 0x32, 0x2c, 0x32, 0x36, 0x35, 0x33, 0x37, 0x37, 0x31, 0x35, 0x33, 0x30, 0x32, 0x32,
    0x32, 0x2c, 0x30, 0x2c, 0x30, 0x2c, 0x31, 0x2d, 0x2e, 0x30, 0x38, 0x2d, 0x2e, 0x30, 0x38, 0x6c,
    0x30, 0x2c, 0x30, 0x2c, 0x30, 0x2c, 0x30, 0x2c, 0x30, 0x2c, 0x30, 0x73, 0x30, 0x2c, 0x30, 0x2c,
    0x30, 0x2c, 0x30, 0x6c, 0x30, 0x2c, 0x30, 0x2c, 0x30, 0x2c, 0x30, 0x2c, 0x30, 0x2c, 0x30, 0x73,
    0x30, 0x2c, 0x30, 0x2c, 0x30, 0x2c, 0x30, 0x61, 0x34, 0x2e, 0x34, 0x2c, 0x34, 0x2e, 0x34, 0x2c,
    0x30, 0x2c, 0x30, 0x2c, 0x30, 0x2d, 0x33, 0x2e, 0x31, 0x34, 0x2d, 0x31, 0x2e, 0x33, 0x32, 0x48,
    0x33, 0x33, 0x2e, 0x31, 0x76, 0x35, 0x2e, 0x35, 0x32, 0x41, 0x31, 0x2c, 0x31, 0x2c, 0x30, 0x2c,
    0x30, 0x2c, 0x31, 0x2c, 0x33, 0x32, 0x2c, 0x31, 0x34, 0x2e, 0x33, 0x35, 0x48, 0x31, 0x33, 0x56,
    0x39, 0x2e, 0x37, 0x33, 0x68, 0x30, 0x76, 0x30, 0x68, 0x30, 0x76, 0x30, 0x68, 0x30, 0x76, 0x30,
    0x68, 0x30, 0x76, 0x30, 0x68, 0x30, 0x76, 0x30, 0x68, 0x30, 0x76, 0x30, 0x68, 0x30, 0x76, 0x30,
    0x68, 0x30, 0x76, 0x30, 0x68, 0x30, 0x76, 0x30, 0x68, 0x30, 0x76, 0x30, 0x68, 0x30, 0x76, 0x30,
    0x68, 0x30, 0x76, 0x30, 0x68, 0x30, 0x76, 0x30, 0x68, 0x30, 0x76, 0x30, 0x68, 0x30, 0x76, 0x30,
    0x68, 0x30, 0x76, 0x30, 0x68, 0x30, 0x76, 0x30, 0x68, 0x30, 0x56, 0x39, 0x68, 0x30, 0x56, 0x39,
    0x68, 0x30, 0x76, 0x30, 0x68, 0x30, 0x76, 0x30, 0x68, 0x30, 0x76, 0x30, 0x68, 0x30, 0x76, 0x30,
    0x68, 0x30, 0x76, 0x30, 0x68, 0x30, 0x76, 0x30, 0x68, 0x30, 0x76, 0x30, 0x68, 0x30, 0x76, 0x30,
    0x68, 0x30, 0x76, 0x30, 0x68, 0x30, 0x76, 0x30, 0x68, 0x30, 0x76, 0x30, 0x68, 0x30, 0x76, 0x30,
    0x68, 0x30, 0x76, 0x30, 0x68, 0x30, 0x76, 0x30, 0x68, 0x30, 0x76, 0x30, 0x68, 0x30, 0x76, 0x30,
    0x68, 0x30, 0x76, 0x30, 0x68, 0x30, 0x76, 0x30, 0x68, 0x30, 0x76, 0x30, 0x68, 0x30, 0x76, 0x30,
    0x68, 0x30, 0x76, 0x30, 0x68, 0x30, 0x76, 0x30, 0x68, 0x30, 0x76, 0x30, 0x68, 0x30, 0x56, 0x38,
    0x68, 0x30, 0x56, 0x38, 0x68, 0x30, 0x56, 0x38, 0x68, 0x30, 0x76, 0x30, 0x68, 0x30, 0x76, 0x30,
    0x68, 0x30, 0x76, 0x30, 0x68, 0x30, 0x76, 0x30, 0x68, 0x30, 0x76, 0x30, 0x68, 0x30, 0x76, 0x30,
    0x48, 0x34, 0x2e, 0x34, 0x31, 0x41, 0x34, 0x2e, 0x34, 0x33, 0x2c, 0x34, 0x2e, 0x34, 0x33, 0x2c,
    0x30, 0x2c, 0x30, 0x2c, 0x30, 0x2c, 0x30, 0x2c, 0x31, 0x32, 0x2e, 0x31, 0x34, 0x56, 0x35, 0x39,
    0x2e, 0x35, 0x39, 0x61, 0x34, 0x2e, 0x34, 0x2c, 0x34, 0x2e, 0x34, 0x2c, 0x30, 0x2c, 0x30, 0x2c,
    0x30, 0x2c, 0x31, 0x2e, 0x33, 0x32, 0x2c, 0x33, 0x2e, 0x31, 0x33, 0x73, 0x30, 0x2c, 0x30, 0x2c,
    0x30, 0x2c, 0x30, 0x6c, 0x30, 0x2c, 0x30, 0x2c, 0x30, 0x2c, 0x30, 0x2c, 0x30, 0x2c, 0x30, 0x2c,
    0x30, 0x2c, 0x30, 0x2c, 0x30, 0x2c, 0x30, 0x2c, 0x30, 0x2c, 0x30, 0x2c, 0x30, 0x2c, 0x30, 0x2c,
    0x30, 0x2c, 0x30, 0x2c, 0x30, 0x2c, 0x30, 0x73, 0x30, 0x2c, 0x30, 0x2c, 0x30, 0x2c, 0x30, 0x2c,
    0x30, 0x2c, 0x30, 0x2c, 0x30, 0x2c, 0x30, 0x61, 0x2e, 0x30, 0x38, 0x2e, 0x30, 0x38, 0x2c, 0x30,
    0x2c, 0x30, 0x2c, 0x30, 0x2c, 0x30, 0x2c, 0x30, 0x6c, 0x30, 0x2c, 0x30, 0x2c, 0x30, 0x2c, 0x30,
    0x2c, 0x30, 0x2c, 0x30, 0x2c, 0x30, 0x2c, 0x30, 0x2c, 0x30, 0x2c, 0x30, 0x2c, 0x30, 0x2c, 0x30,
    0x2c, 0x30, 0x2c, 0x30, 0x2c, 0x30, 0x2c, 0x30, 0x2c, 0x30, 0x2c, 0x30, 0x73, 0x30, 0x2c, 0x30,
    0x2c, 0x30, 0x2c, 0x30, 0x6c, 0x30, 0x2c, 0x30, 0x2c, 0x30, 0x2c, 0x30, 0x2c, 0x30, 0x2c, 0x30,
    0x2c, 0x30, 0x2c, 0x30, 0x2c, 0x30, 0x2c, 0x30, 0x2c, 0x30, 0x2c, 0x30, 0x2c, 0x30, 0x2c, 0x30,
    0x2c, 0x30, 0x2c, 0x30, 0x2c, 0x30, 0x2c, 0x30, 0x2c, 0x30, 0x2c, 0x30, 0x2c, 0x30, 0x2c, 0x30,
    0x2c, 0x30, 0x2c, 0x30, 0x2c, 0x30, 0x2c, 0x30, 0x2c, 0x30, 0x2c, 0x30, 0x2c, 0x30, 0x2c, 0x30,
    0x73, 0x30, 0x2c, 0x30, 0x2c, 0x30, 0x2c, 0x30, 0x6c, 0x30, 0x2c, 0x30, 0x2c, 0x30, 0x2c, 0x30,
    0x2c, 0x30, 0x2c, 0x30, 0x2c, 0x30, 0x2c, 0x30, 0x2c, 0x30, 0x2c, 0x30, 0x2c, 0x30, 0x2c, 0x30,
    0x2c, 0x30, 0x2c, 0x30, 0x2c, 0x30, 0x2c, 0x30, 0x2c, 0x30, 0x2c, 0x30, 0x2c, 0x30, 0x2c, 0x30,
    0x2c, 0x30, 0x2c, 0x30, 0x41, 0x34, 0x2e, 0x33, 0x36, 0x2c, 0x34, 0x2e, 0x33, 0x36, 0x2c, 0x30,
    0x2c, 0x30, 0x2c, 0x30, 0x2c, 0x36, 0x2e, 0x34, 0x32, 0x2c, 0x36, 0x36, 0x48, 0x34, 0x31, 0x2e,
    0x37, 0x33, 0x61, 0x34, 0x2e, 0x34, 0x32, 0x2c, 0x34, 0x2e, 0x34, 0x32, 0x2c, 0x30, 0x2c, 0x30,
    0x2c, 0x30, 0x2c, 0x34, 0x2e, 0x34, 0x31, 0x2d, 0x34, 0x2e, 0x34, 0x31, 0x56, 0x31, 0x34, 0x2e,
    0x31, 0x34, 0x41, 0x34, 0x2e, 0x34, 0x34, 0x2c, 0x34, 0x2e, 0x34, 0x34, 0x2c, 0x30, 0x2c, 0x30,
    0x2c, 0x30, 0x2c, 0x34, 0x34, 0x2e, 0x38, 0x32, 0x2c, 0x31, 0x31, 0x5a, 0x22, 0x20, 0x73, 0x74,
    0x79, 0x6c, 0x65, 0x3d, 0x22, 0x66, 0x69, 0x6c, 0x6c, 0x3a, 0x23, 0x35, 0x38, 0x35, 0x39, 0x35,
    0x62, 0x22, 0x2f, 0x3e, 0x3c, 0x70, 0x61, 0x74, 0x68, 0x20, 0x64, 0x3d, 0x22, 0x4d, 0x33, 0x33,
    0x2e, 0x31, 0x2c, 0x37, 0x2e, 0x37, 0x32, 0x76, 0x35, 0x2e, 0x35, 0x32, 0x41, 0x31, 0x2c, 0x31,
    0x2c, 0x30, 0x2c, 0x30, 0x2c, 0x31, 0x2c, 0x33, 0x32, 0x2c, 0x31, 0x34, 0x2e, 0x33, 0x35, 0x48,
    0x31, 0x32, 0x2e, 0x31, 0x34, 0x41, 0x31, 0x2e, 0x31, 0x31, 0x2c, 0x31, 0x2e, 0x31, 0x31, 0x2c,
    0x30, 0x2c, 0x30, 0x2c, 0x31, 0x2c, 0x31, 0x31, 0x2c, 0x31, 0x33, 0x2e, 0x32, 0x34, 0x56, 0x37,
    0x2e, 0x37, 0x32, 0x48, 0x34, 0x2e, 0x34, 0x31, 0x41, 0x34, 0x2e, 0x34, 0x33, 0x2c, 0x34, 0x2e,
    0x34, 0x33, 0x2c, 0x30, 0x2c, 0x30, 0x2c, 0x30, 0x2c, 0x30, 0x2c, 0x31, 0x32, 0x2e, 0x31, 0x34,
    0x56, 0x35, 0x39, 0x2e, 0x35, 0x39, 0x41, 0x34, 0x2e, 0x34, 0x33, 0x2c, 0x34, 0x2e, 0x34, 0x33,
    0x2c, 0x30, 0x2c, 0x30, 0x2c, 0x30, 0x2c, 0x34, 0x2e, 0x34, 0x31, 0x2c, 0x36, 0x34, 0x48, 0x33,
    0x39, 0x2e, 0x37, 0x32, 0x61, 0x34, 0x2e, 0x34, 0x33, 0x2c, 0x34, 0x2e, 0x34, 0x33, 0x2c, 0x30,
    0x2c, 0x30, 0x2c, 0x30, 0x2c, 0x34, 0x2e, 0x34, 0x32, 0x2d, 0x34, 0x2e, 0x34, 0x31, 0x56, 0x31,
    0x32, 0x2e, 0x31, 0x34, 0x61, 0x34, 0x2e, 0x34, 0x33, 0x2c, 0x34, 0x2e, 0x34, 0x33, 0x2c, 0x30,
    0x2c, 0x30, 0x2c, 0x30, 0x2d, 0x34, 0x2e, 0x34, 0x32, 0x2d, 0x34, 0x2e, 0x34, 0x32, 0x5a, 0x22,
    0x20, 0x73, 0x74, 0x79, 0x6c, 0x65, 0x3d, 0x22, 0x66, 0x69, 0x6c, 0x6c, 0x3a, 0x23, 0x64, 0x34,
    0x64, 0x31, 0x62, 0x62, 0x22, 0x2f, 0x3e, 0x3c, 0x70, 0x61, 0x74, 0x68, 0x20, 0x64, 0x3d, 0x22,
    0x4d, 0x32, 0x37, 0x2e, 0x35, 0x39, 0x2c, 0x34, 0x2e, 0x34, 0x31, 0x56, 0x32, 0x2e, 0x32, 0x31,
    0x41, 0x32, 0x2e, 0x32, 0x32, 0x2c, 0x32, 0x2e, 0x32, 0x32, 0x2c, 0x30, 0x2c, 0x30, 0x2c, 0x30,
    0x2c, 0x32, 0x35, 0x2e, 0x33, 0x38, 0x2c, 0x30, 0x48, 0x31, 0x38, 0x2e, 0x37, 0x36, 0x61, 0x32,
    0x2e, 0x32, 0x32, 0x2c, 0x32, 0x2e, 0x32, 0x32, 0x2c, 0x30, 0x2c, 0x30, 0x2c, 0x30, 0x2d, 0x32,
    0x2e, 0x32, 0x31, 0x2c, 0x32, 0x2e, 0x32, 0x31, 0x76, 0x32, 0x2e, 0x32, 0x48, 0x31, 0x32, 0x2e,
    0x31, 0x34, 0x41, 0x31, 0x2c, 0x31, 0x2c, 0x30, 0x2c, 0x30, 0x2c, 0x30, 0x2c, 0x31, 0x31, 0x2c,
    0x35, 0x2e, 0x35, 0x32, 0x76, 0x37, 0x2e, 0x37, 0x32, 0x61, 0x31, 0x2c, 0x31, 0x2c, 0x30, 0x2c,
    0x30, 0x2c, 0x30, 0x2c, 0x31, 0x2e, 0x31, 0x2c, 0x31, 0x2e, 0x31, 0x31, 0x48, 0x33, 0x32, 0x61,
    0x31, 0x2c, 0x31, 0x2c, 0x30, 0x2c, 0x30, 0x2c, 0x30, 0x2c, 0x31, 0x2e, 0x31, 0x2d, 0x31, 0x2e,
    0x31, 0x31, 0x56, 0x35, 0x2e, 0x35, 0x32, 0x41, 0x31, 0x2c, 0x31, 0x2c, 0x30, 0x2c, 0x30, 0x2c,
    0x30, 0x2c, 0x33, 0x32, 0x2c, 0x34, 0x2e, 0x34, 0x31, 0x5a, 0x22, 0x20, 0x73, 0x74, 0x79, 0x6c,
    0x65, 0x3d, 0x22, 0x66, 0x69, 0x6c, 0x6c, 0x3a, 0x23, 0x35, 0x34, 0x36, 0x30, 0x38, 0x30, 0x22,
    0x2f, 0x3e, 0x3c, 0x70, 0x61, 0x74, 0x68, 0x20, 0x64, 0x3d, 0x22, 0x4d, 0x34, 0x30, 0x2e, 0x38,
    0x35, 0x2c, 0x33, 0x37, 0x2e, 0x34, 0x31, 0x41, 0x31, 0x38, 0x2e, 0x37, 0x38, 0x2c, 0x31, 0x38,
    0x2e, 0x37, 0x38, 0x2c, 0x30, 0x2c, 0x31, 0x2c, 0x30, 0x2c, 0x32, 0x32, 0x2e, 0x30, 0x37, 0x2c,
    0x35, 0x36, 0x2e, 0x31, 0x38, 0x2c, 0x31, 0x38, 0x2e, 0x38, 0x34, 0x2c, 0x31, 0x38, 0x2e, 0x38,
    0x34, 0x2c, 0x30, 0x2c, 0x30, 0x2c, 0x30, 0x2c, 0x34, 0x30, 0x2e, 0x38, 0x35, 0x2c, 0x33, 0x37,
    0x2e, 0x34, 0x31, 0x22, 0x20, 0x73, 0x74, 0x79, 0x6c, 0x65, 0x3d, 0x22, 0x66, 0x69, 0x6c, 0x6c,
    0x3a, 0x23, 0x35, 0x35, 0x36, 0x30, 0x38, 0x30, 0x22, 0x2f, 0x3e, 0x3c, 0x70, 0x61, 0x74, 0x68,
    0x20, 0x64, 0x3d, 0x22, 0x4d, 0x32, 0x39, 0x2e, 0x38, 0x39, 0x2c, 0x33, 0x35, 0x2e, 0x38, 0x34,
    0x48, 0x32, 0x33, 0x2e, 0x36, 0x33, 0x76, 0x2d, 0x39, 0x2e, 0x34, 0x61, 0x31, 0x2e, 0x35, 0x37,
    0x2c, 0x31, 0x2e, 0x35, 0x37, 0x2c, 0x30, 0x2c, 0x30, 0x2c, 0x30, 0x2d, 0x33, 0x2e, 0x31, 0x33,
    0x2c, 0x30, 0x76, 0x31, 0x31, 0x41, 0x31, 0x2e, 0x34, 0x38, 0x2c, 0x31, 0x2e, 0x34, 0x38, 0x2c,
    0x30, 0x2c, 0x30, 0x2c, 0x30, 0x2c, 0x32, 0x32, 0x2e, 0x30, 0x37, 0x2c, 0x33, 0x39, 0x68, 0x37,
    0x2e, 0x38, 0x32, 0x61, 0x31, 0x2e, 0x35, 0x37, 0x2c, 0x31, 0x2e, 0x35, 0x37, 0x2c, 0x30, 0x2c,
    0x31, 0x2c, 0x30, 0x2c, 0x30, 0x2d, 0x33, 0x2e, 0x31, 0x33, 0x22, 0x20, 0x73, 0x74, 0x79, 0x6c,
    0x65, 0x3d, 0x22, 0x66, 0x69, 0x6c, 0x6c, 0x3a, 0x23, 0x66, 0x66, 0x66, 0x22, 0x2f, 0x3e, 0x3c,
    0x2f, 0x73, 0x76, 0x67, 0x3e,
};
static const size_t main_toolbar_paste_by_time_svg_len = 1781;

static const unsigned char main_toolbar_paste_by_cell_svg[] = {
    0x3c, 0x73, 0x76, 0x67, 0x20, 0x69, 0x64, 0x3d, 0x22, 0x4c, 0x61, 0x79, 0x65, 0x72, 0x5f, 0x31,
    0x22, 0x20, 0x64, 0x61, 0x74, 0x61, 0x2d, 0x6e, 0x61, 0x6d, 0x65, 0x3d, 0x22, 0x4c, 0x61, 0x79,
    0x65, 0x72, 0x20, 0x31, 0x22, 0x20, 0x78, 0x6d, 0x6c, 0x6e, 0x73, 0x3d, 0x22, 0x68, 0x74, 0x74,
    0x70, 0x3a, 0x2f, 0x2f, 0x77, 0x77, 0x77, 0x2e, 0x77, 0x33, 0x2e, 0x6f, 0x72, 0x67, 0x2f, 0x32,
    0x30, 0x30, 0x30, 0x2f, 0x73, 0x76, 0x67, 0x22, 0x20, 0x76, 0x69, 0x65, 0x77, 0x42, 0x6f, 0x78,
    0x3d, 0x22, 0x30, 0x20, 0x30, 0x20, 0x34, 0x36, 0x2e, 0x31, 0x34, 0x20, 0x36, 0x36, 0x22, 0x3e,
    0x3c, 0x70, 0x61, 0x74, 0x68, 0x20, 0x64, 0x3d, 0x22, 0x4d, 0x34, 0x34, 0x2e, 0x38, 0x32, 0x2c,
    0x31, 0x31, 0x6c, 0x30, 0x2c, 0x30, 0x2c, 0x30, 0x2c, 0x30, 0x2c, 0x30, 0x2c, 0x30, 0x73, 0x30,
    0x2c, 0x30, 0x2c, 0x30, 0x2c, 0x30, 0x6c, 0x30, 0x2c, 0x30, 0x2d, 0x2e, 0x30, 0x35, 0x2c, 0x30,
    0x2c, 0x30, 0x2c, 0x30, 0x2c, 0x30, 0x2c, 0x30, 0x2c, 0x30, 0x2c, 0x30, 0x2c, 0x30, 0x2c, 0x30,
    0x73, 0x30, 0x2c, 0x30, 0x2c, 0x30, 0x2c, 0x30, 0x6c, 0x30, 0x2c, 0x30, 0x2c, 0x30, 0x2c, 0x30,
    0x2c, 0x30, 0x2c, 0x30, 0x2c, 0x30, 0x2c, 0x30, 0x2d, 0x2e, 0x30, 0x35, 0x2c, 0x30, 0x2c, 0x30,
    0x2d, 0x2e, 0x30, 0x35, 0x2c, 0x30, 0x2c, 0x30, 0x2c, 0x30, 0x2c, 0x30, 0x2c, 0x30, 0x2c, 0x30,
    0x2c, 0x30, 0x2c, 0x30, 0x2c, 0x30, 0x2c, 0x30, 0x2c, 0x30, 0x2c, 0x30, 0x2c, 0x30, 0x2c, 0x30,
    0x73, 0x30, 0x2c, 0x30, 0x2c, 0x30, 0x2c, 0x30, 0x6c, 0x30, 0x2c, 0x30, 0x2c, 0x30, 0x2d, 0x2e,
    0x30, 0x35, 0x2c, 0x30, 0x2c, 0x30, 0x61, 0x2e, 0x30, 0x38, 0x2e, 0x30, 0x38, 0x2c, 0x30, 0x2c,
    0x30, 0x2c, 0x30, 0x2c, 0x30, 0x2c, 0x30, 0x6c, 0x30, 0x2c, 0x30, 0x2c, 0x30, 0x2c, 0x30, 0x2c,
    0x30, 0x2c, 0x30, 0x2c, 0x30, 0x2c, 0x30, 0x73, 0x30, 0x2c, 0x30, 0x2c, 0x30, 0x2c, 0x30, 0x2c,
    0x30, 0x2c, 0x30, 0x2c, 0x30, 0x2c, 0x30, 0x6c, 0x30, 0x2c, 0x30, 0x2c, 0x30, 0x2c, 0x30, 0x2c,
    0x30, 0x2c, 0x30, 0x73, 0x30, 0x2c, 0x30, 0x2c, 0x30, 0x2c, 0x30, 0x6c, 0x30, 0x2c, 0x30, 0x2c,
    0x30, 0x2c, 0x30, 0x61, 0x2e, 0x30, 0x38, 0x2e, 0x30, 0x38, 0x2c, 0x30, 0x2c, 0x30, 0x2c, 0x30,
    0x2c, 0x30, 0x2c, 0x30, 0x6c, 0x30, 0x2c, 0x30, 0x2c, 0x30, 0x2c, 0x30, 0x2c, 0x30, 0x2c, 0x30,
    0x73, 0x30, 0x2c, 0x30, 0x2c, 0x30, 0x2c, 0x30, 0x6c, 0x30, 0x2c, 0x30, 0x2c, 0x30, 0x2c, 0x30,
    0x2c, 0x30, 0x2c, 0x30, 0x73, 0x30, 0x2c, 0x30, 0x2c, 0x30, 0x2c, 0x30, 0x61, 0x34, 0x2e, 0x34,
    0x2c, 0x34, 0x2e, 0x34, 0x2c, 0x30, 0x2c, 0x30, 0x2c, 0x30, 0x2d, 0x33, 0x2e, 0x31, 0x34, 0x2d,
    0x31, 0x2e, 0x33, 0x32, 0x48, 0x33, 0x33, 0x2e, 0x31, 0x76, 0x35, 0x2e, 0x35, 0x32, 0x41, 0x31,
    0x2c, 0x31, 0x2c, 0x30, 0x2c, 0x30, 0x2c, 0x31, 0x2c, 0x33, 0x32, 0x2c, 0x31, 0x34, 0x2e, 0x33,
    0x35, 0x48, 0x31, 0x33, 0x56, 0x39, 0x2e, 0x37, 0x33, 0x68, 0x30, 0x76, 0x30, 0x68, 0x30, 0x76,
    0x30, 0x68, 0x30, 0x76, 0x30, 0x68, 0x30, 0x76, 0x30, 0x68, 0x30, 0x76, 0x30, 0x68, 0x30, 0x76,
    0x30, 0x68, 0x30, 0x76, 0x30, 0x68, 0x30, 0x76, 0x30, 0x68, 0x30, 0x76, 0x30, 0x68, 0x30, 0x76,
    0x30, 0x68, 0x30, 0x76, 0x30, 0x68, 0x30, 0x76, 0x30, 0x68, 0x30, 0x76, 0x30, 0x68, 0x30, 0x76,
    0x30, 0x68, 0x30, 0x76, 0x30, 0x68, 0x30, 0x76, 0x30, 0x68, 0x30, 0x76, 0x30, 0x68, 0x30, 0x56,
    0x39, 0x68, 0x30, 0x56, 0x39, 0x68, 0x30, 0x76, 0x30, 0x68, 0x30, 0x76, 0x30, 0x68, 0x30, 0x76,
    0x30, 0x68, 0x30, 0x76, 0x30, 0x68, 0x30, 0x76, 0x30, 0x68, 0x30, 0x76, 0x30, 0x68, 0x30, 0x76,
    0x30, 0x68, 0x30, 0x76, 0x30, 0x68, 0x30, 0x76, 0x30, 0x68, 0x30, 0x76, 0x30, 0x68, 0x30, 0x76,
    0x30, 0x68, 0x30, 0x76, 0x30, 0x68, 0x30, 0x76, 0x30, 0x68, 0x30, 0x76, 0x30, 0x68, 0x30, 0x76,
    0x30, 0x68, 0x30, 0x76, 0x30, 0x68, 0x30, 0x76, 0x30, 0x68, 0x30, 0x76, 0x30, 0x68, 0x30, 0x76,
    0x30, 0x68, 0x30, 0x76, 0x30, 0x68, 0x30, 0x76, 0x30, 0x68, 0x30, 0x76, 0x30, 0x68, 0x30, 0x76,
    0x30, 0x68, 0x30, 0x56, 0x38, 0x68, 0x30, 0x56, 0x38, 0x68, 0x30, 0x56, 0x38, 0x68, 0x30, 0x76,
    0x30, 0x68, 0x30, 0x76, 0x30, 0x68, 0x30, 0x76, 0x30, 0x68, 0x30, 0x76, 0x30, 0x68, 0x30, 0x76,
    0x30, 0x68, 0x30, 0x76, 0x30, 0x48, 0x34, 0x2e, 0x34, 0x31, 0x41, 0x34, 0x2e, 0x34, 0x33, 0x2c,
    0x34, 0x2e, 0x34, 0x33, 0x2c, 0x30, 0x2c, 0x30, 0x2c, 0x30, 0x2c, 0x30, 0x2c, 0x31, 0x32, 0x2e,
    0x31, 0x34, 0x56, 0x35, 0x39, 0x2e, 0x35, 0x39, 0x61, 0x34, 0x2e, 0x34, 0x2c, 0x34, 0x2e, 0x34,
    0x2c, 0x30, 0x2c, 0x30, 0x2c, 0x30, 0x2c, 0x31, 0x2e, 0x33, 0x32, 0x2c, 0x33, 0x2e, 0x31, 0x33,
    0x73, 0x30, 0x2c, 0x30, 0x2c, 0x30, 0x2c, 0x30, 0x2c, 0x30, 0x2c, 0x30, 0x2c, 0x30, 0x2c, 0x30,
    0x6c, 0x30, 0x2c, 0x30, 0x2c, 0x30, 0x2c, 0x30, 0x2c, 0x30, 0x2c, 0x30, 0x61, 0x2e, 0x30, 0x38,
    0x2e, 0x30, 0x38, 0x2c, 0x30, 0x2c, 0x30, 0x2c, 0x31, 0x2c, 0x30, 0x2c, 0x30, 0x6c, 0x30, 0x2c,
    0x30, 0x61, 0x2e, 0x30, 0x38, 0x2e, 0x30, 0x38, 0x2c, 0x30, 0x2c, 0x30, 0x2c, 0x31, 0x2c, 0x30,
    0x2c, 0x30, 0x6c, 0x30, 0x2c, 0x30, 0x2c, 0x30, 0x2c, 0x30, 0x2c, 0x30, 0x2c, 0x30, 0x2c, 0x30,
    0x2c, 0x30, 0x73, 0x30, 0x2c, 0x30, 0x2c, 0x30, 0x2c, 0x30, 0x61, 0x2e, 0x30, 0x38, 0x2e, 0x30,
    0x38, 0x2c, 0x30, 0x2c, 0x30, 0x2c, 0x30, 0x2c, 0x30, 0x2c, 0x30, 0x6c, 0x30, 0x2c, 0x30, 0x73,
    0x30, 0x2c, 0x30, 0x2c, 0x30, 0x2c, 0x30, 0x6c, 0x30, 0x2c, 0x30, 0x2c, 0x30, 0x2c, 0x30, 0x2c,
    0x30, 0x2c, 0x30, 0x2c, 0x30, 0x2c, 0x30, 0x2c, 0x30, 0x2c, 0x30, 0x2c, 0x30, 0x2c, 0x2e, 0x30,
    0x35, 0x2c, 0x30, 0x2c, 0x30, 0x73, 0x30, 0x2c, 0x30, 0x2c, 0x30, 0x2c, 0x30, 0x6c, 0x30, 0x2c,
    0x30, 0x2c, 0x30, 0x2c, 0x30, 0x2c, 0x30, 0x2c, 0x30, 0x2c, 0x30, 0x2c, 0x30, 0x2c, 0x30, 0x2c,
    0x30, 0x2c, 0x30, 0x2c, 0x30, 0x2c, 0x30, 0x2c, 0x30, 0x2c, 0x2e, 0x30, 0x35, 0x2c, 0x30, 0x2c,
    0x30, 0x2c, 0x30, 0x2c, 0x30, 0x2c, 0x30, 0x2c, 0x30, 0x2c, 0x30, 0x2c, 0x30, 0x2c, 0x30, 0x73,
    0x30, 0x2c, 0x30, 0x2c, 0x30, 0x2c, 0x30, 0x2c, 0x30, 0x2c, 0x30, 0x2c, 0x30, 0x2c, 0x30, 0x2c,
    0x30, 0x2c, 0x30, 0x2c, 0x30, 0x2c, 0x30, 0x6c, 0x30, 0x2c, 0x30, 0x2c, 0x30, 0x2c, 0x30, 0x2c,
    0x30, 0x2c, 0x30, 0x73, 0x30, 0x2c, 0x30, 0x2c, 0x30, 0x2c, 0x30, 0x6c, 0x30, 0x2c, 0x30, 0x2c,
    0x30, 0x2c, 0x30, 0x2c, 0x30, 0x2c, 0x30, 0x2c, 0x30, 0x2c, 0x30, 0x61, 0x2e, 0x30, 0x38, 0x2e,
    0x30, 0x38, 0x2c, 0x30, 0x2c, 0x30, 0x2c, 0x31, 0x2c, 0x30, 0x2c, 0x30, 0x6c, 0x30, 0x2c, 0x30,
    0x2c, 0x30, 0x2c, 0x30, 0x41, 0x34, 0x2e, 0x33, 0x36, 0x2c, 0x34, 0x2e, 0x33, 0x36, 0x2c, 0x30,
    0x2c, 0x30, 0x2c, 0x30, 0x2c, 0x36, 0x2e, 0x34, 0x32, 0x2c, 0x36, 0x36, 0x48, 0x34, 0x31, 0x2e,
    0x37, 0x33, 0x61, 0x34, 0x2e, 0x34, 0x32, 0x2c, 0x34, 0x2e, 0x34, 0x32, 0x2c, 0x30, 0x2c, 0x30,
    0x2c, 0x30, 0x2c, 0x34, 0x2e, 0x34, 0x31, 0x2d, 0x34, 0x2e, 0x34, 0x31, 0x56, 0x31, 0x34, 0x2e,
    0x31, 0x34, 0x41, 0x34, 0x2e, 0x34, 0x34, 0x2c, 0x34, 0x2e, 0x34, 0x34, 0x2c, 0x30, 0x2c, 0x30,
    0x2c, 0x30, 0x2c, 0x34, 0x34, 0x2e, 0x38, 0x32, 0x2c, 0x31, 0x31, 0x5a, 0x22, 0x20, 0x73, 0x74,
    0x79, 0x6c, 0x65, 0x3d, 0x22, 0x66, 0x69, 0x6c, 0x6c, 0x3a, 0x23, 0x35, 0x38, 0x35, 0x39, 0x35,
    0x62, 0x22, 0x2f, 0x3e, 0x3c, 0x70, 0x61, 0x74, 0x68, 0x20, 0x64, 0x3d, 0x22, 0x4d, 0x33, 0x33,
    0x2e, 0x31, 0x2c, 0x37, 0x2e, 0x37, 0x32, 0x76, 0x35, 0x2e, 0x35, 0x32, 0x41, 0x31, 0x2c, 0x31,
    0x2c, 0x30, 0x2c, 0x30, 0x2c, 0x31, 0x2c, 0x33, 0x32, 0x2c, 0x31, 0x34, 0x2e, 0x33, 0x35, 0x48,
    0x31, 0x32, 0x2e, 0x31, 0x34, 0x41, 0x31, 0x2e, 0x31, 0x31, 0x2c, 0x31, 0x2e, 0x31, 0x31, 0x2c,
    0x30, 0x2c, 0x30, 0x2c, 0x31, 0x2c, 0x31, 0x31, 0x2c, 0x31, 0x33, 0x2e, 0x32, 0x34, 0x56, 0x37,
    0x2e, 0x37, 0x32, 0x48, 0x34, 0x2e, 0x34, 0x31, 0x41, 0x34, 0x2e, 0x34, 0x33, 0x2c, 0x34, 0x2e,
    0x34, 0x33, 0x2c, 0x30, 0x2c, 0x30, 0x2c, 0x30, 0x2c, 0x30, 0x2c, 0x31, 0x32, 0x2e, 0x31, 0x34,
    0x56, 0x35, 0x39, 0x2e, 0x35, 0x39, 0x41, 0x34, 0x2e, 0x34, 0x33, 0x2c, 0x34, 0x2e, 0x34, 0x33,
    0x2c, 0x30, 0x2c, 0x30, 0x2c, 0x30, 0x2c, 0x34, 0x2e, 0x34, 0x31, 0x2c, 0x36, 0x34, 0x48, 0x33,
    0x39, 0x2e, 0x37, 0x32, 0x61, 0x34, 0x2e, 0x34, 0x33, 0x2c, 0x34, 0x2e, 0x34, 0x33, 0x2c, 0x30,
    0x2c, 0x30, 0x2c, 0x30, 0x2c, 0x34, 0x2e, 0x34, 0x32, 0x2d, 0x34, 0x2e, 0x34, 0x31, 0x56, 0x31,
    0x32, 0x2e, 0x31, 0x34, 0x61, 0x34, 0x2e, 0x34, 0x33, 0x2c, 0x34, 0x2e, 0x34, 0x33, 0x2c, 0x30,
    0x2c, 0x30, 0x2c, 0x30, 0x2d, 0x34, 0x2e, 0x34, 0x32, 0x2d, 0x34, 0x2e, 0x34, 0x32, 0x5a, 0x22,
    0x20, 0x73, 0x74, 0x79, 0x6c, 0x65, 0x3d, 0x22, 0x66, 0x69, 0x6c, 0x6c, 0x3a, 0x23, 0x64, 0x34,
    0x64, 0x31, 0x62, 0x62, 0x22, 0x2f, 0x3e, 0x3c, 0x70, 0x61, 0x74, 0x68, 0x20, 0x64, 0x3d, 0x22,
    0x4d, 0x32, 0x37, 0x2e, 0x35, 0x39, 0x2c, 0x34, 0x2e, 0x34, 0x31, 0x56, 0x32, 0x2e, 0x32, 0x31,
    0x41, 0x32, 0x2e, 0x32, 0x32, 0x2c, 0x32, 0x2e, 0x32, 0x32, 0x2c, 0x30, 0x2c, 0x30, 0x2c, 0x30,
    0x2c, 0x32, 0x35, 0x2e, 0x33, 0x38, 0x2c, 0x30, 0x48, 0x31, 0x38, 0x2e, 0x37, 0x36, 0x61, 0x32,
    0x2e, 0x32, 0x32, 0x2c, 0x32, 0x2e, 0x32, 0x32, 0x2c, 0x30, 0x2c, 0x30, 0x2c, 0x30, 0x2d, 0x32,
    0x2e, 0x32, 0x31, 0x2c, 0x32, 0x2e, 0x32, 0x31, 0x76, 0x32, 0x2e, 0x32, 0x48, 0x31, 0x32, 0x2e,
    0x31, 0x34, 0x41, 0x31, 0x2c, 0x31, 0x2c, 0x30, 0x2c, 0x30, 0x2c, 0x30, 0x2c, 0x31, 0x31, 0x2c,
    0x35, 0x2e, 0x35, 0x32, 0x76, 0x37, 0x2e, 0x37, 0x32, 0x61, 0x31, 0x2c, 0x31, 0x2c, 0x30, 0x2c,
    0x30, 0x2c, 0x30, 0x2c, 0x31, 0x2e, 0x31, 0x2c, 0x31, 0x2e, 0x31, 0x31, 0x48, 0x33, 0x32, 0x61,
    0x31, 0x2c, 0x31, 0x2c, 0x30, 0x2c, 0x30, 0x2c, 0x30, 0x2c, 0x31, 0x2e, 0x31, 0x2d, 0x31, 0x2e,
    0x31, 0x31, 0x56, 0x35, 0x2e, 0x35, 0x32, 0x41, 0x31, 0x2c, 0x31, 0x2c, 0x30, 0x2c, 0x30, 0x2c,
    0x30, 0x2c, 0x33, 0x32, 0x2c, 0x34, 0x2e, 0x34, 0x31, 0x5a, 0x22, 0x20, 0x73, 0x74, 0x79, 0x6c,
    0x65, 0x3d, 0x22, 0x66, 0x69, 0x6c, 0x6c, 0x3a, 0x23, 0x35, 0x34, 0x36, 0x30, 0x38, 0x30, 0x22,
    0x2f, 0x3e, 0x3c, 0x70, 0x61, 0x74, 0x68, 0x20, 0x64, 0x3d, 0x22, 0x4d, 0x34, 0x32, 0x2e, 0x31,
    0x38, 0x2c, 0x32, 0x31, 0x61, 0x32, 0x2e, 0x35, 0x34, 0x2c, 0x32, 0x2e, 0x35, 0x34, 0x2c, 0x30,
    0x2c, 0x30, 0x2c, 0x30, 0x2d, 0x32, 0x2e, 0x34, 0x35, 0x2d, 0x32, 0x2e, 0x33, 0x36, 0x48, 0x34,
    0x2e, 0x36, 0x36, 0x41, 0x32, 0x2e, 0x35, 0x36, 0x2c, 0x32, 0x2e, 0x35, 0x36, 0x2c, 0x30, 0x2c,
    0x30, 0x2c, 0x30, 0x2c, 0x32, 0x2e, 0x31, 0x38, 0x2c, 0x32, 0x31, 0x68, 0x30, 0x76, 0x33, 0x32,
    0x2e, 0x37, 0x61, 0x32, 0x2e, 0x35, 0x31, 0x2c, 0x32, 0x2e, 0x35, 0x31, 0x2c, 0x30, 0x2c, 0x30,
    0x2c, 0x30, 0x2c, 0x32, 0x2e, 0x35, 0x32, 0x2c, 0x32, 0x2e, 0x35, 0x48, 0x33, 0x39, 0x2e, 0x37,
    0x33, 0x61, 0x32, 0x2e, 0x35, 0x2c, 0x32, 0x2e, 0x35, 0x2c, 0x30, 0x2c, 0x30, 0x2c, 0x30, 0x2c,
    0x32, 0x2e, 0x35, 0x2d, 0x32, 0x2e, 0x35, 0x56, 0x32, 0x31, 0x5a, 0x22, 0x20, 0x73, 0x74, 0x79,
    0x6c, 0x65, 0x3d, 0x22, 0x66, 0x69, 0x6c, 0x6c, 0x3a, 0x23, 0x35, 0x35, 0x36, 0x30, 0x38, 0x30,
    0x22, 0x2f, 0x3e, 0x3c, 0x72, 0x65, 0x63, 0x74, 0x20, 0x78, 0x3d, 0x22, 0x34, 0x2e, 0x36, 0x35,
    0x22, 0x20, 0x79, 0x3d, 0x22, 0x32, 0x36, 0x2e, 0x31, 0x32, 0x22, 0x20, 0x77, 0x69, 0x64, 0x74,
    0x68, 0x3d, 0x22, 0x31, 0x30, 0x2e, 0x30, 0x32, 0x22, 0x20, 0x68, 0x65, 0x69, 0x67, 0x68, 0x74,
    0x3d, 0x22, 0x37, 0x2e, 0x35, 0x33, 0x22, 0x20, 0x73, 0x74, 0x79, 0x6c, 0x65, 0x3d, 0x22, 0x66,
    0x69, 0x6c, 0x6c, 0x3a, 0x23, 0x66, 0x66, 0x66, 0x22, 0x2f, 0x3e, 0x3c, 0x72, 0x65, 0x63, 0x74,
    0x20, 0x78, 0x3d, 0x22, 0x34, 0x2e, 0x36, 0x35, 0x22, 0x20, 0x79, 0x3d, 0x22, 0x34, 0x36, 0x2e,
    0x31, 0x36, 0x22, 0x20, 0x77, 0x69, 0x64, 0x74, 0x68, 0x3d, 0x22, 0x31, 0x30, 0x2e, 0x30, 0x32,
    0x22, 0x20, 0x68, 0x65, 0x69, 0x67, 0x68, 0x74, 0x3d, 0x22, 0x37, 0x2e, 0x35, 0x31, 0x22, 0x20,
    0x73, 0x74, 0x79, 0x6c, 0x65, 0x3d, 0x22, 0x66, 0x69, 0x6c, 0x6c, 0x3a, 0x23, 0x66, 0x66, 0x66,
    0x22, 0x2f, 0x3e, 0x3c, 0x72, 0x65, 0x63, 0x74, 0x20, 0x78, 0x3d, 0x22, 0x34, 0x2e, 0x36, 0x35,
    0x22, 0x20, 0x79, 0x3d, 0x22, 0x33, 0x36, 0x2e, 0x31, 0x35, 0x22, 0x20, 0x77, 0x69, 0x64, 0x74,
    0x68, 0x3d, 0x22, 0x31, 0x30, 0x2e, 0x30, 0x32, 0x22, 0x20, 0x68, 0x65, 0x69, 0x67, 0x68, 0x74,
    0x3d, 0x22, 0x37, 0x2e, 0x37, 0x32, 0x22, 0x20, 0x73, 0x74, 0x79, 0x6c, 0x65, 0x3d, 0x22, 0x66,
    0x69, 0x6c, 0x6c, 0x3a, 0x23, 0x66, 0x66, 0x66, 0x22, 0x2f, 0x3e, 0x3c, 0x72, 0x65, 0x63, 0x74,
    0x20, 0x78, 0x3d, 0x22, 0x31, 0x37, 0x2e, 0x31, 0x39, 0x22, 0x20, 0x79, 0x3d, 0x22, 0x34, 0x36,
    0x2e, 0x31, 0x36, 0x22, 0x20, 0x77, 0x69, 0x64, 0x74, 0x68, 0x3d, 0x22, 0x31, 0x30, 0x2e, 0x30,
    0x32, 0x22, 0x20, 0x68, 0x65, 0x69, 0x67, 0x68, 0x74, 0x3d, 0x22, 0x37, 0x2e, 0x35, 0x31, 0x22,
    0x20, 0x73, 0x74, 0x79, 0x6c, 0x65, 0x3d, 0x22, 0x66, 0x69, 0x6c, 0x6c, 0x3a, 0x23, 0x66, 0x66,
    0x66, 0x22, 0x2f, 0x3e, 0x3c, 0x72, 0x65, 0x63, 0x74, 0x20, 0x78, 0x3d, 0x22, 0x31, 0x37, 0x2e,
    0x31, 0x39, 0x22, 0x20, 0x79, 0x3d, 0x22, 0x33, 0x36, 0x2e, 0x31, 0x35, 0x22, 0x20, 0x77, 0x69,
    0x64, 0x74, 0x68, 0x3d, 0x22, 0x31, 0x30, 0x2e, 0x30, 0x32, 0x22, 0x20, 0x68, 0x65, 0x69, 0x67,
    0x68, 0x74, 0x3d, 0x22, 0x37, 0x2e, 0x37, 0x32, 0x22, 0x20, 0x73, 0x74, 0x79, 0x6c, 0x65, 0x3d,
    0x22, 0x66, 0x69, 0x6c, 0x6c, 0x3a, 0x23, 0x66, 0x66, 0x66, 0x22, 0x2f, 0x3e, 0x3c, 0x72, 0x65,
    0x63, 0x74, 0x20, 0x78, 0x3d, 0x22, 0x31, 0x37, 0x2e, 0x31, 0x39, 0x22, 0x20, 0x79, 0x3d, 0x22,
    0x32, 0x36, 0x2e, 0x31, 0x32, 0x22, 0x20, 0x77, 0x69, 0x64, 0x74, 0x68, 0x3d, 0x22, 0x31, 0x30,
    0x2e, 0x30, 0x32, 0x22, 0x20, 0x68, 0x65, 0x69, 0x67, 0x68, 0x74, 0x3d, 0x22, 0x37, 0x2e, 0x35,
    0x33, 0x22, 0x20, 0x73, 0x74, 0x79, 0x6c, 0x65, 0x3d, 0x22, 0x66, 0x69, 0x6c, 0x6c, 0x3a, 0x23,
    0x66, 0x66, 0x66, 0x22, 0x2f, 0x3e, 0x3c, 0x72, 0x65, 0x63, 0x74, 0x20, 0x78, 0x3d, 0x22, 0x32,
    0x39, 0x2e, 0x37, 0x31, 0x22, 0x20, 0x79, 0x3d, 0x22, 0x34, 0x36, 0x2e, 0x31, 0x36, 0x22, 0x20,
    0x77, 0x69, 0x64, 0x74, 0x68, 0x3d, 0x22, 0x31, 0x30, 0x2e, 0x30, 0x32, 0x22, 0x20, 0x68, 0x65,
    0x69, 0x67, 0x68, 0x74, 0x3d, 0x22, 0x37, 0x2e, 0x35, 0x31, 0x22, 0x20, 0x73, 0x74, 0x79, 0x6c,
    0x65, 0x3d, 0x22, 0x66, 0x69, 0x6c, 0x6c, 0x3a, 0x23, 0x66, 0x66, 0x66, 0x22, 0x2f, 0x3e, 0x3c,
    0x72, 0x65, 0x63, 0x74, 0x20, 0x78, 0x3d, 0x22, 0x32, 0x39, 0x2e, 0x37, 0x31, 0x22, 0x20, 0x79,
    0x3d, 0x22, 0x33, 0x36, 0x2e, 0x31, 0x35, 0x22, 0x20, 0x77, 0x69, 0x64, 0x74, 0x68, 0x3d, 0x22,
    0x31, 0x30, 0x2e, 0x30, 0x32, 0x22, 0x20, 0x68, 0x65, 0x69, 0x67, 0x68, 0x74, 0x3d, 0x22, 0x37,
    0x2e, 0x37, 0x32, 0x22, 0x20, 0x73, 0x74, 0x79, 0x6c, 0x65, 0x3d, 0x22, 0x66, 0x69, 0x6c, 0x6c,
    0x3a, 0x23, 0x66, 0x66, 0x66, 0x22, 0x2f, 0x3e, 0x3c, 0x72, 0x65, 0x63, 0x74, 0x20, 0x78, 0x3d,
    0x22, 0x32, 0x39, 0x2e, 0x37, 0x31, 0x22, 0x20, 0x79, 0x3d, 0x22, 0x32, 0x36, 0x2e, 0x31, 0x32,
    0x22, 0x20, 0x77, 0x69, 0x64, 0x74, 0x68, 0x3d, 0x22, 0x31, 0x30, 0x2e, 0x30, 0x32, 0x22, 0x20,
    0x68, 0x65, 0x69, 0x67, 0x68, 0x74, 0x3d, 0x22, 0x37, 0x2e, 0x35, 0x33, 0x22, 0x20, 0x73, 0x74,
    0x79, 0x6c, 0x65, 0x3d, 0x22, 0x66, 0x69, 0x6c, 0x6c, 0x3a, 0x23, 0x66, 0x66, 0x66, 0x22, 0x2f,
    0x3e, 0x3c, 0x2f, 0x73, 0x76, 0x67, 0x3e,
};
static const size_t main_toolbar_paste_by_cell_svg_len = 2359;

static const unsigned char main_toolbar_play_svg[] = {
    0x3c, 0x73, 0x76, 0x67, 0x20, 0x78, 0x6d, 0x6c, 0x6e, 0x73, 0x3d, 0x22, 0x68, 0x74, 0x74, 0x70,
    0x3a, 0x2f, 0x2f, 0x77, 0x77, 0x77, 0x2e, 0x77, 0x33, 0x2e, 0x6f, 0x72, 0x67, 0x2f, 0x32, 0x30,
    0x30, 0x30, 0x2f, 0x73, 0x76, 0x67, 0x22, 0x20, 0x76, 0x69, 0x65, 0x77, 0x42, 0x6f, 0x78, 0x3d,
    0x22, 0x30, 0x20, 0x30, 0x20, 0x36, 0x34, 0x2e, 0x32, 0x32, 0x20, 0x36, 0x34, 0x2e, 0x32, 0x32,
    0x22, 0x3e, 0x3c, 0x67, 0x20, 0x73, 0x74, 0x79, 0x6c, 0x65, 0x3d, 0x22, 0x69, 0x73, 0x6f, 0x6c,
    0x61, 0x74, 0x69, 0x6f, 0x6e, 0x3a, 0x69, 0x73, 0x6f, 0x6c, 0x61, 0x74, 0x65, 0x22, 0x3e, 0x3c,
    0x67, 0x20, 0x69, 0x64, 0x3d, 0x22, 0x4c, 0x61, 0x79, 0x65, 0x72, 0x5f, 0x31, 0x22, 0x20, 0x64,
    0x61, 0x74, 0x61, 0x2d, 0x6e, 0x61, 0x6d, 0x65, 0x3d, 0x22, 0x4c, 0x61, 0x79, 0x65, 0x72, 0x20,
    0x31, 0x22, 0x3e, 0x3c, 0x72, 0x65, 0x63, 0x74, 0x20, 0x77, 0x69, 0x64, 0x74, 0x68, 0x3d, 0x22,
    0x36, 0x34, 0x2e, 0x32, 0x32, 0x22, 0x20, 0x68, 0x65, 0x69, 0x67, 0x68, 0x74, 0x3d, 0x22, 0x36,
    0x34, 0x2e, 0x32, 0x32, 0x22, 0x20, 0x72, 0x78, 0x3d, 0x22, 0x31, 0x30, 0x2e, 0x30, 0x33, 0x22,
    0x20, 0x73, 0x74, 0x79, 0x6c, 0x65, 0x3d, 0x22, 0x66, 0x69, 0x6c, 0x6c, 0x3a, 0x23, 0x62, 0x62,
    0x63, 0x64, 0x36, 0x33, 0x22, 0x2f, 0x3e, 0x3c, 0x70, 0x61, 0x74, 0x68, 0x20, 0x64, 0x3d, 0x22,
    0x4d, 0x35, 0x32, 0x2e, 0x38, 0x34, 0x2c, 0x33, 0x35, 0x2e, 0x38, 0x36, 0x6c, 0x2d, 0x2e, 0x30,
    0x39, 0x2d, 0x2e, 0x31, 0x61, 0x2e, 0x34, 0x37, 0x2e, 0x34, 0x37, 0x2c, 0x30, 0x2c, 0x30, 0x2c,
    0x31, 0x2d, 0x2e, 0x31, 0x2d, 0x2e, 0x31, 0x6c, 0x2d, 0x2e, 0x31, 0x2d, 0x2e, 0x30, 0x39, 0x61,
    0x2e, 0x39, 0x34, 0x2e, 0x39, 0x34, 0x2c, 0x30, 0x2c, 0x30, 0x2c, 0x30, 0x2d, 0x2e, 0x31, 0x2d,
    0x2e, 0x31, 0x6c, 0x2d, 0x2e, 0x31, 0x2d, 0x2e, 0x31, 0x61, 0x2e, 0x34, 0x37, 0x2e, 0x34, 0x37,
    0x2c, 0x30, 0x2c, 0x30, 0x2c, 0x30, 0x2d, 0x2e, 0x31, 0x2d, 0x2e, 0x31, 0x6c, 0x2d, 0x2e, 0x30,
    0x39, 0x2d, 0x2e, 0x31, 0x2d, 0x2e, 0x31, 0x2d, 0x2e, 0x31, 0x4c, 0x35, 0x32, 0x2c, 0x33, 0x35,
    0x6c, 0x2d, 0x2e, 0x31, 0x2d, 0x2e, 0x31, 0x2d, 0x2e, 0x31, 0x2d, 0x2e, 0x31, 0x61, 0x2e, 0x34,
    0x37, 0x2e, 0x34, 0x37, 0x2c, 0x30, 0x2c, 0x30, 0x2c, 0x30, 0x2d, 0x2e, 0x31, 0x2d, 0x2e, 0x31,
    0x6c, 0x2d, 0x2e, 0x31, 0x2d, 0x2e, 0x31, 0x2d, 0x2e, 0x30, 0x39, 0x2d, 0x2e, 0x31, 0x2d, 0x2e,
    0x31, 0x2d, 0x2e, 0x30, 0x39, 0x61, 0x2e, 0x39, 0x34, 0x2e, 0x39, 0x34, 0x2c, 0x30, 0x2c, 0x30,
    0x2c, 0x30, 0x2d, 0x2e, 0x31, 0x2d, 0x2e, 0x31, 0x6c, 0x2d, 0x2e, 0x31, 0x2d, 0x2e, 0x31, 0x61,
    0x2e, 0x34, 0x37, 0x2e, 0x34, 0x37, 0x2c, 0x30, 0x2c, 0x30, 0x2c, 0x30, 0x2d, 0x2e, 0x31, 0x2d,
    0x2e, 0x31, 0x4c, 0x35, 0x31, 0x2c, 0x33, 0x34, 0x61, 0x2e, 0x34, 0x37, 0x2e, 0x34, 0x37, 0x2c,
    0x30, 0x2c, 0x30, 0x2c, 0x31, 0x2d, 0x2e, 0x31, 0x2d, 0x2e, 0x31, 0x6c, 0x2d, 0x2e, 0x31, 0x2d,
    0x2e, 0x30, 0x39, 0x2d, 0x2e, 0x31, 0x2d, 0x2e, 0x31, 0x61, 0x2e, 0x39, 0x34, 0x2e, 0x39, 0x34,
    0x2c, 0x30, 0x2c, 0x30, 0x2c, 0x30, 0x2d, 0x2e, 0x31, 0x2d, 0x2e, 0x31, 0x2e, 0x34, 0x37, 0x2e,
    0x34, 0x37, 0x2c, 0x30, 0x2c, 0x30, 0x2c, 0x30, 0x2d, 0x2e, 0x31, 0x2d, 0x2e, 0x31, 0x6c, 0x2d,
    0x2e, 0x30, 0x39, 0x2d, 0x2e, 0x31, 0x61, 0x2e, 0x34, 0x37, 0x2e, 0x34, 0x37, 0x2c, 0x30, 0x2c,
    0x30, 0x2c, 0x31, 0x2d, 0x2e, 0x31, 0x2d, 0x2e, 0x31, 0x6c, 0x2d, 0x2e, 0x31, 0x2d, 0x2e, 0x30,
    0x39, 0x2d, 0x2e, 0x31, 0x2d, 0x2e, 0x31, 0x4c, 0x35, 0x30, 0x2c, 0x33, 0x33, 0x6c, 0x2d, 0x2e,
    0x31, 0x2d, 0x2e, 0x31, 0x2d, 0x2e, 0x31, 0x2d, 0x2e, 0x31, 0x2d, 0x2e, 0x30, 0x39, 0x2d, 0x2e,
    0x31, 0x2d, 0x2e, 0x31, 0x2d, 0x2e, 0x30, 0x39, 0x2d, 0x2e, 0x31, 0x2d, 0x2e, 0x31, 0x61, 0x2e,
    0x39, 0x34, 0x2e, 0x39, 0x34, 0x2c, 0x30, 0x2c, 0x30, 0x2c, 0x30, 0x2d, 0x2e, 0x31, 0x2d, 0x2e,
    0x31, 0x6c, 0x2d, 0x2e, 0x31, 0x2d, 0x2e, 0x31, 0x61, 0x2e, 0x34, 0x37, 0x2e, 0x34, 0x37, 0x2c,
    0x30, 0x2c, 0x30, 0x2c, 0x30, 0x2d, 0x2e, 0x31, 0x2d, 0x2e, 0x31, 0x6c, 0x2d, 0x2e, 0x30, 0x39,
    0x2d, 0x2e, 0x31, 0x4c, 0x34, 0x39, 0x2c, 0x33, 0x32, 0x6c, 0x2d, 0x2e, 0x31, 0x2d, 0x2e, 0x30,
    0x39, 0x61, 0x2e, 0x39, 0x34, 0x2e, 0x39, 0x34, 0x2c, 0x30, 0x2c, 0x30, 0x2c, 0x30, 0x2d, 0x2e,
    0x31, 0x2d, 0x2e, 0x31, 0x6c, 0x2d, 0x2e, 0x31, 0x2d, 0x2e, 0x31, 0x2d, 0x2e, 0x31, 0x2d, 0x2e,
    0x31, 0x2d, 0x2e, 0x31, 0x2d, 0x2e, 0x31, 0x2d, 0x2e, 0x30, 0x39, 0x2d, 0x2e, 0x31, 0x2d, 0x2e,
    0x31, 0x2d, 0x2e, 0x30, 0x39, 0x2d, 0x2e, 0x31, 0x2d, 0x2e, 0x31, 0x2d, 0x2e, 0x31, 0x2d, 0x2e,
    0x31, 0x41, 0x2e, 0x34, 0x37, 0x2e, 0x34, 0x37, 0x2c, 0x30, 0x2c, 0x30, 0x2c, 0x30, 0x2c, 0x34,
    0x38, 0x2c, 0x33, 0x31, 0x6c, 0x2d, 0x2e, 0x30, 0x39, 0x2d, 0x2e, 0x31, 0x61, 0x31, 0x2e, 0x37,
    0x2c, 0x31, 0x2e, 0x37, 0x2c, 0x30, 0x2c, 0x30, 0x2c, 0x30, 0x2d, 0x2e, 0x33, 0x38, 0x2d, 0x2e,
    0x33, 0x32, 0x6c, 0x2d, 0x32, 0x34, 0x2e, 0x39, 0x33, 0x2d, 0x31, 0x36, 0x61, 0x31, 0x2e, 0x37,
    0x37, 0x2c, 0x31, 0x2e, 0x37, 0x37, 0x2c, 0x30, 0x2c, 0x30, 0x2c, 0x30, 0x2d, 0x32, 0x2e, 0x37,
    0x35, 0x2c, 0x31, 0x2e, 0x34, 0x39, 0x56, 0x34, 0x38, 0x2e, 0x31, 0x35, 0x61, 0x31, 0x2e, 0x37,
    0x37, 0x2c, 0x31, 0x2e, 0x37, 0x37, 0x2c, 0x30, 0x2c, 0x30, 0x2c, 0x30, 0x2c, 0x2e, 0x35, 0x38,
    0x2c, 0x31, 0x2e, 0x33, 0x6c, 0x2e, 0x31, 0x31, 0x2e, 0x31, 0x31, 0x2e, 0x30, 0x39, 0x2e, 0x30,
    0x39, 0x2e, 0x31, 0x2e, 0x31, 0x2e, 0x31, 0x2e, 0x31, 0x2e, 0x31, 0x2e, 0x31, 0x61, 0x2e, 0x39,
    0x34, 0x2e, 0x39, 0x34, 0x2c, 0x30, 0x2c, 0x30, 0x2c, 0x30, 0x2c, 0x2e, 0x31, 0x2e, 0x31, 0x6c,
    0x2e, 0x31, 0x2e, 0x31, 0x2e, 0x31, 0x2e, 0x31, 0x2e, 0x30, 0x39, 0x2e, 0x30, 0x39, 0x2e, 0x31,
    0x2e, 0x31, 0x2e, 0x31, 0x2e, 0x31, 0x2e, 0x31, 0x2e, 0x31, 0x2e, 0x31, 0x2e, 0x31, 0x2e, 0x31,
    0x2e, 0x31, 0x2e, 0x30, 0x39, 0x2e, 0x30, 0x39, 0x2e, 0x31, 0x2e, 0x31, 0x2e, 0x31, 0x2e, 0x31,
    0x61, 0x2e, 0x39, 0x34, 0x2e, 0x39, 0x34, 0x2c, 0x30, 0x2c, 0x30, 0x2c, 0x30, 0x2c, 0x2e, 0x31,
    0x2e, 0x31, 0x6c, 0x2e, 0x31, 0x2e, 0x31, 0x2e, 0x31, 0x2e, 0x31, 0x2e, 0x31, 0x2e, 0x31, 0x2e,
    0x30, 0x39, 0x2e, 0x30, 0x39, 0x2e, 0x31, 0x2e, 0x31, 0x2e, 0x31, 0x2e, 0x31, 0x61, 0x2e, 0x39,
    0x34, 0x2e, 0x39, 0x34, 0x2c, 0x30, 0x2c, 0x30, 0x2c, 0x30, 0x2c, 0x2e, 0x31, 0x2e, 0x31, 0x6c,
    0x2e, 0x31, 0x2e, 0x31, 0x2e, 0x30, 0x39, 0x2e, 0x30, 0x39, 0x2e, 0x31, 0x2e, 0x31, 0x2e, 0x31,
    0x2e, 0x31, 0x61, 0x2e, 0x34, 0x37, 0x2e, 0x34, 0x37, 0x2c, 0x30, 0x2c, 0x30, 0x2c, 0x30, 0x2c,
    0x2e, 0x31, 0x2e, 0x31, 0x6c, 0x2e, 0x31, 0x2e, 0x31, 0x2e, 0x31, 0x2e, 0x30, 0x39, 0x2e, 0x30,
    0x39, 0x2e, 0x31, 0x2e, 0x31, 0x2e, 0x31, 0x2e, 0x31, 0x2e, 0x31, 0x2e, 0x31, 0x2e, 0x31, 0x2e,
    0x31, 0x2e, 0x31, 0x2e, 0x31, 0x2e, 0x31, 0x2e, 0x31, 0x2e, 0x31, 0x2e, 0x30, 0x39, 0x2e, 0x30,
    0x39, 0x2e, 0x31, 0x2e, 0x31, 0x2e, 0x31, 0x2e, 0x31, 0x2e, 0x31, 0x2e, 0x31, 0x2e, 0x31, 0x2e,
    0x31, 0x2e, 0x30, 0x39, 0x2e, 0x30, 0x39, 0x2e, 0x31, 0x2e, 0x31, 0x2e, 0x31, 0x2e, 0x31, 0x2e,
    0x31, 0x2e, 0x31, 0x61, 0x2e, 0x34, 0x37, 0x2e, 0x34, 0x37, 0x2c, 0x30, 0x2c, 0x30, 0x2c, 0x30,
    0x2c, 0x2e, 0x31, 0x2e, 0x31, 0x6c, 0x2e, 0x31, 0x2e, 0x31, 0x61, 0x32, 0x2e, 0x31, 0x39, 0x2c,
    0x32, 0x2e, 0x31, 0x39, 0x2c, 0x30, 0x2c, 0x30, 0x2c, 0x30, 0x2c, 0x2e, 0x34, 0x34, 0x2e, 0x33,
    0x35, 0x2c, 0x31, 0x2e, 0x38, 0x31, 0x2c, 0x31, 0x2e, 0x38, 0x31, 0x2c, 0x30, 0x2c, 0x30, 0x2c,
    0x30, 0x2c, 0x2e, 0x38, 0x35, 0x2e, 0x32, 0x31, 0x2c, 0x31, 0x2e, 0x36, 0x31, 0x2c, 0x31, 0x2e,
    0x36, 0x31, 0x2c, 0x30, 0x2c, 0x30, 0x2c, 0x30, 0x2c, 0x31, 0x2d, 0x2e, 0x33, 0x6c, 0x32, 0x34,
    0x2e, 0x39, 0x34, 0x2d, 0x31, 0x36, 0x61, 0x31, 0x2e, 0x37, 0x37, 0x2c, 0x31, 0x2e, 0x37, 0x37,
    0x2c, 0x30, 0x2c, 0x30, 0x2c, 0x30, 0x2c, 0x2e, 0x38, 0x32, 0x2d, 0x31, 0x2e, 0x34, 0x39, 0x41,
    0x31, 0x2e, 0x37, 0x39, 0x2c, 0x31, 0x2e, 0x37, 0x39, 0x2c, 0x30, 0x2c, 0x30, 0x2c, 0x30, 0x2c,
    0x35, 0x32, 0x2e, 0x38, 0x34, 0x2c, 0x33, 0x35, 0x2e, 0x38, 0x36, 0x5a, 0x22, 0x20, 0x73, 0x74,
    0x79, 0x6c, 0x65, 0x3d, 0x22, 0x6d, 0x69, 0x78, 0x2d, 0x62, 0x6c, 0x65, 0x6e, 0x64, 0x2d, 0x6d,
    0x6f, 0x64, 0x65, 0x3a, 0x64, 0x61, 0x72, 0x6b, 0x65, 0x6e, 0x3b, 0x6f, 0x70, 0x61, 0x63, 0x69,
    0x74, 0x79, 0x3a, 0x30, 0x2e, 0x35, 0x22, 0x2f, 0x3e, 0x3c, 0x70, 0x61, 0x74, 0x68, 0x20, 0x64,
    0x3d, 0x22, 0x4d, 0x34, 0x37, 0x2e, 0x35, 0x35, 0x2c, 0x33, 0x33, 0x2e, 0x36, 0x31, 0x6c, 0x2d,
    0x32, 0x34, 0x2e, 0x39, 0x33, 0x2c, 0x31, 0x36, 0x61, 0x31, 0x2e, 0x37, 0x32, 0x2c, 0x31, 0x2e,
    0x37, 0x32, 0x2c, 0x30, 0x2c, 0x30, 0x2c, 0x31, 0x2d, 0x31, 0x2c, 0x2e, 0x32, 0x39, 0x2c, 0x31,
    0x2e, 0x38, 0x34, 0x2c, 0x31, 0x2e, 0x38, 0x34, 0x2c, 0x30, 0x2c, 0x30, 0x2c, 0x31, 0x2d, 0x2e,
    0x38, 0x35, 0x2d, 0x2e, 0x32, 0x31, 0x2c, 0x31, 0x2e, 0x37, 0x38, 0x2c, 0x31, 0x2e, 0x37, 0x38,
    0x2c, 0x30, 0x2c, 0x30, 0x2c, 0x31, 0x2d, 0x2e, 0x39, 0x33, 0x2d, 0x31, 0x2e, 0x35, 0x36, 0x56,
    0x31, 0x36, 0x2e, 0x30, 0x38, 0x61, 0x31, 0x2e, 0x37, 0x37, 0x2c, 0x31, 0x2e, 0x37, 0x37, 0x2c,
    0x30, 0x2c, 0x30, 0x2c, 0x31, 0x2c, 0x32, 0x2e, 0x37, 0x35, 0x2d, 0x31, 0x2e, 0x34, 0x39, 0x6c,
    0x32, 0x34, 0x2e, 0x39, 0x33, 0x2c, 0x31, 0x36, 0x61, 0x31, 0x2e, 0x37, 0x37, 0x2c, 0x31, 0x2e,
    0x37, 0x37, 0x2c, 0x30, 0x2c, 0x30, 0x2c, 0x31, 0x2c, 0x2e, 0x38, 0x32, 0x2c, 0x31, 0x2e, 0x34,
    0x39, 0x2c, 0x31, 0x2e, 0x38, 0x2c, 0x31, 0x2e, 0x38, 0x2c, 0x30, 0x2c, 0x30, 0x2c, 0x31, 0x2d,
    0x2e, 0x38, 0x32, 0x2c, 0x31, 0x2e, 0x35, 0x22, 0x20, 0x73, 0x74, 0x79, 0x6c, 0x65, 0x3d, 0x22,
    0x66, 0x69, 0x6c, 0x6c, 0x3a, 0x23, 0x66, 0x66, 0x66, 0x22, 0x2f, 0x3e, 0x3c, 0x2f, 0x67, 0x3e,
    0x3c, 0x2f, 0x67, 0x3e, 0x3c, 0x2f, 0x73, 0x76, 0x67, 0x3e,
};
static const size_t main_toolbar_play_svg_len = 1514;

static const unsigned char main_toolbar_pause_svg[] = {
    0x3c, 0x73, 0x76, 0x67, 0x20, 0x78, 0x6d, 0x6c, 0x6e, 0x73, 0x3d, 0x22, 0x68, 0x74, 0x74, 0x70,
    0x3a, 0x2f, 0x2f, 0x77, 0x77, 0x77, 0x2e, 0x77, 0x33, 0x2e, 0x6f, 0x72, 0x67, 0x2f, 0x32, 0x30,
    0x30, 0x30, 0x2f, 0x73, 0x76, 0x67, 0x22, 0x20, 0x76, 0x69, 0x65, 0x77, 0x42, 0x6f, 0x78, 0x3d,
    0x22, 0x30, 0x20, 0x30, 0x20, 0x36, 0x34, 0x2e, 0x32, 0x32, 0x20, 0x36, 0x34, 0x2e, 0x32, 0x32,
    0x22, 0x3e, 0x3c, 0x67, 0x20, 0x73, 0x74, 0x79, 0x6c, 0x65, 0x3d, 0x22, 0x69, 0x73, 0x6f, 0x6c,
    0x61, 0x74, 0x69, 0x6f, 0x6e, 0x3a, 0x69, 0x73, 0x6f, 0x6c, 0x61, 0x74, 0x65, 0x22, 0x3e, 0x3c,
    0x67, 0x20, 0x69, 0x64, 0x3d, 0x22, 0x4c, 0x61, 0x79, 0x65, 0x72, 0x5f, 0x31, 0x22, 0x20, 0x64,
    0x61, 0x74, 0x61, 0x2d, 0x6e, 0x61, 0x6d, 0x65, 0x3d, 0x22, 0x4c, 0x61, 0x79, 0x65, 0x72, 0x20,
    0x31, 0x22, 0x3e, 0x3c, 0x72, 0x65, 0x63, 0x74, 0x20, 0x77, 0x69, 0x64, 0x74, 0x68, 0x3d, 0x22,
    0x36, 0x34, 0x2e, 0x32, 0x32, 0x22, 0x20, 0x68, 0x65, 0x69, 0x67, 0x68, 0x74, 0x3d, 0x22, 0x36,
    0x34, 0x2e, 0x32, 0x32, 0x22, 0x20, 0x72, 0x78, 0x3d, 0x22, 0x31, 0x30, 0x2e, 0x30, 0x33, 0x22,
    0x20, 0x73, 0x74, 0x79, 0x6c, 0x65, 0x3d, 0x22, 0x66, 0x69, 0x6c, 0x6c, 0x3a, 0x23, 0x65, 0x33,
    0x39, 0x66, 0x36, 0x34, 0x22, 0x2f, 0x3e, 0x3c, 0x67, 0x20, 0x73, 0x74, 0x79, 0x6c, 0x65, 0x3d,
    0x22, 0x6d, 0x69, 0x78, 0x2d, 0x62, 0x6c, 0x65, 0x6e, 0x64, 0x2d, 0x6d, 0x6f, 0x64, 0x65, 0x3a,
    0x64, 0x61, 0x72, 0x6b, 0x65, 0x6e, 0x3b, 0x6f, 0x70, 0x61, 0x63, 0x69, 0x74, 0x79, 0x3a, 0x30,
    0x2e, 0x35, 0x22, 0x3e, 0x3c, 0x70, 0x61, 0x74, 0x68, 0x20, 0x64, 0x3d, 0x22, 0x4d, 0x35, 0x34,
    0x2e, 0x34, 0x34, 0x2c, 0x31, 0x39, 0x2e, 0x37, 0x32, 0x6c, 0x2d, 0x2e, 0x31, 0x2d, 0x2e, 0x31,
    0x2d, 0x2e, 0x31, 0x2d, 0x2e, 0x31, 0x2d, 0x2e, 0x31, 0x2d, 0x2e, 0x31, 0x2d, 0x2e, 0x30, 0x39,
    0x2d, 0x2e, 0x30, 0x39, 0x61, 0x2e, 0x39, 0x34, 0x2e, 0x39, 0x34, 0x2c, 0x30, 0x2c, 0x30, 0x2c,
    0x30, 0x2d, 0x2e, 0x31, 0x2d, 0x2e, 0x31, 0x6c, 0x2d, 0x2e, 0x31, 0x2d, 0x2e, 0x31, 0x2d, 0x2e,
    0x31, 0x2d, 0x2e, 0x31, 0x2d, 0x2e, 0x31, 0x2d, 0x2e, 0x31, 0x61, 0x2e, 0x39, 0x34, 0x2e, 0x39,
    0x34, 0x2c, 0x30, 0x2c, 0x30, 0x2c, 0x30, 0x2d, 0x2e, 0x31, 0x2d, 0x2e, 0x31, 0x6c, 0x2d, 0x2e,
    0x30, 0x39, 0x2d, 0x2e, 0x30, 0x39, 0x2d, 0x2e, 0x31, 0x2d, 0x2e, 0x31, 0x2d, 0x2e, 0x31, 0x2d,
    0x2e, 0x31, 0x2d, 0x2e, 0x31, 0x2d, 0x2e, 0x31, 0x61, 0x2e, 0x39, 0x34, 0x2e, 0x39, 0x34, 0x2c,
    0x30, 0x2c, 0x30, 0x2c, 0x30, 0x2d, 0x2e, 0x31, 0x2d, 0x2e, 0x31, 0x6c, 0x2d, 0x2e, 0x31, 0x2d,
    0x2e, 0x31, 0x2d, 0x2e, 0x31, 0x2d, 0x2e, 0x31, 0x2d, 0x2e, 0x30, 0x39, 0x2d, 0x2e, 0x30, 0x39,
    0x2d, 0x2e, 0x31, 0x2d, 0x2e, 0x31, 0x2d, 0x2e, 0x31, 0x2d, 0x2e, 0x31, 0x61, 0x2e, 0x39, 0x34,
    0x2e, 0x39, 0x34, 0x2c, 0x30, 0x2c, 0x30, 0x2c, 0x30, 0x2d, 0x2e, 0x31, 0x2d, 0x2e, 0x31, 0x6c,
    0x2d, 0x2e, 0x30, 0x39, 0x2d, 0x2e, 0x31, 0x2d, 0x2e, 0x31, 0x31, 0x2d, 0x2e, 0x31, 0x2d, 0x2e,
    0x30, 0x39, 0x2d, 0x2e, 0x30, 0x39, 0x2d, 0x2e, 0x31, 0x2d, 0x2e, 0x31, 0x2d, 0x2e, 0x31, 0x2d,
    0x2e, 0x31, 0x2d, 0x2e, 0x31, 0x2d, 0x2e, 0x31, 0x2d, 0x2e, 0x31, 0x2d, 0x2e, 0x31, 0x2d, 0x2e,
    0x31, 0x2d, 0x2e, 0x31, 0x2d, 0x2e, 0x30, 0x39, 0x2d, 0x2e, 0x30, 0x39, 0x2d, 0x2e, 0x31, 0x2d,
    0x2e, 0x31, 0x2d, 0x2e, 0x31, 0x2d, 0x2e, 0x31, 0x61, 0x2e, 0x39, 0x34, 0x2e, 0x39, 0x34, 0x2c,
    0x30, 0x2c, 0x30, 0x2c, 0x30, 0x2d, 0x2e, 0x31, 0x2d, 0x2e, 0x31, 0x6c, 0x2d, 0x2e, 0x31, 0x2d,
    0x2e, 0x31, 0x2d, 0x2e, 0x31, 0x2d, 0x2e, 0x31, 0x4c, 0x35, 0x31, 0x2c, 0x31, 0x36, 0x2e, 0x32,
    0x38, 0x61, 0x2e, 0x39, 0x34, 0x2e, 0x39, 0x34, 0x2c, 0x30, 0x2c, 0x30, 0x2c, 0x30, 0x2d, 0x2e,
    0x31, 0x2d, 0x2e, 0x31, 0x6c, 0x2d, 0x2e, 0x31, 0x2d, 0x2e, 0x31, 0x61, 0x2e, 0x34, 0x37, 0x2e,
    0x34, 0x37, 0x2c, 0x30, 0x2c, 0x30, 0x2c, 0x30, 0x2d, 0x2e, 0x31, 0x2d, 0x2e, 0x31, 0x6c, 0x2d,
    0x2e, 0x31, 0x2d, 0x2e, 0x31, 0x2d, 0x2e, 0x31, 0x2d, 0x2e, 0x31, 0x2d, 0x2e, 0x31, 0x2d, 0x2e,
    0x30, 0x39, 0x2d, 0x2e, 0x30, 0x39, 0x2d, 0x2e, 0x31, 0x2d, 0x2e, 0x31, 0x2d, 0x2e, 0x31, 0x2d,
    0x2e, 0x31, 0x2d, 0x2e, 0x31, 0x2d, 0x2e, 0x31, 0x2d, 0x2e, 0x31, 0x2d, 0x2e, 0x31, 0x2d, 0x2e,
    0x30, 0x39, 0x2d, 0x2e, 0x31, 0x2d, 0x2e, 0x31, 0x31, 0x4c, 0x34, 0x39, 0x2e, 0x37, 0x32, 0x2c,
    0x31, 0x35, 0x6c, 0x2d, 0x2e, 0x31, 0x2d, 0x2e, 0x31, 0x61, 0x2e, 0x39, 0x34, 0x2e, 0x39, 0x34,
    0x2c, 0x30, 0x2c, 0x30, 0x2c, 0x30, 0x2d, 0x2e, 0x31, 0x2d, 0x2e, 0x31, 0x2c, 0x31, 0x2e, 0x38,
    0x2c, 0x31, 0x2e, 0x38, 0x2c, 0x30, 0x2c, 0x30, 0x2c, 0x30, 0x2d, 0x31, 0x2e, 0x33, 0x31, 0x2d,
    0x2e, 0x35, 0x38, 0x48, 0x33, 0x37, 0x2e, 0x34, 0x38, 0x41, 0x31, 0x2e, 0x38, 0x2c, 0x31, 0x2e,
    0x38, 0x2c, 0x30, 0x2c, 0x30, 0x2c, 0x30, 0x2c, 0x33, 0x35, 0x2e, 0x36, 0x38, 0x2c, 0x31, 0x36,
    0x56, 0x34, 0x38, 0x2e, 0x32, 0x32, 0x61, 0x31, 0x2e, 0x37, 0x39, 0x2c, 0x31, 0x2e, 0x37, 0x39,
    0x2c, 0x30, 0x2c, 0x30, 0x2c, 0x30, 0x2c, 0x2e, 0x35, 0x38, 0x2c, 0x31, 0x2e, 0x33, 0x2e, 0x39,
    0x34, 0x2e, 0x39, 0x34, 0x2c, 0x30, 0x2c, 0x30, 0x2c, 0x31, 0x2c, 0x2e, 0x31, 0x2e, 0x31, 0x6c,
    0x2e, 0x31, 0x2e, 0x31, 0x2e, 0x31, 0x2e, 0x31, 0x2e, 0x31, 0x2e, 0x30, 0x39, 0x61, 0x2e, 0x34,
    0x37, 0x2e, 0x34, 0x37, 0x2c, 0x30, 0x2c, 0x30, 0x2c, 0x30, 0x2c, 0x2e, 0x31, 0x2e, 0x31, 0x6c,
    0x2e, 0x30, 0x39, 0x2e, 0x31, 0x2e, 0x31, 0x2e, 0x31, 0x2e, 0x31, 0x2e, 0x31, 0x2e, 0x31, 0x2e,
    0x31, 0x2e, 0x31, 0x2e, 0x30, 0x39, 0x2e, 0x31, 0x2e, 0x31, 0x2e, 0x30, 0x39, 0x2e, 0x31, 0x2e,
    0x31, 0x31, 0x2e, 0x31, 0x2e, 0x30, 0x39, 0x2e, 0x31, 0x2e, 0x31, 0x2e, 0x30, 0x39, 0x61, 0x2e,
    0x34, 0x37, 0x2e, 0x34, 0x37, 0x2c, 0x30, 0x2c, 0x30, 0x2c, 0x30, 0x2c, 0x2e, 0x31, 0x2e, 0x31,
    0x2e, 0x34, 0x37, 0x2e, 0x34, 0x37, 0x2c, 0x30, 0x2c, 0x30, 0x2c, 0x30, 0x2c, 0x2e, 0x31, 0x2e,
    0x31, 0x6c, 0x2e, 0x31, 0x2e, 0x31, 0x2e, 0x30, 0x39, 0x2e, 0x31, 0x2e, 0x31, 0x2e, 0x31, 0x61,
    0x2e, 0x39, 0x34, 0x2e, 0x39, 0x34, 0x2c, 0x30, 0x2c, 0x30, 0x2c, 0x31, 0x2c, 0x2e, 0x31, 0x2e,
    0x31, 0x6c, 0x2e, 0x31, 0x2e, 0x30, 0x39, 0x2e, 0x31, 0x2e, 0x31, 0x2e, 0x31, 0x2e, 0x31, 0x2e,
    0x30, 0x39, 0x2e, 0x31, 0x2e, 0x31, 0x2e, 0x31, 0x2e, 0x31, 0x2e, 0x31, 0x2e, 0x31, 0x2e, 0x30,
    0x39, 0x61, 0x2e, 0x34, 0x37, 0x2e, 0x34, 0x37, 0x2c, 0x30, 0x2c, 0x30, 0x2c, 0x30, 0x2c, 0x2e,
    0x31, 0x2e, 0x31, 0x6c, 0x2e, 0x30, 0x39, 0x2e, 0x31, 0x2e, 0x31, 0x2e, 0x31, 0x2e, 0x31, 0x2e,
    0x31, 0x61, 0x2e, 0x34, 0x37, 0x2e, 0x34, 0x37, 0x2c, 0x30, 0x2c, 0x30, 0x2c, 0x31, 0x2c, 0x2e,
    0x31, 0x2e, 0x31, 0x6c, 0x2e, 0x31, 0x2e, 0x31, 0x2e, 0x31, 0x2e, 0x30, 0x39, 0x2e, 0x31, 0x2e,
    0x31, 0x2e, 0x30, 0x39, 0x2e, 0x31, 0x2e, 0x31, 0x2e, 0x31, 0x2e, 0x31, 0x2e, 0x31, 0x2e, 0x31,
    0x2e, 0x30, 0x39, 0x61, 0x2e, 0x34, 0x37, 0x2e, 0x34, 0x37, 0x2c, 0x30, 0x2c, 0x30, 0x2c, 0x30,
    0x2c, 0x2e, 0x31, 0x2e, 0x31, 0x2e, 0x34, 0x37, 0x2e, 0x34, 0x37, 0x2c, 0x30, 0x2c, 0x30, 0x2c,
    0x30, 0x2c, 0x2e, 0x31, 0x2e, 0x31, 0x6c, 0x2e, 0x30, 0x39, 0x2e, 0x31, 0x2e, 0x31, 0x2e, 0x31,
    0x2e, 0x31, 0x2e, 0x31, 0x2e, 0x31, 0x2e, 0x30, 0x39, 0x2e, 0x31, 0x2e, 0x31, 0x2e, 0x31, 0x2e,
    0x31, 0x61, 0x2e, 0x34, 0x37, 0x2e, 0x34, 0x37, 0x2c, 0x30, 0x2c, 0x30, 0x2c, 0x30, 0x2c, 0x2e,
    0x31, 0x2e, 0x31, 0x6c, 0x2e, 0x30, 0x39, 0x2e, 0x31, 0x61, 0x31, 0x2e, 0x38, 0x31, 0x2c, 0x31,
    0x2e, 0x38, 0x31, 0x2c, 0x30, 0x2c, 0x30, 0x2c, 0x30, 0x2c, 0x31, 0x2e, 0x33, 0x31, 0x2e, 0x35,
    0x38, 0x48, 0x35, 0x33, 0x2e, 0x32, 0x33, 0x41, 0x31, 0x2e, 0x38, 0x2c, 0x31, 0x2e, 0x38, 0x2c,
    0x30, 0x2c, 0x30, 0x2c, 0x30, 0x2c, 0x35, 0x35, 0x2c, 0x35, 0x33, 0x2e, 0x32, 0x33, 0x56, 0x32,
    0x31, 0x41, 0x31, 0x2e, 0x38, 0x2c, 0x31, 0x2e, 0x38, 0x2c, 0x30, 0x2c, 0x30, 0x2c, 0x30, 0x2c,
    0x35, 0x34, 0x2e, 0x34, 0x34, 0x2c, 0x31, 0x39, 0x2e, 0x37, 0x32, 0x5a, 0x22, 0x2f, 0x3e, 0x3c,
    0x70, 0x61, 0x74, 0x68, 0x20, 0x64, 0x3d, 0x22, 0x4d, 0x33, 0x33, 0x2c, 0x31, 0x39, 0x2e, 0x37,
    0x32, 0x61, 0x2e, 0x34, 0x37, 0x2e, 0x34, 0x37, 0x2c, 0x30, 0x2c, 0x30, 0x2c, 0x30, 0x2d, 0x2e,
    0x31, 0x2d, 0x2e, 0x31, 0x2c, 0x32, 0x36, 0x35, 0x33, 0x37, 0x37, 0x31, 0x35, 0x33, 0x30, 0x32,
    0x31, 0x39, 0x2e, 0x30, 0x35, 0x2c, 0x32, 0x36, 0x35, 0x33, 0x37, 0x37, 0x31, 0x35, 0x33, 0x30,
    0x32, 0x31, 0x39, 0x2e, 0x30, 0x35, 0x2c, 0x30, 0x2c, 0x30, 0x2c, 0x30, 0x2d, 0x2e, 0x32, 0x2d,
    0x2e, 0x32, 0x6c, 0x2d, 0x2e, 0x30, 0x39, 0x2d, 0x2e, 0x30, 0x39, 0x2d, 0x2e, 0x31, 0x2d, 0x2e,
    0x31, 0x61, 0x2e, 0x39, 0x34, 0x2e, 0x39, 0x34, 0x2c, 0x30, 0x2c, 0x30, 0x2c, 0x30, 0x2d, 0x2e,
    0x31, 0x2d, 0x2e, 0x31, 0x2e, 0x34, 0x37, 0x2e, 0x34, 0x37, 0x2c, 0x30, 0x2c, 0x30, 0x2c, 0x30,
    0x2d, 0x2e, 0x31, 0x2d, 0x2e, 0x31, 0x6c, 0x2d, 0x2e, 0x31, 0x2d, 0x2e, 0x31, 0x2d, 0x2e, 0x31,
    0x2d, 0x2e, 0x31, 0x2d, 0x2e, 0x30, 0x39, 0x2d, 0x2e, 0x31, 0x61, 0x2e, 0x39, 0x34, 0x2e, 0x39,
    0x34, 0x2c, 0x30, 0x2c, 0x30, 0x2c, 0x31, 0x2d, 0x2e, 0x31, 0x2d, 0x2e, 0x31, 0x6c, 0x2d, 0x2e,
    0x31, 0x2d, 0x2e, 0x30, 0x39, 0x61, 0x2e, 0x34, 0x37, 0x2e, 0x34, 0x37, 0x2c, 0x30, 0x2c, 0x30,
    0x2c, 0x30, 0x2d, 0x2e, 0x31, 0x2d, 0x2e, 0x31, 0x2e, 0x34, 0x37, 0x2e, 0x34, 0x37, 0x2c, 0x30,
    0x2c, 0x30, 0x2c, 0x30, 0x2d, 0x2e, 0x31, 0x2d, 0x2e, 0x31, 0x6c, 0x2d, 0x2e, 0x30, 0x39, 0x2d,
    0x2e, 0x31, 0x61, 0x33, 0x39, 0x38, 0x30, 0x36, 0x35, 0x37, 0x32, 0x39, 0x35, 0x33, 0x32, 0x38,
    0x2e, 0x34, 0x31, 0x2c, 0x33, 0x39, 0x38, 0x30, 0x36, 0x35, 0x37, 0x32, 0x39, 0x35, 0x33, 0x32,
    0x38, 0x2e, 0x34, 0x31, 0x2c, 0x30, 0x2c, 0x30, 0x2c, 0x31, 0x2d, 0x2e, 0x32, 0x2d, 0x2e, 0x32,
    0x4c, 0x33, 0x31, 0x2e, 0x32, 0x2c, 0x31, 0x38, 0x61, 0x2e, 0x34, 0x37, 0x2e, 0x34, 0x37, 0x2c,
    0x30, 0x2c, 0x30, 0x2c, 0x30, 0x2d, 0x2e, 0x31, 0x2d, 0x2e, 0x31, 0x2e, 0x34, 0x37, 0x2e, 0x34,
    0x37, 0x2c, 0x30, 0x2c, 0x30, 0x2c, 0x30, 0x2d, 0x2e, 0x31, 0x2d, 0x2e, 0x31, 0x2e, 0x39, 0x34,
    0x2e, 0x39, 0x34, 0x2c, 0x30, 0x2c, 0x30, 0x2c, 0x30, 0x2d, 0x2e, 0x31, 0x2d, 0x2e, 0x31, 0x6c,
    0x2d, 0x2e, 0x31, 0x2d, 0x2e, 0x31, 0x2d, 0x2e, 0x30, 0x39, 0x2d, 0x2e, 0x30, 0x39, 0x2d, 0x2e,
    0x31, 0x2d, 0x2e, 0x31, 0x2d, 0x2e, 0x31, 0x2d, 0x2e, 0x31, 0x61, 0x2e, 0x34, 0x37, 0x2e, 0x34,
    0x37, 0x2c, 0x30, 0x2c, 0x30, 0x2c, 0x30, 0x2d, 0x2e, 0x31, 0x2d, 0x2e, 0x31, 0x2e, 0x39, 0x34,
    0x2e, 0x39, 0x34, 0x2c, 0x30, 0x2c, 0x30, 0x2c, 0x30, 0x2d, 0x2e, 0x31, 0x2d, 0x2e, 0x31, 0x6c,
    0x2d, 0x2e, 0x30, 0x39, 0x2d, 0x2e, 0x31, 0x61, 0x2e, 0x34, 0x37, 0x2e, 0x34, 0x37, 0x2c, 0x30,
    0x2c, 0x30, 0x2c, 0x31, 0x2d, 0x2e, 0x31, 0x2d, 0x2e, 0x31, 0x6c, 0x2d, 0x2e, 0x31, 0x2d, 0x2e,
    0x30, 0x39, 0x61, 0x2e, 0x34, 0x37, 0x2e, 0x34, 0x37, 0x2c, 0x30, 0x2c, 0x30, 0x2c, 0x30, 0x2d,
    0x2e, 0x31, 0x2d, 0x2e, 0x31, 0x2e, 0x34, 0x37, 0x2e, 0x34, 0x37, 0x2c, 0x30, 0x2c, 0x30, 0x2c,
    0x30, 0x2d, 0x2e, 0x31, 0x2d, 0x2e, 0x31, 0x2e, 0x39, 0x34, 0x2e, 0x39, 0x34, 0x2c, 0x30, 0x2c,
    0x30, 0x2c, 0x30, 0x2d, 0x2e, 0x31, 0x2d, 0x2e, 0x31, 0x2e, 0x39, 0x34, 0x2e, 0x39, 0x34, 0x2c,
    0x30, 0x2c, 0x30, 0x2c, 0x30, 0x2d, 0x2e, 0x31, 0x2d, 0x2e, 0x31, 0x6c, 0x2d, 0x2e, 0x30, 0x39,
    0x2d, 0x2e, 0x30, 0x39, 0x61, 0x2e, 0x39, 0x34, 0x2e, 0x39, 0x34, 0x2c, 0x30, 0x2c, 0x30, 0x2c,
    0x30, 0x2d, 0x2e, 0x31, 0x2d, 0x2e, 0x31, 0x6c, 0x2d, 0x2e, 0x31, 0x2d, 0x2e, 0x31, 0x61, 0x2e,
    0x34, 0x37, 0x2e, 0x34, 0x37, 0x2c, 0x30, 0x2c, 0x30, 0x2c, 0x30, 0x2d, 0x2e, 0x31, 0x2d, 0x2e,
    0x31, 0x2e, 0x39, 0x34, 0x2e, 0x39, 0x34, 0x2c, 0x30, 0x2c, 0x30, 0x2c, 0x30, 0x2d, 0x2e, 0x31,
    0x2d, 0x2e, 0x31, 0x6c, 0x2d, 0x2e, 0x31, 0x2d, 0x2e, 0x31, 0x2d, 0x2e, 0x30, 0x39, 0x2d, 0x2e,
    0x31, 0x2d, 0x2e, 0x31, 0x2d, 0x2e, 0x30, 0x39, 0x2d, 0x2e, 0x31, 0x2d, 0x2e, 0x31, 0x61, 0x2e,
    0x34, 0x37, 0x2e, 0x34, 0x37, 0x2c, 0x30, 0x2c, 0x30, 0x2c, 0x30, 0x2d, 0x2e, 0x31, 0x2d, 0x2e,
    0x31, 0x6c, 0x2d, 0x2e, 0x31, 0x2d, 0x2e, 0x31, 0x2d, 0x2e, 0x30, 0x39, 0x2d, 0x2e, 0x31, 0x2d,
    0x2e, 0x31, 0x31, 0x2d, 0x2e, 0x31, 0x4c, 0x32, 0x38, 0x2e, 0x32, 0x35, 0x2c, 0x31, 0x35, 0x6c,
    0x2d, 0x2e, 0x31, 0x2d, 0x2e, 0x31, 0x61, 0x2e, 0x34, 0x37, 0x2e, 0x34, 0x37, 0x2c, 0x30, 0x2c,
    0x30, 0x2c, 0x30, 0x2d, 0x2e, 0x31, 0x2d, 0x2e, 0x31, 0x2c, 0x31, 0x2e, 0x37, 0x38, 0x2c, 0x31,
    0x2e, 0x37, 0x38, 0x2c, 0x30, 0x2c, 0x30, 0x2c, 0x30, 0x2d, 0x31, 0x2e, 0x33, 0x31, 0x2d, 0x2e,
    0x35, 0x38, 0x48, 0x31, 0x36, 0x41, 0x31, 0x2e, 0x37, 0x39, 0x2c, 0x31, 0x2e, 0x37, 0x39, 0x2c,
    0x30, 0x2c, 0x30, 0x2c, 0x30, 0x2c, 0x31, 0x34, 0x2e, 0x32, 0x32, 0x2c, 0x31, 0x36, 0x56, 0x34,
    0x38, 0x2e, 0x32, 0x32, 0x61, 0x31, 0x2e, 0x37, 0x36, 0x2c, 0x31, 0x2e, 0x37, 0x36, 0x2c, 0x30,
    0x2c, 0x30, 0x2c, 0x30, 0x2c, 0x2e, 0x35, 0x38, 0x2c, 0x31, 0x2e, 0x33, 0x2e, 0x34, 0x37, 0x2e,
    0x34, 0x37, 0x2c, 0x30, 0x2c, 0x30, 0x2c, 0x30, 0x2c, 0x2e, 0x31, 0x2e, 0x31, 0x6c, 0x2e, 0x30,
    0x39, 0x2e, 0x31, 0x2e, 0x31, 0x2e, 0x31, 0x2e, 0x31, 0x2e, 0x30, 0x39, 0x61, 0x2e, 0x34, 0x37,
    0x2e, 0x34, 0x37, 0x2c, 0x30, 0x2c, 0x30, 0x2c, 0x30, 0x2c, 0x2e, 0x31, 0x2e, 0x31, 0x6c, 0x2e,
    0x31, 0x2e, 0x31, 0x2e, 0x31, 0x2e, 0x31, 0x2e, 0x30, 0x39, 0x2e, 0x31, 0x2e, 0x31, 0x2e, 0x31,
    0x2e, 0x31, 0x2e, 0x30, 0x39, 0x2e, 0x31, 0x2e, 0x31, 0x2e, 0x31, 0x2e, 0x31, 0x61, 0x2e, 0x34,
    0x37, 0x2e, 0x34, 0x37, 0x2c, 0x30, 0x2c, 0x30, 0x2c, 0x30, 0x2c, 0x2e, 0x31, 0x2e, 0x31, 0x6c,
    0x2e, 0x30, 0x39, 0x2e, 0x31, 0x2e, 0x31, 0x2e, 0x31, 0x2e, 0x31, 0x2e, 0x31, 0x2e, 0x31, 0x2e,
    0x30, 0x39, 0x2e, 0x31, 0x2e, 0x31, 0x61, 0x2e, 0x34, 0x37, 0x2e, 0x34, 0x37, 0x2c, 0x30, 0x2c,
    0x30, 0x2c, 0x30, 0x2c, 0x2e, 0x31, 0x2e, 0x31, 0x6c, 0x2e, 0x30, 0x39, 0x2e, 0x31, 0x2e, 0x31,
    0x2e, 0x31, 0x2e, 0x31, 0x2e, 0x31, 0x2e, 0x31, 0x2e, 0x30, 0x39, 0x2e, 0x31, 0x2e, 0x31, 0x61,
    0x2e, 0x34, 0x37, 0x2e, 0x34, 0x37, 0x2c, 0x30, 0x2c, 0x30, 0x2c, 0x30, 0x2c, 0x2e, 0x31, 0x2e,
    0x31, 0x6c, 0x2e, 0x30, 0x39, 0x2e, 0x31, 0x2e, 0x31, 0x2e, 0x31, 0x2e, 0x31, 0x2e, 0x30, 0x39,
    0x2e, 0x31, 0x2e, 0x31, 0x31, 0x2e, 0x31, 0x2e, 0x30, 0x39, 0x2e, 0x31, 0x2e, 0x31, 0x2e, 0x31,
    0x2e, 0x31, 0x2e, 0x30, 0x39, 0x2e, 0x31, 0x61, 0x2e, 0x34, 0x37, 0x2e, 0x34, 0x37, 0x2c, 0x30,
    0x2c, 0x30, 0x2c, 0x31, 0x2c, 0x2e, 0x31, 0x2e, 0x31, 0x6c, 0x2e, 0x31, 0x2e, 0x30, 0x39, 0x2e,
    0x31, 0x2e, 0x31, 0x61, 0x2e, 0x34, 0x37, 0x2e, 0x34, 0x37, 0x2c, 0x30, 0x2c, 0x30, 0x2c, 0x30,
    0x2c, 0x2e, 0x31, 0x2e, 0x31, 0x6c, 0x2e, 0x30, 0x39, 0x2e, 0x31, 0x2e, 0x31, 0x31, 0x2e, 0x31,
    0x2e, 0x30, 0x39, 0x2e, 0x30, 0x39, 0x2e, 0x31, 0x2e, 0x31, 0x61, 0x2e, 0x39, 0x34, 0x2e, 0x39,
    0x34, 0x2c, 0x30, 0x2c, 0x30, 0x2c, 0x30, 0x2c, 0x2e, 0x31, 0x2e, 0x31, 0x2e, 0x34, 0x37, 0x2e,
    0x34, 0x37, 0x2c, 0x30, 0x2c, 0x30, 0x2c, 0x30, 0x2c, 0x2e, 0x31, 0x2e, 0x31, 0x6c, 0x2e, 0x31,
    0x2e, 0x31, 0x2e, 0x30, 0x39, 0x2e, 0x31, 0x61, 0x2e, 0x34, 0x37, 0x2e, 0x34, 0x37, 0x2c, 0x30,
    0x2c, 0x30, 0x2c, 0x31, 0x2c, 0x2e, 0x31, 0x2e, 0x31, 0x6c, 0x2e, 0x31, 0x2e, 0x31, 0x2e, 0x31,
    0x2e, 0x30, 0x39, 0x61, 0x2e, 0x34, 0x37, 0x2e, 0x34, 0x37, 0x2c, 0x30, 0x2c, 0x30, 0x2c, 0x30,
    0x2c, 0x2e, 0x31, 0x2e, 0x31, 0x6c, 0x2e, 0x30, 0x39, 0x2e, 0x31, 0x41, 0x31, 0x2e, 0x38, 0x2c,
    0x31, 0x2e, 0x38, 0x2c, 0x30, 0x2c, 0x30, 0x2c, 0x30, 0x2c, 0x32, 0x31, 0x2c, 0x35, 0x35, 0x48,
    0x33, 0x31, 0x2e, 0x37, 0x36, 0x61, 0x31, 0x2e, 0x37, 0x39, 0x2c, 0x31, 0x2e, 0x37, 0x39, 0x2c,
    0x30, 0x2c, 0x30, 0x2c, 0x30, 0x2c, 0x31, 0x2e, 0x37, 0x39, 0x2d, 0x31, 0x2e, 0x37, 0x39, 0x56,
    0x32, 0x31, 0x41, 0x31, 0x2e, 0x38, 0x2c, 0x31, 0x2e, 0x38, 0x2c, 0x30, 0x2c, 0x30, 0x2c, 0x30,
    0x2c, 0x33, 0x33, 0x2c, 0x31, 0x39, 0x2e, 0x37, 0x32, 0x5a, 0x22, 0x2f, 0x3e, 0x3c, 0x2f, 0x67,
    0x3e, 0x3c, 0x70, 0x61, 0x74, 0x68, 0x20, 0x64, 0x3d, 0x22, 0x4d, 0x35, 0x30, 0x2c, 0x34, 0x38,
    0x2e, 0x32, 0x32, 0x41, 0x31, 0x2e, 0x38, 0x2c, 0x31, 0x2e, 0x38, 0x2c, 0x30, 0x2c, 0x30, 0x2c,
    0x31, 0x2c, 0x34, 0x38, 0x2e, 0x32, 0x31, 0x2c, 0x35, 0x30, 0x48, 0x33, 0x37, 0x2e, 0x34, 0x38,
    0x61, 0x31, 0x2e, 0x38, 0x2c, 0x31, 0x2e, 0x38, 0x2c, 0x30, 0x2c, 0x30, 0x2c, 0x31, 0x2d, 0x31,
    0x2e, 0x38, 0x2d, 0x31, 0x2e, 0x37, 0x38, 0x56, 0x31, 0x36, 0x61, 0x31, 0x2e, 0x38, 0x2c, 0x31,
    0x2e, 0x38, 0x2c, 0x30, 0x2c, 0x30, 0x2c, 0x31, 0x2c, 0x31, 0x2e, 0x38, 0x2d, 0x31, 0x2e, 0x37,
    0x39, 0x48, 0x34, 0x38, 0x2e, 0x32, 0x31, 0x41, 0x31, 0x2e, 0x38, 0x2c, 0x31, 0x2e, 0x38, 0x2c,
    0x30, 0x2c, 0x30, 0x2c, 0x31, 0x2c, 0x35, 0x30, 0x2c, 0x31, 0x36, 0x5a, 0x22, 0x20, 0x73, 0x74,
    0x79, 0x6c, 0x65, 0x3d, 0x22, 0x66, 0x69, 0x6c, 0x6c, 0x3a, 0x23, 0x66, 0x66, 0x66, 0x22, 0x2f,
    0x3e, 0x3c, 0x70, 0x61, 0x74, 0x68, 0x20, 0x64, 0x3d, 0x22, 0x4d, 0x32, 0x38, 0x2e, 0x35, 0x33,
    0x2c, 0x34, 0x38, 0x2e, 0x32, 0x32, 0x41, 0x31, 0x2e, 0x37, 0x39, 0x2c, 0x31, 0x2e, 0x37, 0x39,
    0x2c, 0x30, 0x2c, 0x30, 0x2c, 0x31, 0x2c, 0x32, 0x36, 0x2e, 0x37, 0x34, 0x2c, 0x35, 0x30, 0x48,
    0x31, 0x36, 0x61, 0x31, 0x2e, 0x37, 0x39, 0x2c, 0x31, 0x2e, 0x37, 0x39, 0x2c, 0x30, 0x2c, 0x30,
    0x2c, 0x31, 0x2d, 0x31, 0x2e, 0x37, 0x39, 0x2d, 0x31, 0x2e, 0x37, 0x38, 0x56, 0x31, 0x36, 0x41,
    0x31, 0x2e, 0x37, 0x39, 0x2c, 0x31, 0x2e, 0x37, 0x39, 0x2c, 0x30, 0x2c, 0x30, 0x2c, 0x31, 0x2c,
    0x31, 0x36, 0x2c, 0x31, 0x34, 0x2e, 0x32, 0x32, 0x48, 0x32, 0x36, 0x2e, 0x37, 0x34, 0x41, 0x31,
    0x2e, 0x37, 0x39, 0x2c, 0x31, 0x2e, 0x37, 0x39, 0x2c, 0x30, 0x2c, 0x30, 0x2c, 0x31, 0x2c, 0x32,
    0x38, 0x2e, 0x35, 0x33, 0x2c, 0x31, 0x36, 0x5a, 0x22, 0x20, 0x73, 0x74, 0x79, 0x6c, 0x65, 0x3d,
    0x22, 0x66, 0x69, 0x6c, 0x6c, 0x3a, 0x23, 0x66, 0x66, 0x66, 0x22, 0x2f, 0x3e, 0x3c, 0x2f, 0x67,
    0x3e, 0x3c, 0x2f, 0x67, 0x3e, 0x3c, 0x2f, 0x73, 0x76, 0x67, 0x3e,
};
static const size_t main_toolbar_pause_svg_len = 2779;

static const unsigned char main_toolbar_stop_svg[] = {
    0x3c, 0x73, 0x76, 0x67, 0x20, 0x78, 0x6d, 0x6c, 0x6e, 0x73, 0x3d, 0x22, 0x68, 0x74, 0x74, 0x70,
    0x3a, 0x2f, 0x2f, 0x77, 0x77, 0x77, 0x2e, 0x77, 0x33, 0x2e, 0x6f, 0x72, 0x67, 0x2f, 0x32, 0x30,
    0x30, 0x30, 0x2f, 0x73, 0x76, 0x67, 0x22, 0x20, 0x76, 0x69, 0x65, 0x77, 0x42, 0x6f, 0x78, 0x3d,
    0x22, 0x30, 0x20, 0x30, 0x20, 0x36, 0x34, 0x2e, 0x32, 0x32, 0x20, 0x36, 0x34, 0x2e, 0x32, 0x32,
    0x22, 0x3e, 0x3c, 0x67, 0x20, 0x73, 0x74, 0x79, 0x6c, 0x65, 0x3d, 0x22, 0x69, 0x73, 0x6f, 0x6c,
    0x61, 0x74, 0x69, 0x6f, 0x6e, 0x3a, 0x69, 0x73, 0x6f, 0x6c, 0x61, 0x74, 0x65, 0x22, 0x3e, 0x3c,
    0x67, 0x20, 0x69, 0x64, 0x3d, 0x22, 0x4c, 0x61, 0x79, 0x65, 0x72, 0x5f, 0x31, 0x22, 0x20, 0x64,
    0x61, 0x74, 0x61, 0x2d, 0x6e, 0x61, 0x6d, 0x65, 0x3d, 0x22, 0x4c, 0x61, 0x79, 0x65, 0x72, 0x20,
    0x31, 0x22, 0x3e, 0x3c, 0x72, 0x65, 0x63, 0x74, 0x20, 0x77, 0x69, 0x64, 0x74, 0x68, 0x3d, 0x22,
    0x36, 0x34, 0x2e, 0x32, 0x32, 0x22, 0x20, 0x68, 0x65, 0x69, 0x67, 0x68, 0x74, 0x3d, 0x22, 0x36,
    0x34, 0x2e, 0x32, 0x32, 0x22, 0x20, 0x72, 0x78, 0x3d, 0x22, 0x31, 0x30, 0x2e, 0x30, 0x33, 0x22,
    0x20, 0x73, 0x74, 0x79, 0x6c, 0x65, 0x3d, 0x22, 0x66, 0x69, 0x6c, 0x6c, 0x3a, 0x23, 0x65, 0x36,
    0x35, 0x36, 0x34, 0x38, 0x22, 0x2f, 0x3e, 0x3c, 0x70, 0x61, 0x74, 0x68, 0x20, 0x64, 0x3d, 0x22,
    0x4d, 0x35, 0x34, 0x2e, 0x34, 0x34, 0x2c, 0x31, 0x39, 0x2e, 0x37, 0x32, 0x6c, 0x2d, 0x2e, 0x31,
    0x2d, 0x2e, 0x31, 0x2d, 0x2e, 0x31, 0x2d, 0x2e, 0x31, 0x2d, 0x2e, 0x31, 0x2d, 0x2e, 0x31, 0x2d,
    0x2e, 0x31, 0x2d, 0x2e, 0x30, 0x39, 0x2d, 0x2e, 0x31, 0x2d, 0x2e, 0x31, 0x61, 0x2e, 0x34, 0x37,
    0x2e, 0x34, 0x37, 0x2c, 0x30, 0x2c, 0x30, 0x2c, 0x30, 0x2d, 0x2e, 0x31, 0x2d, 0x2e, 0x31, 0x6c,
    0x2d, 0x2e, 0x30, 0x39, 0x2d, 0x2e, 0x31, 0x2d, 0x2e, 0x31, 0x2d, 0x2e, 0x31, 0x2d, 0x2e, 0x31,
    0x2d, 0x2e, 0x31, 0x2d, 0x2e, 0x31, 0x2d, 0x2e, 0x30, 0x39, 0x2d, 0x2e, 0x31, 0x2d, 0x2e, 0x31,
    0x2d, 0x2e, 0x31, 0x2d, 0x2e, 0x31, 0x2d, 0x2e, 0x30, 0x39, 0x2d, 0x2e, 0x31, 0x2d, 0x2e, 0x31,
    0x2d, 0x2e, 0x31, 0x2d, 0x2e, 0x31, 0x2d, 0x2e, 0x31, 0x2d, 0x2e, 0x31, 0x2d, 0x2e, 0x31, 0x2d,
    0x2e, 0x31, 0x2d, 0x2e, 0x30, 0x39, 0x2d, 0x2e, 0x30, 0x39, 0x2d, 0x2e, 0x31, 0x2d, 0x2e, 0x31,
    0x31, 0x2d, 0x2e, 0x31, 0x2d, 0x2e, 0x30, 0x39, 0x2d, 0x2e, 0x31, 0x2d, 0x2e, 0x31, 0x2d, 0x2e,
    0x31, 0x61, 0x2e, 0x39, 0x34, 0x2e, 0x39, 0x34, 0x2c, 0x30, 0x2c, 0x30, 0x2c, 0x31, 0x2d, 0x2e,
    0x31, 0x2d, 0x2e, 0x31, 0x6c, 0x2d, 0x2e, 0x31, 0x2d, 0x2e, 0x31, 0x2d, 0x2e, 0x31, 0x2d, 0x2e,
    0x30, 0x39, 0x2d, 0x2e, 0x30, 0x39, 0x2d, 0x2e, 0x31, 0x2d, 0x2e, 0x31, 0x31, 0x2d, 0x2e, 0x31,
    0x2d, 0x2e, 0x30, 0x39, 0x2d, 0x2e, 0x31, 0x2d, 0x2e, 0x31, 0x2d, 0x2e, 0x31, 0x2d, 0x2e, 0x31,
    0x2d, 0x2e, 0x30, 0x39, 0x61, 0x36, 0x36, 0x33, 0x34, 0x34, 0x32, 0x38, 0x38, 0x32, 0x35, 0x35,
    0x33, 0x35, 0x2e, 0x32, 0x35, 0x2c, 0x36, 0x36, 0x33, 0x34, 0x34, 0x32, 0x38, 0x38, 0x32, 0x35,
    0x35, 0x33, 0x35, 0x2e, 0x32, 0x35, 0x2c, 0x30, 0x2c, 0x30, 0x2c, 0x31, 0x2d, 0x2e, 0x32, 0x2d,
    0x2e, 0x32, 0x6c, 0x2d, 0x2e, 0x30, 0x39, 0x2d, 0x2e, 0x31, 0x2d, 0x2e, 0x31, 0x2d, 0x2e, 0x31,
    0x2d, 0x2e, 0x31, 0x2d, 0x2e, 0x31, 0x2d, 0x2e, 0x31, 0x2d, 0x2e, 0x30, 0x39, 0x61, 0x2e, 0x34,
    0x37, 0x2e, 0x34, 0x37, 0x2c, 0x30, 0x2c, 0x30, 0x2c, 0x30, 0x2d, 0x2e, 0x31, 0x2d, 0x2e, 0x31,
    0x6c, 0x2d, 0x2e, 0x31, 0x2d, 0x2e, 0x31, 0x4c, 0x35, 0x30, 0x2e, 0x37, 0x2c, 0x31, 0x36, 0x61,
    0x2e, 0x39, 0x34, 0x2e, 0x39, 0x34, 0x2c, 0x30, 0x2c, 0x30, 0x2c, 0x31, 0x2d, 0x2e, 0x31, 0x2d,
    0x2e, 0x31, 0x6c, 0x2d, 0x2e, 0x31, 0x2d, 0x2e, 0x31, 0x2d, 0x2e, 0x31, 0x2d, 0x2e, 0x30, 0x39,
    0x2d, 0x2e, 0x31, 0x2d, 0x2e, 0x31, 0x31, 0x2d, 0x2e, 0x30, 0x39, 0x2d, 0x2e, 0x30, 0x39, 0x2d,
    0x2e, 0x31, 0x31, 0x2d, 0x2e, 0x31, 0x2d, 0x2e, 0x30, 0x39, 0x2d, 0x2e, 0x31, 0x2d, 0x2e, 0x31,
    0x2d, 0x2e, 0x31, 0x2d, 0x2e, 0x31, 0x2d, 0x2e, 0x31, 0x2d, 0x2e, 0x31, 0x2d, 0x2e, 0x30, 0x39,
    0x2d, 0x2e, 0x31, 0x2d, 0x2e, 0x31, 0x2d, 0x2e, 0x30, 0x39, 0x2d, 0x2e, 0x31, 0x61, 0x31, 0x2e,
    0x38, 0x2c, 0x31, 0x2e, 0x38, 0x2c, 0x30, 0x2c, 0x30, 0x2c, 0x30, 0x2d, 0x31, 0x2e, 0x33, 0x31,
    0x2d, 0x2e, 0x35, 0x38, 0x48, 0x31, 0x36, 0x41, 0x31, 0x2e, 0x37, 0x39, 0x2c, 0x31, 0x2e, 0x37,
    0x39, 0x2c, 0x30, 0x2c, 0x30, 0x2c, 0x30, 0x2c, 0x31, 0x34, 0x2e, 0x32, 0x33, 0x2c, 0x31, 0x36,
    0x76, 0x33, 0x32, 0x2e, 0x32, 0x61, 0x31, 0x2e, 0x37, 0x39, 0x2c, 0x31, 0x2e, 0x37, 0x39, 0x2c,
    0x30, 0x2c, 0x30, 0x2c, 0x30, 0x2c, 0x2e, 0x35, 0x37, 0x2c, 0x31, 0x2e, 0x33, 0x31, 0x6c, 0x2e,
    0x31, 0x2e, 0x31, 0x2e, 0x31, 0x2e, 0x31, 0x2e, 0x31, 0x2e, 0x31, 0x2e, 0x31, 0x2e, 0x31, 0x2e,
    0x30, 0x39, 0x2e, 0x30, 0x39, 0x2e, 0x31, 0x31, 0x2e, 0x31, 0x2e, 0x30, 0x39, 0x2e, 0x31, 0x2e,
    0x31, 0x2e, 0x31, 0x61, 0x2e, 0x39, 0x34, 0x2e, 0x39, 0x34, 0x2c, 0x30, 0x2c, 0x30, 0x2c, 0x30,
    0x2c, 0x2e, 0x31, 0x2e, 0x31, 0x6c, 0x2e, 0x30, 0x39, 0x2e, 0x30, 0x39, 0x2e, 0x31, 0x31, 0x2e,
    0x31, 0x31, 0x2e, 0x30, 0x39, 0x2e, 0x30, 0x39, 0x2e, 0x31, 0x2e, 0x31, 0x61, 0x2e, 0x39, 0x34,
    0x2e, 0x39, 0x34, 0x2c, 0x30, 0x2c, 0x30, 0x2c, 0x30, 0x2c, 0x2e, 0x31, 0x2e, 0x31, 0x6c, 0x2e,
    0x31, 0x2e, 0x31, 0x2e, 0x31, 0x2e, 0x31, 0x2e, 0x30, 0x39, 0x2e, 0x30, 0x39, 0x2e, 0x31, 0x2e,
    0x31, 0x2e, 0x31, 0x2e, 0x31, 0x2e, 0x31, 0x2e, 0x31, 0x61, 0x2e, 0x39, 0x34, 0x2e, 0x39, 0x34,
    0x2c, 0x30, 0x2c, 0x30, 0x2c, 0x30, 0x2c, 0x2e, 0x31, 0x2e, 0x31, 0x6c, 0x2e, 0x31, 0x2e, 0x31,
    0x2e, 0x31, 0x2e, 0x31, 0x2e, 0x30, 0x39, 0x2e, 0x30, 0x39, 0x2e, 0x31, 0x2e, 0x31, 0x2e, 0x31,
    0x2e, 0x31, 0x2e, 0x31, 0x2e, 0x31, 0x2e, 0x31, 0x2e, 0x31, 0x2e, 0x31, 0x2e, 0x31, 0x2e, 0x30,
    0x39, 0x2e, 0x30, 0x39, 0x2e, 0x31, 0x2e, 0x31, 0x2e, 0x31, 0x2e, 0x31, 0x2e, 0x31, 0x2e, 0x31,
    0x2e, 0x31, 0x2e, 0x31, 0x2e, 0x31, 0x2e, 0x31, 0x2e, 0x30, 0x39, 0x2e, 0x30, 0x39, 0x2e, 0x31,
    0x2e, 0x31, 0x61, 0x2e, 0x39, 0x34, 0x2e, 0x39, 0x34, 0x2c, 0x30, 0x2c, 0x30, 0x2c, 0x30, 0x2c,
    0x2e, 0x31, 0x2e, 0x31, 0x6c, 0x2e, 0x31, 0x2e, 0x31, 0x2e, 0x31, 0x2e, 0x30, 0x39, 0x61, 0x2e,
    0x35, 0x32, 0x2e, 0x35, 0x32, 0x2c, 0x30, 0x2c, 0x30, 0x2c, 0x30, 0x2c, 0x2e, 0x31, 0x2e, 0x31,
    0x31, 0x6c, 0x2e, 0x30, 0x39, 0x2e, 0x30, 0x39, 0x2e, 0x31, 0x2e, 0x31, 0x2e, 0x31, 0x2e, 0x31,
    0x2e, 0x31, 0x2e, 0x31, 0x61, 0x2e, 0x39, 0x34, 0x2e, 0x39, 0x34, 0x2c, 0x30, 0x2c, 0x30, 0x2c,
    0x30, 0x2c, 0x2e, 0x31, 0x2e, 0x31, 0x6c, 0x2e, 0x31, 0x2e, 0x31, 0x2e, 0x30, 0x39, 0x2e, 0x30,
    0x39, 0x2e, 0x31, 0x2e, 0x31, 0x2e, 0x31, 0x2e, 0x31, 0x41, 0x31, 0x2e, 0x38, 0x2c, 0x31, 0x2e,
    0x38, 0x2c, 0x30, 0x2c, 0x30, 0x2c, 0x30, 0x2c, 0x32, 0x31, 0x2c, 0x35, 0x35, 0x68, 0x33, 0x32,
    0x2e, 0x32, 0x41, 0x31, 0x2e, 0x37, 0x39, 0x2c, 0x31, 0x2e, 0x37, 0x39, 0x2c, 0x30, 0x2c, 0x30,
    0x2c, 0x30, 0x2c, 0x35, 0x35, 0x2c, 0x35, 0x33, 0x2e, 0x32, 0x32, 0x56, 0x32, 0x31, 0x41, 0x31,
    0x2e, 0x37, 0x39, 0x2c, 0x31, 0x2e, 0x37, 0x39, 0x2c, 0x30, 0x2c, 0x30, 0x2c, 0x30, 0x2c, 0x35,
    0x34, 0x2e, 0x34, 0x34, 0x2c, 0x31, 0x39, 0x2e, 0x37, 0x32, 0x5a, 0x22, 0x20, 0x73, 0x74, 0x79,
    0x6c, 0x65, 0x3d, 0x22, 0x6d, 0x69, 0x78, 0x2d, 0x62, 0x6c, 0x65, 0x6e, 0x64, 0x2d, 0x6d, 0x6f,
    0x64, 0x65, 0x3a, 0x64, 0x61, 0x72, 0x6b, 0x65, 0x6e, 0x3b, 0x6f, 0x70, 0x61, 0x63, 0x69, 0x74,
    0x79, 0x3a, 0x30, 0x2e, 0x35, 0x22, 0x2f, 0x3e, 0x3c, 0x70, 0x61, 0x74, 0x68, 0x20, 0x64, 0x3d,
    0x22, 0x4d, 0x35, 0x30, 0x2c, 0x34, 0x38, 0x2e, 0x32, 0x31, 0x41, 0x31, 0x2e, 0x37, 0x39, 0x2c,
    0x31, 0x2e, 0x37, 0x39, 0x2c, 0x30, 0x2c, 0x30, 0x2c, 0x31, 0x2c, 0x34, 0x38, 0x2e, 0x32, 0x31,
    0x2c, 0x35, 0x30, 0x48, 0x31, 0x36, 0x61, 0x31, 0x2e, 0x37, 0x39, 0x2c, 0x31, 0x2e, 0x37, 0x39,
    0x2c, 0x30, 0x2c, 0x30, 0x2c, 0x31, 0x2d, 0x31, 0x2e, 0x37, 0x38, 0x2d, 0x31, 0x2e, 0x37, 0x39,
    0x56, 0x31, 0x36, 0x41, 0x31, 0x2e, 0x37, 0x39, 0x2c, 0x31, 0x2e, 0x37, 0x39, 0x2c, 0x30, 0x2c,
    0x30, 0x2c, 0x31, 0x2c, 0x31, 0x36, 0x2c, 0x31, 0x34, 0x2e, 0x32, 0x32, 0x68, 0x33, 0x32, 0x2e,
    0x32, 0x41, 0x31, 0x2e, 0x37, 0x39, 0x2c, 0x31, 0x2e, 0x37, 0x39, 0x2c, 0x30, 0x2c, 0x30, 0x2c,
    0x31, 0x2c, 0x35, 0x30, 0x2c, 0x31, 0x36, 0x5a, 0x22, 0x20, 0x73, 0x74, 0x79, 0x6c, 0x65, 0x3d,
    0x22, 0x66, 0x69, 0x6c, 0x6c, 0x3a, 0x23, 0x66, 0x66, 0x66, 0x22, 0x2f, 0x3e, 0x3c, 0x2f, 0x67,
    0x3e, 0x3c, 0x2f, 0x67, 0x3e, 0x3c, 0x2f, 0x73, 0x76, 0x67, 0x3e,
};
static const size_t main_toolbar_stop_svg_len = 1323;

static const unsigned char main_toolbar_first_frame_svg[] = {
    0x3c, 0x73, 0x76, 0x67, 0x20, 0x78, 0x6d, 0x6c, 0x6e, 0x73, 0x3d, 0x22, 0x68, 0x74, 0x74, 0x70,
    0x3a, 0x2f, 0x2f, 0x77, 0x77, 0x77, 0x2e, 0x77, 0x33, 0x2e, 0x6f, 0x72, 0x67, 0x2f, 0x32, 0x30,
    0x30, 0x30, 0x2f, 0x73, 0x76, 0x67, 0x22, 0x20, 0x76, 0x69, 0x65, 0x77, 0x42, 0x6f, 0x78, 0x3d,
    0x22, 0x30, 0x20, 0x30, 0x20, 0x36, 0x34, 0x2e, 0x32, 0x32, 0x20, 0x36, 0x34, 0x2e, 0x32, 0x32,
    0x22, 0x3e, 0x3c, 0x67, 0x20, 0x73, 0x74, 0x79, 0x6c, 0x65, 0x3d, 0x22, 0x69, 0x73, 0x6f, 0x6c,
    0x61, 0x74, 0x69, 0x6f, 0x6e, 0x3a, 0x69, 0x73, 0x6f, 0x6c, 0x61, 0x74, 0x65, 0x22, 0x3e, 0x3c,
    0x67, 0x20, 0x69, 0x64, 0x3d, 0x22, 0x4c, 0x61, 0x79, 0x65, 0x72, 0x5f, 0x31, 0x22, 0x20, 0x64,
    0x61, 0x74, 0x61, 0x2d, 0x6e, 0x61, 0x6d, 0x65, 0x3d, 0x22, 0x4c, 0x61, 0x79, 0x65, 0x72, 0x20,
    0x31, 0x22, 0x3e, 0x3c, 0x72, 0x65, 0x63, 0x74, 0x20, 0x77, 0x69, 0x64, 0x74, 0x68, 0x3d, 0x22,
    0x36, 0x34, 0x2e, 0x32, 0x32, 0x22, 0x20, 0x68, 0x65, 0x69, 0x67, 0x68, 0x74, 0x3d, 0x22, 0x36,
    0x34, 0x2e, 0x32, 0x32, 0x22, 0x20, 0x72, 0x78, 0x3d, 0x22, 0x31, 0x30, 0x2e, 0x30, 0x33, 0x22,
    0x20, 0x73, 0x74, 0x79, 0x6c, 0x65, 0x3d, 0x22, 0x66, 0x69, 0x6c, 0x6c, 0x3a, 0x23, 0x35, 0x34,
    0x39, 0x34, 0x39, 0x34, 0x22, 0x2f, 0x3e, 0x3c, 0x70, 0x61, 0x74, 0x68, 0x20, 0x64, 0x3d, 0x22,
    0x4d, 0x35, 0x36, 0x2e, 0x36, 0x31, 0x2c, 0x32, 0x36, 0x2e, 0x33, 0x32, 0x6c, 0x2d, 0x2e, 0x31,
    0x2d, 0x2e, 0x31, 0x2d, 0x2e, 0x30, 0x39, 0x2d, 0x2e, 0x31, 0x2d, 0x2e, 0x31, 0x31, 0x2d, 0x2e,
    0x31, 0x2d, 0x2e, 0x30, 0x39, 0x2d, 0x2e, 0x30, 0x39, 0x2d, 0x2e, 0x31, 0x2d, 0x2e, 0x31, 0x61,
    0x2e, 0x39, 0x34, 0x2e, 0x39, 0x34, 0x2c, 0x30, 0x2c, 0x30, 0x2c, 0x30, 0x2d, 0x2e, 0x31, 0x2d,
    0x2e, 0x31, 0x6c, 0x2d, 0x2e, 0x31, 0x2d, 0x2e, 0x31, 0x2d, 0x2e, 0x30, 0x39, 0x2d, 0x2e, 0x31,
    0x2d, 0x2e, 0x31, 0x2d, 0x2e, 0x31, 0x2d, 0x2e, 0x31, 0x2d, 0x2e, 0x30, 0x39, 0x2d, 0x2e, 0x31,
    0x2d, 0x2e, 0x31, 0x2d, 0x2e, 0x31, 0x2d, 0x2e, 0x31, 0x2d, 0x2e, 0x31, 0x2d, 0x2e, 0x31, 0x2d,
    0x2e, 0x30, 0x39, 0x2d, 0x2e, 0x31, 0x2d, 0x2e, 0x31, 0x2d, 0x2e, 0x30, 0x39, 0x2d, 0x2e, 0x31,
    0x2d, 0x2e, 0x31, 0x31, 0x2d, 0x2e, 0x31, 0x2d, 0x2e, 0x30, 0x39, 0x2d, 0x2e, 0x31, 0x2d, 0x2e,
    0x31, 0x2d, 0x2e, 0x31, 0x2d, 0x2e, 0x31, 0x2d, 0x2e, 0x30, 0x39, 0x2d, 0x2e, 0x31, 0x2d, 0x2e,
    0x31, 0x31, 0x2d, 0x2e, 0x31, 0x2d, 0x2e, 0x30, 0x39, 0x2d, 0x2e, 0x30, 0x39, 0x2d, 0x2e, 0x31,
    0x2d, 0x2e, 0x31, 0x2d, 0x2e, 0x31, 0x2d, 0x2e, 0x31, 0x2d, 0x2e, 0x31, 0x2d, 0x2e, 0x31, 0x61,
    0x2e, 0x39, 0x34, 0x2e, 0x39, 0x34, 0x2c, 0x30, 0x2c, 0x30, 0x2c, 0x30, 0x2d, 0x2e, 0x31, 0x2d,
    0x2e, 0x31, 0x4c, 0x35, 0x34, 0x2c, 0x32, 0x33, 0x2e, 0x36, 0x37, 0x61, 0x2e, 0x39, 0x34, 0x2e,
    0x39, 0x34, 0x2c, 0x30, 0x2c, 0x30, 0x2c, 0x30, 0x2d, 0x2e, 0x31, 0x2d, 0x2e, 0x31, 0x6c, 0x2d,
    0x2e, 0x31, 0x2d, 0x2e, 0x31, 0x2d, 0x2e, 0x31, 0x2d, 0x2e, 0x31, 0x61, 0x2e, 0x34, 0x37, 0x2e,
    0x34, 0x37, 0x2c, 0x30, 0x2c, 0x30, 0x2c, 0x30, 0x2d, 0x2e, 0x31, 0x2d, 0x2e, 0x31, 0x2e, 0x39,
    0x34, 0x2e, 0x39, 0x34, 0x2c, 0x30, 0x2c, 0x30, 0x2c, 0x30, 0x2d, 0x2e, 0x31, 0x2d, 0x2e, 0x31,
    0x6c, 0x2d, 0x2e, 0x31, 0x2d, 0x2e, 0x31, 0x4c, 0x35, 0x33, 0x2e, 0x32, 0x37, 0x2c, 0x32, 0x33,
    0x6c, 0x2d, 0x2e, 0x31, 0x2d, 0x2e, 0x31, 0x2d, 0x2e, 0x31, 0x2d, 0x2e, 0x31, 0x61, 0x2e, 0x39,
    0x34, 0x2e, 0x39, 0x34, 0x2c, 0x30, 0x2c, 0x30, 0x2c, 0x30, 0x2d, 0x2e, 0x31, 0x2d, 0x2e, 0x31,
    0x6c, 0x2d, 0x2e, 0x30, 0x39, 0x2d, 0x2e, 0x31, 0x2d, 0x2e, 0x31, 0x31, 0x2d, 0x2e, 0x31, 0x2d,
    0x2e, 0x30, 0x39, 0x2d, 0x2e, 0x30, 0x39, 0x2d, 0x2e, 0x31, 0x2d, 0x2e, 0x31, 0x2d, 0x2e, 0x31,
    0x2d, 0x2e, 0x31, 0x61, 0x2e, 0x39, 0x34, 0x2e, 0x39, 0x34, 0x2c, 0x30, 0x2c, 0x30, 0x2c, 0x30,
    0x2d, 0x2e, 0x31, 0x2d, 0x2e, 0x31, 0x6c, 0x2d, 0x2e, 0x31, 0x2d, 0x2e, 0x31, 0x2d, 0x2e, 0x30,
    0x39, 0x2d, 0x2e, 0x31, 0x61, 0x2e, 0x34, 0x37, 0x2e, 0x34, 0x37, 0x2c, 0x30, 0x2c, 0x30, 0x2c,
    0x31, 0x2d, 0x2e, 0x31, 0x2d, 0x2e, 0x31, 0x4c, 0x35, 0x32, 0x2c, 0x32, 0x31, 0x2e, 0x37, 0x6c,
    0x2d, 0x2e, 0x31, 0x2d, 0x2e, 0x31, 0x61, 0x2e, 0x39, 0x34, 0x2e, 0x39, 0x34, 0x2c, 0x30, 0x2c,
    0x30, 0x2c, 0x30, 0x2d, 0x2e, 0x31, 0x2d, 0x2e, 0x31, 0x6c, 0x2d, 0x2e, 0x31, 0x2d, 0x2e, 0x31,
    0x63, 0x2d, 0x2e, 0x38, 0x2d, 0x2e, 0x39, 0x33, 0x2d, 0x32, 0x2e, 0x31, 0x38, 0x2d, 0x31, 0x2d,
    0x33, 0x2e, 0x37, 0x34, 0x2d, 0x2e, 0x31, 0x36, 0x6c, 0x2d, 0x37, 0x2e, 0x38, 0x39, 0x2c, 0x34,
    0x2e, 0x35, 0x33, 0x2c, 0x30, 0x2c, 0x30, 0x2d, 0x2e, 0x31, 0x2d, 0x2e, 0x30, 0x39, 0x2d, 0x2e,
    0x31, 0x2d, 0x2e, 0x31, 0x61, 0x2e, 0x34, 0x37, 0x2e, 0x34, 0x37, 0x2c, 0x30, 0x2c, 0x30, 0x2c,
    0x30, 0x2d, 0x2e, 0x31, 0x2d, 0x2e, 0x31, 0x6c, 0x2d, 0x2e, 0x30, 0x39, 0x2d, 0x2e, 0x31, 0x2d,
    0x2e, 0x31, 0x2d, 0x2e, 0x31, 0x2d, 0x2e, 0x31, 0x2d, 0x2e, 0x31, 0x61, 0x2e, 0x39, 0x34, 0x2e,
    0x39, 0x34, 0x2c, 0x30, 0x2c, 0x30, 0x2c, 0x31, 0x2d, 0x2e, 0x31, 0x2d, 0x2e, 0x31, 0x6c, 0x2d,
    0x2e, 0x31, 0x2d, 0x2e, 0x30, 0x39, 0x61, 0x37, 0x39, 0x36, 0x31, 0x33, 0x31, 0x34, 0x35, 0x39,
    0x30, 0x36, 0x35, 0x37, 0x2e, 0x35, 0x35, 0x2c, 0x37, 0x39, 0x36, 0x31, 0x33, 0x31, 0x34, 0x35,
    0x39, 0x30, 0x36, 0x35, 0x37, 0x2e, 0x35, 0x35, 0x2c, 0x30, 0x2c, 0x30, 0x2c, 0x31, 0x2d, 0x2e,
    0x32, 0x2d, 0x2e, 0x32, 0x6c, 0x2d, 0x2e, 0x30, 0x39, 0x2d, 0x2e, 0x31, 0x2d, 0x2e, 0x31, 0x2d,
    0x2e, 0x31, 0x2d, 0x2e, 0x31, 0x2d, 0x2e, 0x31, 0x2d, 0x2e, 0x31, 0x2d, 0x2e, 0x30, 0x39, 0x61,
    0x32, 0x36, 0x35, 0x33, 0x37, 0x37, 0x31, 0x35, 0x33, 0x30, 0x32, 0x31, 0x39, 0x2c, 0x32, 0x36,
    0x35, 0x33, 0x37, 0x37, 0x31, 0x35, 0x33, 0x30, 0x32, 0x31, 0x39, 0x2c, 0x30, 0x2c, 0x30, 0x2c,
    0x31, 0x2d, 0x2e, 0x32, 0x2d, 0x2e, 0x32, 0x6c, 0x2d, 0x2e, 0x31, 0x2d, 0x2e, 0x31, 0x2d, 0x2e,
    0x30, 0x39, 0x2d, 0x2e, 0x31, 0x2d, 0x2e, 0x31, 0x2d, 0x2e, 0x30, 0x39, 0x2d, 0x2e, 0x31, 0x2d,
    0x2e, 0x31, 0x31, 0x2d, 0x2e, 0x31, 0x2d, 0x2e, 0x30, 0x39, 0x61, 0x2e, 0x34, 0x37, 0x2e, 0x34,
    0x37, 0x2c, 0x30, 0x2c, 0x30, 0x2c, 0x30, 0x2d, 0x2e, 0x31, 0x2d, 0x2e, 0x31, 0x6c, 0x2d, 0x2e,
    0x30, 0x39, 0x2d, 0x2e, 0x31, 0x61, 0x2e, 0x34, 0x37, 0x2e, 0x34, 0x37, 0x2c, 0x30, 0x2c, 0x30,
    0x2c, 0x31, 0x2d, 0x2e, 0x31, 0x2d, 0x2e, 0x31, 0x6c, 0x2d, 0x2e, 0x31, 0x2d, 0x2e, 0x31, 0x2d,
    0x2e, 0x31, 0x2d, 0x2e, 0x31, 0x2d, 0x2e, 0x31, 0x2d, 0x2e, 0x30, 0x39, 0x61, 0x2e, 0x34, 0x37,
    0x2e, 0x34, 0x37, 0x2c, 0x30, 0x2c, 0x30, 0x2c, 0x30, 0x2d, 0x2e, 0x31, 0x2d, 0x2e, 0x31, 0x6c,
    0x2d, 0x2e, 0x30, 0x39, 0x2d, 0x2e, 0x31, 0x2d, 0x2e, 0x31, 0x2d, 0x2e, 0x31, 0x2d, 0x2e, 0x31,
    0x2d, 0x2e, 0x31, 0x2d, 0x2e, 0x31, 0x2d, 0x2e, 0x30, 0x39, 0x2d, 0x2e, 0x31, 0x2d, 0x2e, 0x31,
    0x31, 0x2d, 0x2e, 0x31, 0x2d, 0x2e, 0x30, 0x39, 0x2d, 0x2e, 0x30, 0x39, 0x2d, 0x2e, 0x31, 0x2d,
    0x2e, 0x31, 0x31, 0x2d, 0x2e, 0x31, 0x61, 0x2e, 0x37, 0x36, 0x2e, 0x37, 0x36, 0x2c, 0x30, 0x2c,
    0x30, 0x2c, 0x30, 0x2d, 0x2e, 0x30, 0x39, 0x2d, 0x2e, 0x30, 0x39, 0x6c, 0x2d, 0x2e, 0x31, 0x2d,
    0x2e, 0x31, 0x31, 0x2d, 0x2e, 0x31, 0x2d, 0x2e, 0x30, 0x39, 0x61, 0x2e, 0x34, 0x37, 0x2e, 0x34,
    0x37, 0x2c, 0x30, 0x2c, 0x30, 0x2c, 0x30, 0x2d, 0x2e, 0x31, 0x2d, 0x2e, 0x31, 0x4c, 0x33, 0x36,
    0x2c, 0x32, 0x31, 0x2e, 0x37, 0x61, 0x2e, 0x34, 0x37, 0x2e, 0x34, 0x37, 0x2c, 0x30, 0x2c, 0x30,
    0x2c, 0x31, 0x2d, 0x2e, 0x31, 0x2d, 0x2e, 0x31, 0x6c, 0x2d, 0x2e, 0x31, 0x2d, 0x2e, 0x31, 0x2d,
    0x2e, 0x31, 0x2d, 0x2e, 0x30, 0x39, 0x63, 0x2d, 0x2e, 0x38, 0x31, 0x2d, 0x2e, 0x39, 0x33, 0x2d,
    0x32, 0x2e, 0x31, 0x38, 0x2d, 0x31, 0x2e, 0x30, 0x36, 0x2d, 0x33, 0x2e, 0x37, 0x34, 0x2d, 0x2e,
    0x31, 0x37, 0x6c, 0x2d, 0x38, 0x2e, 0x37, 0x39, 0x2c, 0x35, 0x61, 0x34, 0x2e, 0x37, 0x37, 0x2c,
    0x34, 0x2e, 0x37, 0x37, 0x2c, 0x30, 0x2c, 0x30, 0x2c, 0x30, 0x2d, 0x31, 0x2d, 0x31, 0x2e, 0x33,
    0x37, 0x6c, 0x2d, 0x2e, 0x31, 0x2d, 0x2e, 0x30, 0x39, 0x2d, 0x2e, 0x31, 0x2d, 0x2e, 0x31, 0x2d,
    0x2e, 0x31, 0x2d, 0x2e, 0x31, 0x61, 0x2e, 0x39, 0x34, 0x2e, 0x39, 0x34, 0x2c, 0x30, 0x2c, 0x30,
    0x2c, 0x30, 0x2d, 0x2e, 0x31, 0x2d, 0x2e, 0x31, 0x6c, 0x2d, 0x2e, 0x30, 0x39, 0x2d, 0x2e, 0x31,
    0x61, 0x2e, 0x34, 0x37, 0x2e, 0x34, 0x37, 0x2c, 0x30, 0x2c, 0x30, 0x2c, 0x31, 0x2d, 0x2e, 0x31,
    0x2d, 0x2e, 0x31, 0x6c, 0x2d, 0x2e, 0x31, 0x2d, 0x2e, 0x30, 0x39, 0x2d, 0x2e, 0x31, 0x2d, 0x2e,
    0x31, 0x61, 0x2e, 0x39, 0x34, 0x2e, 0x39, 0x34, 0x2c, 0x30, 0x2c, 0x30, 0x2c, 0x30, 0x2d, 0x2e,
    0x31, 0x2d, 0x2e, 0x31, 0x2e, 0x39, 0x34, 0x2e, 0x39, 0x34, 0x2c, 0x30, 0x2c, 0x30, 0x2c, 0x30,
    0x2d, 0x2e, 0x31, 0x2d, 0x2e, 0x31, 0x6c, 0x2d, 0x2e, 0x30, 0x39, 0x2d, 0x2e, 0x31, 0x61, 0x2e,
    0x34, 0x37, 0x2e, 0x34, 0x37, 0x2c, 0x30, 0x2c, 0x30, 0x2c, 0x31, 0x2d, 0x2e, 0x31, 0x2d, 0x2e,
    0x31, 0x6c, 0x2d, 0x2e, 0x31, 0x2d, 0x2e, 0x30, 0x39, 0x2d, 0x2e, 0x31, 0x2d, 0x2e, 0x31, 0x61,
    0x37, 0x39, 0x36, 0x31, 0x33, 0x31, 0x34, 0x35, 0x39, 0x30, 0x36, 0x35, 0x37, 0x2e, 0x31, 0x31,
    0x2c, 0x37, 0x39, 0x36, 0x31, 0x33, 0x31, 0x34, 0x35, 0x39, 0x30, 0x36, 0x35, 0x37, 0x2e, 0x31,
    0x31, 0x2c, 0x30, 0x2c, 0x30, 0x2c, 0x31, 0x2d, 0x2e, 0x32, 0x2d, 0x2e, 0x32, 0x6c, 0x2d, 0x2e,
    0x31, 0x2d, 0x2e, 0x31, 0x2d, 0x2e, 0x31, 0x2d, 0x2e, 0x31, 0x4c, 0x32, 0x30, 0x2e, 0x33, 0x35,
    0x2c, 0x32, 0x33, 0x6c, 0x2d, 0x2e, 0x31, 0x2d, 0x2e, 0x31, 0x61, 0x2e, 0x39, 0x34, 0x2e, 0x39,
    0x34, 0x2c, 0x30, 0x2c, 0x30, 0x2c, 0x30, 0x2d, 0x2e, 0x31, 0x2d, 0x2e, 0x31, 0x2e, 0x34, 0x37,
    0x2e, 0x34, 0x37, 0x2c, 0x30, 0x2c, 0x30, 0x2c, 0x30, 0x2d, 0x2e, 0x31, 0x2d, 0x2e, 0x31, 0x6c,
    0x2d, 0x2e, 0x31, 0x2d, 0x2e, 0x31, 0x2d, 0x2e, 0x30, 0x39, 0x2d, 0x2e, 0x31, 0x2d, 0x2e, 0x31,
    0x2d, 0x2e, 0x30, 0x39, 0x2d, 0x2e, 0x31, 0x2d, 0x2e, 0x31, 0x61, 0x2e, 0x39, 0x34, 0x2e, 0x39,
    0x34, 0x2c, 0x30, 0x2c, 0x30, 0x2c, 0x30, 0x2d, 0x2e, 0x31, 0x2d, 0x2e, 0x31, 0x2e, 0x34, 0x37,
    0x2e, 0x34, 0x37, 0x2c, 0x30, 0x2c, 0x30, 0x2c, 0x30, 0x2d, 0x2e, 0x31, 0x2d, 0x2e, 0x31, 0x2e,
    0x39, 0x34, 0x2e, 0x39, 0x34, 0x2c, 0x30, 0x2c, 0x30, 0x2c, 0x30, 0x2d, 0x2e, 0x31, 0x2d, 0x2e,
    0x31, 0x6c, 0x2d, 0x2e, 0x30, 0x39, 0x2d, 0x2e, 0x31, 0x2d, 0x2e, 0x31, 0x2d, 0x2e, 0x30, 0x39,
    0x2d, 0x2e, 0x31, 0x2d, 0x2e, 0x31, 0x31, 0x2d, 0x2e, 0x31, 0x2d, 0x2e, 0x30, 0x39, 0x61, 0x2e,
    0x34, 0x37, 0x2e, 0x34, 0x37, 0x2c, 0x30, 0x2c, 0x30, 0x2c, 0x30, 0x2d, 0x2e, 0x31, 0x2d, 0x2e,
    0x31, 0x2e, 0x39, 0x34, 0x2e, 0x39, 0x34, 0x2c, 0x30, 0x2c, 0x30, 0x2c, 0x30, 0x2d, 0x2e, 0x31,
    0x2d, 0x2e, 0x31, 0x6c, 0x2d, 0x2e, 0x31, 0x2d, 0x2e, 0x31, 0x2d, 0x2e, 0x30, 0x39, 0x2d, 0x2e,
    0x31, 0x2d, 0x2e, 0x31, 0x2d, 0x2e, 0x30, 0x39, 0x61, 0x2e, 0x39, 0x34, 0x2e, 0x39, 0x34, 0x2c,
    0x30, 0x2c, 0x30, 0x2c, 0x30, 0x2d, 0x2e, 0x31, 0x2d, 0x2e, 0x31, 0x2e, 0x34, 0x37, 0x2e, 0x34,
    0x37, 0x2c, 0x30, 0x2c, 0x30, 0x2c, 0x30, 0x2d, 0x2e, 0x31, 0x2d, 0x2e, 0x31, 0x2c, 0x37, 0x39,
    0x36, 0x31, 0x33, 0x31, 0x34, 0x35, 0x39, 0x30, 0x36, 0x35, 0x37, 0x2e, 0x31, 0x31, 0x2c, 0x37,
    0x39, 0x36, 0x31, 0x33, 0x31, 0x34, 0x35, 0x39, 0x30, 0x36, 0x35, 0x37, 0x2e, 0x31, 0x31, 0x2c,
    0x30, 0x2c, 0x30, 0x2c, 0x31, 0x2d, 0x2e, 0x32, 0x2d, 0x2e, 0x32, 0x6c, 0x2d, 0x2e, 0x30, 0x39,
    0x2d, 0x2e, 0x31, 0x2d, 0x2e, 0x31, 0x2d, 0x2e, 0x30, 0x39, 0x2d, 0x2e, 0x31, 0x2d, 0x2e, 0x31,
    0x61, 0x2e, 0x39, 0x34, 0x2e, 0x39, 0x34, 0x2c, 0x30, 0x2c, 0x30, 0x2c, 0x30, 0x2d, 0x2e, 0x31,
    0x2d, 0x2e, 0x31, 0x2e, 0x34, 0x37, 0x2e, 0x34, 0x37, 0x2c, 0x30, 0x2c, 0x30, 0x2c, 0x30, 0x2d,
    0x2e, 0x31, 0x2d, 0x2e, 0x31, 0x6c, 0x2d, 0x2e, 0x30, 0x39, 0x2d, 0x2e, 0x31, 0x61, 0x2e, 0x34,
    0x37, 0x2e, 0x34, 0x37, 0x2c, 0x30, 0x2c, 0x30, 0x2c, 0x31, 0x2d, 0x2e, 0x31, 0x2d, 0x2e, 0x31,
    0x2e, 0x34, 0x37, 0x2e, 0x34, 0x37, 0x2c, 0x30, 0x2c, 0x30, 0x2c, 0x31, 0x2d, 0x2e, 0x31, 0x2d,
    0x2e, 0x31, 0x2c, 0x32, 0x2e, 0x38, 0x2c, 0x32, 0x2e, 0x38, 0x2c, 0x30, 0x2c, 0x30, 0x2c, 0x30,
    0x2d, 0x32, 0x2d, 0x2e, 0x39, 0x34, 0x63, 0x2d, 0x31, 0x2e, 0x39, 0x35, 0x2c, 0x30, 0x2d, 0x33,
    0x2e, 0x35, 0x32, 0x2c, 0x32, 0x2e, 0x33, 0x33, 0x2d, 0x33, 0x2e, 0x35, 0x32, 0x2c, 0x35, 0x2e,
    0x31, 0x39, 0x56, 0x34, 0x30, 0x61, 0x36, 0x2e, 0x30, 0x37, 0x2c, 0x36, 0x2e, 0x30, 0x37, 0x2c,
    0x30, 0x2c, 0x30, 0x2c, 0x30, 0x2c, 0x31, 0x2e, 0x36, 0x2c, 0x34, 0x2e, 0x33, 0x34, 0x6c, 0x2e,
    0x31, 0x2e, 0x31, 0x31, 0x2e, 0x31, 0x2e, 0x30, 0x39, 0x2e, 0x31, 0x2e, 0x31, 0x2e, 0x30, 0x39,
    0x2e, 0x31, 0x2e, 0x31, 0x2e, 0x31, 0x2e, 0x31, 0x2e, 0x30, 0x39, 0x2e, 0x31, 0x2e, 0x31, 0x61,
    0x2e, 0x34, 0x37, 0x2e, 0x34, 0x37, 0x2c, 0x30, 0x2c, 0x30, 0x2c, 0x30, 0x2c, 0x2e, 0x31, 0x2e,
    0x31, 0x6c, 0x2e, 0x31, 0x2e, 0x31, 0x2e, 0x30, 0x39, 0x2e, 0x31, 0x2e, 0x31, 0x2e, 0x31, 0x61,
    0x2e, 0x34, 0x37, 0x2e, 0x34, 0x37, 0x2c, 0x30, 0x2c, 0x30, 0x2c, 0x31, 0x2c, 0x2e, 0x31, 0x2e,
    0x31, 0x6c, 0x2e, 0x31, 0x2e, 0x30, 0x39, 0x2e, 0x31, 0x2e, 0x31, 0x2e, 0x31, 0x2e, 0x31, 0x2e,
    0x30, 0x39, 0x2e, 0x31, 0x2e, 0x31, 0x2e, 0x31, 0x2e, 0x31, 0x2e, 0x31, 0x2e, 0x31, 0x2e, 0x30,
    0x39, 0x61, 0x33, 0x39, 0x38, 0x30, 0x36, 0x35, 0x37, 0x32, 0x39, 0x35, 0x33, 0x32, 0x38, 0x2e,
    0x36, 0x32, 0x2c, 0x33, 0x39, 0x38, 0x30, 0x36, 0x35, 0x37, 0x32, 0x39, 0x35, 0x33, 0x32, 0x38,
    0x2e, 0x36, 0x32, 0x2c, 0x30, 0x2c, 0x30, 0x2c, 0x31, 0x2c, 0x2e, 0x32, 0x2e, 0x32, 0x6c, 0x2e,
    0x31, 0x2e, 0x31, 0x2e, 0x30, 0x39, 0x2e, 0x31, 0x61, 0x2e, 0x34, 0x37, 0x2e, 0x34, 0x37, 0x2c,
    0x30, 0x2c, 0x30, 0x2c, 0x31, 0x2c, 0x2e, 0x31, 0x2e, 0x31, 0x6c, 0x2e, 0x31, 0x2e, 0x30, 0x39,
    0x2e, 0x31, 0x2e, 0x31, 0x2e, 0x31, 0x2e, 0x31, 0x2e, 0x31, 0x2e, 0x31, 0x2e, 0x31, 0x2e, 0x31,
    0x2e, 0x30, 0x39, 0x2e, 0x31, 0x2e, 0x31, 0x2e, 0x31, 0x2e, 0x31, 0x2e, 0x30, 0x39, 0x61, 0x2e,
    0x34, 0x37, 0x2e, 0x34, 0x37, 0x2c, 0x30, 0x2c, 0x30, 0x2c, 0x30, 0x2c, 0x2e, 0x31, 0x2e, 0x31,
    0x6c, 0x2e, 0x31, 0x2e, 0x31, 0x2e, 0x30, 0x39, 0x2e, 0x31, 0x61, 0x33, 0x39, 0x38, 0x30, 0x36,
    0x35, 0x37, 0x32, 0x39, 0x35, 0x33, 0x32, 0x38, 0x2e, 0x39, 0x33, 0x2c, 0x33, 0x39, 0x38, 0x30,
    0x36, 0x35, 0x37, 0x32, 0x39, 0x35, 0x33, 0x32, 0x38, 0x2e, 0x39, 0x33, 0x2c, 0x30, 0x2c, 0x30,
    0x2c, 0x30, 0x2c, 0x2e, 0x32, 0x2e, 0x32, 0x6c, 0x2e, 0x31, 0x2e, 0x30, 0x39, 0x2e, 0x31, 0x2e,
    0x31, 0x2e, 0x31, 0x2e, 0x31, 0x2e, 0x30, 0x39, 0x2e, 0x31, 0x2e, 0x31, 0x2e, 0x31, 0x2e, 0x31,
    0x2e, 0x30, 0x39, 0x61, 0x39, 0x39, 0x35, 0x31, 0x36, 0x34, 0x33, 0x32, 0x33, 0x38, 0x33, 0x31,
    0x35, 0x2e, 0x36, 0x38, 0x2c, 0x39, 0x39, 0x35, 0x31, 0x36, 0x34, 0x33, 0x32, 0x33, 0x38, 0x33,
    0x31, 0x35, 0x2e, 0x36, 0x38, 0x2c, 0x30, 0x2c, 0x30, 0x2c, 0x31, 0x2c, 0x2e, 0x32, 0x2e, 0x32,
    0x6c, 0x2e, 0x31, 0x2e, 0x31, 0x4c, 0x31, 0x38, 0x2c, 0x34, 0x39, 0x6c, 0x2e, 0x31, 0x2e, 0x31,
    0x2e, 0x31, 0x2e, 0x30, 0x39, 0x2e, 0x31, 0x2e, 0x31, 0x31, 0x61, 0x32, 0x2e, 0x38, 0x32, 0x2c,
    0x32, 0x2e, 0x38, 0x32, 0x2c, 0x30, 0x2c, 0x30, 0x2c, 0x30, 0x2c, 0x32, 0x2c, 0x2e, 0x39, 0x34,
    0x63, 0x31, 0x2e, 0x39, 0x33, 0x2c, 0x30, 0x2c, 0x33, 0x2e, 0x35, 0x31, 0x2d, 0x32, 0x2e, 0x33,
    0x32, 0x2c, 0x33, 0x2e, 0x35, 0x31, 0x2d, 0x35, 0x2e, 0x31, 0x39, 0x56, 0x34, 0x30, 0x2e, 0x34,
    0x35, 0x4c, 0x33, 0x37, 0x2c, 0x34, 0x38, 0x63, 0x32, 0x2e, 0x34, 0x38, 0x2c, 0x31, 0x2e, 0x34,
    0x32, 0x2c, 0x34, 0x2e, 0x35, 0x2e, 0x32, 0x36, 0x2c, 0x34, 0x2e, 0x35, 0x2d, 0x32, 0x2e, 0x36,
    0x32, 0x76, 0x2d, 0x34, 0x4c, 0x35, 0x33, 0x2c, 0x34, 0x38, 0x63, 0x32, 0x2e, 0x34, 0x39, 0x2c,
    0x31, 0x2e, 0x34, 0x32, 0x2c, 0x34, 0x2e, 0x35, 0x2e, 0x32, 0x36, 0x2c, 0x34, 0x2e, 0x35, 0x2d,
    0x32, 0x2e, 0x36, 0x32, 0x56, 0x32, 0x38, 0x2e, 0x38, 0x37, 0x41, 0x33, 0x2e, 0x35, 0x34, 0x2c,
    0x33, 0x2e, 0x35, 0x34, 0x2c, 0x30, 0x2c, 0x30, 0x2c, 0x30, 0x2c, 0x35, 0x36, 0x2e, 0x36, 0x31,
    0x2c, 0x32, 0x36, 0x2e, 0x33, 0x32, 0x5a, 0x22, 0x20, 0x73, 0x74, 0x79, 0x6c, 0x65, 0x3d, 0x22,
    0x6d, 0x69, 0x78, 0x2d, 0x62, 0x6c, 0x65, 0x6e, 0x64, 0x2d, 0x6d, 0x6f, 0x64, 0x65, 0x3a, 0x64,
    0x61, 0x72, 0x6b, 0x65, 0x6e, 0x3b, 0x6f, 0x70, 0x61, 0x63, 0x69, 0x74, 0x79, 0x3a, 0x30, 0x2e,
    0x35, 0x22, 0x2f, 0x3e, 0x3c, 0x70, 0x61, 0x74, 0x68, 0x20, 0x64, 0x3d, 0x22, 0x4d, 0x34, 0x38,
    0x2c, 0x32, 0x31, 0x2e, 0x32, 0x34, 0x2c, 0x33, 0x36, 0x2e, 0x34, 0x36, 0x2c, 0x32, 0x37, 0x2e,
    0x38, 0x33, 0x76, 0x2d, 0x34, 0x63, 0x30, 0x2d, 0x32, 0x2e, 0x38, 0x37, 0x2d, 0x32, 0x2d, 0x34,
    0x2d, 0x34, 0x2e, 0x35, 0x2d, 0x32, 0x2e, 0x36, 0x32, 0x4c, 0x31, 0x38, 0x2e, 0x38, 0x2c, 0x32,
    0x38, 0x2e, 0x37, 0x38, 0x56, 0x32, 0x34, 0x2e, 0x32, 0x33, 0x63, 0x30, 0x2d, 0x32, 0x2e, 0x38,
    0x36, 0x2d, 0x31, 0x2e, 0x35, 0x37, 0x2d, 0x35, 0x2e, 0x31, 0x39, 0x2d, 0x33, 0x2e, 0x35, 0x31,
    0x2d, 0x35, 0x2e, 0x31, 0x39, 0x73, 0x2d, 0x33, 0x2e, 0x35, 0x32, 0x2c, 0x32, 0x2e, 0x33, 0x33,
    0x2d, 0x33, 0x2e, 0x35, 0x32, 0x2c, 0x35, 0x2e, 0x31, 0x39, 0x56, 0x34, 0x30, 0x63, 0x30, 0x2c,
    0x32, 0x2e, 0x38, 0x37, 0x2c, 0x31, 0x2e, 0x35, 0x37, 0x2c, 0x35, 0x2e, 0x31, 0x39, 0x2c, 0x33,
    0x2e, 0x35, 0x32, 0x2c, 0x35, 0x2e, 0x31, 0x39, 0x53, 0x31, 0x38, 0x2e, 0x38, 0x2c, 0x34, 0x32,
    0x2e, 0x38, 0x36, 0x2c, 0x31, 0x38, 0x2e, 0x38, 0x2c, 0x34, 0x30, 0x56, 0x33, 0x35, 0x2e, 0x34,
    0x34, 0x4c, 0x33, 0x32, 0x2c, 0x34, 0x33, 0x63, 0x32, 0x2e, 0x34, 0x38, 0x2c, 0x31, 0x2e, 0x34,
    0x32, 0x2c, 0x34, 0x2e, 0x35, 0x2e, 0x32, 0x35, 0x2c, 0x34, 0x2e, 0x35, 0x2d, 0x32, 0x2e, 0x36,
    0x32, 0x76, 0x2d, 0x34, 0x4c, 0x34, 0x38, 0x2c, 0x34, 0x33, 0x63, 0x32, 0x2e, 0x34, 0x39, 0x2c,
    0x31, 0x2e, 0x34, 0x32, 0x2c, 0x34, 0x2e, 0x35, 0x2e, 0x32, 0x35, 0x2c, 0x34, 0x2e, 0x35, 0x2d,
    0x32, 0x2e, 0x36, 0x32, 0x56, 0x32, 0x33, 0x2e, 0x38, 0x36, 0x43, 0x35, 0x32, 0x2e, 0x34, 0x35,
    0x2c, 0x32, 0x31, 0x2c, 0x35, 0x30, 0x2e, 0x34, 0x34, 0x2c, 0x31, 0x39, 0x2e, 0x38, 0x32, 0x2c,
    0x34, 0x38, 0x2c, 0x32, 0x31, 0x2e, 0x32, 0x34, 0x5a, 0x22, 0x20, 0x73, 0x74, 0x79, 0x6c, 0x65,
    0x3d, 0x22, 0x66, 0x69, 0x6c, 0x6c, 0x3a, 0x23, 0x66, 0x66, 0x66, 0x22, 0x2f, 0x3e, 0x3c, 0x2f,
    0x67, 0x3e, 0x3c, 0x2f, 0x67, 0x3e, 0x3c, 0x2f, 0x73, 0x76, 0x67, 0x3e,
};
static const size_t main_toolbar_first_frame_svg_len = 2844;

static const unsigned char main_toolbar_last_frame_svg[] = {
    0x3c, 0x73, 0x76, 0x67, 0x20, 0x78, 0x6d, 0x6c, 0x6e, 0x73, 0x3d, 0x22, 0x68, 0x74, 0x74, 0x70,
    0x3a, 0x2f, 0x2f, 0x77, 0x77, 0x77, 0x2e, 0x77, 0x33, 0x2e, 0x6f, 0x72, 0x67, 0x2f, 0x32, 0x30,
    0x30, 0x30, 0x2f, 0x73, 0x76, 0x67, 0x22, 0x20, 0x76, 0x69, 0x65, 0x77, 0x42, 0x6f, 0x78, 0x3d,
    0x22, 0x30, 0x20, 0x30, 0x20, 0x36, 0x34, 0x2e, 0x32, 0x32, 0x20, 0x36, 0x34, 0x2e, 0x32, 0x32,
    0x22, 0x3e, 0x3c, 0x67, 0x20, 0x73, 0x74, 0x79, 0x6c, 0x65, 0x3d, 0x22, 0x69, 0x73, 0x6f, 0x6c,
    0x61, 0x74, 0x69, 0x6f, 0x6e, 0x3a, 0x69, 0x73, 0x6f, 0x6c, 0x61, 0x74, 0x65, 0x22, 0x3e, 0x3c,
    0x67, 0x20, 0x69, 0x64, 0x3d, 0x22, 0x4c, 0x61, 0x79, 0x65, 0x72, 0x5f, 0x31, 0x22, 0x20, 0x64,
    0x61, 0x74, 0x61, 0x2d, 0x6e, 0x61, 0x6d, 0x65, 0x3d, 0x22, 0x4c, 0x61, 0x79, 0x65, 0x72, 0x20,
    0x31, 0x22, 0x3e, 0x3c, 0x72, 0x65, 0x63, 0x74, 0x20, 0x77, 0x69, 0x64, 0x74, 0x68, 0x3d, 0x22,
    0x36, 0x34, 0x2e, 0x32, 0x32, 0x22, 0x20, 0x68, 0x65, 0x69, 0x67, 0x68, 0x74, 0x3d, 0x22, 0x36,
    0x34, 0x2e, 0x32, 0x32, 0x22, 0x20, 0x72, 0x78, 0x3d, 0x22, 0x31, 0x30, 0x2e, 0x30, 0x33, 0x22,
    0x20, 0x73, 0x74, 0x79, 0x6c, 0x65, 0x3d, 0x22, 0x66, 0x69, 0x6c, 0x6c, 0x3a, 0x23, 0x36, 0x38,
    0x63, 0x34, 0x61, 0x36, 0x22, 0x2f, 0x3e, 0x3c, 0x70, 0x61, 0x74, 0x68, 0x20, 0x64, 0x3d, 0x22,
    0x4d, 0x35, 0x35, 0x2e, 0x38, 0x37, 0x2c, 0x32, 0x34, 0x2e, 0x39, 0x31, 0x61, 0x2e, 0x39, 0x34,
    0x2e, 0x39, 0x34, 0x2c, 0x30, 0x2c, 0x30, 0x2c, 0x30, 0x2d, 0x2e, 0x31, 0x2d, 0x2e, 0x31, 0x6c,
    0x2d, 0x2e, 0x31, 0x2d, 0x2e, 0x31, 0x2d, 0x2e, 0x31, 0x2d, 0x2e, 0x31, 0x61, 0x2e, 0x39, 0x34,
    0x2e, 0x39, 0x34, 0x2c, 0x30, 0x2c, 0x30, 0x2c, 0x30, 0x2d, 0x2e, 0x31, 0x2d, 0x2e, 0x31, 0x6c,
    0x2d, 0x2e, 0x30, 0x39, 0x2d, 0x2e, 0x31, 0x2d, 0x2e, 0x31, 0x2d, 0x2e, 0x30, 0x39, 0x2d, 0x2e,
    0x31, 0x2d, 0x2e, 0x31, 0x41, 0x36, 0x36, 0x33, 0x34, 0x34, 0x32, 0x38, 0x38, 0x32, 0x35, 0x35,
    0x33, 0x35, 0x2e, 0x30, 0x37, 0x2c, 0x36, 0x36, 0x33, 0x34, 0x34, 0x32, 0x38, 0x38, 0x32, 0x35,
    0x35, 0x33, 0x35, 0x2e, 0x30, 0x37, 0x2c, 0x30, 0x2c, 0x30, 0x2c, 0x31, 0x2c, 0x35, 0x35, 0x2c,
    0x32, 0x34, 0x6c, 0x2d, 0x2e, 0x30, 0x39, 0x2d, 0x2e, 0x31, 0x2d, 0x2e, 0x31, 0x2d, 0x2e, 0x31,
    0x61, 0x2e, 0x34, 0x37, 0x2e, 0x34, 0x37, 0x2c, 0x30, 0x2c, 0x30, 0x2c, 0x31, 0x2d, 0x2e, 0x31,
    0x2d, 0x2e, 0x31, 0x6c, 0x2d, 0x2e, 0x31, 0x2d, 0x2e, 0x30, 0x39, 0x2d, 0x2e, 0x31, 0x2d, 0x2e,
    0x31, 0x2d, 0x2e, 0x31, 0x2d, 0x2e, 0x31, 0x2d, 0x2e, 0x31, 0x2d, 0x2e, 0x31, 0x2d, 0x2e, 0x30,
    0x39, 0x2d, 0x2e, 0x31, 0x61, 0x2e, 0x34, 0x37, 0x2e, 0x34, 0x37, 0x2c, 0x30, 0x2c, 0x30, 0x2c,
    0x31, 0x2d, 0x2e, 0x31, 0x2d, 0x2e, 0x31, 0x4c, 0x35, 0x34, 0x2c, 0x32, 0x33, 0x6c, 0x2d, 0x2e,
    0x31, 0x2d, 0x2e, 0x31, 0x61, 0x33, 0x39, 0x38, 0x30, 0x36, 0x35, 0x37, 0x32, 0x39, 0x35, 0x33,
    0x32, 0x38, 0x2e, 0x32, 0x37, 0x2c, 0x33, 0x39, 0x38, 0x30, 0x36, 0x35, 0x37, 0x32, 0x39, 0x35,
    0x33, 0x32, 0x38, 0x2e, 0x32, 0x37, 0x2c, 0x30, 0x2c, 0x30, 0x2c, 0x31, 0x2d, 0x2e, 0x32, 0x2d,
    0x2e, 0x32, 0x6c, 0x2d, 0x2e, 0x31, 0x2d, 0x2e, 0x31, 0x2d, 0x2e, 0x30, 0x39, 0x2d, 0x2e, 0x31,
    0x2d, 0x2e, 0x31, 0x2d, 0x2e, 0x30, 0x39, 0x61, 0x36, 0x36, 0x33, 0x34, 0x34, 0x32, 0x38, 0x38,
    0x32, 0x35, 0x35, 0x36, 0x30, 0x2c, 0x36, 0x36, 0x33, 0x34, 0x34, 0x32, 0x38, 0x38, 0x32, 0x35,
    0x35, 0x36, 0x30, 0x2c, 0x30, 0x2c, 0x30, 0x2c, 0x30, 0x2d, 0x2e, 0x32, 0x2d, 0x2e, 0x32, 0x6c,
    0x2d, 0x2e, 0x31, 0x2d, 0x2e, 0x31, 0x61, 0x2e, 0x39, 0x34, 0x2e, 0x39, 0x34, 0x2c, 0x30, 0x2c,
    0x30, 0x2c, 0x30, 0x2d, 0x2e, 0x31, 0x2d, 0x2e, 0x31, 0x4c, 0x35, 0x32, 0x2e, 0x39, 0x32, 0x2c,
    0x32, 0x32, 0x6c, 0x2d, 0x2e, 0x31, 0x2d, 0x2e, 0x31, 0x31, 0x2d, 0x2e, 0x31, 0x2d, 0x2e, 0x30,
    0x39, 0x61, 0x2e, 0x34, 0x37, 0x2e, 0x34, 0x37, 0x2c, 0x30, 0x2c, 0x30, 0x2c, 0x30, 0x2d, 0x2e,
    0x31, 0x2d, 0x2e, 0x31, 0x2c, 0x32, 0x38, 0x34, 0x33, 0x33, 0x32, 0x36, 0x36, 0x33, 0x39, 0x35,
    0x31, 0x34, 0x2e, 0x38, 0x39, 0x2c, 0x32, 0x38, 0x34, 0x33, 0x33, 0x32, 0x36, 0x36, 0x33, 0x39,
    0x35, 0x31, 0x34, 0x2e, 0x38, 0x39, 0x2c, 0x30, 0x2c, 0x30, 0x2c, 0x30, 0x2d, 0x2e, 0x32, 0x2d,
    0x2e, 0x32, 0x6c, 0x2d, 0x2e, 0x30, 0x39, 0x2d, 0x2e, 0x31, 0x2d, 0x2e, 0x31, 0x2d, 0x2e, 0x31,
    0x2d, 0x2e, 0x31, 0x2d, 0x2e, 0x30, 0x39, 0x61, 0x2e, 0x39, 0x34, 0x2e, 0x39, 0x34, 0x2c, 0x30,
    0x2c, 0x30, 0x2c, 0x30, 0x2d, 0x2e, 0x31, 0x2d, 0x2e, 0x31, 0x6c, 0x2d, 0x2e, 0x31, 0x2d, 0x2e,
    0x31, 0x2d, 0x2e, 0x30, 0x39, 0x2d, 0x2e, 0x31, 0x2d, 0x2e, 0x31, 0x31, 0x2d, 0x2e, 0x31, 0x2d,
    0x2e, 0x30, 0x39, 0x2d, 0x2e, 0x30, 0x39, 0x2d, 0x2e, 0x31, 0x2d, 0x2e, 0x31, 0x2d, 0x2e, 0x31,
    0x2d, 0x2e, 0x31, 0x61, 0x2e, 0x34, 0x37, 0x2e, 0x34, 0x37, 0x2c, 0x30, 0x2c, 0x30, 0x2c, 0x30,
    0x2d, 0x2e, 0x31, 0x2d, 0x2e, 0x31, 0x2e, 0x39, 0x34, 0x2e, 0x39, 0x34, 0x2c, 0x30, 0x2c, 0x30,
    0x2c, 0x30, 0x2d, 0x2e, 0x31, 0x2d, 0x2e, 0x31, 0x6c, 0x2d, 0x2e, 0x30, 0x39, 0x2d, 0x2e, 0x31,
    0x61, 0x2e, 0x34, 0x37, 0x2e, 0x34, 0x37, 0x2c, 0x30, 0x2c, 0x30, 0x2c, 0x31, 0x2d, 0x2e, 0x31,
    0x2d, 0x2e, 0x31, 0x4c, 0x35, 0x31, 0x2c, 0x32, 0x30, 0x61, 0x32, 0x2e, 0x38, 0x33, 0x2c, 0x32,
    0x2e, 0x38, 0x33, 0x2c, 0x30, 0x2c, 0x30, 0x2c, 0x30, 0x2d, 0x32, 0x2d, 0x2e, 0x39, 0x35, 0x63,
    0x2d, 0x31, 0x2e, 0x39, 0x33, 0x2c, 0x30, 0x2d, 0x33, 0x2e, 0x35, 0x31, 0x2c, 0x32, 0x2e, 0x33,
    0x33, 0x2d, 0x33, 0x2e, 0x35, 0x31, 0x2c, 0x35, 0x2e, 0x31, 0x39, 0x76, 0x34, 0x2e, 0x35, 0x35,
    0x4c, 0x33, 0x32, 0x2e, 0x32, 0x36, 0x2c, 0x32, 0x31, 0x2e, 0x32, 0x34, 0x63, 0x2d, 0x32, 0x2e,
    0x34, 0x38, 0x2d, 0x31, 0x2e, 0x34, 0x32, 0x2d, 0x34, 0x2e, 0x35, 0x2d, 0x2e, 0x32, 0x35, 0x2d,
    0x34, 0x2e, 0x35, 0x2c, 0x32, 0x2e, 0x36, 0x32, 0x76, 0x34, 0x4c, 0x31, 0x36, 0x2e, 0x32, 0x37,
    0x2c, 0x32, 0x31, 0x2e, 0x32, 0x34, 0x63, 0x2d, 0x32, 0x2e, 0x34, 0x39, 0x2d, 0x31, 0x2e, 0x34,
    0x32, 0x2d, 0x34, 0x2e, 0x35, 0x2d, 0x2e, 0x32, 0x36, 0x2d, 0x34, 0x2e, 0x35, 0x2c, 0x32, 0x2e,
    0x36, 0x32, 0x56, 0x34, 0x30, 0x2e, 0x33, 0x37, 0x61, 0x33, 0x2e, 0x35, 0x34, 0x2c, 0x33, 0x2e,
    0x35, 0x34, 0x2c, 0x30, 0x2c, 0x30, 0x2c, 0x30, 0x2c, 0x2e, 0x38, 0x36, 0x2c, 0x32, 0x2e, 0x35,
    0x35, 0x6c, 0x2e, 0x31, 0x2e, 0x31, 0x2e, 0x30, 0x39, 0x2e, 0x31, 0x2e, 0x31, 0x2e, 0x31, 0x2e,
    0x31, 0x2e, 0x30, 0x39, 0x2e, 0x31, 0x2e, 0x31, 0x31, 0x2e, 0x30, 0x39, 0x2e, 0x30, 0x39, 0x2e,
    0x31, 0x31, 0x2e, 0x31, 0x2e, 0x30, 0x39, 0x2e, 0x31, 0x2e, 0x31, 0x2e, 0x31, 0x2e, 0x31, 0x2e,
    0x30, 0x39, 0x2e, 0x31, 0x2e, 0x31, 0x31, 0x2e, 0x31, 0x2e, 0x30, 0x39, 0x2e, 0x31, 0x2e, 0x31,
    0x2e, 0x30, 0x39, 0x2e, 0x31, 0x2e, 0x31, 0x2e, 0x31, 0x2e, 0x31, 0x2e, 0x31, 0x2e, 0x31, 0x2e,
    0x30, 0x39, 0x2e, 0x31, 0x2e, 0x31, 0x31, 0x2e, 0x31, 0x2e, 0x30, 0x39, 0x2e, 0x30, 0x39, 0x2e,
    0x31, 0x2e, 0x31, 0x2e, 0x31, 0x61, 0x2e, 0x39, 0x34, 0x2e, 0x39, 0x34, 0x2c, 0x30, 0x2c, 0x30,
    0x2c, 0x31, 0x2c, 0x2e, 0x31, 0x2e, 0x31, 0x6c, 0x2e, 0x31, 0x2e, 0x30, 0x39, 0x2e, 0x31, 0x2e,
    0x31, 0x2e, 0x31, 0x2e, 0x31, 0x2e, 0x30, 0x39, 0x2e, 0x31, 0x2e, 0x31, 0x31, 0x2e, 0x31, 0x2e,
    0x30, 0x39, 0x2e, 0x31, 0x2e, 0x31, 0x2e, 0x30, 0x39, 0x2e, 0x31, 0x2e, 0x31, 0x2e, 0x31, 0x2e,
    0x31, 0x2e, 0x31, 0x2e, 0x31, 0x2e, 0x30, 0x39, 0x2e, 0x31, 0x61, 0x2e, 0x39, 0x34, 0x2e, 0x39,
    0x34, 0x2c, 0x30, 0x2c, 0x30, 0x2c, 0x31, 0x2c, 0x2e, 0x31, 0x2e, 0x31, 0x6c, 0x2e, 0x31, 0x2e,
    0x30, 0x39, 0x2e, 0x31, 0x2e, 0x31, 0x2e, 0x31, 0x2e, 0x31, 0x61, 0x2e, 0x34, 0x37, 0x2e, 0x34,
    0x37, 0x2c, 0x30, 0x2c, 0x30, 0x2c, 0x30, 0x2c, 0x2e, 0x31, 0x2e, 0x31, 0x6c, 0x2e, 0x30, 0x39,
    0x2e, 0x31, 0x2e, 0x31, 0x2e, 0x31, 0x2e, 0x31, 0x2e, 0x30, 0x39, 0x2e, 0x31, 0x2e, 0x31, 0x31,
    0x2e, 0x31, 0x2e, 0x30, 0x39, 0x2e, 0x31, 0x2e, 0x31, 0x2e, 0x30, 0x39, 0x2e, 0x31, 0x61, 0x2e,
    0x34, 0x37, 0x2e, 0x34, 0x37, 0x2c, 0x30, 0x2c, 0x30, 0x2c, 0x31, 0x2c, 0x2e, 0x31, 0x2e, 0x31,
    0x6c, 0x2e, 0x31, 0x2e, 0x31, 0x2e, 0x31, 0x2e, 0x30, 0x39, 0x2e, 0x31, 0x2e, 0x31, 0x2e, 0x31,
    0x2e, 0x31, 0x63, 0x2e, 0x38, 0x2e, 0x39, 0x33, 0x2c, 0x32, 0x2e, 0x31, 0x38, 0x2c, 0x31, 0x2c,
    0x33, 0x2e, 0x37, 0x34, 0x2e, 0x31, 0x36, 0x6c, 0x37, 0x2e, 0x38, 0x38, 0x2d, 0x34, 0x2e, 0x35,
    0x33, 0x73, 0x30, 0x2c, 0x30, 0x2c, 0x30, 0x2c, 0x30, 0x6c, 0x2e, 0x31, 0x2e, 0x31, 0x2e, 0x31,
    0x2e, 0x31, 0x2e, 0x31, 0x2e, 0x31, 0x2e, 0x30, 0x39, 0x2e, 0x30, 0x39, 0x2e, 0x31, 0x31, 0x2e,
    0x31, 0x31, 0x2e, 0x30, 0x39, 0x2e, 0x30, 0x39, 0x2e, 0x31, 0x2e, 0x31, 0x2e, 0x31, 0x2e, 0x31,
    0x2e, 0x31, 0x2e, 0x31, 0x2e, 0x31, 0x2e, 0x31, 0x2e, 0x30, 0x39, 0x2e, 0x30, 0x39, 0x2e, 0x31,
    0x2e, 0x31, 0x31, 0x2e, 0x31, 0x2e, 0x30, 0x39, 0x2e, 0x31, 0x2e, 0x31, 0x2e, 0x31, 0x2e, 0x31,
    0x2e, 0x31, 0x2e, 0x31, 0x2e, 0x30, 0x39, 0x2e, 0x30, 0x39, 0x2e, 0x31, 0x2e, 0x31, 0x2e, 0x31,
    0x2e, 0x31, 0x2e, 0x31, 0x2e, 0x31, 0x61, 0x2e, 0x39, 0x34, 0x2e, 0x39, 0x34, 0x2c, 0x30, 0x2c,
    0x30, 0x2c, 0x30, 0x2c, 0x2e, 0x31, 0x2e, 0x31, 0x6c, 0x2e, 0x31, 0x2e, 0x31, 0x2e, 0x31, 0x2e,
    0x31, 0x2e, 0x30, 0x39, 0x2e, 0x30, 0x39, 0x2e, 0x31, 0x2e, 0x31, 0x2e, 0x31, 0x2e, 0x31, 0x2e,
    0x31, 0x2e, 0x31, 0x2e, 0x31, 0x2e, 0x31, 0x2e, 0x30, 0x39, 0x2e, 0x30, 0x39, 0x2e, 0x31, 0x2e,
    0x31, 0x2e, 0x31, 0x2e, 0x31, 0x2e, 0x31, 0x2e, 0x31, 0x61, 0x2e, 0x39, 0x34, 0x2e, 0x39, 0x34,
    0x2c, 0x30, 0x2c, 0x30, 0x2c, 0x30, 0x2c, 0x2e, 0x31, 0x2e, 0x31, 0x6c, 0x2e, 0x31, 0x2e, 0x31,
    0x2e, 0x30, 0x39, 0x2e, 0x30, 0x39, 0x2e, 0x31, 0x2e, 0x31, 0x31, 0x2e, 0x31, 0x2e, 0x30, 0x39,
    0x2e, 0x31, 0x2e, 0x31, 0x61, 0x2e, 0x39, 0x34, 0x2e, 0x39, 0x34, 0x2c, 0x30, 0x2c, 0x30, 0x2c,
    0x30, 0x2c, 0x2e, 0x31, 0x2e, 0x31, 0x6c, 0x2e, 0x31, 0x2e, 0x31, 0x2e, 0x30, 0x39, 0x2e, 0x30,
    0x39, 0x2e, 0x31, 0x2e, 0x31, 0x61, 0x2e, 0x39, 0x34, 0x2e, 0x39, 0x34, 0x2c, 0x30, 0x2c, 0x30,
    0x2c, 0x30, 0x2c, 0x2e, 0x31, 0x2e, 0x31, 0x6c, 0x2e, 0x31, 0x2e, 0x31, 0x63, 0x2e, 0x38, 0x31,
    0x2e, 0x39, 0x33, 0x2c, 0x32, 0x2e, 0x31, 0x38, 0x2c, 0x31, 0x2c, 0x33, 0x2e, 0x37, 0x34, 0x2e,
    0x31, 0x36, 0x6c, 0x38, 0x2e, 0x37, 0x38, 0x2d, 0x35, 0x61, 0x34, 0x2e, 0x38, 0x2c, 0x34, 0x2e,
    0x38, 0x2c, 0x30, 0x2c, 0x30, 0x2c, 0x30, 0x2c, 0x31, 0x2c, 0x31, 0x2e, 0x33, 0x37, 0x2e, 0x39,
    0x34, 0x2e, 0x39, 0x34, 0x2c, 0x30, 0x2c, 0x30, 0x2c, 0x31, 0x2c, 0x2e, 0x31, 0x2e, 0x31, 0x6c,
    0x2e, 0x31, 0x2e, 0x30, 0x39, 0x2e, 0x31, 0x2e, 0x31, 0x61, 0x2e, 0x34, 0x37, 0x2e, 0x34, 0x37,
    0x2c, 0x30, 0x2c, 0x30, 0x2c, 0x30, 0x2c, 0x2e, 0x31, 0x2e, 0x31, 0x6c, 0x2e, 0x30, 0x39, 0x2e,
    0x31, 0x2e, 0x31, 0x2e, 0x31, 0x2e, 0x31, 0x2e, 0x30, 0x39, 0x2e, 0x31, 0x2e, 0x31, 0x31, 0x2e,
    0x31, 0x2e, 0x30, 0x39, 0x2e, 0x30, 0x39, 0x2e, 0x31, 0x2e, 0x31, 0x2e, 0x31, 0x2e, 0x31, 0x2e,
    0x31, 0x61, 0x2e, 0x34, 0x37, 0x2e, 0x34, 0x37, 0x2c, 0x30, 0x2c, 0x30, 0x2c, 0x31, 0x2c, 0x2e,
    0x31, 0x2e, 0x31, 0x6c, 0x2e, 0x31, 0x2e, 0x30, 0x39, 0x2e, 0x31, 0x2e, 0x31, 0x61, 0x2e, 0x34,
    0x37, 0x2e, 0x34, 0x37, 0x2c, 0x30, 0x2c, 0x30, 0x2c, 0x30, 0x2c, 0x2e, 0x31, 0x2e, 0x31, 0x6c,
    0x2e, 0x30, 0x39, 0x2e, 0x31, 0x2e, 0x31, 0x2e, 0x31, 0x2e, 0x31, 0x2e, 0x31, 0x2e, 0x31, 0x2e,
    0x30, 0x39, 0x61, 0x33, 0x39, 0x38, 0x30, 0x36, 0x35, 0x37, 0x32, 0x39, 0x35, 0x33, 0x32, 0x38,
    0x2e, 0x34, 0x35, 0x2c, 0x33, 0x39, 0x38, 0x30, 0x36, 0x35, 0x37, 0x32, 0x39, 0x35, 0x33, 0x32,
    0x38, 0x2e, 0x34, 0x35, 0x2c, 0x30, 0x2c, 0x30, 0x2c, 0x31, 0x2c, 0x2e, 0x32, 0x2e, 0x32, 0x6c,
    0x2e, 0x31, 0x2e, 0x31, 0x2e, 0x30, 0x39, 0x2e, 0x31, 0x2e, 0x31, 0x2e, 0x30, 0x39, 0x2e, 0x31,
    0x2e, 0x31, 0x31, 0x2e, 0x31, 0x2e, 0x30, 0x39, 0x2e, 0x31, 0x2e, 0x31, 0x2e, 0x31, 0x2e, 0x31,
    0x2e, 0x30, 0x39, 0x2e, 0x31, 0x2e, 0x31, 0x2e, 0x31, 0x2e, 0x31, 0x2e, 0x30, 0x39, 0x61, 0x33,
    0x39, 0x38, 0x30, 0x36, 0x35, 0x37, 0x32, 0x39, 0x35, 0x33, 0x32, 0x38, 0x2e, 0x34, 0x35, 0x2c,
    0x33, 0x39, 0x38, 0x30, 0x36, 0x35, 0x37, 0x32, 0x39, 0x35, 0x33, 0x32, 0x38, 0x2e, 0x34, 0x35,
    0x2c, 0x30, 0x2c, 0x30, 0x2c, 0x31, 0x2c, 0x2e, 0x32, 0x2e, 0x32, 0x6c, 0x2e, 0x30, 0x39, 0x2e,
    0x31, 0x2e, 0x31, 0x2e, 0x31, 0x61, 0x2e, 0x34, 0x37, 0x2e, 0x34, 0x37, 0x2c, 0x30, 0x2c, 0x30,
    0x2c, 0x31, 0x2c, 0x2e, 0x31, 0x2e, 0x31, 0x6c, 0x2e, 0x31, 0x2e, 0x30, 0x39, 0x2e, 0x31, 0x2e,
    0x31, 0x2e, 0x31, 0x2e, 0x31, 0x61, 0x2e, 0x39, 0x34, 0x2e, 0x39, 0x34, 0x2c, 0x30, 0x2c, 0x30,
    0x2c, 0x30, 0x2c, 0x2e, 0x31, 0x2e, 0x31, 0x6c, 0x2e, 0x30, 0x39, 0x2e, 0x31, 0x2e, 0x31, 0x2e,
    0x31, 0x2e, 0x31, 0x2e, 0x30, 0x39, 0x61, 0x33, 0x39, 0x38, 0x30, 0x36, 0x35, 0x37, 0x32, 0x39,
    0x35, 0x33, 0x32, 0x38, 0x2e, 0x34, 0x35, 0x2c, 0x33, 0x39, 0x38, 0x30, 0x36, 0x35, 0x37, 0x32,
    0x39, 0x35, 0x33, 0x32, 0x38, 0x2e, 0x34, 0x35, 0x2c, 0x30, 0x2c, 0x30, 0x2c, 0x31, 0x2c, 0x2e,
    0x32, 0x2e, 0x32, 0x6c, 0x2e, 0x31, 0x2e, 0x31, 0x2e, 0x30, 0x39, 0x2e, 0x31, 0x2e, 0x31, 0x2e,
    0x31, 0x2e, 0x31, 0x2e, 0x31, 0x61, 0x32, 0x2e, 0x38, 0x2c, 0x32, 0x2e, 0x38, 0x2c, 0x30, 0x2c,
    0x30, 0x2c, 0x30, 0x2c, 0x32, 0x2c, 0x2e, 0x39, 0x34, 0x63, 0x31, 0x2e, 0x39, 0x35, 0x2c, 0x30,
    0x2c, 0x33, 0x2e, 0x35, 0x32, 0x2d, 0x32, 0x2e, 0x33, 0x32, 0x2c, 0x33, 0x2e, 0x35, 0x32, 0x2d,
    0x35, 0x2e, 0x31, 0x39, 0x56, 0x32, 0x39, 0x2e, 0x32, 0x35, 0x41, 0x36, 0x2e, 0x30, 0x37, 0x2c,
    0x36, 0x2e, 0x30, 0x37, 0x2c, 0x30, 0x2c, 0x30, 0x2c, 0x30, 0x2c, 0x35, 0x35, 0x2e, 0x38, 0x37,
    0x2c, 0x32, 0x34, 0x2e, 0x39, 0x31, 0x5a, 0x22, 0x20, 0x73, 0x74, 0x79, 0x6c, 0x65, 0x3d, 0x22,
    0x6d, 0x69, 0x78, 0x2d, 0x62, 0x6c, 0x65, 0x6e, 0x64, 0x2d, 0x6d, 0x6f, 0x64, 0x65, 0x3a, 0x64,
    0x61, 0x72, 0x6b, 0x65, 0x6e, 0x3b, 0x6f, 0x70, 0x61, 0x63, 0x69, 0x74, 0x79, 0x3a, 0x30, 0x2e,
    0x35, 0x22, 0x2f, 0x3e, 0x3c, 0x70, 0x61, 0x74, 0x68, 0x20, 0x64, 0x3d, 0x22, 0x4d, 0x31, 0x36,
    0x2e, 0x32, 0x37, 0x2c, 0x32, 0x31, 0x2e, 0x32, 0x34, 0x6c, 0x31, 0x31, 0x2e, 0x34, 0x39, 0x2c,
    0x36, 0x2e, 0x35, 0x39, 0x76, 0x2d, 0x34, 0x63, 0x30, 0x2d, 0x32, 0x2e, 0x38, 0x37, 0x2c, 0x32,
    0x2d, 0x34, 0x2c, 0x34, 0x2e, 0x35, 0x2d, 0x32, 0x2e, 0x36, 0x32, 0x6c, 0x31, 0x33, 0x2e, 0x31,
    0x36, 0x2c, 0x37, 0x2e, 0x35, 0x34, 0x56, 0x32, 0x34, 0x2e, 0x32, 0x33, 0x43, 0x34, 0x35, 0x2e,
    0x34, 0x32, 0x2c, 0x32, 0x31, 0x2e, 0x33, 0x37, 0x2c, 0x34, 0x37, 0x2c, 0x31, 0x39, 0x2c, 0x34,
    0x38, 0x2e, 0x39, 0x33, 0x2c, 0x31, 0x39, 0x73, 0x33, 0x2e, 0x35, 0x32, 0x2c, 0x32, 0x2e, 0x33,
    0x33, 0x2c, 0x33, 0x2e, 0x35, 0x32, 0x2c, 0x35, 0x2e, 0x31, 0x39, 0x56, 0x34, 0x30, 0x63, 0x30,
    0x2c, 0x32, 0x2e, 0x38, 0x37, 0x2d, 0x31, 0x2e, 0x35, 0x37, 0x2c, 0x35, 0x2e, 0x31, 0x39, 0x2d,
    0x33, 0x2e, 0x35, 0x32, 0x2c, 0x35, 0x2e, 0x31, 0x39, 0x53, 0x34, 0x35, 0x2e, 0x34, 0x32, 0x2c,
    0x34, 0x32, 0x2e, 0x38, 0x36, 0x2c, 0x34, 0x35, 0x2e, 0x34, 0x32, 0x2c, 0x34, 0x30, 0x56, 0x33,
    0x35, 0x2e, 0x34, 0x34, 0x4c, 0x33, 0x32, 0x2e, 0x32, 0x36, 0x2c, 0x34, 0x33, 0x63, 0x2d, 0x32,
    0x2e, 0x34, 0x38, 0x2c, 0x31, 0x2e, 0x34, 0x32, 0x2d, 0x34, 0x2e, 0x35, 0x2e, 0x32, 0x35, 0x2d,
    0x34, 0x2e, 0x35, 0x2d, 0x32, 0x2e, 0x36, 0x32, 0x76, 0x2d, 0x34, 0x4c, 0x31, 0x36, 0x2e, 0x32,
    0x37, 0x2c, 0x34, 0x33, 0x63, 0x2d, 0x32, 0x2e, 0x34, 0x39, 0x2c, 0x31, 0x2e, 0x34, 0x32, 0x2d,
    0x34, 0x2e, 0x35, 0x2e, 0x32, 0x35, 0x2d, 0x34, 0x2e, 0x35, 0x2d, 0x32, 0x2e, 0x36, 0x32, 0x56,
    0x32, 0x33, 0x2e, 0x38, 0x36, 0x43, 0x31, 0x31, 0x2e, 0x37, 0x37, 0x2c, 0x32, 0x31, 0x2c, 0x31,
    0x33, 0x2e, 0x37, 0x38, 0x2c, 0x31, 0x39, 0x2e, 0x38, 0x32, 0x2c, 0x31, 0x36, 0x2e, 0x32, 0x37,
    0x2c, 0x32, 0x31, 0x2e, 0x32, 0x34, 0x5a, 0x22, 0x20, 0x73, 0x74, 0x79, 0x6c, 0x65, 0x3d, 0x22,
    0x66, 0x69, 0x6c, 0x6c, 0x3a, 0x23, 0x66, 0x66, 0x66, 0x22, 0x2f, 0x3e, 0x3c, 0x2f, 0x67, 0x3e,
    0x3c, 0x2f, 0x67, 0x3e, 0x3c, 0x2f, 0x73, 0x76, 0x67, 0x3e,
};
static const size_t main_toolbar_last_frame_svg_len = 2490;

static const unsigned char main_toolbar_replay_svg[] = {
    0x3c, 0x73, 0x76, 0x67, 0x20, 0x78, 0x6d, 0x6c, 0x6e, 0x73, 0x3d, 0x22, 0x68, 0x74, 0x74, 0x70,
    0x3a, 0x2f, 0x2f, 0x77, 0x77, 0x77, 0x2e, 0x77, 0x33, 0x2e, 0x6f, 0x72, 0x67, 0x2f, 0x32, 0x30,
    0x30, 0x30, 0x2f, 0x73, 0x76, 0x67, 0x22, 0x20, 0x76, 0x69, 0x65, 0x77, 0x42, 0x6f, 0x78, 0x3d,
    0x22, 0x30, 0x20, 0x30, 0x20, 0x36, 0x34, 0x2e, 0x32, 0x32, 0x20, 0x36, 0x34, 0x2e, 0x32, 0x32,
    0x22, 0x3e, 0x3c, 0x67, 0x20, 0x73, 0x74, 0x79, 0x6c, 0x65, 0x3d, 0x22, 0x69, 0x73, 0x6f, 0x6c,
    0x61, 0x74, 0x69, 0x6f, 0x6e, 0x3a, 0x69, 0x73, 0x6f, 0x6c, 0x61, 0x74, 0x65, 0x22, 0x3e, 0x3c,
    0x67, 0x20, 0x69, 0x64, 0x3d, 0x22, 0x4c, 0x61, 0x79, 0x65, 0x72, 0x5f, 0x31, 0x22, 0x20, 0x64,
    0x61, 0x74, 0x61, 0x2d, 0x6e, 0x61, 0x6d, 0x65, 0x3d, 0x22, 0x4c, 0x61, 0x79, 0x65, 0x72, 0x20,
    0x31, 0x22, 0x3e, 0x3c, 0x72, 0x65, 0x63, 0x74, 0x20, 0x77, 0x69, 0x64, 0x74, 0x68, 0x3d, 0x22,
    0x36, 0x34, 0x2e, 0x32, 0x32, 0x22, 0x20, 0x68, 0x65, 0x69, 0x67, 0x68, 0x74, 0x3d, 0x22, 0x36,
    0x34, 0x2e, 0x32, 0x32, 0x22, 0x20, 0x72, 0x78, 0x3d, 0x22, 0x31, 0x30, 0x2e, 0x30, 0x33, 0x22,
    0x20, 0x73, 0x74, 0x79, 0x6c, 0x65, 0x3d, 0x22, 0x66, 0x69, 0x6c, 0x6c, 0x3a, 0x23, 0x37, 0x37,
    0x37, 0x36, 0x62, 0x38, 0x22, 0x2f, 0x3e, 0x3c, 0x67, 0x20, 0x73, 0x74, 0x79, 0x6c, 0x65, 0x3d,
    0x22, 0x6d, 0x69, 0x78, 0x2d, 0x62, 0x6c, 0x65, 0x6e, 0x64, 0x2d, 0x6d, 0x6f, 0x64, 0x65, 0x3a,
    0x64, 0x61, 0x72, 0x6b, 0x65, 0x6e, 0x3b, 0x6f, 0x70, 0x61, 0x63, 0x69, 0x74, 0x79, 0x3a, 0x30,
    0x2e, 0x35, 0x22, 0x3e, 0x3c, 0x70, 0x61, 0x74, 0x68, 0x20, 0x64, 0x3d, 0x22, 0x4d, 0x35, 0x33,
    0x2e, 0x35, 0x35, 0x2c, 0x32, 0x32, 0x2e, 0x30, 0x36, 0x61, 0x2e, 0x39, 0x34, 0x2e, 0x39, 0x34,
    0x2c, 0x30, 0x2c, 0x30, 0x2c, 0x31, 0x2d, 0x2e, 0x31, 0x2d, 0x2e, 0x31, 0x6c, 0x2d, 0x2e, 0x30,
    0x39, 0x2d, 0x2e, 0x30, 0x39, 0x2d, 0x2e, 0x31, 0x31, 0x2d, 0x2e, 0x31, 0x31, 0x2d, 0x2e, 0x30,
    0x39, 0x2d, 0x2e, 0x30, 0x39, 0x2d, 0x2e, 0x31, 0x2d, 0x2e, 0x31, 0x2d, 0x2e, 0x31, 0x2d, 0x2e,
    0x31, 0x2d, 0x2e, 0x30, 0x39, 0x2d, 0x2e, 0x30, 0x39, 0x2d, 0x2e, 0x31, 0x31, 0x2d, 0x2e, 0x31,
    0x31, 0x2d, 0x2e, 0x30, 0x39, 0x2d, 0x2e, 0x30, 0x39, 0x61, 0x2e, 0x39, 0x34, 0x2e, 0x39, 0x34,
    0x2c, 0x30, 0x2c, 0x30, 0x2c, 0x31, 0x2d, 0x2e, 0x31, 0x2d, 0x2e, 0x31, 0x6c, 0x2d, 0x2e, 0x31,
    0x2d, 0x2e, 0x31, 0x61, 0x2e, 0x39, 0x34, 0x2e, 0x39, 0x34, 0x2c, 0x30, 0x2c, 0x30, 0x2c, 0x31,
    0x2d, 0x2e, 0x31, 0x2d, 0x2e, 0x31, 0x6c, 0x2d, 0x2e, 0x31, 0x2d, 0x2e, 0x31, 0x2d, 0x2e, 0x31,
    0x2d, 0x2e, 0x30, 0x39, 0x2d, 0x2e, 0x30, 0x39, 0x2d, 0x2e, 0x31, 0x2d, 0x2e, 0x31, 0x31, 0x2d,
    0x2e, 0x31, 0x2d, 0x2e, 0x30, 0x39, 0x2d, 0x2e, 0x31, 0x2d, 0x2e, 0x31, 0x2d, 0x2e, 0x31, 0x2d,
    0x2e, 0x31, 0x2d, 0x2e, 0x31, 0x2d, 0x2e, 0x30, 0x39, 0x2d, 0x2e, 0x30, 0x39, 0x4c, 0x35, 0x31,
    0x2e, 0x34, 0x38, 0x2c, 0x32, 0x30, 0x6c, 0x2d, 0x2e, 0x30, 0x39, 0x2d, 0x2e, 0x30, 0x39, 0x2d,
    0x2e, 0x31, 0x2d, 0x2e, 0x31, 0x2d, 0x2e, 0x31, 0x2d, 0x2e, 0x31, 0x2d, 0x2e, 0x30, 0x39, 0x2d,
    0x2e, 0x30, 0x39, 0x4c, 0x35, 0x31, 0x2c, 0x31, 0x39, 0x2e, 0x35, 0x61, 0x2e, 0x39, 0x34, 0x2e,
    0x39, 0x34, 0x2c, 0x30, 0x2c, 0x30, 0x2c, 0x31, 0x2d, 0x2e, 0x31, 0x2d, 0x2e, 0x31, 0x6c, 0x2d,
    0x2e, 0x31, 0x2d, 0x2e, 0x30, 0x39, 0x61, 0x2e, 0x34, 0x37, 0x2e, 0x34, 0x37, 0x2c, 0x30, 0x2c,
    0x30, 0x2c, 0x30, 0x2d, 0x2e, 0x31, 0x2d, 0x2e, 0x31, 0x2e, 0x37, 0x36, 0x2e, 0x37, 0x36, 0x2c,
    0x30, 0x2c, 0x30, 0x2c, 0x30, 0x2d, 0x2e, 0x30, 0x39, 0x2d, 0x2e, 0x30, 0x39, 0x4c, 0x35, 0x30,
    0x2e, 0x35, 0x2c, 0x31, 0x39, 0x6c, 0x2d, 0x2e, 0x31, 0x2d, 0x2e, 0x31, 0x2d, 0x2e, 0x30, 0x39,
    0x2d, 0x2e, 0x30, 0x39, 0x2d, 0x2e, 0x31, 0x31, 0x2d, 0x2e, 0x31, 0x31, 0x2d, 0x2e, 0x30, 0x39,
    0x2d, 0x2e, 0x30, 0x39, 0x2d, 0x2e, 0x31, 0x31, 0x2d, 0x2e, 0x31, 0x2d, 0x2e, 0x30, 0x39, 0x2d,
    0x2e, 0x31, 0x2d, 0x2e, 0x30, 0x39, 0x2d, 0x2e, 0x30, 0x39, 0x61, 0x31, 0x2e, 0x31, 0x34, 0x2c,
    0x31, 0x2e, 0x31, 0x34, 0x2c, 0x30, 0x2c, 0x30, 0x2c, 0x31, 0x2d, 0x2e, 0x31, 0x31, 0x2d, 0x2e,
    0x31, 0x31, 0x6c, 0x2d, 0x2e, 0x30, 0x39, 0x2d, 0x2e, 0x30, 0x39, 0x2d, 0x2e, 0x31, 0x2d, 0x2e,
    0x31, 0x61, 0x31, 0x2e, 0x31, 0x34, 0x2c, 0x31, 0x2e, 0x31, 0x34, 0x2c, 0x30, 0x2c, 0x30, 0x2c,
    0x30, 0x2d, 0x2e, 0x31, 0x31, 0x2d, 0x2e, 0x31, 0x31, 0x6c, 0x2d, 0x2e, 0x30, 0x38, 0x2d, 0x2e,
    0x30, 0x38, 0x2d, 0x2e, 0x31, 0x31, 0x2d, 0x2e, 0x31, 0x31, 0x2d, 0x2e, 0x30, 0x39, 0x2d, 0x2e,
    0x30, 0x39, 0x2d, 0x2e, 0x31, 0x2d, 0x2e, 0x31, 0x2d, 0x2e, 0x31, 0x31, 0x2d, 0x2e, 0x31, 0x31,
    0x2d, 0x2e, 0x30, 0x39, 0x2d, 0x2e, 0x30, 0x39, 0x61, 0x39, 0x39, 0x35, 0x31, 0x36, 0x34, 0x33,
    0x32, 0x33, 0x38, 0x33, 0x33, 0x38, 0x2e, 0x32, 0x39, 0x2c, 0x39, 0x39, 0x35, 0x31, 0x36, 0x34,
    0x33, 0x32, 0x33, 0x38, 0x33, 0x33, 0x38, 0x2e, 0x32, 0x39, 0x2c, 0x30, 0x2c, 0x30, 0x2c, 0x31,
    0x2d, 0x2e, 0x32, 0x2d, 0x2e, 0x32, 0x2c, 0x32, 0x33, 0x2e, 0x37, 0x37, 0x2c, 0x32, 0x33, 0x2e,
    0x37, 0x37, 0x2c, 0x30, 0x2c, 0x30, 0x2c, 0x30, 0x2d, 0x33, 0x2e, 0x34, 0x38, 0x2d, 0x33, 0x63,
    0x2d, 0x32, 0x2e, 0x38, 0x33, 0x2d, 0x32, 0x2d, 0x35, 0x2e, 0x34, 0x38, 0x2c, 0x32, 0x2e, 0x33,
    0x31, 0x2d, 0x33, 0x2e, 0x32, 0x35, 0x2c, 0x34, 0x2e, 0x35, 0x33, 0x6c, 0x2e, 0x31, 0x2e, 0x30,
    0x39, 0x2e, 0x31, 0x2e, 0x31, 0x61, 0x37, 0x39, 0x36, 0x31, 0x33, 0x31, 0x34, 0x35, 0x39, 0x30,
    0x36, 0x35, 0x36, 0x2e, 0x39, 0x32, 0x2c, 0x37, 0x39, 0x36, 0x31, 0x33, 0x31, 0x34, 0x35, 0x39,
    0x30, 0x36, 0x35, 0x36, 0x2e, 0x39, 0x32, 0x2c, 0x30, 0x2c, 0x30, 0x2c, 0x31, 0x2c, 0x2e, 0x32,
    0x2e, 0x32, 0x6c, 0x2e, 0x30, 0x39, 0x2e, 0x31, 0x61, 0x2e, 0x34, 0x37, 0x2e, 0x34, 0x37, 0x2c,
    0x30, 0x2c, 0x30, 0x2c, 0x31, 0x2c, 0x2e, 0x31, 0x2e, 0x31, 0x6c, 0x2e, 0x31, 0x2e, 0x30, 0x39,
    0x61, 0x37, 0x39, 0x36, 0x31, 0x33, 0x31, 0x34, 0x35, 0x39, 0x30, 0x36, 0x35, 0x36, 0x2e, 0x36,
    0x31, 0x2c, 0x37, 0x39, 0x36, 0x31, 0x33, 0x31, 0x34, 0x35, 0x39, 0x30, 0x36, 0x35, 0x36, 0x2e,
    0x36, 0x31, 0x2c, 0x30, 0x2c, 0x30, 0x2c, 0x30, 0x2c, 0x2e, 0x32, 0x2e, 0x32, 0x6c, 0x2e, 0x31,
    0x2e, 0x31, 0x2e, 0x31, 0x2e, 0x31, 0x2e, 0x30, 0x39, 0x2e, 0x30, 0x39, 0x2e, 0x31, 0x2e, 0x31,
    0x2e, 0x31, 0x2e, 0x31, 0x61, 0x33, 0x39, 0x38, 0x30, 0x36, 0x35, 0x37, 0x32, 0x39, 0x35, 0x33,
    0x32, 0x38, 0x2e, 0x35, 0x34, 0x2c, 0x33, 0x39, 0x38, 0x30, 0x36, 0x35, 0x37, 0x32, 0x39, 0x35,
    0x33, 0x32, 0x38, 0x2e, 0x35, 0x34, 0x2c, 0x30, 0x2c, 0x30, 0x2c, 0x31, 0x2c, 0x2e, 0x32, 0x2e,
    0x32, 0x6c, 0x2e, 0x31, 0x2e, 0x31, 0x2e, 0x30, 0x39, 0x2e, 0x30, 0x39, 0x2e, 0x31, 0x2e, 0x31,
    0x31, 0x2e, 0x31, 0x2e, 0x30, 0x39, 0x61, 0x2e, 0x39, 0x34, 0x2e, 0x39, 0x34, 0x2c, 0x30, 0x2c,
    0x30, 0x2c, 0x30, 0x2c, 0x2e, 0x31, 0x2e, 0x31, 0x6c, 0x2e, 0x31, 0x2e, 0x31, 0x61, 0x39, 0x39,
    0x35, 0x31, 0x36, 0x34, 0x33, 0x32, 0x33, 0x38, 0x33, 0x30, 0x35, 0x2e, 0x35, 0x36, 0x2c, 0x39,
    0x39, 0x35, 0x31, 0x36, 0x34, 0x33, 0x32, 0x33, 0x38, 0x33, 0x30, 0x35, 0x2e, 0x35, 0x36, 0x2c,
    0x30, 0x2c, 0x30, 0x2c, 0x31, 0x2c, 0x2e, 0x32, 0x2e, 0x32, 0x6c, 0x2e, 0x30, 0x39, 0x2e, 0x30,
    0x39, 0x2e, 0x31, 0x2e, 0x31, 0x61, 0x33, 0x39, 0x38, 0x30, 0x36, 0x35, 0x37, 0x32, 0x39, 0x35,
    0x33, 0x32, 0x38, 0x2e, 0x32, 0x35, 0x2c, 0x33, 0x39, 0x38, 0x30, 0x36, 0x35, 0x37, 0x32, 0x39,
    0x35, 0x33, 0x32, 0x38, 0x2e, 0x32, 0x35, 0x2c, 0x30, 0x2c, 0x30, 0x2c, 0x31, 0x2c, 0x2e, 0x32,
    0x2e, 0x32, 0x6c, 0x2e, 0x31, 0x2e, 0x31, 0x2e, 0x30, 0x39, 0x2e, 0x31, 0x2e, 0x31, 0x2e, 0x30,
    0x39, 0x2e, 0x31, 0x2e, 0x31, 0x31, 0x2e, 0x31, 0x2e, 0x30, 0x39, 0x2e, 0x31, 0x2e, 0x31, 0x2e,
    0x31, 0x2e, 0x31, 0x2e, 0x30, 0x39, 0x2e, 0x31, 0x2e, 0x31, 0x31, 0x2e, 0x31, 0x2e, 0x30, 0x39,
    0x2e, 0x30, 0x39, 0x2e, 0x31, 0x2e, 0x31, 0x2e, 0x31, 0x2e, 0x31, 0x61, 0x2e, 0x39, 0x34, 0x2e,
    0x39, 0x34, 0x2c, 0x30, 0x2c, 0x30, 0x2c, 0x30, 0x2c, 0x2e, 0x31, 0x2e, 0x31, 0x6c, 0x2e, 0x31,
    0x2e, 0x31, 0x2e, 0x30, 0x39, 0x2e, 0x30, 0x39, 0x61, 0x2e, 0x39, 0x34, 0x2e, 0x39, 0x34, 0x2c,
    0x30, 0x2c, 0x30, 0x2c, 0x30, 0x2c, 0x2e, 0x31, 0x2e, 0x31, 0x6c, 0x2e, 0x30, 0x35, 0x2e, 0x30,
    0x36, 0x41, 0x31, 0x35, 0x2e, 0x38, 0x33, 0x2c, 0x31, 0x35, 0x2e, 0x38, 0x33, 0x2c, 0x30, 0x2c,
    0x30, 0x2c, 0x31, 0x2c, 0x34, 0x34, 0x2c, 0x34, 0x33, 0x2e, 0x31, 0x35, 0x6c, 0x30, 0x2c, 0x30,
    0x2d, 0x2e, 0x30, 0x39, 0x2d, 0x2e, 0x31, 0x2d, 0x2e, 0x31, 0x2d, 0x2e, 0x30, 0x39, 0x2d, 0x2e,
    0x31, 0x2d, 0x2e, 0x31, 0x2d, 0x2e, 0x31, 0x2d, 0x2e, 0x31, 0x2d, 0x2e, 0x31, 0x2d, 0x2e, 0x31,
    0x2d, 0x2e, 0x30, 0x39, 0x2d, 0x2e, 0x31, 0x2d, 0x2e, 0x31, 0x31, 0x2d, 0x2e, 0x31, 0x2d, 0x2e,
    0x30, 0x39, 0x2d, 0x2e, 0x30, 0x39, 0x2d, 0x2e, 0x31, 0x2d, 0x2e, 0x31, 0x2d, 0x2e, 0x31, 0x2d,
    0x2e, 0x31, 0x61, 0x2e, 0x34, 0x37, 0x2e, 0x34, 0x37, 0x2c, 0x30, 0x2c, 0x30, 0x2c, 0x30, 0x2d,
    0x2e, 0x31, 0x2d, 0x2e, 0x31, 0x6c, 0x2d, 0x2e, 0x31, 0x2d, 0x2e, 0x31, 0x2d, 0x2e, 0x30, 0x39,
    0x2d, 0x2e, 0x31, 0x61, 0x2e, 0x39, 0x34, 0x2e, 0x39, 0x34, 0x2c, 0x30, 0x2c, 0x30, 0x2c, 0x31,
    0x2d, 0x2e, 0x31, 0x2d, 0x2e, 0x31, 0x6c, 0x2d, 0x2e, 0x31, 0x2d, 0x2e, 0x30, 0x39, 0x2d, 0x2e,
    0x31, 0x2d, 0x2e, 0x31, 0x2d, 0x2e, 0x31, 0x2d, 0x2e, 0x31, 0x2d, 0x2e, 0x31, 0x2d, 0x2e, 0x31,
    0x2d, 0x2e, 0x30, 0x39, 0x2d, 0x2e, 0x30, 0x39, 0x2d, 0x2e, 0x31, 0x2d, 0x2e, 0x31, 0x31, 0x4c,
    0x34, 0x31, 0x2e, 0x39, 0x2c, 0x34, 0x31, 0x6c, 0x2d, 0x2e, 0x31, 0x2d, 0x2e, 0x31, 0x61, 0x2e,
    0x34, 0x37, 0x2e, 0x34, 0x37, 0x2c, 0x30, 0x2c, 0x30, 0x2c, 0x30, 0x2d, 0x2e, 0x31, 0x2d, 0x2e,
    0x31, 0x2e, 0x34, 0x37, 0x2e, 0x34, 0x37, 0x2c, 0x30, 0x2c, 0x30, 0x2c, 0x30, 0x2d, 0x2e, 0x31,
    0x2d, 0x2e, 0x31, 0x2e, 0x36, 0x37, 0x2e, 0x36, 0x37, 0x2c, 0x30, 0x2c, 0x30, 0x2c, 0x30, 0x2d,
    0x2e, 0x31, 0x35, 0x2d, 0x2e, 0x31, 0x34, 0x6c, 0x30, 0x2c, 0x30, 0x2d, 0x2e, 0x30, 0x37, 0x2d,
    0x2e, 0x30, 0x38, 0x61, 0x2e, 0x38, 0x31, 0x2e, 0x38, 0x31, 0x2c, 0x30, 0x2c, 0x30, 0x2c, 0x30,
    0x2d, 0x31, 0x2d, 0x2e, 0x30, 0x38, 0x6c, 0x2d, 0x31, 0x30, 0x2e, 0x38, 0x36, 0x2c, 0x37, 0x61,
    0x31, 0x2c, 0x31, 0x2c, 0x30, 0x2c, 0x30, 0x2c, 0x30, 0x2d, 0x2e, 0x31, 0x33, 0x2c, 0x31, 0x2e,
    0x35, 0x32, 0x6c, 0x2e, 0x31, 0x2e, 0x30, 0x39, 0x61, 0x39, 0x39, 0x35, 0x31, 0x36, 0x34, 0x33,
    0x32, 0x33, 0x38, 0x33, 0x31, 0x31, 0x2e, 0x36, 0x39, 0x2c, 0x39, 0x39, 0x35, 0x31, 0x36, 0x34,
    0x33, 0x32, 0x33, 0x38, 0x33, 0x31, 0x31, 0x2e, 0x36, 0x39, 0x2c, 0x30, 0x2c, 0x30, 0x2c, 0x31,
    0x2c, 0x2e, 0x32, 0x2e, 0x32, 0x6c, 0x2e, 0x31, 0x2e, 0x31, 0x2e, 0x30, 0x39, 0x2e, 0x31, 0x61,
    0x2e, 0x39, 0x34, 0x2e, 0x39, 0x34, 0x2c, 0x30, 0x2c, 0x30, 0x2c, 0x31, 0x2c, 0x2e, 0x31, 0x2e,
    0x31, 0x6c, 0x2e, 0x31, 0x2e, 0x30, 0x39, 0x2e, 0x31, 0x2e, 0x31, 0x2e, 0x31, 0x2e, 0x31, 0x61,
    0x36, 0x36, 0x33, 0x34, 0x34, 0x32, 0x38, 0x38, 0x32, 0x35, 0x35, 0x35, 0x34, 0x2e, 0x38, 0x39,
    0x2c, 0x36, 0x36, 0x33, 0x34, 0x34, 0x32, 0x38, 0x38, 0x32, 0x35, 0x35, 0x35, 0x34, 0x2e, 0x38,
    0x39, 0x2c, 0x30, 0x2c, 0x30, 0x2c, 0x31, 0x2c, 0x2e, 0x32, 0x2e, 0x32, 0x6c, 0x2e, 0x30, 0x39,
    0x2e, 0x31, 0x2e, 0x31, 0x2e, 0x31, 0x2e, 0x31, 0x2e, 0x30, 0x39, 0x61, 0x2e, 0x34, 0x37, 0x2e,
    0x34, 0x37, 0x2c, 0x30, 0x2c, 0x30, 0x2c, 0x30, 0x2c, 0x2e, 0x31, 0x2e, 0x31, 0x6c, 0x2e, 0x31,
    0x2e, 0x31, 0x2e, 0x30, 0x39, 0x2e, 0x31, 0x61, 0x2e, 0x39, 0x34, 0x2e, 0x39, 0x34, 0x2c, 0x30,
    0x2c, 0x30, 0x2c, 0x31, 0x2c, 0x2e, 0x31, 0x2e, 0x31, 0x6c, 0x2e, 0x31, 0x2e, 0x31, 0x2e, 0x31,
    0x2e, 0x30, 0x39, 0x2e, 0x31, 0x2e, 0x31, 0x2e, 0x31, 0x2e, 0x31, 0x2e, 0x31, 0x2e, 0x31, 0x2e,
    0x30, 0x39, 0x2e, 0x30, 0x39, 0x2e, 0x31, 0x2e, 0x31, 0x31, 0x2e, 0x31, 0x2e, 0x30, 0x39, 0x61,
    0x2e, 0x34, 0x37, 0x2e, 0x34, 0x37, 0x2c, 0x30, 0x2c, 0x30, 0x2c, 0x30, 0x2c, 0x2e, 0x31, 0x2e,
    0x31, 0x6c, 0x2e, 0x31, 0x2e, 0x31, 0x2e, 0x30, 0x39, 0x2e, 0x31, 0x2e, 0x31, 0x2e, 0x31, 0x61,
    0x2e, 0x39, 0x34, 0x2e, 0x39, 0x34, 0x2c, 0x30, 0x2c, 0x30, 0x2c, 0x31, 0x2c, 0x2e, 0x31, 0x2e,
    0x31, 0x6c, 0x2e, 0x31, 0x2e, 0x30, 0x39, 0x2e, 0x31, 0x2e, 0x31, 0x2e, 0x31, 0x2e, 0x31, 0x2e,
    0x30, 0x39, 0x2e, 0x31, 0x2e, 0x31, 0x2e, 0x31, 0x2e, 0x31, 0x2e, 0x31, 0x2e, 0x31, 0x2e, 0x31,
    0x2e, 0x31, 0x2e, 0x30, 0x39, 0x2e, 0x31, 0x2e, 0x31, 0x2e, 0x31, 0x2e, 0x31, 0x2e, 0x30, 0x39,
    0x2e, 0x31, 0x61, 0x2e, 0x39, 0x34, 0x2e, 0x39, 0x34, 0x2c, 0x30, 0x2c, 0x30, 0x2c, 0x31, 0x2c,
    0x2e, 0x31, 0x2e, 0x31, 0x6c, 0x2e, 0x31, 0x2e, 0x30, 0x39, 0x2e, 0x31, 0x2e, 0x31, 0x2e, 0x31,
    0x2e, 0x31, 0x61, 0x2e, 0x34, 0x37, 0x2e, 0x34, 0x37, 0x2c, 0x30, 0x2c, 0x30, 0x2c, 0x30, 0x2c,
    0x2e, 0x31, 0x2e, 0x31, 0x6c, 0x2e, 0x30, 0x39, 0x2e, 0x31, 0x2e, 0x31, 0x2e, 0x31, 0x2e, 0x31,
    0x2e, 0x30, 0x39, 0x61, 0x31, 0x2e, 0x31, 0x35, 0x2c, 0x31, 0x2e, 0x31, 0x35, 0x2c, 0x30, 0x2c,
    0x30, 0x2c, 0x30, 0x2c, 0x2e, 0x32, 0x33, 0x2e, 0x32, 0x31, 0x4c, 0x34, 0x35, 0x2e, 0x33, 0x36,
    0x2c, 0x36, 0x31, 0x61, 0x2e, 0x39, 0x34, 0x2e, 0x39, 0x34, 0x2c, 0x30, 0x2c, 0x30, 0x2c, 0x30,
    0x2c, 0x31, 0x2e, 0x34, 0x31, 0x2d, 0x2e, 0x38, 0x63, 0x30, 0x2d, 0x31, 0x2e, 0x33, 0x33, 0x2c,
    0x30, 0x2d, 0x32, 0x2e, 0x36, 0x36, 0x2c, 0x30, 0x2d, 0x34, 0x41, 0x32, 0x31, 0x2e, 0x32, 0x39,
    0x2c, 0x32, 0x31, 0x2e, 0x32, 0x39, 0x2c, 0x30, 0x2c, 0x30, 0x2c, 0x30, 0x2c, 0x35, 0x39, 0x2e,
    0x34, 0x33, 0x2c, 0x34, 0x30, 0x2c, 0x32, 0x31, 0x2c, 0x32, 0x31, 0x2c, 0x30, 0x2c, 0x30, 0x2c,
    0x30, 0x2c, 0x35, 0x33, 0x2e, 0x35, 0x35, 0x2c, 0x32, 0x32, 0x2e, 0x30, 0x36, 0x5a, 0x22, 0x2f,
    0x3e, 0x3c, 0x70, 0x61, 0x74, 0x68, 0x20, 0x64, 0x3d, 0x22, 0x4d, 0x32, 0x35, 0x2e, 0x31, 0x34,
    0x2c, 0x32, 0x36, 0x2e, 0x32, 0x31, 0x6c, 0x30, 0x2c, 0x30, 0x61, 0x2e, 0x39, 0x34, 0x2e, 0x39,
    0x34, 0x2c, 0x30, 0x2c, 0x30, 0x2c, 0x30, 0x2c, 0x2e, 0x31, 0x2e, 0x31, 0x6c, 0x2e, 0x31, 0x2e,
    0x31, 0x2e, 0x31, 0x2e, 0x30, 0x39, 0x2e, 0x30, 0x39, 0x2e, 0x31, 0x61, 0x2e, 0x39, 0x34, 0x2e,
    0x39, 0x34, 0x2c, 0x30, 0x2c, 0x30, 0x2c, 0x30, 0x2c, 0x2e, 0x31, 0x2e, 0x31, 0x2e, 0x39, 0x34,
    0x2e, 0x39, 0x34, 0x2c, 0x30, 0x2c, 0x30, 0x2c, 0x30, 0x2c, 0x2e, 0x31, 0x2e, 0x31, 0x6c, 0x2e,
    0x31, 0x2e, 0x31, 0x4c, 0x32, 0x36, 0x2c, 0x32, 0x37, 0x6c, 0x2e, 0x31, 0x2e, 0x31, 0x2e, 0x30,
    0x39, 0x2e, 0x31, 0x2e, 0x31, 0x2e, 0x31, 0x61, 0x2e, 0x39, 0x34, 0x2e, 0x39, 0x34, 0x2c, 0x30,
    0x2c, 0x30, 0x2c, 0x30, 0x2c, 0x2e, 0x31, 0x2e, 0x31, 0x6c, 0x2e, 0x31, 0x2e, 0x31, 0x61, 0x2e,
    0x34, 0x37, 0x2e, 0x34, 0x37, 0x2c, 0x30, 0x2c, 0x30, 0x2c, 0x30, 0x2c, 0x2e, 0x31, 0x2e, 0x31,
    0x6c, 0x2e, 0x31, 0x2e, 0x30, 0x39, 0x2e, 0x31, 0x2e, 0x31, 0x2e, 0x30, 0x39, 0x2e, 0x31, 0x61,
    0x2e, 0x39, 0x34, 0x2e, 0x39, 0x34, 0x2c, 0x30, 0x2c, 0x30, 0x2c, 0x30, 0x2c, 0x2e, 0x31, 0x2e,
    0x31, 0x6c, 0x2e, 0x31, 0x2e, 0x31, 0x2e, 0x31, 0x2e, 0x31, 0x2e, 0x31, 0x2e, 0x31, 0x2e, 0x30,
    0x39, 0x2e, 0x30, 0x39, 0x2e, 0x31, 0x2e, 0x31, 0x2e, 0x30, 0x38, 0x2e, 0x30, 0x38, 0x61, 0x31,
    0x2e, 0x33, 0x37, 0x2c, 0x31, 0x2e, 0x33, 0x37, 0x2c, 0x30, 0x2c, 0x30, 0x2c, 0x30, 0x2c, 0x2e,
    0x31, 0x37, 0x2e, 0x31, 0x37, 0x2e, 0x38, 0x31, 0x2e, 0x38, 0x31, 0x2c, 0x30, 0x2c, 0x30, 0x2c,
    0x30, 0x2c, 0x31, 0x2c, 0x2e, 0x30, 0x38, 0x6c, 0x31, 0x30, 0x2e, 0x38, 0x36, 0x2d, 0x37, 0x61,
    0x31, 0x2c, 0x31, 0x2c, 0x30, 0x2c, 0x30, 0x2c, 0x30, 0x2c, 0x2e, 0x31, 0x33, 0x2d, 0x31, 0x2e,
    0x35, 0x32, 0x6c, 0x2d, 0x2e, 0x31, 0x2d, 0x2e, 0x31, 0x2d, 0x2e, 0x31, 0x2d, 0x2e, 0x30, 0x39,
    0x61, 0x2e, 0x34, 0x37, 0x2e, 0x34, 0x37, 0x2c, 0x30, 0x2c, 0x30, 0x2c, 0x30, 0x2d, 0x2e, 0x31,
    0x2d, 0x2e, 0x31, 0x6c, 0x2d, 0x2e, 0x30, 0x39, 0x2d, 0x2e, 0x31, 0x2d, 0x2e, 0x31, 0x2d, 0x2e,
    0x31, 0x61, 0x2e, 0x39, 0x34, 0x2e, 0x39, 0x34, 0x2c, 0x30, 0x2c, 0x30, 0x2c, 0x31, 0x2d, 0x2e,
    0x31, 0x2d, 0x2e, 0x31, 0x6c, 0x2d, 0x2e, 0x31, 0x2d, 0x2e, 0x31, 0x2d, 0x2e, 0x31, 0x2d, 0x2e,
    0x30, 0x39, 0x61, 0x2e, 0x34, 0x37, 0x2e, 0x34, 0x37, 0x2c, 0x30, 0x2c, 0x30, 0x2c, 0x30, 0x2d,
    0x2e, 0x31, 0x2d, 0x2e, 0x31, 0x2e, 0x34, 0x33, 0x2e, 0x34, 0x33, 0x2c, 0x30, 0x2c, 0x30, 0x2c,
    0x30, 0x2d, 0x2e, 0x30, 0x39, 0x2d, 0x2e, 0x31, 0x6c, 0x2d, 0x2e, 0x31, 0x2d, 0x2e, 0x31, 0x2d,
    0x2e, 0x31, 0x2d, 0x2e, 0x31, 0x2d, 0x2e, 0x31, 0x2d, 0x2e, 0x31, 0x2d, 0x2e, 0x31, 0x2d, 0x2e,
    0x30, 0x39, 0x61, 0x2e, 0x34, 0x37, 0x2e, 0x34, 0x37, 0x2c, 0x30, 0x2c, 0x30, 0x2c, 0x30, 0x2d,
    0x2e, 0x31, 0x2d, 0x2e, 0x31, 0x2e, 0x34, 0x33, 0x2e, 0x34, 0x33, 0x2c, 0x30, 0x2c, 0x30, 0x2c,
    0x30, 0x2d, 0x2e, 0x30, 0x39, 0x2d, 0x2e, 0x31, 0x6c, 0x2d, 0x2e, 0x31, 0x2d, 0x2e, 0x31, 0x2d,
    0x2e, 0x31, 0x2d, 0x2e, 0x31, 0x2d, 0x2e, 0x31, 0x2d, 0x2e, 0x30, 0x39, 0x61, 0x37, 0x39, 0x36,
    0x31, 0x33, 0x31, 0x34, 0x35, 0x39, 0x30, 0x36, 0x35, 0x37, 0x2e, 0x37, 0x36, 0x2c, 0x37, 0x39,
    0x36, 0x31, 0x33, 0x31, 0x34, 0x35, 0x39, 0x30, 0x36, 0x35, 0x37, 0x2e, 0x37, 0x36, 0x2c, 0x30,
    0x2c, 0x30, 0x2c, 0x31, 0x2d, 0x2e, 0x32, 0x2d, 0x2e, 0x32, 0x2e, 0x33, 0x32, 0x2e, 0x33, 0x32,
    0x2c, 0x30, 0x2c, 0x30, 0x2c, 0x30, 0x2d, 0x2e, 0x31, 0x2d, 0x2e, 0x31, 0x2e, 0x34, 0x33, 0x2e,
    0x34, 0x33, 0x2c, 0x30, 0x2c, 0x30, 0x2c, 0x30, 0x2d, 0x2e, 0x30, 0x39, 0x2d, 0x2e, 0x31, 0x6c,
    0x2d, 0x2e, 0x31, 0x2d, 0x2e, 0x31, 0x2d, 0x2e, 0x31, 0x2d, 0x2e, 0x31, 0x2d, 0x2e, 0x31, 0x2d,
    0x2e, 0x30, 0x39, 0x61, 0x2e, 0x34, 0x37, 0x2e, 0x34, 0x37, 0x2c, 0x30, 0x2c, 0x30, 0x2c, 0x30,
    0x2d, 0x2e, 0x31, 0x2d, 0x2e, 0x31, 0x6c, 0x2d, 0x2e, 0x30, 0x39, 0x2d, 0x2e, 0x31, 0x2d, 0x2e,
    0x31, 0x2d, 0x2e, 0x31, 0x2d, 0x2e, 0x31, 0x2d, 0x2e, 0x31, 0x2d, 0x2e, 0x31, 0x2d, 0x2e, 0x31,
    0x2d, 0x2e, 0x31, 0x2d, 0x2e, 0x30, 0x39, 0x61, 0x2e, 0x34, 0x37, 0x2e, 0x34, 0x37, 0x2c, 0x30,
    0x2c, 0x30, 0x2c, 0x30, 0x2d, 0x2e, 0x31, 0x2d, 0x2e, 0x31, 0x6c, 0x2d, 0x2e, 0x30, 0x39, 0x2d,
    0x2e, 0x31, 0x61, 0x2e, 0x39, 0x34, 0x2e, 0x39, 0x34, 0x2c, 0x30, 0x2c, 0x30, 0x2c, 0x30, 0x2d,
    0x2e, 0x31, 0x2d, 0x2e, 0x31, 0x6c, 0x2d, 0x2e, 0x31, 0x2d, 0x2e, 0x31, 0x2d, 0x2e, 0x31, 0x2d,
    0x2e, 0x31, 0x2d, 0x2e, 0x31, 0x2d, 0x2e, 0x30, 0x39, 0x2d, 0x2e, 0x31, 0x2d, 0x2e, 0x31, 0x61,
    0x2e, 0x34, 0x37, 0x2e, 0x34, 0x37, 0x2c, 0x30, 0x2c, 0x30, 0x2c, 0x30, 0x2d, 0x2e, 0x31, 0x2d,
    0x2e, 0x31, 0x2e, 0x34, 0x33, 0x2e, 0x34, 0x33, 0x2c, 0x30, 0x2c, 0x30, 0x2c, 0x30, 0x2d, 0x2e,
    0x30, 0x39, 0x2d, 0x2e, 0x31, 0x6c, 0x2d, 0x2e, 0x31, 0x2d, 0x2e, 0x31, 0x2d, 0x2e, 0x31, 0x2d,
    0x2e, 0x31, 0x2d, 0x2e, 0x31, 0x2d, 0x2e, 0x31, 0x2d, 0x2e, 0x31, 0x2d, 0x2e, 0x30, 0x39, 0x2d,
    0x2e, 0x30, 0x39, 0x2d, 0x2e, 0x31, 0x2d, 0x2e, 0x31, 0x2d, 0x2e, 0x31, 0x2d, 0x2e, 0x31, 0x2d,
    0x2e, 0x31, 0x2d, 0x2e, 0x31, 0x2d, 0x2e, 0x31, 0x2d, 0x2e, 0x31, 0x2d, 0x2e, 0x30, 0x39, 0x61,
    0x2e, 0x39, 0x33, 0x2e, 0x39, 0x33, 0x2c, 0x30, 0x2c, 0x30, 0x2c, 0x30, 0x2d, 0x2e, 0x32, 0x33,
    0x2d, 0x2e, 0x32, 0x31, 0x4c, 0x32, 0x33, 0x2e, 0x36, 0x37, 0x2c, 0x38, 0x2e, 0x32, 0x34, 0x61,
    0x31, 0x2c, 0x31, 0x2c, 0x30, 0x2c, 0x30, 0x2c, 0x30, 0x2d, 0x31, 0x2e, 0x34, 0x31, 0x2e, 0x38,
    0x31, 0x76, 0x34, 0x2e, 0x31, 0x41, 0x32, 0x31, 0x2e, 0x32, 0x38, 0x2c, 0x32, 0x31, 0x2e, 0x32,
    0x38, 0x2c, 0x30, 0x2c, 0x30, 0x2c, 0x30, 0x2c, 0x39, 0x2e, 0x38, 0x31, 0x2c, 0x32, 0x39, 0x2e,
    0x32, 0x37, 0x2c, 0x32, 0x31, 0x2c, 0x32, 0x31, 0x2c, 0x30, 0x2c, 0x30, 0x2c, 0x30, 0x2c, 0x31,
    0x35, 0x2e, 0x36, 0x39, 0x2c, 0x34, 0x37, 0x2e, 0x32, 0x6c, 0x2e, 0x31, 0x2e, 0x31, 0x2e, 0x30,
    0x39, 0x2e, 0x30, 0x39, 0x2e, 0x31, 0x31, 0x2e, 0x31, 0x31, 0x2e, 0x30, 0x39, 0x2e, 0x30, 0x39,
    0x2e, 0x31, 0x2e, 0x31, 0x2e, 0x31, 0x2e, 0x31, 0x2e, 0x31, 0x2e, 0x31, 0x2e, 0x31, 0x2e, 0x31,
    0x2e, 0x30, 0x39, 0x2e, 0x30, 0x39, 0x2e, 0x31, 0x2e, 0x31, 0x2e, 0x31, 0x31, 0x2e, 0x31, 0x31,
    0x2e, 0x30, 0x39, 0x2e, 0x30, 0x39, 0x2e, 0x31, 0x31, 0x2e, 0x31, 0x31, 0x2e, 0x30, 0x38, 0x2e,
    0x30, 0x38, 0x2e, 0x31, 0x2e, 0x31, 0x2e, 0x31, 0x31, 0x2e, 0x31, 0x31, 0x2e, 0x30, 0x39, 0x2e,
    0x30, 0x39, 0x2e, 0x31, 0x31, 0x2e, 0x31, 0x31, 0x2e, 0x30, 0x39, 0x2e, 0x30, 0x39, 0x2e, 0x30,
    0x39, 0x2e, 0x30, 0x39, 0x61, 0x31, 0x2e, 0x31, 0x34, 0x2c, 0x31, 0x2e, 0x31, 0x34, 0x2c, 0x30,
    0x2c, 0x30, 0x2c, 0x31, 0x2c, 0x2e, 0x31, 0x31, 0x2e, 0x31, 0x31, 0x6c, 0x2e, 0x30, 0x39, 0x2e,
    0x30, 0x39, 0x2e, 0x31, 0x31, 0x2e, 0x31, 0x2e, 0x30, 0x39, 0x2e, 0x31, 0x2e, 0x31, 0x2e, 0x31,
    0x2e, 0x31, 0x2e, 0x31, 0x2e, 0x31, 0x2e, 0x31, 0x2e, 0x31, 0x2e, 0x31, 0x2e, 0x30, 0x39, 0x2e,
    0x30, 0x39, 0x2e, 0x31, 0x2e, 0x31, 0x2e, 0x31, 0x2e, 0x31, 0x2e, 0x31, 0x2e, 0x31, 0x61, 0x2e,
    0x37, 0x36, 0x2e, 0x37, 0x36, 0x2c, 0x30, 0x2c, 0x30, 0x2c, 0x31, 0x2c, 0x2e, 0x30, 0x39, 0x2e,
    0x30, 0x39, 0x6c, 0x2e, 0x31, 0x31, 0x2e, 0x31, 0x31, 0x2e, 0x30, 0x39, 0x2e, 0x30, 0x39, 0x2e,
    0x31, 0x31, 0x2e, 0x31, 0x31, 0x2e, 0x30, 0x39, 0x2e, 0x30, 0x39, 0x2e, 0x30, 0x39, 0x2e, 0x30,
    0x39, 0x2e, 0x31, 0x31, 0x2e, 0x31, 0x31, 0x2e, 0x30, 0x39, 0x2e, 0x30, 0x39, 0x2e, 0x31, 0x2e,
    0x31, 0x2e, 0x31, 0x2e, 0x31, 0x2e, 0x31, 0x2e, 0x31, 0x2e, 0x31, 0x2e, 0x31, 0x2e, 0x31, 0x2e,
    0x31, 0x61, 0x2e, 0x39, 0x34, 0x2e, 0x39, 0x34, 0x2c, 0x30, 0x2c, 0x30, 0x2c, 0x31, 0x2c, 0x2e,
    0x31, 0x2e, 0x31, 0x6c, 0x2e, 0x31, 0x2e, 0x31, 0x2e, 0x30, 0x39, 0x2e, 0x30, 0x39, 0x2e, 0x31,
    0x2e, 0x31, 0x2e, 0x31, 0x2e, 0x31, 0x61, 0x32, 0x33, 0x2e, 0x37, 0x37, 0x2c, 0x32, 0x33, 0x2e,
    0x37, 0x37, 0x2c, 0x30, 0x2c, 0x30, 0x2c, 0x30, 0x2c, 0x33, 0x2e, 0x34, 0x38, 0x2c, 0x33, 0x63,
    0x32, 0x2e, 0x38, 0x32, 0x2c, 0x32, 0x2c, 0x35, 0x2e, 0x34, 0x37, 0x2d, 0x32, 0x2e, 0x33, 0x31,
    0x2c, 0x33, 0x2e, 0x32, 0x34, 0x2d, 0x34, 0x2e, 0x35, 0x33, 0x6c, 0x2d, 0x2e, 0x31, 0x2d, 0x2e,
    0x31, 0x2d, 0x2e, 0x31, 0x2d, 0x2e, 0x30, 0x39, 0x2d, 0x2e, 0x30, 0x39, 0x2d, 0x2e, 0x31, 0x2d,
    0x2e, 0x31, 0x2d, 0x2e, 0x31, 0x2d, 0x2e, 0x31, 0x2d, 0x2e, 0x31, 0x61, 0x2e, 0x39, 0x34, 0x2e,
    0x39, 0x34, 0x2c, 0x30, 0x2c, 0x30, 0x2c, 0x31, 0x2d, 0x2e, 0x31, 0x2d, 0x2e, 0x31, 0x6c, 0x2d,
    0x2e, 0x31, 0x2d, 0x2e, 0x30, 0x39, 0x2d, 0x2e, 0x31, 0x2d, 0x2e, 0x31, 0x2d, 0x2e, 0x31, 0x2d,
    0x2e, 0x31, 0x2d, 0x2e, 0x30, 0x39, 0x2d, 0x2e, 0x31, 0x2d, 0x2e, 0x31, 0x2d, 0x2e, 0x31, 0x2d,
    0x2e, 0x31, 0x2d, 0x2e, 0x31, 0x2d, 0x2e, 0x31, 0x2d, 0x2e, 0x30, 0x39, 0x2d, 0x2e, 0x31, 0x2d,
    0x2e, 0x31, 0x31, 0x2d, 0x2e, 0x30, 0x39, 0x2d, 0x2e, 0x30, 0x39, 0x2d, 0x2e, 0x31, 0x31, 0x2d,
    0x2e, 0x31, 0x2d, 0x2e, 0x30, 0x39, 0x2d, 0x2e, 0x31, 0x61, 0x39, 0x39, 0x35, 0x31, 0x36, 0x34,
    0x33, 0x32, 0x33, 0x38, 0x33, 0x31, 0x32, 0x2e, 0x36, 0x35, 0x2c, 0x39, 0x39, 0x35, 0x31, 0x36,
    0x34, 0x33, 0x32, 0x33, 0x38, 0x33, 0x31, 0x32, 0x2e, 0x36, 0x35, 0x2c, 0x30, 0x2c, 0x30, 0x2c,
    0x30, 0x2d, 0x2e, 0x32, 0x2d, 0x2e, 0x32, 0x6c, 0x2d, 0x2e, 0x31, 0x2d, 0x2e, 0x30, 0x39, 0x2d,
    0x2e, 0x31, 0x2d, 0x2e, 0x31, 0x2d, 0x2e, 0x30, 0x39, 0x2d, 0x2e, 0x31, 0x2d, 0x2e, 0x31, 0x2d,
    0x2e, 0x31, 0x2d, 0x2e, 0x31, 0x2d, 0x2e, 0x31, 0x2d, 0x2e, 0x31, 0x2d, 0x2e, 0x31, 0x2d, 0x2e,
    0x31, 0x2d, 0x2e, 0x30, 0x39, 0x61, 0x2e, 0x34, 0x37, 0x2e, 0x34, 0x37, 0x2c, 0x30, 0x2c, 0x30,
    0x2c, 0x30, 0x2d, 0x2e, 0x31, 0x2d, 0x2e, 0x31, 0x6c, 0x2d, 0x2e, 0x30, 0x39, 0x2d, 0x2e, 0x31,
    0x2d, 0x2e, 0x31, 0x2d, 0x2e, 0x31, 0x2d, 0x2e, 0x31, 0x2d, 0x2e, 0x31, 0x2d, 0x2e, 0x31, 0x2d,
    0x2e, 0x30, 0x39, 0x2d, 0x2e, 0x31, 0x2d, 0x2e, 0x31, 0x31, 0x2d, 0x2e, 0x31, 0x2d, 0x2e, 0x30,
    0x39, 0x2d, 0x2e, 0x31, 0x2d, 0x2e, 0x31, 0x2d, 0x2e, 0x30, 0x39, 0x2d, 0x2e, 0x31, 0x2d, 0x2e,
    0x31, 0x2d, 0x2e, 0x31, 0x2d, 0x2e, 0x31, 0x2d, 0x2e, 0x31, 0x2d, 0x2e, 0x31, 0x2d, 0x2e, 0x31,
    0x2d, 0x2e, 0x31, 0x2d, 0x2e, 0x30, 0x39, 0x2d, 0x2e, 0x30, 0x39, 0x2d, 0x2e, 0x31, 0x2d, 0x2e,
    0x31, 0x2d, 0x2e, 0x31, 0x2d, 0x2e, 0x31, 0x2d, 0x2e, 0x31, 0x61, 0x2e, 0x39, 0x34, 0x2e, 0x39,
    0x34, 0x2c, 0x30, 0x2c, 0x30, 0x2c, 0x31, 0x2d, 0x2e, 0x31, 0x2d, 0x2e, 0x31, 0x6c, 0x2d, 0x2e,
    0x31, 0x2d, 0x2e, 0x31, 0x4c, 0x32, 0x33, 0x2c, 0x34, 0x36, 0x2e, 0x31, 0x38, 0x41, 0x31, 0x35,
    0x2e, 0x38, 0x31, 0x2c, 0x31, 0x35, 0x2e, 0x38, 0x31, 0x2c, 0x30, 0x2c, 0x30, 0x2c, 0x31, 0x2c,
    0x32, 0x35, 0x2e, 0x31, 0x34, 0x2c, 0x32, 0x36, 0x2e, 0x32, 0x31, 0x5a, 0x22, 0x2f, 0x3e, 0x3c,
    0x2f, 0x67, 0x3e, 0x3c, 0x70, 0x61, 0x74, 0x68, 0x20, 0x64, 0x3d, 0x22, 0x4d, 0x34, 0x31, 0x2e,
    0x37, 0x35, 0x2c, 0x35, 0x35, 0x2e, 0x31, 0x37, 0x63, 0x30, 0x2d, 0x31, 0x2e, 0x33, 0x32, 0x2c,
    0x30, 0x2d, 0x32, 0x2e, 0x36, 0x35, 0x2c, 0x30, 0x2d, 0x34, 0x61, 0x32, 0x31, 0x2e, 0x30, 0x36,
    0x2c, 0x32, 0x31, 0x2e, 0x30, 0x36, 0x2c, 0x30, 0x2c, 0x30, 0x2c, 0x30, 0x2c, 0x33, 0x2e, 0x34,
    0x31, 0x2d, 0x33, 0x37, 0x63, 0x2d, 0x33, 0x2d, 0x32, 0x2e, 0x30, 0x38, 0x2d, 0x35, 0x2e, 0x37,
    0x39, 0x2c, 0x32, 0x2e, 0x38, 0x32, 0x2d, 0x32, 0x2e, 0x38, 0x32, 0x2c, 0x34, 0x2e, 0x38, 0x39,
    0x2c, 0x39, 0x2e, 0x32, 0x32, 0x2c, 0x36, 0x2e, 0x34, 0x34, 0x2c, 0x38, 0x2e, 0x33, 0x39, 0x2c,
    0x32, 0x30, 0x2e, 0x32, 0x2d, 0x2e, 0x36, 0x2c, 0x32, 0x35, 0x2e, 0x38, 0x36, 0x2c, 0x30, 0x2d,
    0x31, 0x2e, 0x32, 0x33, 0x2c, 0x30, 0x2d, 0x32, 0x2e, 0x34, 0x35, 0x2c, 0x30, 0x2d, 0x33, 0x2e,
    0x36, 0x38, 0x61, 0x2e, 0x38, 0x38, 0x2e, 0x38, 0x38, 0x2c, 0x30, 0x2c, 0x30, 0x2c, 0x30, 0x2d,
    0x2e, 0x33, 0x36, 0x2d, 0x2e, 0x37, 0x33, 0x2e, 0x38, 0x31, 0x2e, 0x38, 0x31, 0x2c, 0x30, 0x2c,
    0x30, 0x2c, 0x30, 0x2d, 0x31, 0x2d, 0x2e, 0x30, 0x38, 0x6c, 0x2d, 0x31, 0x30, 0x2e, 0x38, 0x36,
    0x2c, 0x37, 0x61, 0x31, 0x2c, 0x31, 0x2c, 0x30, 0x2c, 0x30, 0x2c, 0x30, 0x2c, 0x30, 0x2c, 0x31,
    0x2e, 0x36, 0x33, 0x4c, 0x34, 0x30, 0x2e, 0x33, 0x34, 0x2c, 0x35, 0x36, 0x61, 0x2e, 0x39, 0x34,
    0x2e, 0x39, 0x34, 0x2c, 0x30, 0x2c, 0x30, 0x2c, 0x30, 0x2c, 0x31, 0x2e, 0x34, 0x31, 0x2d, 0x2e,
    0x38, 0x22, 0x20, 0x73, 0x74, 0x79, 0x6c, 0x65, 0x3d, 0x22, 0x66, 0x69, 0x6c, 0x6c, 0x3a, 0x23,
    0x66, 0x66, 0x66, 0x22, 0x2f, 0x3e, 0x3c, 0x70, 0x61, 0x74, 0x68, 0x20, 0x64, 0x3d, 0x22, 0x4d,
    0x32, 0x31, 0x2e, 0x38, 0x39, 0x2c, 0x34, 0x35, 0x2e, 0x31, 0x39, 0x63, 0x2d, 0x39, 0x2e, 0x31,
    0x35, 0x2d, 0x36, 0x2e, 0x33, 0x39, 0x2d, 0x38, 0x2e, 0x34, 0x31, 0x2d, 0x32, 0x30, 0x2c, 0x2e,
    0x33, 0x39, 0x2d, 0x32, 0x35, 0x2e, 0x37, 0x32, 0x56, 0x32, 0x33, 0x61, 0x2e, 0x38, 0x34, 0x2e,
    0x38, 0x34, 0x2c, 0x30, 0x2c, 0x30, 0x2c, 0x30, 0x2c, 0x2e, 0x33, 0x37, 0x2e, 0x37, 0x33, 0x2e,
    0x38, 0x31, 0x2e, 0x38, 0x31, 0x2c, 0x30, 0x2c, 0x30, 0x2c, 0x30, 0x2c, 0x31, 0x2e, 0x30, 0x35,
    0x2e, 0x30, 0x38, 0x6c, 0x31, 0x30, 0x2e, 0x38, 0x35, 0x2d, 0x37, 0x61, 0x2e, 0x39, 0x34, 0x2e,
    0x39, 0x34, 0x2c, 0x30, 0x2c, 0x30, 0x2c, 0x30, 0x2c, 0x30, 0x2d, 0x31, 0x2e, 0x36, 0x32, 0x4c,
    0x32, 0x33, 0x2e, 0x36, 0x37, 0x2c, 0x38, 0x2e, 0x32, 0x34, 0x61, 0x31, 0x2c, 0x31, 0x2c, 0x30,
    0x2c, 0x30, 0x2c, 0x30, 0x2d, 0x31, 0x2e, 0x34, 0x31, 0x2e, 0x38, 0x31, 0x76, 0x34, 0x2e, 0x31,
    0x61, 0x32, 0x31, 0x2e, 0x30, 0x35, 0x2c, 0x32, 0x31, 0x2e, 0x30, 0x35, 0x2c, 0x30, 0x2c, 0x30,
    0x2c, 0x30, 0x2d, 0x33, 0x2e, 0x32, 0x2c, 0x33, 0x36, 0x2e, 0x39, 0x33, 0x63, 0x33, 0x2c, 0x32,
    0x2e, 0x30, 0x39, 0x2c, 0x35, 0x2e, 0x37, 0x39, 0x2d, 0x32, 0x2e, 0x38, 0x32, 0x2c, 0x32, 0x2e,
    0x38, 0x32, 0x2d, 0x34, 0x2e, 0x38, 0x39, 0x22, 0x20, 0x73, 0x74, 0x79, 0x6c, 0x65, 0x3d, 0x22,
    0x66, 0x69, 0x6c, 0x6c, 0x3a, 0x23, 0x66, 0x66, 0x66, 0x22, 0x2f, 0x3e, 0x3c, 0x2f, 0x67, 0x3e,
    0x3c, 0x2f, 0x67, 0x3e, 0x3c, 0x2f, 0x73, 0x76, 0x67, 0x3e,
};
static const size_t main_toolbar_replay_svg_len = 4314;

static const unsigned char main_toolbar_settings_svg[] = {
    0x3c, 0x73, 0x76, 0x67, 0x20, 0x78, 0x6d, 0x6c, 0x6e, 0x73, 0x3d, 0x22, 0x68, 0x74, 0x74, 0x70,
    0x3a, 0x2f, 0x2f, 0x77, 0x77, 0x77, 0x2e, 0x77, 0x33, 0x2e, 0x6f, 0x72, 0x67, 0x2f, 0x32, 0x30,
    0x30, 0x30, 0x2f, 0x73, 0x76, 0x67, 0x22, 0x20, 0x76, 0x69, 0x65, 0x77, 0x42, 0x6f, 0x78, 0x3d,
    0x22, 0x30, 0x20, 0x30, 0x20, 0x36, 0x34, 0x20, 0x36, 0x34, 0x22, 0x3e, 0x3c, 0x67, 0x20, 0x73,
    0x74, 0x79, 0x6c, 0x65, 0x3d, 0x22, 0x69, 0x73, 0x6f, 0x6c, 0x61, 0x74, 0x69, 0x6f, 0x6e, 0x3a,
    0x69, 0x73, 0x6f, 0x6c, 0x61, 0x74, 0x65, 0x22, 0x3e, 0x3c, 0x67, 0x20, 0x69, 0x64, 0x3d, 0x22,
    0x4c, 0x61, 0x79, 0x65, 0x72, 0x5f, 0x31, 0x22, 0x20, 0x64, 0x61, 0x74, 0x61, 0x2d, 0x6e, 0x61,
    0x6d, 0x65, 0x3d, 0x22, 0x4c, 0x61, 0x79, 0x65, 0x72, 0x20, 0x31, 0x22, 0x3e, 0x3c, 0x72, 0x65,
    0x63, 0x74, 0x20, 0x77, 0x69, 0x64, 0x74, 0x68, 0x3d, 0x22, 0x36, 0x34, 0x22, 0x20, 0x68, 0x65,
    0x69, 0x67, 0x68, 0x74, 0x3d, 0x22, 0x36, 0x34, 0x22, 0x20, 0x72, 0x78, 0x3d, 0x22, 0x31, 0x30,
    0x22, 0x20, 0x73, 0x74, 0x79, 0x6c, 0x65, 0x3d, 0x22, 0x66, 0x69, 0x6c, 0x6c, 0x3a, 0x23, 0x62,
    0x32, 0x35, 0x64, 0x35, 0x38, 0x22, 0x2f, 0x3e, 0x3c, 0x70, 0x61, 0x74, 0x68, 0x20, 0x64, 0x3d,
    0x22, 0x4d, 0x36, 0x30, 0x2e, 0x32, 0x2c, 0x33, 0x39, 0x2e, 0x35, 0x34, 0x6c, 0x2d, 0x2e, 0x31,
    0x2d, 0x2e, 0x31, 0x61, 0x2e, 0x39, 0x34, 0x2e, 0x39, 0x34, 0x2c, 0x30, 0x2c, 0x30, 0x2c, 0x30,
    0x2d, 0x2e, 0x31, 0x2d, 0x2e, 0x31, 0x6c, 0x2d, 0x2e, 0x30, 0x39, 0x2d, 0x2e, 0x31, 0x2d, 0x2e,
    0x31, 0x31, 0x2d, 0x2e, 0x31, 0x2d, 0x2e, 0x30, 0x39, 0x2d, 0x2e, 0x31, 0x2d, 0x2e, 0x31, 0x2d,
    0x2e, 0x30, 0x39, 0x2d, 0x2e, 0x31, 0x2d, 0x2e, 0x31, 0x61, 0x2e, 0x39, 0x34, 0x2e, 0x39, 0x34,
    0x2c, 0x30, 0x2c, 0x30, 0x2c, 0x30, 0x2d, 0x2e, 0x31, 0x2d, 0x2e, 0x31, 0x6c, 0x2d, 0x2e, 0x30,
    0x39, 0x2d, 0x2e, 0x31, 0x2d, 0x2e, 0x31, 0x2d, 0x2e, 0x31, 0x2d, 0x2e, 0x31, 0x2d, 0x2e, 0x30,
    0x39, 0x2d, 0x2e, 0x31, 0x2d, 0x2e, 0x31, 0x2d, 0x2e, 0x31, 0x2d, 0x2e, 0x31, 0x2d, 0x2e, 0x30,
    0x39, 0x2d, 0x2e, 0x31, 0x61, 0x2e, 0x39, 0x34, 0x2e, 0x39, 0x34, 0x2c, 0x30, 0x2c, 0x30, 0x2c,
    0x31, 0x2d, 0x2e, 0x31, 0x2d, 0x2e, 0x31, 0x6c, 0x2d, 0x2e, 0x31, 0x2d, 0x2e, 0x30, 0x39, 0x2d,
    0x2e, 0x31, 0x2d, 0x2e, 0x31, 0x61, 0x2e, 0x39, 0x34, 0x2e, 0x39, 0x34, 0x2c, 0x30, 0x2c, 0x30,
    0x2c, 0x30, 0x2d, 0x2e, 0x31, 0x2d, 0x2e, 0x31, 0x6c, 0x2d, 0x2e, 0x30, 0x39, 0x2d, 0x2e, 0x31,
    0x61, 0x2e, 0x39, 0x34, 0x2e, 0x39, 0x34, 0x2c, 0x30, 0x2c, 0x30, 0x2c, 0x31, 0x2d, 0x2e, 0x31,
    0x2d, 0x2e, 0x31, 0x6c, 0x2d, 0x2e, 0x31, 0x2d, 0x2e, 0x30, 0x39, 0x61, 0x2e, 0x39, 0x34, 0x2e,
    0x39, 0x34, 0x2c, 0x30, 0x2c, 0x30, 0x2c, 0x30, 0x2d, 0x2e, 0x31, 0x2d, 0x2e, 0x31, 0x6c, 0x2d,
    0x2e, 0x31, 0x2d, 0x2e, 0x31, 0x2d, 0x2e, 0x30, 0x39, 0x2d, 0x2e, 0x31, 0x2d, 0x2e, 0x31, 0x2d,
    0x2e, 0x31, 0x2d, 0x2e, 0x31, 0x2d, 0x2e, 0x30, 0x39, 0x73, 0x2d, 0x2e, 0x30, 0x36, 0x2d, 0x2e,
    0x30, 0x37, 0x2d, 0x2e, 0x31, 0x2d, 0x2e, 0x31, 0x6c, 0x2d, 0x2e, 0x30, 0x39, 0x2d, 0x2e, 0x31,
    0x2d, 0x2e, 0x31, 0x31, 0x2d, 0x2e, 0x31, 0x2d, 0x2e, 0x30, 0x39, 0x2d, 0x2e, 0x31, 0x2d, 0x2e,
    0x31, 0x2d, 0x2e, 0x30, 0x39, 0x2d, 0x2e, 0x31, 0x2d, 0x2e, 0x31, 0x4c, 0x35, 0x37, 0x2c, 0x33,
    0x36, 0x2e, 0x33, 0x31, 0x63, 0x30, 0x2d, 0x2e, 0x36, 0x32, 0x2c, 0x30, 0x2d, 0x31, 0x2e, 0x32,
    0x34, 0x2d, 0x2e, 0x31, 0x2d, 0x31, 0x2e, 0x38, 0x36, 0x61, 0x2e, 0x33, 0x34, 0x2e, 0x33, 0x34,
    0x2c, 0x30, 0x2c, 0x30, 0x2c, 0x31, 0x2c, 0x2e, 0x31, 0x32, 0x2d, 0x2e, 0x33, 0x31, 0x6c, 0x32,
    0x2e, 0x35, 0x39, 0x2d, 0x31, 0x2e, 0x37, 0x36, 0x61, 0x32, 0x2e, 0x39, 0x33, 0x2c, 0x32, 0x2e,
    0x39, 0x33, 0x2c, 0x30, 0x2c, 0x30, 0x2c, 0x30, 0x2c, 0x31, 0x2d, 0x33, 0x2e, 0x36, 0x36, 0x4c,
    0x35, 0x38, 0x2e, 0x39, 0x32, 0x2c, 0x32, 0x35, 0x61, 0x32, 0x2e, 0x37, 0x2c, 0x32, 0x2e, 0x37,
    0x2c, 0x30, 0x2c, 0x30, 0x2c, 0x30, 0x2d, 0x2e, 0x35, 0x35, 0x2d, 0x2e, 0x38, 0x31, 0x2c, 0x31,
    0x2e, 0x38, 0x39, 0x2c, 0x31, 0x2e, 0x38, 0x39, 0x2c, 0x30, 0x2c, 0x30, 0x2c, 0x30, 0x2d, 0x2e,
    0x32, 0x2d, 0x2e, 0x32, 0x6c, 0x2d, 0x2e, 0x30, 0x39, 0x2d, 0x2e, 0x31, 0x2d, 0x2e, 0x32, 0x2d,
    0x2e, 0x31, 0x39, 0x2d, 0x2e, 0x31, 0x2d, 0x2e, 0x31, 0x2d, 0x2e, 0x31, 0x2d, 0x2e, 0x31, 0x2d,
    0x2e, 0x31, 0x2d, 0x2e, 0x31, 0x2d, 0x2e, 0x30, 0x39, 0x2d, 0x2e, 0x31, 0x2d, 0x2e, 0x31, 0x2d,
    0x2e, 0x30, 0x39, 0x2d, 0x2e, 0x31, 0x2d, 0x2e, 0x31, 0x61, 0x2e, 0x39, 0x34, 0x2e, 0x39, 0x34,
    0x2c, 0x30, 0x2c, 0x30, 0x2c, 0x30, 0x2d, 0x2e, 0x31, 0x2d, 0x2e, 0x31, 0x6c, 0x2d, 0x2e, 0x31,
    0x2d, 0x2e, 0x31, 0x61, 0x31, 0x2e, 0x31, 0x34, 0x2c, 0x31, 0x2e, 0x31, 0x34, 0x2c, 0x30, 0x2c,
    0x30, 0x2c, 0x30, 0x2d, 0x2e, 0x31, 0x39, 0x2d, 0x2e, 0x31, 0x39, 0x2c, 0x32, 0x2e, 0x31, 0x33,
    0x2c, 0x32, 0x2e, 0x31, 0x33, 0x2c, 0x30, 0x2c, 0x30, 0x2c, 0x30, 0x2d, 0x2e, 0x33, 0x2d, 0x2e,
    0x33, 0x6c, 0x2d, 0x2e, 0x31, 0x35, 0x2d, 0x2e, 0x31, 0x35, 0x2c, 0x30, 0x2c, 0x30, 0x61, 0x2e,
    0x39, 0x34, 0x2e, 0x39, 0x34, 0x2c, 0x30, 0x2c, 0x30, 0x2c, 0x30, 0x2d, 0x2e, 0x31, 0x2d, 0x2e,
    0x31, 0x6c, 0x2d, 0x2e, 0x31, 0x2d, 0x2e, 0x31, 0x61, 0x31, 0x2e, 0x32, 0x31, 0x2c, 0x31, 0x2e,
    0x32, 0x31, 0x2c, 0x30, 0x2c, 0x30, 0x2c, 0x30, 0x2d, 0x2e, 0x31, 0x36, 0x2d, 0x2e, 0x31, 0x36,
    0x6c, 0x30, 0x2c, 0x30, 0x2d, 0x2e, 0x31, 0x2d, 0x2e, 0x30, 0x39, 0x2d, 0x2e, 0x31, 0x2d, 0x2e,
    0x31, 0x2d, 0x2e, 0x30, 0x37, 0x2d, 0x2e, 0x30, 0x37, 0x61, 0x31, 0x2e, 0x35, 0x39, 0x2c, 0x31,
    0x2e, 0x35, 0x39, 0x2c, 0x30, 0x2c, 0x30, 0x2c, 0x30, 0x2d, 0x2e, 0x31, 0x33, 0x2d, 0x2e, 0x31,
    0x33, 0x6c, 0x2d, 0x2e, 0x30, 0x39, 0x2d, 0x2e, 0x31, 0x2d, 0x2e, 0x31, 0x2d, 0x2e, 0x31, 0x2d,
    0x2e, 0x31, 0x2d, 0x2e, 0x30, 0x39, 0x2d, 0x2e, 0x31, 0x2d, 0x2e, 0x31, 0x2d, 0x2e, 0x31, 0x39,
    0x2d, 0x2e, 0x32, 0x2d, 0x2e, 0x31, 0x2d, 0x2e, 0x30, 0x39, 0x61, 0x31, 0x2e, 0x38, 0x39, 0x2c,
    0x31, 0x2e, 0x38, 0x39, 0x2c, 0x30, 0x2c, 0x30, 0x2c, 0x30, 0x2d, 0x2e, 0x32, 0x2d, 0x2e, 0x32,
    0x6c, 0x2d, 0x2e, 0x31, 0x2d, 0x2e, 0x31, 0x2d, 0x2e, 0x31, 0x39, 0x2d, 0x2e, 0x31, 0x39, 0x61,
    0x2e, 0x39, 0x34, 0x2e, 0x39, 0x34, 0x2c, 0x30, 0x2c, 0x30, 0x2c, 0x30, 0x2d, 0x2e, 0x31, 0x2d,
    0x2e, 0x31, 0x6c, 0x2d, 0x2e, 0x31, 0x2d, 0x2e, 0x31, 0x68, 0x30, 0x6c, 0x2d, 0x2e, 0x31, 0x2d,
    0x2e, 0x31, 0x2d, 0x2e, 0x30, 0x39, 0x2d, 0x2e, 0x31, 0x61, 0x31, 0x2e, 0x38, 0x2c, 0x31, 0x2e,
    0x38, 0x2c, 0x30, 0x2c, 0x30, 0x2c, 0x30, 0x2d, 0x2e, 0x32, 0x2d, 0x2e, 0x31, 0x39, 0x2c, 0x32,
    0x2e, 0x37, 0x36, 0x2c, 0x32, 0x2e, 0x37, 0x36, 0x2c, 0x30, 0x2c, 0x30, 0x2c, 0x30, 0x2d, 0x2e,
    0x32, 0x39, 0x2d, 0x2e, 0x33, 0x6c, 0x2d, 0x2e, 0x33, 0x2d, 0x2e, 0x32, 0x39, 0x61, 0x32, 0x2e,
    0x39, 0x32, 0x2c, 0x32, 0x2e, 0x39, 0x32, 0x2c, 0x30, 0x2c, 0x30, 0x2c, 0x30, 0x2d, 0x32, 0x2d,
    0x2e, 0x38, 0x32, 0x2c, 0x32, 0x2e, 0x36, 0x37, 0x2c, 0x32, 0x2e, 0x36, 0x37, 0x2c, 0x30, 0x2c,
    0x30, 0x2c, 0x30, 0x2d, 0x2e, 0x36, 0x39, 0x2e, 0x30, 0x39, 0x2c, 0x32, 0x2e, 0x39, 0x31, 0x2c,
    0x32, 0x2e, 0x39, 0x31, 0x2c, 0x30, 0x2c, 0x30, 0x2c, 0x30, 0x2d, 0x31, 0x2d, 0x32, 0x2e, 0x34,
    0x37, 0x6c, 0x2d, 0x2e, 0x31, 0x2d, 0x2e, 0x31, 0x61, 0x2e, 0x39, 0x34, 0x2e, 0x39, 0x34, 0x2c,
    0x30, 0x2c, 0x30, 0x2c, 0x30, 0x2d, 0x2e, 0x31, 0x2d, 0x2e, 0x31, 0x6c, 0x2d, 0x2e, 0x31, 0x2d,
    0x2e, 0x31, 0x2d, 0x2e, 0x30, 0x39, 0x2d, 0x2e, 0x30, 0x39, 0x2d, 0x2e, 0x31, 0x2d, 0x2e, 0x31,
    0x73, 0x2d, 0x2e, 0x30, 0x36, 0x2d, 0x2e, 0x30, 0x37, 0x2d, 0x2e, 0x31, 0x2d, 0x2e, 0x31, 0x6c,
    0x2d, 0x2e, 0x31, 0x2d, 0x2e, 0x31, 0x2d, 0x2e, 0x30, 0x39, 0x2d, 0x2e, 0x31, 0x2d, 0x2e, 0x31,
    0x2d, 0x2e, 0x31, 0x2d, 0x2e, 0x31, 0x2d, 0x2e, 0x30, 0x39, 0x2d, 0x2e, 0x31, 0x2d, 0x2e, 0x31,
    0x2d, 0x2e, 0x31, 0x2d, 0x2e, 0x31, 0x2d, 0x2e, 0x31, 0x2d, 0x2e, 0x31, 0x61, 0x2e, 0x37, 0x36,
    0x2e, 0x37, 0x36, 0x2c, 0x30, 0x2c, 0x30, 0x2c, 0x30, 0x2d, 0x2e, 0x30, 0x39, 0x2d, 0x2e, 0x30,
    0x39, 0x6c, 0x2d, 0x2e, 0x31, 0x2d, 0x2e, 0x31, 0x2d, 0x2e, 0x31, 0x2d, 0x2e, 0x31, 0x2d, 0x2e,
    0x31, 0x2d, 0x2e, 0x31, 0x2d, 0x2e, 0x30, 0x39, 0x2d, 0x2e, 0x31, 0x2d, 0x2e, 0x31, 0x2d, 0x2e,
    0x31, 0x2d, 0x2e, 0x31, 0x2d, 0x2e, 0x30, 0x39, 0x2d, 0x2e, 0x31, 0x2d, 0x2e, 0x31, 0x2d, 0x2e,
    0x30, 0x39, 0x2d, 0x2e, 0x31, 0x2d, 0x2e, 0x31, 0x2d, 0x2e, 0x31, 0x2d, 0x2e, 0x31, 0x2d, 0x2e,
    0x31, 0x2d, 0x2e, 0x31, 0x2d, 0x2e, 0x30, 0x39, 0x2d, 0x2e, 0x31, 0x2d, 0x2e, 0x31, 0x2d, 0x2e,
    0x31, 0x2d, 0x2e, 0x31, 0x2d, 0x2e, 0x31, 0x2d, 0x2e, 0x31, 0x2d, 0x2e, 0x30, 0x39, 0x2d, 0x2e,
    0x31, 0x4c, 0x34, 0x36, 0x2e, 0x36, 0x2c, 0x31, 0x33, 0x6c, 0x2d, 0x2e, 0x31, 0x2d, 0x2e, 0x31,
    0x2d, 0x2e, 0x30, 0x39, 0x2d, 0x2e, 0x31, 0x61, 0x2e, 0x39, 0x34, 0x2e, 0x39, 0x34, 0x2c, 0x30,
    0x2c, 0x30, 0x2c, 0x31, 0x2d, 0x2e, 0x31, 0x2d, 0x2e, 0x31, 0x6c, 0x2d, 0x2e, 0x31, 0x2d, 0x2e,
    0x31, 0x2d, 0x2e, 0x31, 0x2d, 0x2e, 0x30, 0x39, 0x2d, 0x2e, 0x31, 0x2d, 0x2e, 0x31, 0x61, 0x33,
    0x39, 0x38, 0x30, 0x36, 0x35, 0x37, 0x32, 0x39, 0x35, 0x33, 0x32, 0x38, 0x2e, 0x35, 0x2c, 0x33,
    0x39, 0x38, 0x30, 0x36, 0x35, 0x37, 0x32, 0x39, 0x35, 0x33, 0x32, 0x38, 0x2e, 0x35, 0x2c, 0x30,
    0x2c, 0x30, 0x2c, 0x31, 0x2d, 0x2e, 0x32, 0x2d, 0x2e, 0x32, 0x6c, 0x2d, 0x2e, 0x30, 0x39, 0x2d,
    0x2e, 0x31, 0x2d, 0x2e, 0x31, 0x2d, 0x2e, 0x30, 0x39, 0x61, 0x2e, 0x39, 0x34, 0x2e, 0x39, 0x34,
    0x2c, 0x30, 0x2c, 0x30, 0x2c, 0x30, 0x2d, 0x2e, 0x31, 0x2d, 0x2e, 0x31, 0x6c, 0x2d, 0x2e, 0x31,
    0x2d, 0x2e, 0x31, 0x2d, 0x2e, 0x31, 0x2d, 0x2e, 0x31, 0x2d, 0x2e, 0x30, 0x39, 0x2d, 0x2e, 0x31,
    0x2d, 0x2e, 0x31, 0x2d, 0x2e, 0x30, 0x39, 0x2d, 0x2e, 0x31, 0x2d, 0x2e, 0x31, 0x2d, 0x2e, 0x31,
    0x2d, 0x2e, 0x31, 0x2d, 0x2e, 0x31, 0x2d, 0x2e, 0x31, 0x61, 0x2e, 0x39, 0x34, 0x2e, 0x39, 0x34,
    0x2c, 0x30, 0x2c, 0x30, 0x2c, 0x30, 0x2d, 0x2e, 0x31, 0x2d, 0x2e, 0x31, 0x4c, 0x34, 0x34, 0x2e,
    0x36, 0x34, 0x2c, 0x31, 0x31, 0x61, 0x32, 0x2e, 0x38, 0x38, 0x2c, 0x32, 0x2e, 0x38, 0x38, 0x2c,
    0x30, 0x2c, 0x30, 0x2c, 0x30, 0x2d, 0x31, 0x2d, 0x2e, 0x36, 0x33, 0x4c, 0x33, 0x39, 0x2e, 0x37,
    0x38, 0x2c, 0x38, 0x2e, 0x39, 0x33, 0x61, 0x33, 0x2c, 0x33, 0x2c, 0x30, 0x2c, 0x30, 0x2c, 0x30,
    0x2d, 0x31, 0x2d, 0x2e, 0x31, 0x38, 0x2c, 0x33, 0x2c, 0x33, 0x2c, 0x30, 0x2c, 0x30, 0x2c, 0x30,
    0x2d, 0x32, 0x2e, 0x35, 0x36, 0x2c, 0x31, 0x2e, 0x34, 0x38, 0x6c, 0x2d, 0x31, 0x2e, 0x35, 0x33,
    0x2c, 0x32, 0x2e, 0x36, 0x32, 0x61, 0x2e, 0x33, 0x35, 0x2e, 0x33, 0x35, 0x2c, 0x30, 0x2c, 0x30,
    0x2c, 0x31, 0x2d, 0x2e, 0x33, 0x31, 0x2e, 0x31, 0x36, 0x2c, 0x31, 0x36, 0x2e, 0x36, 0x36, 0x2c,
    0x31, 0x36, 0x2e, 0x36, 0x36, 0x2c, 0x30, 0x2c, 0x30, 0x2c, 0x30, 0x2d, 0x31, 0x2e, 0x38, 0x37,
    0x2c, 0x30, 0x41, 0x37, 0x2e, 0x37, 0x2c, 0x37, 0x2e, 0x37, 0x2c, 0x30, 0x2c, 0x30, 0x2c, 0x31,
    0x2c, 0x33, 0x33, 0x2c, 0x31, 0x34, 0x2e, 0x32, 0x37, 0x61, 0x37, 0x2e, 0x33, 0x37, 0x2c, 0x37,
    0x2e, 0x33, 0x37, 0x2c, 0x30, 0x2c, 0x30, 0x2c, 0x31, 0x2c, 0x2e, 0x32, 0x33, 0x2c, 0x31, 0x2e,
    0x33, 0x31, 0x68, 0x30, 0x61, 0x2e, 0x39, 0x34, 0x2e, 0x39, 0x34, 0x2c, 0x30, 0x2c, 0x30, 0x2c,
    0x31, 0x2d, 0x2e, 0x31, 0x2d, 0x2e, 0x31, 0x6c, 0x2d, 0x2e, 0x31, 0x2d, 0x2e, 0x31, 0x2d, 0x2e,
    0x30, 0x39, 0x2d, 0x2e, 0x30, 0x39, 0x2d, 0x2e, 0x31, 0x2d, 0x2e, 0x31, 0x2d, 0x2e, 0x31, 0x2d,
    0x2e, 0x31, 0x2d, 0x2e, 0x31, 0x2d, 0x2e, 0x31, 0x2d, 0x2e, 0x31, 0x2d, 0x2e, 0x31, 0x2d, 0x2e,
    0x30, 0x39, 0x2d, 0x2e, 0x30, 0x38, 0x2d, 0x2e, 0x31, 0x2d, 0x2e, 0x31, 0x31, 0x2d, 0x2e, 0x31,
    0x2d, 0x2e, 0x31, 0x2d, 0x2e, 0x31, 0x2d, 0x2e, 0x31, 0x61, 0x2e, 0x34, 0x33, 0x2e, 0x34, 0x33,
    0x2c, 0x30, 0x2c, 0x30, 0x2c, 0x30, 0x2d, 0x2e, 0x31, 0x2d, 0x2e, 0x30, 0x39, 0x6c, 0x2d, 0x2e,
    0x30, 0x39, 0x2d, 0x2e, 0x31, 0x2d, 0x2e, 0x31, 0x2d, 0x2e, 0x31, 0x2d, 0x2e, 0x31, 0x2d, 0x2e,
    0x31, 0x2d, 0x2e, 0x31, 0x2d, 0x2e, 0x31, 0x2d, 0x2e, 0x31, 0x2d, 0x2e, 0x31, 0x2d, 0x2e, 0x30,
    0x39, 0x2d, 0x2e, 0x30, 0x39, 0x61, 0x2e, 0x39, 0x34, 0x2e, 0x39, 0x34, 0x2c, 0x30, 0x2c, 0x30,
    0x2c, 0x31, 0x2d, 0x2e, 0x31, 0x2d, 0x2e, 0x31, 0x73, 0x2d, 0x2e, 0x30, 0x36, 0x2d, 0x2e, 0x30,
    0x37, 0x2d, 0x2e, 0x31, 0x2d, 0x2e, 0x31, 0x6c, 0x2d, 0x2e, 0x31, 0x2d, 0x2e, 0x31, 0x2d, 0x2e,
    0x31, 0x2d, 0x2e, 0x31, 0x4c, 0x33, 0x31, 0x2c, 0x31, 0x33, 0x2e, 0x33, 0x33, 0x6c, 0x2d, 0x2e,
    0x31, 0x2d, 0x2e, 0x31, 0x73, 0x2d, 0x2e, 0x30, 0x36, 0x2d, 0x2e, 0x30, 0x37, 0x2d, 0x2e, 0x31,
    0x2d, 0x2e, 0x31, 0x6c, 0x2d, 0x2e, 0x31, 0x2d, 0x2e, 0x31, 0x2d, 0x2e, 0x31, 0x2d, 0x2e, 0x31,
    0x2d, 0x2e, 0x30, 0x39, 0x2d, 0x2e, 0x30, 0x39, 0x2d, 0x2e, 0x31, 0x2d, 0x2e, 0x31, 0x2d, 0x2e,
    0x31, 0x2d, 0x2e, 0x31, 0x2d, 0x2e, 0x31, 0x2d, 0x2e, 0x31, 0x61, 0x2e, 0x39, 0x34, 0x2e, 0x39,
    0x34, 0x2c, 0x30, 0x2c, 0x30, 0x2c, 0x30, 0x2d, 0x2e, 0x31, 0x2d, 0x2e, 0x31, 0x4c, 0x33, 0x30,
    0x2c, 0x31, 0x32, 0x2e, 0x33, 0x35, 0x6c, 0x2d, 0x2e, 0x31, 0x31, 0x2d, 0x2e, 0x31, 0x31, 0x61,
    0x33, 0x2e, 0x38, 0x36, 0x2c, 0x33, 0x2e, 0x38, 0x36, 0x2c, 0x30, 0x2c, 0x30, 0x2c, 0x30, 0x2d,
    0x32, 0x2e, 0x31, 0x34, 0x2d, 0x31, 0x6c, 0x2d, 0x2e, 0x37, 0x32, 0x2d, 0x2e, 0x31, 0x2d, 0x2e,
    0x30, 0x36, 0x2d, 0x2e, 0x30, 0x36, 0x2d, 0x2e, 0x31, 0x2d, 0x2e, 0x31, 0x2d, 0x2e, 0x31, 0x2d,
    0x2e, 0x31, 0x61, 0x2e, 0x37, 0x36, 0x2e, 0x37, 0x36, 0x2c, 0x30, 0x2c, 0x30, 0x2c, 0x30, 0x2d,
    0x2e, 0x30, 0x39, 0x2d, 0x2e, 0x30, 0x39, 0x2c, 0x31, 0x2e, 0x37, 0x35, 0x2c, 0x31, 0x2e, 0x37,
    0x35, 0x2c, 0x30, 0x2c, 0x30, 0x2c, 0x30, 0x2d, 0x2e, 0x38, 0x31, 0x2d, 0x2e, 0x34, 0x38, 0x6c,
    0x30, 0x2c, 0x30, 0x2d, 0x2e, 0x31, 0x2d, 0x2e, 0x31, 0x61, 0x2e, 0x39, 0x34, 0x2e, 0x39, 0x34,
    0x2c, 0x30, 0x2c, 0x30, 0x2c, 0x30, 0x2d, 0x2e, 0x31, 0x2d, 0x2e, 0x31, 0x6c, 0x2d, 0x2e, 0x31,
    0x2d, 0x2e, 0x31, 0x61, 0x2e, 0x39, 0x34, 0x2e, 0x39, 0x34, 0x2c, 0x30, 0x2c, 0x30, 0x2c, 0x30,
    0x2d, 0x2e, 0x31, 0x2d, 0x2e, 0x31, 0x6c, 0x2d, 0x2e, 0x30, 0x39, 0x2d, 0x2e, 0x30, 0x39, 0x61,
    0x2e, 0x39, 0x34, 0x2e, 0x39, 0x34, 0x2c, 0x30, 0x2c, 0x30, 0x2c, 0x30, 0x2d, 0x2e, 0x31, 0x2d,
    0x2e, 0x31, 0x6c, 0x2d, 0x2e, 0x31, 0x2d, 0x2e, 0x31, 0x2d, 0x2e, 0x31, 0x2d, 0x2e, 0x31, 0x2d,
    0x2e, 0x31, 0x2d, 0x2e, 0x31, 0x2d, 0x2e, 0x30, 0x39, 0x2d, 0x2e, 0x30, 0x39, 0x2d, 0x2e, 0x31,
    0x2d, 0x2e, 0x31, 0x61, 0x31, 0x2e, 0x34, 0x34, 0x2c, 0x31, 0x2e, 0x34, 0x34, 0x2c, 0x30, 0x2c,
    0x30, 0x2c, 0x30, 0x2d, 0x31, 0x2e, 0x30, 0x36, 0x2d, 0x2e, 0x34, 0x37, 0x2c, 0x31, 0x2e, 0x35,
    0x32, 0x2c, 0x31, 0x2e, 0x35, 0x32, 0x2c, 0x30, 0x2c, 0x30, 0x2c, 0x30, 0x2d, 0x31, 0x2e, 0x34,
    0x38, 0x2c, 0x31, 0x2e, 0x34, 0x63, 0x2d, 0x31, 0x2c, 0x2e, 0x31, 0x38, 0x2d, 0x31, 0x2e, 0x36,
    0x32, 0x2e, 0x35, 0x33, 0x2d, 0x31, 0x2e, 0x36, 0x32, 0x2e, 0x39, 0x35, 0x68, 0x30, 0x63, 0x2d,
    0x2e, 0x34, 0x2e, 0x30, 0x35, 0x2d, 0x2e, 0x38, 0x2e, 0x31, 0x2d, 0x31, 0x2e, 0x32, 0x2e, 0x31,
    0x37, 0x2d, 0x31, 0x2e, 0x36, 0x33, 0x2e, 0x32, 0x35, 0x2d, 0x32, 0x2e, 0x37, 0x37, 0x2c, 0x31,
    0x2e, 0x30, 0x37, 0x2d, 0x33, 0x2e, 0x34, 0x32, 0x2c, 0x33, 0x2e, 0x32, 0x39, 0x73, 0x2e, 0x31,
    0x32, 0x2c, 0x38, 0x2e, 0x34, 0x2e, 0x34, 0x38, 0x2c, 0x31, 0x30, 0x2e, 0x37, 0x33, 0x68, 0x30,
    0x73, 0x30, 0x2c, 0x2e, 0x30, 0x37, 0x2c, 0x30, 0x2c, 0x2e, 0x31, 0x31, 0x68, 0x30, 0x61, 0x2e,
    0x34, 0x33, 0x2e, 0x34, 0x33, 0x2c, 0x30, 0x2c, 0x30, 0x2c, 0x31, 0x2c, 0x30, 0x2d, 0x2e, 0x31,
    0x31, 0x2c, 0x31, 0x2e, 0x32, 0x34, 0x2c, 0x31, 0x2e, 0x32, 0x34, 0x2c, 0x30, 0x2c, 0x30, 0x2c,
    0x30, 0x2d, 0x31, 0x2e, 0x32, 0x33, 0x2c, 0x31, 0x2e, 0x32, 0x36, 0x2c, 0x31, 0x2e, 0x33, 0x2c,
    0x31, 0x2e, 0x33, 0x2c, 0x30, 0x2c, 0x30, 0x2c, 0x30, 0x2c, 0x2e, 0x30, 0x38, 0x2e, 0x34, 0x31,
    0x68, 0x30, 0x73, 0x30, 0x2c, 0x30, 0x2c, 0x30, 0x2c, 0x30, 0x61, 0x31, 0x2e, 0x34, 0x33, 0x2c,
    0x31, 0x2e, 0x34, 0x33, 0x2c, 0x30, 0x2c, 0x30, 0x2c, 0x30, 0x2c, 0x2e, 0x31, 0x36, 0x2e, 0x33,
    0x6c, 0x30, 0x2c, 0x30, 0x61, 0x31, 0x2e, 0x32, 0x35, 0x2c, 0x31, 0x2e, 0x32, 0x35, 0x2c, 0x30,
    0x2c, 0x30, 0x2c, 0x30, 0x2c, 0x2e, 0x32, 0x33, 0x2e, 0x32, 0x33, 0x68, 0x30, 0x61, 0x31, 0x2e,
    0x31, 0x34, 0x2c, 0x31, 0x2e, 0x31, 0x34, 0x2c, 0x30, 0x2c, 0x30, 0x2c, 0x30, 0x2c, 0x2e, 0x31,
    0x39, 0x2e, 0x31, 0x39, 0x68, 0x30, 0x61, 0x2e, 0x37, 0x36, 0x2e, 0x37, 0x36, 0x2c, 0x30, 0x2c,
    0x30, 0x2c, 0x30, 0x2c, 0x2e, 0x30, 0x39, 0x2e, 0x30, 0x39, 0x68, 0x30, 0x6c, 0x30, 0x2c, 0x30,
    0x63, 0x2d, 0x32, 0x2e, 0x34, 0x36, 0x2c, 0x33, 0x2e, 0x33, 0x2d, 0x33, 0x2c, 0x39, 0x2d, 0x33,
    0x2c, 0x31, 0x30, 0x2e, 0x39, 0x31, 0x68, 0x2d, 0x2e, 0x33, 0x63, 0x2d, 0x31, 0x2e, 0x34, 0x33,
    0x2c, 0x30, 0x2d, 0x32, 0x2e, 0x35, 0x39, 0x2e, 0x36, 0x32, 0x2d, 0x32, 0x2e, 0x36, 0x2c, 0x31,
    0x2e, 0x33, 0x39, 0x61, 0x2e, 0x36, 0x36, 0x2e, 0x36, 0x36, 0x2c, 0x30, 0x2c, 0x30, 0x2c, 0x30,
    0x2d, 0x2e, 0x34, 0x31, 0x2e, 0x36, 0x33, 0x2c, 0x31, 0x2c, 0x31, 0x2c, 0x30, 0x2c, 0x30, 0x2c,
    0x30, 0x2c, 0x30, 0x2c, 0x2e, 0x31, 0x38, 0x68, 0x30, 0x61, 0x2e, 0x30, 0x38, 0x2e, 0x30, 0x38,
    0x2c, 0x30, 0x2c, 0x30, 0x2c, 0x31, 0x2c, 0x30, 0x2c, 0x30, 0x2c, 0x2e, 0x34, 0x39, 0x2e, 0x34,
    0x39, 0x2c, 0x30, 0x2c, 0x30, 0x2c, 0x30, 0x2c, 0x30, 0x2c, 0x2e, 0x31, 0x31, 0x2e, 0x35, 0x33,
    0x2e, 0x35, 0x33, 0x2c, 0x30, 0x2c, 0x30, 0x2c, 0x30, 0x2c, 0x2e, 0x30, 0x36, 0x2e, 0x31, 0x2e,
    0x35, 0x36, 0x2e, 0x35, 0x36, 0x2c, 0x30, 0x2c, 0x30, 0x2c, 0x30, 0x2c, 0x30, 0x2c, 0x2e, 0x30,
    0x38, 0x6c, 0x2e, 0x30, 0x37, 0x2e, 0x30, 0x35, 0x2c, 0x30, 0x2c, 0x30, 0x2c, 0x2e, 0x30, 0x36,
    0x2c, 0x30, 0x2c, 0x30, 0x2c, 0x2e, 0x30, 0x35, 0x2e, 0x30, 0x36, 0x2c, 0x30, 0x2c, 0x30, 0x2c,
    0x2e, 0x30, 0x35, 0x68, 0x30, 0x56, 0x35, 0x34, 0x2e, 0x33, 0x33, 0x68, 0x2e, 0x31, 0x76, 0x2e,
    0x30, 0x39, 0x68, 0x2e, 0x30, 0x39, 0x76, 0x2e, 0x31, 0x68, 0x2e, 0x31, 0x76, 0x2e, 0x31, 0x68,
    0x2e, 0x31, 0x76, 0x2e, 0x31, 0x68, 0x2e, 0x31, 0x76, 0x2e, 0x31, 0x68, 0x2e, 0x31, 0x76, 0x2e,
    0x30, 0x39, 0x68, 0x2e, 0x30, 0x39, 0x56, 0x35, 0x35, 0x48, 0x31, 0x31, 0x76, 0x2e, 0x31, 0x68,
    0x2e, 0x31, 0x76, 0x2e, 0x31, 0x68, 0x2e, 0x31, 0x76, 0x2e, 0x31, 0x68, 0x2e, 0x31, 0x76, 0x2e,
    0x30, 0x39, 0x68, 0x2e, 0x30, 0x39, 0x76, 0x2e, 0x31, 0x68, 0x2e, 0x31, 0x76, 0x2e, 0x31, 0x68,
    0x2e, 0x31, 0x76, 0x2e, 0x31, 0x68, 0x2e, 0x31, 0x76, 0x2e, 0x31, 0x68, 0x2e, 0x31, 0x76, 0x2e,
    0x30, 0x39, 0x68, 0x2e, 0x30, 0x39, 0x56, 0x35, 0x36, 0x48, 0x31, 0x32, 0x76, 0x2e, 0x31, 0x68,
    0x2e, 0x31, 0x76, 0x2e, 0x31, 0x68, 0x2e, 0x31, 0x76, 0x2e, 0x31, 0x68, 0x2e, 0x31, 0x76, 0x2e,
    0x30, 0x39, 0x68, 0x2e, 0x30, 0x39, 0x76, 0x2e, 0x31, 0x68, 0x2e, 0x31, 0x76, 0x2e, 0x31, 0x68,
    0x2e, 0x31, 0x76, 0x2e, 0x31, 0x68, 0x2e, 0x31, 0x76, 0x2e, 0x31, 0x68, 0x2e, 0x31, 0x76, 0x2e,
    0x31, 0x68, 0x2e, 0x31, 0x56, 0x35, 0x37, 0x48, 0x31, 0x33, 0x76, 0x2e, 0x31, 0x68, 0x2e, 0x31,
    0x76, 0x2e, 0x31, 0x68, 0x2e, 0x31, 0x76, 0x2e, 0x31, 0x68, 0x2e, 0x31, 0x76, 0x2e, 0x31, 0x68,
    0x2e, 0x31, 0x76, 0x2e, 0x30, 0x39, 0x68, 0x2e, 0x30, 0x39, 0x76, 0x2e, 0x31, 0x68, 0x2e, 0x31,
    0x76, 0x2e, 0x31, 0x68, 0x2e, 0x31, 0x76, 0x2e, 0x31, 0x68, 0x2e, 0x31, 0x76, 0x2e, 0x31, 0x68,
    0x2e, 0x31, 0x56, 0x35, 0x38, 0x48, 0x31, 0x34, 0x76, 0x2e, 0x31, 0x68, 0x2e, 0x31, 0x76, 0x2e,
    0x31, 0x68, 0x2e, 0x31, 0x76, 0x2e, 0x31, 0x68, 0x2e, 0x31, 0x76, 0x2e, 0x31, 0x68, 0x2e, 0x31,
    0x76, 0x2e, 0x30, 0x39, 0x68, 0x2e, 0x30, 0x39, 0x76, 0x2e, 0x31, 0x68, 0x2e, 0x31, 0x76, 0x2e,
    0x31, 0x68, 0x2e, 0x31, 0x76, 0x2e, 0x31, 0x68, 0x2e, 0x31, 0x76, 0x2e, 0x31, 0x68, 0x2e, 0x31,
    0x76, 0x2e, 0x30, 0x39, 0x48, 0x31, 0x35, 0x56, 0x35, 0x39, 0x68, 0x2e, 0x31, 0x76, 0x2e, 0x31,
    0x68, 0x2e, 0x31, 0x76, 0x2e, 0x31, 0x68, 0x2e, 0x31, 0x76, 0x2e, 0x31, 0x68, 0x35, 0x56, 0x35,
    0x37, 0x2e, 0x31, 0x37, 0x68, 0x30, 0x6c, 0x30, 0x2c, 0x2e, 0x30, 0x39, 0x68, 0x2e, 0x30, 0x35,
    0x6c, 0x2e, 0x30, 0x35, 0x2e, 0x31, 0x68, 0x2e, 0x30, 0x35, 0x61, 0x2e, 0x34, 0x32, 0x2e, 0x34,
    0x32, 0x2c, 0x30, 0x2c, 0x30, 0x2c, 0x31, 0x2c, 0x30, 0x2c, 0x2e, 0x31, 0x68, 0x2e, 0x30, 0x36,
    0x6c, 0x30, 0x2c, 0x2e, 0x31, 0x68, 0x2e, 0x30, 0x36, 0x6c, 0x30, 0x2c, 0x2e, 0x31, 0x68, 0x2e,
    0x30, 0x36, 0x6c, 0x30, 0x2c, 0x2e, 0x30, 0x39, 0x68, 0x30, 0x6c, 0x2e, 0x30, 0x35, 0x2e, 0x31,
    0x48, 0x32, 0x31, 0x61, 0x2e, 0x34, 0x32, 0x2e, 0x34, 0x32, 0x2c, 0x30, 0x2c, 0x30, 0x2c, 0x31,
    0x2c, 0x30, 0x2c, 0x2e, 0x31, 0x68, 0x2e, 0x30, 0x36, 0x6c, 0x30, 0x2c, 0x2e, 0x31, 0x68, 0x2e,
    0x30, 0x36, 0x6c, 0x30, 0x2c, 0x2e, 0x31, 0x68, 0x2e, 0x30, 0x36, 0x6c, 0x30, 0x2c, 0x2e, 0x30,
    0x39, 0x68, 0x2e, 0x30, 0x35, 0x6c, 0x2e, 0x30, 0x35, 0x2e, 0x31, 0x68, 0x30, 0x61, 0x2e, 0x34,
    0x32, 0x2e, 0x34, 0x32, 0x2c, 0x30, 0x2c, 0x30, 0x2c, 0x31, 0x2c, 0x30, 0x2c, 0x2e, 0x31, 0x68,
    0x2e, 0x30, 0x36, 0x6c, 0x30, 0x2c, 0x2e, 0x31, 0x68, 0x2e, 0x30, 0x36, 0x6c, 0x30, 0x2c, 0x2e,
    0x31, 0x68, 0x2e, 0x30, 0x36, 0x6c, 0x30, 0x2c, 0x2e, 0x30, 0x39, 0x68, 0x2e, 0x30, 0x35, 0x6c,
    0x2e, 0x30, 0x35, 0x2e, 0x31, 0x48, 0x32, 0x32, 0x61, 0x2e, 0x34, 0x32, 0x2e, 0x34, 0x32, 0x2c,
    0x30, 0x2c, 0x30, 0x2c, 0x31, 0x2c, 0x30, 0x2c, 0x2e, 0x31, 0x68, 0x2e, 0x30, 0x36, 0x6c, 0x30,
    0x2c, 0x2e, 0x31, 0x68, 0x2e, 0x30, 0x36, 0x6c, 0x30, 0x2c, 0x2e, 0x31, 0x68, 0x2e, 0x30, 0x36,
    0x6c, 0x30, 0x2c, 0x2e, 0x30, 0x39, 0x68, 0x2e, 0x30, 0x35, 0x61, 0x2e, 0x39, 0x33, 0x2e, 0x39,
    0x33, 0x2c, 0x30, 0x2c, 0x30, 0x2c, 0x30, 0x2c, 0x2e, 0x30, 0x35, 0x2e, 0x31, 0x48, 0x33, 0x34,
    0x2e, 0x35, 0x39, 0x61, 0x31, 0x32, 0x2e, 0x33, 0x34, 0x2c, 0x31, 0x32, 0x2e, 0x33, 0x34, 0x2c,
    0x30, 0x2c, 0x30, 0x2c, 0x30, 0x2c, 0x2e, 0x35, 0x39, 0x2d, 0x31, 0x2e, 0x35, 0x37, 0x68, 0x2e,
    0x30, 0x38, 0x76, 0x2e, 0x31, 0x68, 0x2e, 0x31, 0x76, 0x2e, 0x30, 0x39, 0x68, 0x2e, 0x31, 0x56,
    0x35, 0x38, 0x68, 0x2e, 0x31, 0x76, 0x2e, 0x31, 0x68, 0x2e, 0x31, 0x76, 0x2e, 0x31, 0x68, 0x2e,
    0x30, 0x39, 0x76, 0x2e, 0x31, 0x68, 0x2e, 0x31, 0x76, 0x2e, 0x30, 0x39, 0x48, 0x33, 0x36, 0x76,
    0x2e, 0x31, 0x68, 0x2e, 0x31, 0x76, 0x2e, 0x31, 0x68, 0x2e, 0x31, 0x76, 0x2e, 0x31, 0x68, 0x2e,
    0x30, 0x39, 0x76, 0x2e, 0x31, 0x68, 0x2e, 0x31, 0x76, 0x2e, 0x30, 0x39, 0x68, 0x2e, 0x31, 0x56,
    0x35, 0x39, 0x68, 0x2e, 0x31, 0x76, 0x2e, 0x31, 0x68, 0x2e, 0x31, 0x76, 0x2e, 0x31, 0x68, 0x2e,
    0x30, 0x39, 0x76, 0x2e, 0x31, 0x68, 0x35, 0x56, 0x35, 0x36, 0x2e, 0x36, 0x36, 0x68, 0x30, 0x76,
    0x2e, 0x30, 0x36, 0x6c, 0x2e, 0x31, 0x2c, 0x30, 0x76, 0x2e, 0x30, 0x36, 0x6c, 0x2e, 0x30, 0x39,
    0x2c, 0x30, 0x76, 0x2e, 0x30, 0x36, 0x6c, 0x2e, 0x31, 0x2c, 0x30, 0x56, 0x35, 0x37, 0x6c, 0x2e,
    0x31, 0x2c, 0x30, 0x76, 0x2e, 0x30, 0x36, 0x6c, 0x2e, 0x31, 0x2c, 0x30, 0x76, 0x2e, 0x30, 0x36,
    0x6c, 0x2e, 0x31, 0x2c, 0x30, 0x76, 0x2e, 0x30, 0x36, 0x6c, 0x2e, 0x30, 0x39, 0x2c, 0x30, 0x76,
    0x2e, 0x30, 0x37, 0x6c, 0x2e, 0x31, 0x2c, 0x30, 0x76, 0x2e, 0x30, 0x36, 0x6c, 0x2e, 0x31, 0x2c,
    0x30, 0x76, 0x2e, 0x30, 0x36, 0x6c, 0x2e, 0x31, 0x2c, 0x30, 0x76, 0x2e, 0x30, 0x36, 0x6c, 0x2e,
    0x31, 0x2c, 0x30, 0x76, 0x2e, 0x30, 0x36, 0x6c, 0x2e, 0x31, 0x2c, 0x30, 0x76, 0x2e, 0x30, 0x37,
    0x6c, 0x2e, 0x30, 0x39, 0x2c, 0x30, 0x56, 0x35, 0x38, 0x6c, 0x2e, 0x31, 0x2c, 0x30, 0x76, 0x2e,
    0x30, 0x36, 0x6c, 0x2e, 0x31, 0x2c, 0x30, 0x76, 0x2e, 0x30, 0x36, 0x6c, 0x2e, 0x31, 0x2c, 0x30,
    0x76, 0x2e, 0x30, 0x36, 0x6c, 0x2e, 0x31, 0x2c, 0x30, 0x76, 0x2e, 0x30, 0x37, 0x6c, 0x2e, 0x30,
    0x39, 0x2c, 0x30, 0x76, 0x2e, 0x30, 0x36, 0x6c, 0x2e, 0x31, 0x2c, 0x30, 0x76, 0x2e, 0x30, 0x36,
    0x61, 0x33, 0x2c, 0x33, 0x2c, 0x30, 0x2c, 0x30, 0x2c, 0x30, 0x2c, 0x31, 0x2e, 0x33, 0x38, 0x2e,
    0x33, 0x34, 0x2c, 0x32, 0x2e, 0x38, 0x36, 0x2c, 0x32, 0x2e, 0x38, 0x36, 0x2c, 0x30, 0x2c, 0x30,
    0x2c, 0x30, 0x2c, 0x31, 0x2e, 0x32, 0x33, 0x2d, 0x2e, 0x32, 0x36, 0x4c, 0x35, 0x30, 0x2c, 0x35,
    0x37, 0x61, 0x32, 0x2e, 0x39, 0x34, 0x2c, 0x32, 0x2e, 0x39, 0x34, 0x2c, 0x30, 0x2c, 0x30, 0x2c,
    0x30, 0x2c, 0x31, 0x2e, 0x36, 0x33, 0x2d, 0x33, 0x2e, 0x34, 0x35, 0x6c, 0x2d, 0x2e, 0x38, 0x31,
    0x2d, 0x32, 0x2e, 0x39, 0x34, 0x61, 0x2e, 0x33, 0x36, 0x2e, 0x33, 0x36, 0x2c, 0x30, 0x2c, 0x30,
    0x2c, 0x31, 0x2c, 0x2e, 0x31, 0x32, 0x2d, 0x2e, 0x33, 0x33, 0x2c, 0x31, 0x36, 0x2e, 0x39, 0x31,
    0x2c, 0x31, 0x36, 0x2e, 0x39, 0x31, 0x2c, 0x30, 0x2c, 0x30, 0x2c, 0x30, 0x2c, 0x32, 0x2d, 0x32,
    0x2e, 0x31, 0x35, 0x2e, 0x33, 0x31, 0x2e, 0x33, 0x31, 0x2c, 0x30, 0x2c, 0x30, 0x2c, 0x31, 0x2c,
    0x2e, 0x33, 0x31, 0x2d, 0x2e, 0x31, 0x33, 0x6c, 0x33, 0x2e, 0x30, 0x39, 0x2e, 0x35, 0x38, 0x61,
    0x32, 0x2e, 0x34, 0x37, 0x2c, 0x32, 0x2e, 0x34, 0x37, 0x2c, 0x30, 0x2c, 0x30, 0x2c, 0x30, 0x2c,
    0x2e, 0x35, 0x34, 0x2c, 0x30, 0x2c, 0x33, 0x2c, 0x33, 0x2c, 0x30, 0x2c, 0x30, 0x2c, 0x30, 0x2c,
    0x32, 0x2e, 0x37, 0x38, 0x2d, 0x31, 0x2e, 0x39, 0x32, 0x6c, 0x31, 0x2e, 0x34, 0x34, 0x2d, 0x33,
    0x2e, 0x38, 0x35, 0x41, 0x33, 0x2c, 0x33, 0x2c, 0x30, 0x2c, 0x30, 0x2c, 0x30, 0x2c, 0x36, 0x30,
    0x2e, 0x32, 0x2c, 0x33, 0x39, 0x2e, 0x35, 0x34, 0x5a, 0x4d, 0x33, 0x36, 0x2c, 0x32, 0x37, 0x2e,
    0x37, 0x37, 0x68, 0x30, 0x76, 0x30, 0x6c, 0x2e, 0x31, 0x2e, 0x30, 0x37, 0x76, 0x30, 0x6c, 0x2e,
    0x31, 0x2e, 0x30, 0x36, 0x76, 0x30, 0x6c, 0x2e, 0x31, 0x2e, 0x30, 0x36, 0x76, 0x30, 0x61, 0x2e,
    0x36, 0x2e, 0x36, 0x2c, 0x30, 0x2c, 0x30, 0x2c, 0x31, 0x2c, 0x2e, 0x31, 0x31, 0x2e, 0x30, 0x36,
    0x76, 0x30, 0x61, 0x2e, 0x36, 0x2e, 0x36, 0x2c, 0x30, 0x2c, 0x30, 0x2c, 0x31, 0x2c, 0x2e, 0x31,
    0x31, 0x2e, 0x30, 0x36, 0x76, 0x30, 0x6c, 0x2e, 0x31, 0x2e, 0x30, 0x37, 0x76, 0x30, 0x6c, 0x2e,
    0x31, 0x2e, 0x30, 0x36, 0x76, 0x30, 0x6c, 0x2e, 0x31, 0x2e, 0x30, 0x36, 0x76, 0x30, 0x61, 0x2e,
    0x36, 0x2e, 0x36, 0x2c, 0x30, 0x2c, 0x30, 0x2c, 0x31, 0x2c, 0x2e, 0x31, 0x31, 0x2e, 0x30, 0x36,
    0x76, 0x30, 0x61, 0x2e, 0x36, 0x2e, 0x36, 0x2c, 0x30, 0x2c, 0x30, 0x2c, 0x31, 0x2c, 0x2e, 0x31,
    0x31, 0x2e, 0x30, 0x36, 0x76, 0x30, 0x6c, 0x2e, 0x31, 0x2e, 0x30, 0x37, 0x76, 0x30, 0x6c, 0x2e,
    0x31, 0x2e, 0x30, 0x36, 0x76, 0x30, 0x6c, 0x2e, 0x31, 0x2e, 0x30, 0x36, 0x76, 0x30, 0x6c, 0x2e,
    0x31, 0x2e, 0x30, 0x36, 0x76, 0x30, 0x61, 0x2e, 0x36, 0x2e, 0x36, 0x2c, 0x30, 0x2c, 0x30, 0x2c,
    0x31, 0x2c, 0x2e, 0x31, 0x31, 0x2e, 0x30, 0x36, 0x76, 0x30, 0x6c, 0x2e, 0x31, 0x2e, 0x30, 0x37,
    0x76, 0x30, 0x6c, 0x2e, 0x31, 0x2e, 0x30, 0x36, 0x76, 0x30, 0x6c, 0x2e, 0x32, 0x34, 0x2e, 0x31,
    0x35, 0x2c, 0x30, 0x2c, 0x30, 0x48, 0x33, 0x38, 0x6c, 0x30, 0x2c, 0x2e, 0x30, 0x39, 0x68, 0x2e,
    0x30, 0x35, 0x6c, 0x30, 0x2c, 0x2e, 0x30, 0x39, 0x68, 0x30, 0x6c, 0x2e, 0x30, 0x36, 0x2e, 0x30,
    0x39, 0x68, 0x30, 0x6c, 0x30, 0x2c, 0x2e, 0x30, 0x39, 0x68, 0x2e, 0x30, 0x35, 0x6c, 0x30, 0x2c,
    0x2e, 0x31, 0x68, 0x30, 0x6c, 0x2e, 0x30, 0x35, 0x2e, 0x30, 0x39, 0x68, 0x30, 0x6c, 0x2e, 0x30,
    0x35, 0x2e, 0x30, 0x39, 0x68, 0x30, 0x6c, 0x2e, 0x30, 0x36, 0x2e, 0x30, 0x39, 0x61, 0x36, 0x2e,
    0x33, 0x36, 0x2c, 0x36, 0x2e, 0x33, 0x36, 0x2c, 0x30, 0x2c, 0x30, 0x2c, 0x31, 0x2c, 0x2e, 0x37,
    0x35, 0x2e, 0x30, 0x38, 0x2c, 0x36, 0x2c, 0x36, 0x2c, 0x30, 0x2c, 0x30, 0x2c, 0x31, 0x2d, 0x31,
    0x2e, 0x38, 0x32, 0x2c, 0x35, 0x2e, 0x33, 0x39, 0x41, 0x31, 0x31, 0x2e, 0x35, 0x2c, 0x31, 0x31,
    0x2e, 0x35, 0x2c, 0x30, 0x2c, 0x30, 0x2c, 0x30, 0x2c, 0x33, 0x36, 0x2c, 0x33, 0x32, 0x2e, 0x37,
    0x39, 0x61, 0x31, 0x2e, 0x32, 0x33, 0x2c, 0x31, 0x2e, 0x32, 0x33, 0x2c, 0x30, 0x2c, 0x30, 0x2c,
    0x30, 0x2c, 0x31, 0x2e, 0x31, 0x34, 0x2d, 0x31, 0x2e, 0x32, 0x35, 0x2c, 0x31, 0x2e, 0x33, 0x34,
    0x2c, 0x31, 0x2e, 0x33, 0x34, 0x2c, 0x30, 0x2c, 0x30, 0x2c, 0x30, 0x2c, 0x30, 0x2d, 0x2e, 0x33,
    0x35, 0x2e, 0x36, 0x34, 0x2e, 0x36, 0x34, 0x2c, 0x30, 0x2c, 0x30, 0x2c, 0x30, 0x2c, 0x30, 0x2d,
    0x2e, 0x30, 0x37, 0x2c, 0x31, 0x2e, 0x31, 0x34, 0x2c, 0x31, 0x2e, 0x31, 0x34, 0x2c, 0x30, 0x2c,
    0x30, 0x2c, 0x30, 0x2d, 0x2e, 0x31, 0x36, 0x2d, 0x2e, 0x33, 0x31, 0x68, 0x30, 0x61, 0x31, 0x2c,
    0x31, 0x2c, 0x30, 0x2c, 0x30, 0x2c, 0x30, 0x2d, 0x2e, 0x32, 0x32, 0x2d, 0x2e, 0x32, 0x34, 0x2e,
    0x39, 0x34, 0x2e, 0x39, 0x34, 0x2c, 0x30, 0x2c, 0x30, 0x2c, 0x30, 0x2d, 0x2e, 0x31, 0x2d, 0x2e,
    0x31, 0x6c, 0x2d, 0x2e, 0x30, 0x39, 0x2d, 0x2e, 0x31, 0x2d, 0x2e, 0x31, 0x2d, 0x2e, 0x31, 0x2d,
    0x2e, 0x31, 0x2d, 0x2e, 0x30, 0x39, 0x61, 0x2e, 0x34, 0x37, 0x2e, 0x34, 0x37, 0x2c, 0x30, 0x2c,
    0x30, 0x2c, 0x30, 0x2d, 0x2e, 0x31, 0x2d, 0x2e, 0x31, 0x6c, 0x2d, 0x2e, 0x31, 0x2d, 0x2e, 0x31,
    0x2d, 0x2e, 0x30, 0x39, 0x2d, 0x2e, 0x31, 0x61, 0x2e, 0x39, 0x34, 0x2e, 0x39, 0x34, 0x2c, 0x30,
    0x2c, 0x30, 0x2c, 0x31, 0x2d, 0x2e, 0x31, 0x2d, 0x2e, 0x31, 0x6c, 0x2d, 0x2e, 0x31, 0x2d, 0x2e,
    0x30, 0x39, 0x2c, 0x30, 0x2d, 0x2e, 0x30, 0x35, 0x43, 0x33, 0x35, 0x2e, 0x38, 0x34, 0x2c, 0x32,
    0x39, 0x2e, 0x31, 0x2c, 0x33, 0x35, 0x2e, 0x39, 0x33, 0x2c, 0x32, 0x38, 0x2e, 0x34, 0x37, 0x2c,
    0x33, 0x36, 0x2c, 0x32, 0x37, 0x2e, 0x37, 0x37, 0x5a, 0x4d, 0x33, 0x38, 0x2e, 0x39, 0x2c, 0x34,
    0x30, 0x2e, 0x36, 0x31, 0x73, 0x30, 0x2c, 0x30, 0x2c, 0x30, 0x2c, 0x2e, 0x30, 0x38, 0x6c, 0x2e,
    0x30, 0x39, 0x2c, 0x30, 0x73, 0x30, 0x2c, 0x30, 0x2c, 0x30, 0x2c, 0x2e, 0x30, 0x37, 0x6c, 0x2e,
    0x30, 0x39, 0x2c, 0x30, 0x61, 0x2e, 0x31, 0x39, 0x2e, 0x31, 0x39, 0x2c, 0x30, 0x2c, 0x30, 0x2c,
    0x30, 0x2c, 0x30, 0x2c, 0x2e, 0x30, 0x38, 0x68, 0x30, 0x61, 0x31, 0x2e, 0x37, 0x38, 0x2c, 0x31,
    0x2e, 0x37, 0x38, 0x2c, 0x30, 0x2c, 0x30, 0x2c, 0x31, 0x2d, 0x2e, 0x31, 0x31, 0x2e, 0x35, 0x32,
    0x63, 0x30, 0x2d, 0x2e, 0x32, 0x36, 0x2d, 0x2e, 0x30, 0x37, 0x2d, 0x2e, 0x35, 0x32, 0x2d, 0x2e,
    0x31, 0x32, 0x2d, 0x2e, 0x38, 0x5a, 0x22, 0x20, 0x73, 0x74, 0x79, 0x6c, 0x65, 0x3d, 0x22, 0x6d,
    0x69, 0x78, 0x2d, 0x62, 0x6c, 0x65, 0x6e, 0x64, 0x2d, 0x6d, 0x6f, 0x64, 0x65, 0x3a, 0x64, 0x61,
    0x72, 0x6b, 0x65, 0x6e, 0x3b, 0x6f, 0x70, 0x61, 0x63, 0x69, 0x74, 0x79, 0x3a, 0x30, 0x2e, 0x35,
    0x22, 0x2f, 0x3e, 0x3c, 0x70, 0x61, 0x74, 0x68, 0x20, 0x64, 0x3d, 0x22, 0x4d, 0x35, 0x34, 0x2e,
    0x37, 0x36, 0x2c, 0x33, 0x34, 0x2e, 0x32, 0x33, 0x2c, 0x35, 0x32, 0x2e, 0x31, 0x32, 0x2c, 0x33,
    0x32, 0x2e, 0x37, 0x61, 0x2e, 0x33, 0x36, 0x2e, 0x33, 0x36, 0x2c, 0x30, 0x2c, 0x30, 0x2c, 0x31,
    0x2d, 0x2e, 0x31, 0x36, 0x2d, 0x2e, 0x32, 0x39, 0x2c, 0x31, 0x38, 0x2e, 0x33, 0x33, 0x2c, 0x31,
    0x38, 0x2e, 0x33, 0x33, 0x2c, 0x30, 0x2c, 0x30, 0x2c, 0x30, 0x2d, 0x2e, 0x30, 0x38, 0x2d, 0x33,
    0x2c, 0x2e, 0x33, 0x34, 0x2e, 0x33, 0x34, 0x2c, 0x30, 0x2c, 0x30, 0x2c, 0x31, 0x2c, 0x2e, 0x31,
    0x32, 0x2d, 0x2e, 0x33, 0x31, 0x6c, 0x32, 0x2e, 0x35, 0x39, 0x2d, 0x31, 0x2e, 0x37, 0x36, 0x61,
    0x32, 0x2e, 0x39, 0x33, 0x2c, 0x32, 0x2e, 0x39, 0x33, 0x2c, 0x30, 0x2c, 0x30, 0x2c, 0x30, 0x2c,
    0x31, 0x2d, 0x33, 0x2e, 0x36, 0x36, 0x4c, 0x35, 0x33, 0x2e, 0x39, 0x32, 0x2c, 0x32, 0x30, 0x61,
    0x32, 0x2e, 0x39, 0x32, 0x2c, 0x32, 0x2e, 0x39, 0x32, 0x2c, 0x30, 0x2c, 0x30, 0x2c, 0x30, 0x2d,
    0x32, 0x2e, 0x36, 0x38, 0x2d, 0x31, 0x2e, 0x37, 0x33, 0x2c, 0x33, 0x2c, 0x33, 0x2c, 0x30, 0x2c,
    0x30, 0x2c, 0x30, 0x2d, 0x2e, 0x37, 0x38, 0x2e, 0x31, 0x31, 0x6c, 0x2d, 0x32, 0x2e, 0x39, 0x34,
    0x2e, 0x38, 0x32, 0x61, 0x2e, 0x33, 0x32, 0x2e, 0x33, 0x32, 0x2c, 0x30, 0x2c, 0x30, 0x2c, 0x31,
    0x2d, 0x2e, 0x33, 0x32, 0x2d, 0x2e, 0x31, 0x31, 0x2c, 0x32, 0x30, 0x2e, 0x33, 0x33, 0x2c, 0x32,
    0x30, 0x2e, 0x33, 0x33, 0x2c, 0x30, 0x2c, 0x30, 0x2c, 0x30, 0x2d, 0x32, 0x2e, 0x31, 0x34, 0x2d,
    0x32, 0x2c, 0x2e, 0x32, 0x37, 0x2e, 0x32, 0x37, 0x2c, 0x30, 0x2c, 0x30, 0x2c, 0x31, 0x2d, 0x2e,
    0x31, 0x32, 0x2d, 0x2e, 0x33, 0x6c, 0x2e, 0x35, 0x38, 0x2d, 0x33, 0x2e, 0x30, 0x38, 0x61, 0x33,
    0x2c, 0x33, 0x2c, 0x30, 0x2c, 0x30, 0x2c, 0x30, 0x2d, 0x31, 0x2e, 0x38, 0x38, 0x2d, 0x33, 0x2e,
    0x33, 0x33, 0x4c, 0x33, 0x39, 0x2e, 0x37, 0x38, 0x2c, 0x38, 0x2e, 0x39, 0x33, 0x61, 0x33, 0x2c,
    0x33, 0x2c, 0x30, 0x2c, 0x30, 0x2c, 0x30, 0x2d, 0x31, 0x2d, 0x2e, 0x31, 0x38, 0x2c, 0x33, 0x2c,
    0x33, 0x2c, 0x30, 0x2c, 0x30, 0x2c, 0x30, 0x2d, 0x32, 0x2e, 0x35, 0x36, 0x2c, 0x31, 0x2e, 0x34,
    0x38, 0x6c, 0x2d, 0x31, 0x2e, 0x35, 0x33, 0x2c, 0x32, 0x2e, 0x36, 0x32, 0x61, 0x2e, 0x33, 0x35,
    0x2e, 0x33, 0x35, 0x2c, 0x30, 0x2c, 0x30, 0x2c, 0x31, 0x2d, 0x2e, 0x33, 0x31, 0x2e, 0x31, 0x36,
    0x2c, 0x31, 0x36, 0x2e, 0x36, 0x36, 0x2c, 0x31, 0x36, 0x2e, 0x36, 0x36, 0x2c, 0x30, 0x2c, 0x30,
    0x2c, 0x30, 0x2d, 0x31, 0x2e, 0x38, 0x37, 0x2c, 0x30, 0x41, 0x37, 0x2e, 0x37, 0x2c, 0x37, 0x2e,
    0x37, 0x2c, 0x30, 0x2c, 0x30, 0x2c, 0x31, 0x2c, 0x33, 0x33, 0x2c, 0x31, 0x34, 0x2e, 0x32, 0x37,
    0x63, 0x2e, 0x36, 0x38, 0x2c, 0x32, 0x2e, 0x33, 0x31, 0x2e, 0x30, 0x37, 0x2c, 0x37, 0x2e, 0x35,
    0x39, 0x2d, 0x2e, 0x32, 0x39, 0x2c, 0x31, 0x30, 0x2e, 0x32, 0x61, 0x32, 0x2e, 0x31, 0x36, 0x2c,
    0x32, 0x2e, 0x31, 0x36, 0x2c, 0x30, 0x2c, 0x30, 0x2c, 0x31, 0x2c, 0x2e, 0x39, 0x33, 0x2e, 0x37,
    0x37, 0x6c, 0x2e, 0x31, 0x32, 0x2e, 0x32, 0x61, 0x36, 0x2e, 0x32, 0x37, 0x2c, 0x36, 0x2e, 0x32,
    0x37, 0x2c, 0x30, 0x2c, 0x30, 0x2c, 0x31, 0x2c, 0x31, 0x2e, 0x37, 0x39, 0x2e, 0x33, 0x33, 0x2c,
    0x36, 0x2e, 0x31, 0x2c, 0x36, 0x2e, 0x31, 0x2c, 0x30, 0x2c, 0x30, 0x2c, 0x31, 0x2c, 0x33, 0x2e,
    0x36, 0x39, 0x2c, 0x37, 0x2e, 0x37, 0x37, 0x41, 0x36, 0x2c, 0x36, 0x2c, 0x30, 0x2c, 0x30, 0x2c,
    0x31, 0x2c, 0x33, 0x36, 0x2c, 0x33, 0x37, 0x63, 0x30, 0x2c, 0x2e, 0x32, 0x38, 0x2e, 0x30, 0x36,
    0x2e, 0x35, 0x36, 0x2e, 0x30, 0x39, 0x2e, 0x38, 0x61, 0x33, 0x2e, 0x31, 0x33, 0x2c, 0x33, 0x2e,
    0x31, 0x33, 0x2c, 0x30, 0x2c, 0x30, 0x2c, 0x31, 0x2c, 0x32, 0x2e, 0x35, 0x34, 0x2c, 0x31, 0x2e,
    0x36, 0x39, 0x6c, 0x2e, 0x31, 0x31, 0x2e, 0x31, 0x32, 0x61, 0x31, 0x2e, 0x34, 0x37, 0x2c, 0x31,
    0x2e, 0x34, 0x37, 0x2c, 0x30, 0x2c, 0x30, 0x2c, 0x31, 0x2c, 0x2e, 0x32, 0x31, 0x2e, 0x33, 0x33,
    0x6c, 0x2e, 0x31, 0x31, 0x2e, 0x32, 0x34, 0x61, 0x31, 0x2e, 0x36, 0x31, 0x2c, 0x31, 0x2e, 0x36,
    0x31, 0x2c, 0x30, 0x2c, 0x30, 0x2c, 0x31, 0x2c, 0x2e, 0x30, 0x39, 0x2e, 0x35, 0x35, 0x2c, 0x31,
    0x2e, 0x36, 0x38, 0x2c, 0x31, 0x2e, 0x36, 0x38, 0x2c, 0x30, 0x2c, 0x30, 0x2c, 0x31, 0x2d, 0x2e,
    0x35, 0x2c, 0x31, 0x2e, 0x32, 0x32, 0x76, 0x31, 0x31, 0x2e, 0x36, 0x61, 0x33, 0x2c, 0x33, 0x2c,
    0x30, 0x2c, 0x30, 0x2c, 0x30, 0x2c, 0x31, 0x2e, 0x33, 0x38, 0x2e, 0x33, 0x34, 0x2c, 0x32, 0x2e,
    0x38, 0x36, 0x2c, 0x32, 0x2e, 0x38, 0x36, 0x2c, 0x30, 0x2c, 0x30, 0x2c, 0x30, 0x2c, 0x31, 0x2e,
    0x32, 0x33, 0x2d, 0x2e, 0x32, 0x36, 0x4c, 0x34, 0x35, 0x2c, 0x35, 0x32, 0x61, 0x32, 0x2e, 0x39,
    0x34, 0x2c, 0x32, 0x2e, 0x39, 0x34, 0x2c, 0x30, 0x2c, 0x30, 0x2c, 0x30, 0x2c, 0x31, 0x2e, 0x36,
    0x33, 0x2d, 0x33, 0x2e, 0x34, 0x35, 0x6c, 0x2d, 0x2e, 0x38, 0x31, 0x2d, 0x32, 0x2e, 0x39, 0x34,
    0x61, 0x2e, 0x33, 0x36, 0x2e, 0x33, 0x36, 0x2c, 0x30, 0x2c, 0x30, 0x2c, 0x31, 0x2c, 0x2e, 0x31,
    0x32, 0x2d, 0x2e, 0x33, 0x33, 0x2c, 0x31, 0x36, 0x2e, 0x39, 0x31, 0x2c, 0x31, 0x36, 0x2e, 0x39,
    0x31, 0x2c, 0x30, 0x2c, 0x30, 0x2c, 0x30, 0x2c, 0x32, 0x2d, 0x32, 0x2e, 0x31, 0x35, 0x2e, 0x33,
    0x31, 0x2e, 0x33, 0x31, 0x2c, 0x30, 0x2c, 0x30, 0x2c, 0x31, 0x2c, 0x2e, 0x33, 0x31, 0x2d, 0x2e,
    0x31, 0x33, 0x6c, 0x33, 0x2e, 0x30, 0x39, 0x2e, 0x35, 0x38, 0x61, 0x32, 0x2e, 0x34, 0x37, 0x2c,
    0x32, 0x2e, 0x34, 0x37, 0x2c, 0x30, 0x2c, 0x30, 0x2c, 0x30, 0x2c, 0x2e, 0x35, 0x34, 0x2c, 0x30,
    0x2c, 0x33, 0x2c, 0x33, 0x2c, 0x30, 0x2c, 0x30, 0x2c, 0x30, 0x2c, 0x32, 0x2e, 0x37, 0x38, 0x2d,
    0x31, 0x2e, 0x39, 0x32, 0x6c, 0x31, 0x2e, 0x34, 0x34, 0x2d, 0x33, 0x2e, 0x38, 0x35, 0x41, 0x33,
    0x2c, 0x33, 0x2c, 0x30, 0x2c, 0x30, 0x2c, 0x30, 0x2c, 0x35, 0x34, 0x2e, 0x37, 0x36, 0x2c, 0x33,
    0x34, 0x2e, 0x32, 0x33, 0x5a, 0x22, 0x20, 0x73, 0x74, 0x79, 0x6c, 0x65, 0x3d, 0x22, 0x66, 0x69,
    0x6c, 0x6c, 0x3a, 0x23, 0x66, 0x66, 0x66, 0x22, 0x2f, 0x3e, 0x3c, 0x70, 0x61, 0x74, 0x68, 0x20,
    0x64, 0x3d, 0x22, 0x4d, 0x39, 0x2e, 0x37, 0x35, 0x2c, 0x34, 0x30, 0x2e, 0x37, 0x39, 0x61, 0x2e,
    0x36, 0x36, 0x2e, 0x36, 0x36, 0x2c, 0x30, 0x2c, 0x30, 0x2c, 0x31, 0x2c, 0x2e, 0x34, 0x31, 0x2d,
    0x2e, 0x36, 0x33, 0x63, 0x30, 0x2d, 0x2e, 0x37, 0x37, 0x2c, 0x31, 0x2e, 0x31, 0x37, 0x2d, 0x31,
    0x2e, 0x33, 0x39, 0x2c, 0x32, 0x2e, 0x36, 0x2d, 0x31, 0x2e, 0x33, 0x39, 0x68, 0x2e, 0x33, 0x63,
    0x30, 0x2d, 0x31, 0x2e, 0x39, 0x31, 0x2e, 0x35, 0x2d, 0x37, 0x2e, 0x37, 0x35, 0x2c, 0x33, 0x2d,
    0x31, 0x31, 0x68, 0x30, 0x6c, 0x2d, 0x2e, 0x30, 0x37, 0x2c, 0x30, 0x61, 0x31, 0x2e, 0x31, 0x38,
    0x2c, 0x31, 0x2e, 0x31, 0x38, 0x2c, 0x30, 0x2c, 0x30, 0x2c, 0x31, 0x2d, 0x2e, 0x32, 0x39, 0x2d,
    0x2e, 0x31, 0x36, 0x6c, 0x30, 0x2c, 0x30, 0x61, 0x31, 0x2e, 0x32, 0x35, 0x2c, 0x31, 0x2e, 0x32,
    0x35, 0x2c, 0x30, 0x2c, 0x30, 0x2c, 0x31, 0x2d, 0x2e, 0x32, 0x33, 0x2d, 0x2e, 0x32, 0x33, 0x6c,
    0x30, 0x2c, 0x30, 0x61, 0x31, 0x2e, 0x34, 0x33, 0x2c, 0x31, 0x2e, 0x34, 0x33, 0x2c, 0x30, 0x2c,
    0x30, 0x2c, 0x31, 0x2d, 0x2e, 0x31, 0x36, 0x2d, 0x2e, 0x33, 0x73, 0x30, 0x2c, 0x30, 0x2c, 0x30,
    0x2c, 0x30, 0x68, 0x30, 0x61, 0x31, 0x2e, 0x33, 0x2c, 0x31, 0x2e, 0x33, 0x2c, 0x30, 0x2c, 0x30,
    0x2c, 0x31, 0x2d, 0x2e, 0x30, 0x38, 0x2d, 0x2e, 0x34, 0x31, 0x2c, 0x31, 0x2e, 0x32, 0x34, 0x2c,
    0x31, 0x2e, 0x32, 0x34, 0x2c, 0x30, 0x2c, 0x30, 0x2c, 0x31, 0x2c, 0x31, 0x2e, 0x32, 0x33, 0x2d,
    0x31, 0x2e, 0x32, 0x36, 0x63, 0x2e, 0x30, 0x38, 0x2e, 0x35, 0x31, 0x2e, 0x31, 0x34, 0x2e, 0x38,
    0x35, 0x2e, 0x31, 0x35, 0x2e, 0x39, 0x73, 0x2d, 0x2e, 0x30, 0x37, 0x2d, 0x2e, 0x33, 0x39, 0x2d,
    0x2e, 0x31, 0x35, 0x2d, 0x2e, 0x39, 0x68, 0x30, 0x63, 0x2d, 0x2e, 0x33, 0x36, 0x2d, 0x32, 0x2e,
    0x33, 0x33, 0x2d, 0x31, 0x2e, 0x31, 0x36, 0x2d, 0x38, 0x2e, 0x34, 0x2d, 0x2e, 0x34, 0x38, 0x2d,
    0x31, 0x30, 0x2e, 0x37, 0x33, 0x73, 0x31, 0x2e, 0x37, 0x39, 0x2d, 0x33, 0x2c, 0x33, 0x2e, 0x34,
    0x32, 0x2d, 0x33, 0x2e, 0x32, 0x39, 0x63, 0x2e, 0x34, 0x2d, 0x2e, 0x30, 0x37, 0x2e, 0x38, 0x2d,
    0x2e, 0x31, 0x32, 0x2c, 0x31, 0x2e, 0x32, 0x2d, 0x2e, 0x31, 0x37, 0x68, 0x30, 0x63, 0x30, 0x2d,
    0x2e, 0x34, 0x32, 0x2e, 0x36, 0x36, 0x2d, 0x2e, 0x37, 0x37, 0x2c, 0x31, 0x2e, 0x36, 0x32, 0x2d,
    0x2e, 0x39, 0x35, 0x61, 0x31, 0x2e, 0x34, 0x38, 0x2c, 0x31, 0x2e, 0x34, 0x38, 0x2c, 0x30, 0x2c,
    0x30, 0x2c, 0x31, 0x2c, 0x33, 0x2c, 0x30, 0x63, 0x31, 0x2c, 0x2e, 0x31, 0x38, 0x2c, 0x31, 0x2e,
    0x36, 0x32, 0x2e, 0x35, 0x33, 0x2c, 0x31, 0x2e, 0x36, 0x32, 0x2e, 0x39, 0x34, 0x2c, 0x30, 0x2c,
    0x30, 0x2c, 0x30, 0x2c, 0x30, 0x2c, 0x30, 0x2c, 0x30, 0x6c, 0x31, 0x2c, 0x2e, 0x31, 0x33, 0x63,
    0x31, 0x2e, 0x36, 0x32, 0x2e, 0x32, 0x36, 0x2c, 0x32, 0x2e, 0x37, 0x36, 0x2c, 0x31, 0x2e, 0x30,
    0x37, 0x2c, 0x33, 0x2e, 0x34, 0x31, 0x2c, 0x33, 0x2e, 0x32, 0x39, 0x53, 0x33, 0x31, 0x2c, 0x32,
    0x33, 0x2c, 0x33, 0x30, 0x2e, 0x36, 0x37, 0x2c, 0x32, 0x35, 0x2e, 0x32, 0x38, 0x68, 0x2e, 0x32,
    0x34, 0x61, 0x31, 0x2e, 0x32, 0x2c, 0x31, 0x2e, 0x32, 0x2c, 0x30, 0x2c, 0x30, 0x2c, 0x31, 0x2c,
    0x31, 0x2c, 0x2e, 0x35, 0x33, 0x68, 0x30, 0x61, 0x31, 0x2e, 0x31, 0x34, 0x2c, 0x31, 0x2e, 0x31,
    0x34, 0x2c, 0x30, 0x2c, 0x30, 0x2c, 0x31, 0x2c, 0x2e, 0x31, 0x36, 0x2e, 0x33, 0x31, 0x2e, 0x36,
    0x34, 0x2e, 0x36, 0x34, 0x2c, 0x30, 0x2c, 0x30, 0x2c, 0x31, 0x2c, 0x30, 0x2c, 0x2e, 0x30, 0x37,
    0x2c, 0x31, 0x2e, 0x33, 0x34, 0x2c, 0x31, 0x2e, 0x33, 0x34, 0x2c, 0x30, 0x2c, 0x30, 0x2c, 0x31,
    0x2c, 0x30, 0x2c, 0x2e, 0x33, 0x35, 0x41, 0x31, 0x2e, 0x32, 0x33, 0x2c, 0x31, 0x2e, 0x32, 0x33,
    0x2c, 0x30, 0x2c, 0x30, 0x2c, 0x31, 0x2c, 0x33, 0x31, 0x2c, 0x32, 0x37, 0x2e, 0x37, 0x39, 0x63,
    0x32, 0x2e, 0x33, 0x34, 0x2c, 0x32, 0x2e, 0x39, 0x32, 0x2c, 0x33, 0x2e, 0x32, 0x31, 0x2c, 0x39,
    0x2c, 0x33, 0x2e, 0x32, 0x34, 0x2c, 0x31, 0x31, 0x68, 0x30, 0x63, 0x31, 0x2e, 0x34, 0x33, 0x2c,
    0x30, 0x2c, 0x32, 0x2e, 0x36, 0x2e, 0x36, 0x32, 0x2c, 0x32, 0x2e, 0x36, 0x31, 0x2c, 0x31, 0x2e,
    0x33, 0x38, 0x61, 0x2e, 0x35, 0x37, 0x2e, 0x35, 0x37, 0x2c, 0x30, 0x2c, 0x30, 0x2c, 0x31, 0x2c,
    0x2e, 0x32, 0x32, 0x2e, 0x31, 0x35, 0x68, 0x30, 0x61, 0x31, 0x2c, 0x31, 0x2c, 0x30, 0x2c, 0x30,
    0x2c, 0x31, 0x2c, 0x2e, 0x31, 0x2e, 0x31, 0x38, 0x6c, 0x30, 0x2c, 0x30, 0x61, 0x2e, 0x37, 0x37,
    0x2e, 0x37, 0x37, 0x2c, 0x30, 0x2c, 0x30, 0x2c, 0x31, 0x2c, 0x30, 0x2c, 0x2e, 0x32, 0x37, 0x2e,
    0x36, 0x32, 0x2e, 0x36, 0x32, 0x2c, 0x30, 0x2c, 0x30, 0x2c, 0x31, 0x2d, 0x2e, 0x34, 0x39, 0x2e,
    0x36, 0x35, 0x56, 0x35, 0x34, 0x2e, 0x33, 0x31, 0x68, 0x2d, 0x35, 0x56, 0x34, 0x32, 0x2e, 0x35,
    0x37, 0x63, 0x2d, 0x2e, 0x32, 0x37, 0x2c, 0x36, 0x2e, 0x39, 0x31, 0x2d, 0x31, 0x2e, 0x35, 0x37,
    0x2c, 0x31, 0x30, 0x2e, 0x35, 0x2d, 0x32, 0x2e, 0x31, 0x34, 0x2c, 0x31, 0x31, 0x2e, 0x37, 0x35,
    0x48, 0x31, 0x37, 0x2e, 0x34, 0x32, 0x63, 0x2d, 0x2e, 0x35, 0x36, 0x2d, 0x31, 0x2e, 0x32, 0x33,
    0x2d, 0x31, 0x2e, 0x38, 0x33, 0x2d, 0x34, 0x2e, 0x37, 0x34, 0x2d, 0x32, 0x2e, 0x31, 0x34, 0x2d,
    0x31, 0x31, 0x2e, 0x34, 0x37, 0x56, 0x35, 0x34, 0x2e, 0x33, 0x32, 0x68, 0x2d, 0x35, 0x56, 0x34,
    0x31, 0x2e, 0x34, 0x35, 0x6c, 0x2d, 0x2e, 0x31, 0x34, 0x2c, 0x30, 0x2d, 0x2e, 0x30, 0x36, 0x2d,
    0x2e, 0x30, 0x35, 0x61, 0x2e, 0x33, 0x38, 0x2e, 0x33, 0x38, 0x2c, 0x30, 0x2c, 0x30, 0x2c, 0x31,
    0x2d, 0x2e, 0x31, 0x31, 0x2d, 0x2e, 0x30, 0x38, 0x2e, 0x35, 0x36, 0x2e, 0x35, 0x36, 0x2c, 0x30,
    0x2c, 0x30, 0x2c, 0x31, 0x2c, 0x30, 0x2d, 0x2e, 0x30, 0x38, 0x2e, 0x35, 0x33, 0x2e, 0x35, 0x33,
    0x2c, 0x30, 0x2c, 0x30, 0x2c, 0x31, 0x2d, 0x2e, 0x30, 0x36, 0x2d, 0x2e, 0x31, 0x2e, 0x34, 0x39,
    0x2e, 0x34, 0x39, 0x2c, 0x30, 0x2c, 0x30, 0x2c, 0x31, 0x2c, 0x30, 0x2d, 0x2e, 0x31, 0x31, 0x2e,
    0x30, 0x38, 0x2e, 0x30, 0x38, 0x2c, 0x30, 0x2c, 0x30, 0x2c, 0x30, 0x2c, 0x30, 0x2c, 0x30, 0x68,
    0x30, 0x41, 0x31, 0x2c, 0x31, 0x2c, 0x30, 0x2c, 0x30, 0x2c, 0x31, 0x2c, 0x39, 0x2e, 0x37, 0x35,
    0x2c, 0x34, 0x30, 0x2e, 0x37, 0x39, 0x5a, 0x22, 0x20, 0x73, 0x74, 0x79, 0x6c, 0x65, 0x3d, 0x22,
    0x66, 0x69, 0x6c, 0x6c, 0x3a, 0x23, 0x66, 0x66, 0x66, 0x22, 0x2f, 0x3e, 0x3c, 0x2f, 0x67, 0x3e,
    0x3c, 0x2f, 0x67, 0x3e, 0x3c, 0x2f, 0x73, 0x76, 0x67, 0x3e,
};
static const size_t main_toolbar_settings_svg_len = 6586;

static const unsigned char main_toolbar_zoom_in_svg[] = {
    0x3c, 0x73, 0x76, 0x67, 0x20, 0x78, 0x6d, 0x6c, 0x6e, 0x73, 0x3d, 0x22, 0x68, 0x74, 0x74, 0x70,
    0x3a, 0x2f, 0x2f, 0x77, 0x77, 0x77, 0x2e, 0x77, 0x33, 0x2e, 0x6f, 0x72, 0x67, 0x2f, 0x32, 0x30,
    0x30, 0x30, 0x2f, 0x73, 0x76, 0x67, 0x22, 0x20, 0x76, 0x69, 0x65, 0x77, 0x42, 0x6f, 0x78, 0x3d,
    0x22, 0x30, 0x20, 0x30, 0x20, 0x36, 0x34, 0x20, 0x36, 0x34, 0x22, 0x3e, 0x3c, 0x67, 0x20, 0x73,
    0x74, 0x79, 0x6c, 0x65, 0x3d, 0x22, 0x69, 0x73, 0x6f, 0x6c, 0x61, 0x74, 0x69, 0x6f, 0x6e, 0x3a,
    0x69, 0x73, 0x6f, 0x6c, 0x61, 0x74, 0x65, 0x22, 0x3e, 0x3c, 0x67, 0x20, 0x69, 0x64, 0x3d, 0x22,
    0x4c, 0x61, 0x79, 0x65, 0x72, 0x5f, 0x31, 0x22, 0x20, 0x64, 0x61, 0x74, 0x61, 0x2d, 0x6e, 0x61,
    0x6d, 0x65, 0x3d, 0x22, 0x4c, 0x61, 0x79, 0x65, 0x72, 0x20, 0x31, 0x22, 0x3e, 0x3c, 0x72, 0x65,
    0x63, 0x74, 0x20, 0x77, 0x69, 0x64, 0x74, 0x68, 0x3d, 0x22, 0x36, 0x34, 0x22, 0x20, 0x68, 0x65,
    0x69, 0x67, 0x68, 0x74, 0x3d, 0x22, 0x36, 0x34, 0x22, 0x20, 0x72, 0x78, 0x3d, 0x22, 0x31, 0x30,
    0x22, 0x20, 0x73, 0x74, 0x79, 0x6c, 0x65, 0x3d, 0x22, 0x66, 0x69, 0x6c, 0x6c, 0x3a, 0x23, 0x38,
    0x66, 0x39, 0x35, 0x36, 0x64, 0x22, 0x2f, 0x3e, 0x3c, 0x70, 0x61, 0x74, 0x68, 0x20, 0x64, 0x3d,
    0x22, 0x4d, 0x35, 0x34, 0x2e, 0x31, 0x2c, 0x31, 0x39, 0x2e, 0x32, 0x31, 0x6c, 0x2d, 0x2e, 0x30,
    0x36, 0x2c, 0x30, 0x2c, 0x30, 0x2d, 0x2e, 0x30, 0x36, 0x2c, 0x30, 0x2c, 0x30, 0x4c, 0x35, 0x33,
    0x2e, 0x39, 0x2c, 0x31, 0x39, 0x6c, 0x30, 0x2c, 0x30, 0x73, 0x30, 0x2c, 0x30, 0x2d, 0x2e, 0x30,
    0x35, 0x2c, 0x30, 0x2c, 0x30, 0x2c, 0x30, 0x2c, 0x30, 0x2d, 0x2e, 0x30, 0x35, 0x6c, 0x30, 0x2d,
    0x2e, 0x30, 0x35, 0x2d, 0x2e, 0x30, 0x35, 0x2d, 0x2e, 0x30, 0x35, 0x2c, 0x30, 0x2d, 0x2e, 0x30,
    0x35, 0x2d, 0x2e, 0x30, 0x36, 0x2c, 0x30, 0x2c, 0x30, 0x2d, 0x2e, 0x30, 0x35, 0x2c, 0x30, 0x2c,
    0x30, 0x2d, 0x2e, 0x30, 0x35, 0x2d, 0x2e, 0x30, 0x36, 0x2c, 0x30, 0x2c, 0x30, 0x2c, 0x30, 0x2d,
    0x2e, 0x30, 0x35, 0x2d, 0x2e, 0x30, 0x35, 0x2d, 0x2e, 0x30, 0x35, 0x2c, 0x30, 0x2d, 0x2e, 0x30,
    0x35, 0x73, 0x30, 0x2c, 0x30, 0x2d, 0x2e, 0x30, 0x35, 0x2c, 0x30, 0x6c, 0x30, 0x2d, 0x2e, 0x30,
    0x35, 0x2d, 0x2e, 0x30, 0x36, 0x2d, 0x2e, 0x30, 0x35, 0x2c, 0x30, 0x2d, 0x2e, 0x30, 0x35, 0x2d,
    0x2e, 0x30, 0x35, 0x2c, 0x30, 0x2c, 0x30, 0x2d, 0x2e, 0x30, 0x36, 0x2d, 0x2e, 0x30, 0x35, 0x2c,
    0x30, 0x73, 0x30, 0x2c, 0x30, 0x2c, 0x30, 0x2c, 0x30, 0x6c, 0x30, 0x2d, 0x2e, 0x30, 0x35, 0x2d,
    0x2e, 0x30, 0x35, 0x2d, 0x2e, 0x30, 0x35, 0x73, 0x30, 0x2c, 0x30, 0x2c, 0x30, 0x2d, 0x2e, 0x30,
    0x35, 0x6c, 0x2d, 0x2e, 0x30, 0x35, 0x2d, 0x2e, 0x30, 0x35, 0x73, 0x30, 0x2c, 0x30, 0x2c, 0x30,
    0x2c, 0x30, 0x6c, 0x30, 0x2d, 0x2e, 0x30, 0x35, 0x2d, 0x2e, 0x30, 0x35, 0x2c, 0x30, 0x2c, 0x30,
    0x2d, 0x2e, 0x30, 0x36, 0x2c, 0x30, 0x2c, 0x30, 0x73, 0x30, 0x2c, 0x30, 0x2d, 0x2e, 0x30, 0x35,
    0x2d, 0x2e, 0x30, 0x35, 0x6c, 0x30, 0x2d, 0x2e, 0x30, 0x35, 0x2d, 0x2e, 0x30, 0x35, 0x2c, 0x30,
    0x73, 0x30, 0x2c, 0x30, 0x2c, 0x30, 0x2d, 0x2e, 0x30, 0x35, 0x6c, 0x30, 0x2d, 0x2e, 0x30, 0x35,
    0x2d, 0x2e, 0x30, 0x35, 0x2d, 0x2e, 0x30, 0x35, 0x2c, 0x30, 0x2d, 0x2e, 0x30, 0x35, 0x2c, 0x30,
    0x2c, 0x30, 0x2d, 0x2e, 0x30, 0x35, 0x2d, 0x2e, 0x30, 0x36, 0x2c, 0x30, 0x2c, 0x30, 0x2c, 0x30,
    0x2d, 0x2e, 0x30, 0x35, 0x2d, 0x2e, 0x30, 0x35, 0x2d, 0x2e, 0x30, 0x35, 0x2c, 0x30, 0x2d, 0x2e,
    0x30, 0x35, 0x2d, 0x2e, 0x30, 0x35, 0x2d, 0x2e, 0x30, 0x35, 0x2c, 0x30, 0x2c, 0x30, 0x73, 0x30,
    0x2c, 0x30, 0x2c, 0x30, 0x2d, 0x2e, 0x30, 0x35, 0x6c, 0x30, 0x2d, 0x2e, 0x30, 0x35, 0x2c, 0x30,
    0x2c, 0x30, 0x2c, 0x30, 0x2d, 0x2e, 0x30, 0x36, 0x2d, 0x2e, 0x30, 0x35, 0x2c, 0x30, 0x2c, 0x30,
    0x2d, 0x2e, 0x30, 0x35, 0x2d, 0x2e, 0x30, 0x35, 0x2c, 0x30, 0x73, 0x30, 0x2c, 0x30, 0x2c, 0x30,
    0x2d, 0x2e, 0x30, 0x35, 0x2c, 0x30, 0x2c, 0x30, 0x2c, 0x30, 0x2d, 0x2e, 0x30, 0x35, 0x6c, 0x2d,
    0x2e, 0x30, 0x35, 0x2d, 0x2e, 0x30, 0x35, 0x73, 0x30, 0x2c, 0x30, 0x2c, 0x30, 0x2d, 0x2e, 0x30,
    0x35, 0x6c, 0x30, 0x2c, 0x30, 0x4c, 0x35, 0x31, 0x2c, 0x31, 0x36, 0x2e, 0x31, 0x32, 0x6c, 0x30,
    0x2d, 0x2e, 0x30, 0x35, 0x2d, 0x2e, 0x30, 0x35, 0x2c, 0x30, 0x73, 0x30, 0x2c, 0x30, 0x2c, 0x30,
    0x2d, 0x2e, 0x30, 0x35, 0x6c, 0x30, 0x2d, 0x2e, 0x30, 0x35, 0x73, 0x30, 0x2c, 0x30, 0x2d, 0x2e,
    0x30, 0x35, 0x2c, 0x30, 0x2c, 0x30, 0x2c, 0x30, 0x2c, 0x30, 0x2d, 0x2e, 0x30, 0x35, 0x6c, 0x2d,
    0x2e, 0x30, 0x35, 0x2d, 0x2e, 0x30, 0x35, 0x73, 0x30, 0x2c, 0x30, 0x2c, 0x30, 0x2c, 0x30, 0x6c,
    0x30, 0x2d, 0x2e, 0x30, 0x35, 0x2d, 0x2e, 0x30, 0x36, 0x2c, 0x30, 0x2c, 0x30, 0x2d, 0x2e, 0x30,
    0x35, 0x2c, 0x30, 0x2c, 0x30, 0x73, 0x30, 0x2c, 0x30, 0x2d, 0x2e, 0x30, 0x35, 0x2c, 0x30, 0x2c,
    0x30, 0x2c, 0x30, 0x2c, 0x30, 0x2d, 0x2e, 0x30, 0x35, 0x6c, 0x30, 0x2c, 0x30, 0x2d, 0x2e, 0x30,
    0x35, 0x2d, 0x2e, 0x30, 0x35, 0x2c, 0x30, 0x2d, 0x2e, 0x30, 0x35, 0x2d, 0x2e, 0x30, 0x35, 0x2c,
    0x30, 0x2c, 0x30, 0x2d, 0x2e, 0x30, 0x35, 0x2c, 0x30, 0x2c, 0x30, 0x4c, 0x35, 0x30, 0x2c, 0x31,
    0x35, 0x2e, 0x30, 0x39, 0x6c, 0x30, 0x2c, 0x30, 0x2c, 0x30, 0x2d, 0x2e, 0x30, 0x35, 0x4c, 0x34,
    0x39, 0x2e, 0x38, 0x33, 0x2c, 0x31, 0x35, 0x6c, 0x30, 0x2c, 0x30, 0x73, 0x30, 0x2c, 0x30, 0x2d,
    0x2e, 0x30, 0x35, 0x2d, 0x2e, 0x30, 0x35, 0x6c, 0x30, 0x2c, 0x30, 0x73, 0x30, 0x2c, 0x30, 0x2c,
    0x30, 0x2d, 0x2e, 0x30, 0x35, 0x6c, 0x30, 0x2d, 0x2e, 0x30, 0x35, 0x2d, 0x2e, 0x30, 0x35, 0x2c,
    0x30, 0x2c, 0x30, 0x2d, 0x2e, 0x30, 0x36, 0x2d, 0x2e, 0x30, 0x35, 0x2c, 0x30, 0x2c, 0x30, 0x2d,
    0x2e, 0x30, 0x36, 0x2c, 0x30, 0x2c, 0x30, 0x73, 0x30, 0x2c, 0x30, 0x2d, 0x2e, 0x30, 0x35, 0x2d,
    0x2e, 0x30, 0x35, 0x2c, 0x30, 0x2c, 0x30, 0x2c, 0x30, 0x2d, 0x2e, 0x30, 0x35, 0x6c, 0x2d, 0x2e,
    0x30, 0x35, 0x2c, 0x30, 0x73, 0x30, 0x2c, 0x30, 0x2c, 0x30, 0x2d, 0x2e, 0x30, 0x35, 0x6c, 0x30,
    0x2c, 0x30, 0x61, 0x31, 0x38, 0x2e, 0x36, 0x33, 0x2c, 0x31, 0x38, 0x2e, 0x36, 0x33, 0x2c, 0x30,
    0x2c, 0x30, 0x2c, 0x30, 0x2d, 0x32, 0x36, 0x2e, 0x33, 0x31, 0x2c, 0x30, 0x41, 0x31, 0x38, 0x2e,
    0x32, 0x35, 0x2c, 0x31, 0x38, 0x2e, 0x32, 0x35, 0x2c, 0x30, 0x2c, 0x30, 0x2c, 0x30, 0x2c, 0x32,
    0x30, 0x2c, 0x33, 0x36, 0x2e, 0x36, 0x37, 0x61, 0x2e, 0x37, 0x37, 0x2e, 0x37, 0x37, 0x2c, 0x30,
    0x2c, 0x30, 0x2c, 0x31, 0x2d, 0x2e, 0x31, 0x32, 0x2e, 0x39, 0x32, 0x6c, 0x2d, 0x39, 0x2e, 0x34,
    0x38, 0x2c, 0x39, 0x2e, 0x35, 0x63, 0x2d, 0x31, 0x2e, 0x38, 0x39, 0x2c, 0x31, 0x2e, 0x38, 0x38,
    0x2d, 0x32, 0x2e, 0x33, 0x34, 0x2c, 0x34, 0x2e, 0x35, 0x32, 0x2d, 0x2e, 0x36, 0x37, 0x2c, 0x36,
    0x2e, 0x32, 0x6c, 0x2e, 0x32, 0x39, 0x2e, 0x32, 0x39, 0x68, 0x30, 0x6c, 0x2e, 0x31, 0x2e, 0x31,
    0x68, 0x30, 0x6c, 0x2e, 0x31, 0x2e, 0x31, 0x68, 0x30, 0x6c, 0x2e, 0x31, 0x2e, 0x31, 0x68, 0x30,
    0x6c, 0x2e, 0x31, 0x2e, 0x30, 0x39, 0x68, 0x30, 0x6c, 0x2e, 0x30, 0x39, 0x2e, 0x30, 0x39, 0x68,
    0x30, 0x6c, 0x2e, 0x31, 0x2e, 0x31, 0x68, 0x30, 0x6c, 0x2e, 0x31, 0x2e, 0x31, 0x68, 0x30, 0x6c,
    0x2e, 0x31, 0x2e, 0x31, 0x68, 0x30, 0x6c, 0x2e, 0x31, 0x2e, 0x30, 0x39, 0x68, 0x30, 0x6c, 0x2e,
    0x30, 0x39, 0x2e, 0x30, 0x39, 0x68, 0x30, 0x6c, 0x2e, 0x31, 0x2e, 0x31, 0x68, 0x30, 0x6c, 0x2e,
    0x31, 0x2e, 0x31, 0x68, 0x30, 0x6c, 0x2e, 0x31, 0x2e, 0x31, 0x68, 0x30, 0x6c, 0x2e, 0x30, 0x39,
    0x2e, 0x30, 0x39, 0x68, 0x30, 0x6c, 0x2e, 0x30, 0x39, 0x2e, 0x30, 0x39, 0x68, 0x30, 0x6c, 0x2e,
    0x30, 0x39, 0x2e, 0x31, 0x68, 0x30, 0x6c, 0x2e, 0x31, 0x2e, 0x31, 0x68, 0x30, 0x6c, 0x2e, 0x31,
    0x2e, 0x31, 0x68, 0x30, 0x6c, 0x2e, 0x30, 0x39, 0x2e, 0x30, 0x39, 0x68, 0x30, 0x6c, 0x2e, 0x30,
    0x39, 0x2e, 0x30, 0x39, 0x68, 0x30, 0x6c, 0x2e, 0x30, 0x39, 0x2e, 0x31, 0x68, 0x30, 0x6c, 0x2e,
    0x31, 0x2e, 0x31, 0x68, 0x30, 0x6c, 0x2e, 0x31, 0x2e, 0x31, 0x68, 0x30, 0x6c, 0x2e, 0x30, 0x39,
    0x2e, 0x30, 0x39, 0x68, 0x30, 0x6c, 0x2e, 0x30, 0x39, 0x2e, 0x30, 0x39, 0x68, 0x30, 0x6c, 0x2e,
    0x30, 0x39, 0x2e, 0x31, 0x68, 0x30, 0x6c, 0x2e, 0x31, 0x2e, 0x31, 0x68, 0x30, 0x6c, 0x2e, 0x31,
    0x2e, 0x31, 0x68, 0x30, 0x6c, 0x2e, 0x31, 0x2e, 0x30, 0x39, 0x68, 0x30, 0x6c, 0x2e, 0x30, 0x39,
    0x2e, 0x30, 0x39, 0x68, 0x30, 0x6c, 0x2e, 0x30, 0x39, 0x2e, 0x31, 0x68, 0x30, 0x6c, 0x2e, 0x31,
    0x2e, 0x31, 0x68, 0x30, 0x6c, 0x2e, 0x31, 0x2e, 0x31, 0x68, 0x30, 0x6c, 0x2e, 0x31, 0x2e, 0x31,
    0x68, 0x30, 0x6c, 0x2e, 0x30, 0x39, 0x2e, 0x30, 0x39, 0x68, 0x30, 0x6c, 0x2e, 0x30, 0x39, 0x2e,
    0x31, 0x68, 0x30, 0x6c, 0x2e, 0x31, 0x2e, 0x31, 0x68, 0x30, 0x6c, 0x2e, 0x31, 0x2e, 0x31, 0x68,
    0x30, 0x6c, 0x2e, 0x31, 0x2e, 0x31, 0x68, 0x30, 0x6c, 0x2e, 0x30, 0x39, 0x2e, 0x30, 0x39, 0x68,
    0x30, 0x6c, 0x2e, 0x30, 0x39, 0x2e, 0x31, 0x68, 0x30, 0x6c, 0x2e, 0x31, 0x2e, 0x31, 0x68, 0x30,
    0x6c, 0x2e, 0x31, 0x2e, 0x31, 0x68, 0x30, 0x6c, 0x2e, 0x31, 0x2e, 0x31, 0x68, 0x30, 0x6c, 0x2e,
    0x30, 0x39, 0x2e, 0x30, 0x39, 0x68, 0x30, 0x6c, 0x2e, 0x30, 0x39, 0x2e, 0x30, 0x39, 0x68, 0x30,
    0x6c, 0x2e, 0x31, 0x2e, 0x31, 0x68, 0x30, 0x6c, 0x2e, 0x31, 0x2e, 0x31, 0x68, 0x30, 0x6c, 0x2e,
    0x31, 0x2e, 0x31, 0x68, 0x30, 0x6c, 0x2e, 0x30, 0x39, 0x2e, 0x30, 0x39, 0x68, 0x30, 0x6c, 0x2e,
    0x30, 0x39, 0x2e, 0x30, 0x39, 0x63, 0x31, 0x2e, 0x36, 0x37, 0x2c, 0x31, 0x2e, 0x36, 0x37, 0x2c,
    0x34, 0x2e, 0x33, 0x31, 0x2c, 0x31, 0x2e, 0x32, 0x32, 0x2c, 0x36, 0x2e, 0x32, 0x31, 0x2d, 0x2e,
    0x36, 0x37, 0x6c, 0x39, 0x2e, 0x34, 0x37, 0x2d, 0x39, 0x2e, 0x34, 0x36, 0x61, 0x2e, 0x37, 0x39,
    0x2e, 0x37, 0x39, 0x2c, 0x30, 0x2c, 0x30, 0x2c, 0x31, 0x2c, 0x2e, 0x39, 0x35, 0x2d, 0x2e, 0x31,
    0x33, 0x2c, 0x31, 0x38, 0x2e, 0x32, 0x34, 0x2c, 0x31, 0x38, 0x2e, 0x32, 0x34, 0x2c, 0x30, 0x2c,
    0x30, 0x2c, 0x30, 0x2c, 0x32, 0x32, 0x2e, 0x34, 0x35, 0x2d, 0x32, 0x2e, 0x38, 0x41, 0x31, 0x38,
    0x2e, 0x36, 0x33, 0x2c, 0x31, 0x38, 0x2e, 0x36, 0x33, 0x2c, 0x30, 0x2c, 0x30, 0x2c, 0x30, 0x2c,
    0x35, 0x34, 0x2e, 0x31, 0x2c, 0x31, 0x39, 0x2e, 0x32, 0x31, 0x5a, 0x4d, 0x34, 0x33, 0x2e, 0x37,
    0x34, 0x2c, 0x33, 0x38, 0x2e, 0x36, 0x37, 0x56, 0x33, 0x35, 0x2e, 0x35, 0x31, 0x63, 0x30, 0x2d,
    0x2e, 0x34, 0x2e, 0x34, 0x36, 0x2d, 0x2e, 0x34, 0x32, 0x2e, 0x34, 0x36, 0x2d, 0x2e, 0x34, 0x32,
    0x68, 0x33, 0x2e, 0x31, 0x61, 0x31, 0x33, 0x2c, 0x31, 0x33, 0x2c, 0x30, 0x2c, 0x30, 0x2c, 0x31,
    0x2d, 0x33, 0x2e, 0x35, 0x36, 0x2c, 0x33, 0x2e, 0x35, 0x38, 0x5a, 0x4d, 0x33, 0x33, 0x2e, 0x33,
    0x35, 0x2c, 0x32, 0x34, 0x2e, 0x32, 0x32, 0x61, 0x2e, 0x34, 0x36, 0x2e, 0x34, 0x36, 0x2c, 0x30,
    0x2c, 0x30, 0x2c, 0x31, 0x2d, 0x2e, 0x34, 0x33, 0x2e, 0x34, 0x37, 0x48, 0x32, 0x39, 0x2e, 0x35,
    0x35, 0x61, 0x31, 0x33, 0x2e, 0x34, 0x32, 0x2c, 0x31, 0x33, 0x2e, 0x34, 0x32, 0x2c, 0x30, 0x2c,
    0x30, 0x2c, 0x31, 0x2c, 0x31, 0x2e, 0x36, 0x37, 0x2d, 0x32, 0x2c, 0x31, 0x34, 0x2c, 0x31, 0x34,
    0x2c, 0x30, 0x2c, 0x30, 0x2c, 0x31, 0x2c, 0x32, 0x2e, 0x31, 0x33, 0x2d, 0x31, 0x2e, 0x37, 0x34,
    0x5a, 0x4d, 0x32, 0x37, 0x2e, 0x35, 0x34, 0x2c, 0x32, 0x39, 0x2e, 0x34, 0x61, 0x31, 0x2e, 0x34,
    0x38, 0x2c, 0x31, 0x2e, 0x34, 0x38, 0x2c, 0x30, 0x2c, 0x30, 0x2c, 0x30, 0x2c, 0x2e, 0x32, 0x36,
    0x2e, 0x33, 0x6c, 0x2e, 0x30, 0x39, 0x2e, 0x31, 0x61, 0x2e, 0x39, 0x34, 0x2e, 0x39, 0x34, 0x2c,
    0x30, 0x2c, 0x30, 0x2c, 0x31, 0x2c, 0x2e, 0x31, 0x2e, 0x31, 0x6c, 0x2e, 0x31, 0x2e, 0x31, 0x2e,
    0x31, 0x2e, 0x30, 0x39, 0x61, 0x2e, 0x34, 0x37, 0x2e, 0x34, 0x37, 0x2c, 0x30, 0x2c, 0x30, 0x2c,
    0x30, 0x2c, 0x2e, 0x31, 0x2e, 0x31, 0x6c, 0x2e, 0x30, 0x39, 0x2e, 0x31, 0x61, 0x2e, 0x39, 0x34,
    0x2e, 0x39, 0x34, 0x2c, 0x30, 0x2c, 0x30, 0x2c, 0x31, 0x2c, 0x2e, 0x31, 0x2e, 0x31, 0x6c, 0x2e,
    0x31, 0x2e, 0x31, 0x2e, 0x31, 0x2e, 0x30, 0x39, 0x61, 0x2e, 0x34, 0x37, 0x2e, 0x34, 0x37, 0x2c,
    0x30, 0x2c, 0x30, 0x2c, 0x30, 0x2c, 0x2e, 0x31, 0x2e, 0x31, 0x6c, 0x2e, 0x30, 0x39, 0x2e, 0x31,
    0x61, 0x2e, 0x39, 0x34, 0x2e, 0x39, 0x34, 0x2c, 0x30, 0x2c, 0x30, 0x2c, 0x31, 0x2c, 0x2e, 0x31,
    0x2e, 0x31, 0x6c, 0x2e, 0x31, 0x2e, 0x31, 0x2e, 0x31, 0x2e, 0x30, 0x39, 0x61, 0x33, 0x39, 0x38,
    0x30, 0x36, 0x35, 0x37, 0x32, 0x39, 0x35, 0x33, 0x32, 0x38, 0x2e, 0x35, 0x32, 0x2c, 0x33, 0x39,
    0x38, 0x30, 0x36, 0x35, 0x37, 0x32, 0x39, 0x35, 0x33, 0x32, 0x38, 0x2e, 0x35, 0x32, 0x2c, 0x30,
    0x2c, 0x30, 0x2c, 0x30, 0x2c, 0x2e, 0x32, 0x2e, 0x32, 0x6c, 0x2e, 0x30, 0x39, 0x2e, 0x31, 0x61,
    0x2e, 0x34, 0x37, 0x2e, 0x34, 0x37, 0x2c, 0x30, 0x2c, 0x30, 0x2c, 0x31, 0x2c, 0x2e, 0x31, 0x2e,
    0x31, 0x6c, 0x2e, 0x31, 0x2e, 0x30, 0x39, 0x61, 0x37, 0x39, 0x36, 0x31, 0x33, 0x31, 0x34, 0x35,
    0x39, 0x30, 0x36, 0x35, 0x37, 0x2e, 0x32, 0x36, 0x2c, 0x37, 0x39, 0x36, 0x31, 0x33, 0x31, 0x34,
    0x35, 0x39, 0x30, 0x36, 0x35, 0x37, 0x2e, 0x32, 0x36, 0x2c, 0x30, 0x2c, 0x30, 0x2c, 0x31, 0x2c,
    0x2e, 0x32, 0x2e, 0x32, 0x6c, 0x2e, 0x30, 0x39, 0x2e, 0x31, 0x2e, 0x31, 0x2e, 0x31, 0x2e, 0x31,
    0x2e, 0x30, 0x39, 0x61, 0x2e, 0x34, 0x37, 0x2e, 0x34, 0x37, 0x2c, 0x30, 0x2c, 0x30, 0x2c, 0x30,
    0x2c, 0x2e, 0x31, 0x2e, 0x31, 0x2e, 0x34, 0x37, 0x2e, 0x34, 0x37, 0x2c, 0x30, 0x2c, 0x30, 0x2c,
    0x30, 0x2c, 0x2e, 0x31, 0x2e, 0x31, 0x6c, 0x2e, 0x30, 0x39, 0x2e, 0x31, 0x2e, 0x31, 0x2e, 0x31,
    0x2e, 0x31, 0x2e, 0x30, 0x39, 0x2e, 0x31, 0x2e, 0x31, 0x2e, 0x31, 0x2e, 0x31, 0x2e, 0x30, 0x39,
    0x2e, 0x31, 0x61, 0x2e, 0x39, 0x34, 0x2e, 0x39, 0x34, 0x2c, 0x30, 0x2c, 0x30, 0x2c, 0x31, 0x2c,
    0x2e, 0x31, 0x2e, 0x31, 0x6c, 0x2e, 0x31, 0x2e, 0x31, 0x2e, 0x31, 0x2e, 0x30, 0x39, 0x61, 0x2e,
    0x34, 0x37, 0x2e, 0x34, 0x37, 0x2c, 0x30, 0x2c, 0x30, 0x2c, 0x30, 0x2c, 0x2e, 0x31, 0x2e, 0x31,
    0x6c, 0x2e, 0x30, 0x39, 0x2e, 0x31, 0x2e, 0x31, 0x2e, 0x31, 0x2e, 0x31, 0x2e, 0x31, 0x2e, 0x31,
    0x2e, 0x30, 0x39, 0x2e, 0x31, 0x2e, 0x31, 0x2e, 0x30, 0x39, 0x2e, 0x31, 0x2e, 0x31, 0x2e, 0x31,
    0x61, 0x2e, 0x39, 0x34, 0x2e, 0x39, 0x34, 0x2c, 0x30, 0x2c, 0x30, 0x2c, 0x31, 0x2c, 0x2e, 0x31,
    0x2e, 0x31, 0x6c, 0x2e, 0x31, 0x2e, 0x30, 0x39, 0x2e, 0x31, 0x2e, 0x31, 0x2e, 0x30, 0x39, 0x2e,
    0x31, 0x2e, 0x31, 0x2e, 0x31, 0x2e, 0x31, 0x2e, 0x31, 0x2e, 0x31, 0x2e, 0x30, 0x39, 0x61, 0x31,
    0x2e, 0x34, 0x33, 0x2c, 0x31, 0x2e, 0x34, 0x33, 0x2c, 0x30, 0x2c, 0x30, 0x2c, 0x30, 0x2c, 0x2e,
    0x37, 0x2e, 0x34, 0x33, 0x2c, 0x31, 0x2e, 0x35, 0x37, 0x2c, 0x31, 0x2e, 0x35, 0x37, 0x2c, 0x30,
    0x2c, 0x30, 0x2c, 0x30, 0x2c, 0x2e, 0x34, 0x33, 0x2e, 0x37, 0x31, 0x2e, 0x39, 0x34, 0x2e, 0x39,
    0x34, 0x2c, 0x30, 0x2c, 0x30, 0x2c, 0x31, 0x2c, 0x2e, 0x31, 0x2e, 0x31, 0x6c, 0x2e, 0x31, 0x2e,
    0x30, 0x39, 0x2e, 0x31, 0x2e, 0x31, 0x61, 0x2e, 0x34, 0x37, 0x2e, 0x34, 0x37, 0x2c, 0x30, 0x2c,
    0x30, 0x2c, 0x30, 0x2c, 0x2e, 0x31, 0x2e, 0x31, 0x6c, 0x2e, 0x30, 0x39, 0x2e, 0x31, 0x2e, 0x31,
    0x2e, 0x31, 0x2e, 0x31, 0x2e, 0x30, 0x39, 0x61, 0x31, 0x39, 0x39, 0x30, 0x33, 0x32, 0x38, 0x36,
    0x34, 0x37, 0x36, 0x36, 0x34, 0x2e, 0x33, 0x33, 0x2c, 0x31, 0x39, 0x39, 0x30, 0x33, 0x32, 0x38,
    0x36, 0x34, 0x37, 0x36, 0x36, 0x34, 0x2e, 0x33, 0x33, 0x2c, 0x30, 0x2c, 0x30, 0x2c, 0x30, 0x2c,
    0x2e, 0x32, 0x2e, 0x32, 0x6c, 0x2e, 0x30, 0x39, 0x2e, 0x31, 0x2e, 0x31, 0x2e, 0x31, 0x2e, 0x31,
    0x2e, 0x30, 0x39, 0x61, 0x2e, 0x34, 0x37, 0x2e, 0x34, 0x37, 0x2c, 0x30, 0x2c, 0x30, 0x2c, 0x30,
    0x2c, 0x2e, 0x31, 0x2e, 0x31, 0x6c, 0x2e, 0x31, 0x2e, 0x31, 0x2e, 0x30, 0x39, 0x2e, 0x31, 0x2e,
    0x31, 0x2e, 0x31, 0x2e, 0x31, 0x2e, 0x30, 0x39, 0x2e, 0x31, 0x2e, 0x31, 0x61, 0x2e, 0x34, 0x37,
    0x2e, 0x34, 0x37, 0x2c, 0x30, 0x2c, 0x30, 0x2c, 0x30, 0x2c, 0x2e, 0x31, 0x2e, 0x31, 0x6c, 0x2e,
    0x30, 0x39, 0x2e, 0x31, 0x61, 0x2e, 0x39, 0x34, 0x2e, 0x39, 0x34, 0x2c, 0x30, 0x2c, 0x30, 0x2c,
    0x31, 0x2c, 0x2e, 0x31, 0x2e, 0x31, 0x6c, 0x2e, 0x31, 0x2e, 0x30, 0x39, 0x61, 0x33, 0x39, 0x38,
    0x30, 0x36, 0x35, 0x37, 0x32, 0x39, 0x35, 0x33, 0x32, 0x38, 0x2e, 0x37, 0x34, 0x2c, 0x33, 0x39,
    0x38, 0x30, 0x36, 0x35, 0x37, 0x32, 0x39, 0x35, 0x33, 0x32, 0x38, 0x2e, 0x37, 0x34, 0x2c, 0x30,
    0x2c, 0x30, 0x2c, 0x31, 0x2c, 0x2e, 0x32, 0x2e, 0x32, 0x6c, 0x2e, 0x30, 0x39, 0x2e, 0x31, 0x2e,
    0x31, 0x2e, 0x31, 0x2e, 0x31, 0x2e, 0x30, 0x39, 0x61, 0x33, 0x39, 0x38, 0x30, 0x36, 0x35, 0x37,
    0x32, 0x39, 0x35, 0x33, 0x32, 0x38, 0x2e, 0x37, 0x34, 0x2c, 0x33, 0x39, 0x38, 0x30, 0x36, 0x35,
    0x37, 0x32, 0x39, 0x35, 0x33, 0x32, 0x38, 0x2e, 0x37, 0x34, 0x2c, 0x30, 0x2c, 0x30, 0x2c, 0x31,
    0x2c, 0x2e, 0x32, 0x2e, 0x32, 0x6c, 0x2e, 0x30, 0x39, 0x2e, 0x31, 0x2e, 0x31, 0x2e, 0x31, 0x2e,
    0x31, 0x2e, 0x31, 0x2e, 0x31, 0x2e, 0x30, 0x39, 0x2e, 0x31, 0x2e, 0x31, 0x2e, 0x30, 0x39, 0x2e,
    0x31, 0x2e, 0x31, 0x2e, 0x31, 0x2e, 0x31, 0x2e, 0x31, 0x2e, 0x31, 0x2e, 0x30, 0x39, 0x2e, 0x31,
    0x2e, 0x31, 0x2e, 0x30, 0x39, 0x2e, 0x31, 0x2e, 0x31, 0x2e, 0x31, 0x2e, 0x31, 0x2e, 0x31, 0x2e,
    0x31, 0x2e, 0x30, 0x39, 0x61, 0x33, 0x39, 0x38, 0x30, 0x36, 0x35, 0x37, 0x32, 0x39, 0x35, 0x33,
    0x32, 0x38, 0x2e, 0x38, 0x38, 0x2c, 0x33, 0x39, 0x38, 0x30, 0x36, 0x35, 0x37, 0x32, 0x39, 0x35,
    0x33, 0x32, 0x38, 0x2e, 0x38, 0x38, 0x2c, 0x30, 0x2c, 0x30, 0x2c, 0x31, 0x2c, 0x2e, 0x32, 0x2e,
    0x32, 0x6c, 0x2e, 0x30, 0x39, 0x2e, 0x31, 0x2e, 0x31, 0x2e, 0x31, 0x2e, 0x31, 0x2e, 0x30, 0x39,
    0x2e, 0x31, 0x2e, 0x31, 0x2e, 0x31, 0x2e, 0x31, 0x2e, 0x31, 0x34, 0x2e, 0x31, 0x34, 0x61, 0x31,
    0x33, 0x2e, 0x38, 0x31, 0x2c, 0x31, 0x33, 0x2e, 0x38, 0x31, 0x2c, 0x30, 0x2c, 0x30, 0x2c, 0x31,
    0x2d, 0x39, 0x2e, 0x38, 0x32, 0x2d, 0x31, 0x2e, 0x35, 0x33, 0x41, 0x31, 0x33, 0x2e, 0x37, 0x38,
    0x2c, 0x31, 0x33, 0x2e, 0x37, 0x38, 0x2c, 0x30, 0x2c, 0x30, 0x2c, 0x31, 0x2c, 0x32, 0x37, 0x2e,
    0x35, 0x34, 0x2c, 0x32, 0x39, 0x2e, 0x34, 0x5a, 0x6d, 0x32, 0x31, 0x2e, 0x38, 0x34, 0x2e, 0x37,
    0x37, 0x61, 0x2e, 0x32, 0x36, 0x2e, 0x32, 0x36, 0x2c, 0x30, 0x2c, 0x30, 0x2c, 0x30, 0x2d, 0x2e,
    0x30, 0x39, 0x2d, 0x2e, 0x30, 0x39, 0x4c, 0x34, 0x39, 0x2e, 0x32, 0x2c, 0x33, 0x30, 0x6c, 0x2d,
    0x2e, 0x31, 0x2d, 0x2e, 0x31, 0x2d, 0x2e, 0x31, 0x2d, 0x2e, 0x31, 0x2d, 0x2e, 0x31, 0x2d, 0x2e,
    0x31, 0x2d, 0x2e, 0x31, 0x2d, 0x2e, 0x30, 0x39, 0x2d, 0x2e, 0x30, 0x39, 0x2d, 0x2e, 0x31, 0x2d,
    0x2e, 0x31, 0x2d, 0x2e, 0x31, 0x2d, 0x2e, 0x31, 0x2d, 0x2e, 0x31, 0x61, 0x2e, 0x39, 0x34, 0x2e,
    0x39, 0x34, 0x2c, 0x30, 0x2c, 0x30, 0x2c, 0x30, 0x2d, 0x2e, 0x31, 0x2d, 0x2e, 0x31, 0x6c, 0x2d,
    0x2e, 0x31, 0x2d, 0x2e, 0x30, 0x39, 0x2d, 0x2e, 0x30, 0x39, 0x2d, 0x2e, 0x31, 0x2d, 0x2e, 0x31,
    0x2d, 0x2e, 0x31, 0x2d, 0x2e, 0x31, 0x2d, 0x2e, 0x31, 0x2d, 0x2e, 0x31, 0x2d, 0x2e, 0x31, 0x2d,
    0x2e, 0x31, 0x2d, 0x2e, 0x30, 0x39, 0x2d, 0x2e, 0x30, 0x39, 0x2d, 0x2e, 0x31, 0x2d, 0x2e, 0x31,
    0x2d, 0x2e, 0x31, 0x2d, 0x2e, 0x31, 0x2d, 0x2e, 0x31, 0x2d, 0x2e, 0x31, 0x2d, 0x2e, 0x31, 0x2d,
    0x2e, 0x31, 0x2d, 0x2e, 0x30, 0x39, 0x2d, 0x2e, 0x30, 0x39, 0x2d, 0x2e, 0x31, 0x2d, 0x2e, 0x31,
    0x2d, 0x2e, 0x31, 0x61, 0x2e, 0x39, 0x34, 0x2e, 0x39, 0x34, 0x2c, 0x30, 0x2c, 0x30, 0x2c, 0x30,
    0x2d, 0x2e, 0x31, 0x2d, 0x2e, 0x31, 0x6c, 0x2d, 0x2e, 0x31, 0x2d, 0x2e, 0x31, 0x2d, 0x2e, 0x31,
    0x2d, 0x2e, 0x31, 0x2d, 0x2e, 0x30, 0x39, 0x2d, 0x2e, 0x30, 0x39, 0x2d, 0x2e, 0x31, 0x2d, 0x2e,
    0x31, 0x2d, 0x2e, 0x31, 0x2d, 0x2e, 0x31, 0x2d, 0x2e, 0x31, 0x2d, 0x2e, 0x31, 0x2d, 0x2e, 0x31,
    0x2d, 0x2e, 0x31, 0x2d, 0x2e, 0x31, 0x2d, 0x2e, 0x30, 0x39, 0x2d, 0x2e, 0x30, 0x39, 0x2d, 0x2e,
    0x31, 0x2d, 0x2e, 0x31, 0x2d, 0x2e, 0x31, 0x2d, 0x2e, 0x31, 0x2d, 0x2e, 0x31, 0x2d, 0x2e, 0x31,
    0x2d, 0x2e, 0x31, 0x2d, 0x2e, 0x31, 0x2d, 0x2e, 0x30, 0x39, 0x2d, 0x2e, 0x30, 0x39, 0x2d, 0x2e,
    0x31, 0x2d, 0x2e, 0x31, 0x2d, 0x2e, 0x31, 0x2d, 0x2e, 0x31, 0x2d, 0x2e, 0x31, 0x2d, 0x2e, 0x31,
    0x2d, 0x2e, 0x31, 0x2d, 0x2e, 0x31, 0x2d, 0x2e, 0x30, 0x39, 0x2d, 0x2e, 0x30, 0x39, 0x2d, 0x2e,
    0x31, 0x2d, 0x2e, 0x31, 0x2d, 0x2e, 0x31, 0x2d, 0x2e, 0x31, 0x2d, 0x2e, 0x31, 0x2d, 0x2e, 0x31,
    0x2d, 0x2e, 0x31, 0x2d, 0x2e, 0x31, 0x2d, 0x2e, 0x30, 0x39, 0x2d, 0x2e, 0x30, 0x39, 0x2d, 0x2e,
    0x31, 0x2d, 0x2e, 0x31, 0x2d, 0x2e, 0x31, 0x2d, 0x2e, 0x31, 0x2d, 0x2e, 0x31, 0x2d, 0x2e, 0x31,
    0x2d, 0x2e, 0x31, 0x61, 0x31, 0x2e, 0x35, 0x33, 0x2c, 0x31, 0x2e, 0x35, 0x33, 0x2c, 0x30, 0x2c,
    0x30, 0x2c, 0x30, 0x2d, 0x2e, 0x37, 0x2d, 0x2e, 0x34, 0x33, 0x2c, 0x31, 0x2e, 0x35, 0x39, 0x2c,
    0x31, 0x2e, 0x35, 0x39, 0x2c, 0x30, 0x2c, 0x30, 0x2c, 0x30, 0x2d, 0x2e, 0x34, 0x33, 0x2d, 0x2e,
    0x37, 0x6c, 0x2d, 0x2e, 0x31, 0x2d, 0x2e, 0x31, 0x2d, 0x2e, 0x31, 0x2d, 0x2e, 0x31, 0x2d, 0x2e,
    0x31, 0x2d, 0x2e, 0x30, 0x39, 0x2d, 0x2e, 0x30, 0x39, 0x2d, 0x2e, 0x31, 0x2d, 0x2e, 0x31, 0x2d,
    0x2e, 0x31, 0x2d, 0x2e, 0x31, 0x2d, 0x2e, 0x31, 0x61, 0x2e, 0x39, 0x34, 0x2e, 0x39, 0x34, 0x2c,
    0x30, 0x2c, 0x30, 0x2c, 0x30, 0x2d, 0x2e, 0x31, 0x2d, 0x2e, 0x31, 0x6c, 0x2d, 0x2e, 0x31, 0x2d,
    0x2e, 0x31, 0x2d, 0x2e, 0x31, 0x2d, 0x2e, 0x30, 0x39, 0x2d, 0x2e, 0x30, 0x39, 0x2d, 0x2e, 0x31,
    0x2d, 0x2e, 0x31, 0x2d, 0x2e, 0x31, 0x2d, 0x2e, 0x31, 0x2d, 0x2e, 0x31, 0x2d, 0x2e, 0x31, 0x2d,
    0x2e, 0x30, 0x39, 0x2d, 0x2e, 0x30, 0x39, 0x2d, 0x2e, 0x31, 0x2d, 0x2e, 0x31, 0x2d, 0x2e, 0x31,
    0x2d, 0x2e, 0x31, 0x2d, 0x2e, 0x31, 0x2d, 0x2e, 0x31, 0x2d, 0x2e, 0x31, 0x2d, 0x2e, 0x31, 0x2d,
    0x2e, 0x30, 0x39, 0x2d, 0x2e, 0x30, 0x39, 0x2d, 0x2e, 0x31, 0x2d, 0x2e, 0x31, 0x2d, 0x2e, 0x31,
    0x61, 0x2e, 0x39, 0x34, 0x2e, 0x39, 0x34, 0x2c, 0x30, 0x2c, 0x30, 0x2c, 0x30, 0x2d, 0x2e, 0x31,
    0x2d, 0x2e, 0x31, 0x6c, 0x2d, 0x2e, 0x31, 0x2d, 0x2e, 0x31, 0x2d, 0x2e, 0x31, 0x2d, 0x2e, 0x30,
    0x39, 0x2d, 0x2e, 0x30, 0x39, 0x2d, 0x2e, 0x31, 0x2d, 0x2e, 0x31, 0x2d, 0x2e, 0x31, 0x2d, 0x2e,
    0x31, 0x2d, 0x2e, 0x31, 0x2d, 0x2e, 0x31, 0x2d, 0x2e, 0x31, 0x2d, 0x2e, 0x31, 0x2d, 0x2e, 0x31,
    0x2d, 0x2e, 0x30, 0x39, 0x2d, 0x2e, 0x30, 0x39, 0x2d, 0x2e, 0x31, 0x2d, 0x2e, 0x31, 0x61, 0x2e,
    0x39, 0x34, 0x2e, 0x39, 0x34, 0x2c, 0x30, 0x2c, 0x30, 0x2c, 0x30, 0x2d, 0x2e, 0x31, 0x2d, 0x2e,
    0x31, 0x6c, 0x2d, 0x2e, 0x31, 0x2d, 0x2e, 0x31, 0x2d, 0x2e, 0x31, 0x2d, 0x2e, 0x31, 0x2d, 0x2e,
    0x31, 0x2d, 0x2e, 0x30, 0x39, 0x2d, 0x2e, 0x30, 0x39, 0x2d, 0x2e, 0x31, 0x2d, 0x2e, 0x31, 0x2d,
    0x2e, 0x31, 0x2d, 0x2e, 0x31, 0x2d, 0x2e, 0x31, 0x2d, 0x2e, 0x31, 0x2d, 0x2e, 0x31, 0x2d, 0x2e,
    0x31, 0x2d, 0x2e, 0x30, 0x39, 0x2d, 0x2e, 0x30, 0x39, 0x2d, 0x2e, 0x31, 0x2d, 0x2e, 0x31, 0x2d,
    0x2e, 0x31, 0x2d, 0x2e, 0x31, 0x2d, 0x2e, 0x31, 0x2d, 0x2e, 0x31, 0x2d, 0x2e, 0x31, 0x2d, 0x2e,
    0x31, 0x2d, 0x2e, 0x30, 0x39, 0x2d, 0x2e, 0x30, 0x39, 0x2d, 0x2e, 0x31, 0x2d, 0x2e, 0x31, 0x2d,
    0x2e, 0x31, 0x2d, 0x2e, 0x31, 0x2d, 0x2e, 0x31, 0x2d, 0x2e, 0x31, 0x2d, 0x2e, 0x31, 0x2d, 0x2e,
    0x31, 0x2d, 0x2e, 0x30, 0x39, 0x2d, 0x2e, 0x30, 0x39, 0x2d, 0x2e, 0x31, 0x61, 0x31, 0x2e, 0x32,
    0x31, 0x2c, 0x31, 0x2e, 0x32, 0x31, 0x2c, 0x30, 0x2c, 0x30, 0x2c, 0x30, 0x2d, 0x2e, 0x32, 0x34,
    0x2d, 0x2e, 0x32, 0x31, 0x2c, 0x31, 0x33, 0x2e, 0x38, 0x2c, 0x31, 0x33, 0x2e, 0x38, 0x2c, 0x30,
    0x2c, 0x30, 0x2c, 0x31, 0x2c, 0x39, 0x2e, 0x37, 0x2c, 0x31, 0x2e, 0x35, 0x35, 0x41, 0x31, 0x33,
    0x2e, 0x37, 0x38, 0x2c, 0x31, 0x33, 0x2e, 0x37, 0x38, 0x2c, 0x30, 0x2c, 0x30, 0x2c, 0x31, 0x2c,
    0x34, 0x39, 0x2e, 0x33, 0x38, 0x2c, 0x33, 0x30, 0x2e, 0x31, 0x37, 0x5a, 0x22, 0x20, 0x73, 0x74,
    0x79, 0x6c, 0x65, 0x3d, 0x22, 0x6d, 0x69, 0x78, 0x2d, 0x62, 0x6c, 0x65, 0x6e, 0x64, 0x2d, 0x6d,
    0x6f, 0x64, 0x65, 0x3a, 0x64, 0x61, 0x72, 0x6b, 0x65, 0x6e, 0x3b, 0x6f, 0x70, 0x61, 0x63, 0x69,
    0x74, 0x79, 0x3a, 0x30, 0x2e, 0x35, 0x22, 0x2f, 0x3e, 0x3c, 0x70, 0x61, 0x74, 0x68, 0x20, 0x64,
    0x3d, 0x22, 0x4d, 0x34, 0x39, 0x2e, 0x31, 0x2c, 0x34, 0x30, 0x2e, 0x35, 0x32, 0x41, 0x31, 0x38,
    0x2e, 0x36, 0x2c, 0x31, 0x38, 0x2e, 0x36, 0x2c, 0x30, 0x2c, 0x30, 0x2c, 0x30, 0x2c, 0x32, 0x32,
    0x2e, 0x37, 0x39, 0x2c, 0x31, 0x34, 0x2e, 0x32, 0x31, 0x2c, 0x31, 0x38, 0x2e, 0x32, 0x35, 0x2c,
    0x31, 0x38, 0x2e, 0x32, 0x35, 0x2c, 0x30, 0x2c, 0x30, 0x2c, 0x30, 0x2c, 0x32, 0x30, 0x2c, 0x33,
    0x36, 0x2e, 0x36, 0x37, 0x61, 0x2e, 0x37, 0x37, 0x2e, 0x37, 0x37, 0x2c, 0x30, 0x2c, 0x30, 0x2c,
    0x31, 0x2d, 0x2e, 0x31, 0x32, 0x2e, 0x39, 0x32, 0x6c, 0x2d, 0x39, 0x2e, 0x34, 0x38, 0x2c, 0x39,
    0x2e, 0x35, 0x63, 0x2d, 0x31, 0x2e, 0x38, 0x39, 0x2c, 0x31, 0x2e, 0x38, 0x38, 0x2d, 0x32, 0x2e,
    0x33, 0x34, 0x2c, 0x34, 0x2e, 0x35, 0x32, 0x2d, 0x2e, 0x36, 0x37, 0x2c, 0x36, 0x2e, 0x32, 0x6c,
    0x2e, 0x32, 0x39, 0x2e, 0x32, 0x39, 0x63, 0x31, 0x2e, 0x36, 0x37, 0x2c, 0x31, 0x2e, 0x36, 0x37,
    0x2c, 0x34, 0x2e, 0x33, 0x31, 0x2c, 0x31, 0x2e, 0x32, 0x32, 0x2c, 0x36, 0x2e, 0x32, 0x31, 0x2d,
    0x2e, 0x36, 0x37, 0x6c, 0x39, 0x2e, 0x34, 0x37, 0x2d, 0x39, 0x2e, 0x34, 0x36, 0x61, 0x2e, 0x37,
    0x39, 0x2e, 0x37, 0x39, 0x2c, 0x30, 0x2c, 0x30, 0x2c, 0x31, 0x2c, 0x2e, 0x39, 0x35, 0x2d, 0x2e,
    0x31, 0x33, 0x2c, 0x31, 0x38, 0x2e, 0x32, 0x34, 0x2c, 0x31, 0x38, 0x2e, 0x32, 0x34, 0x2c, 0x30,
    0x2c, 0x30, 0x2c, 0x30, 0x2c, 0x32, 0x32, 0x2e, 0x34, 0x35, 0x2d, 0x32, 0x2e, 0x38, 0x4d, 0x32,
    0x36, 0x2e, 0x32, 0x32, 0x2c, 0x33, 0x37, 0x2e, 0x30, 0x38, 0x61, 0x31, 0x33, 0x2e, 0x37, 0x35,
    0x2c, 0x31, 0x33, 0x2e, 0x37, 0x35, 0x2c, 0x30, 0x2c, 0x31, 0x2c, 0x31, 0x2c, 0x31, 0x39, 0x2e,
    0x34, 0x35, 0x2c, 0x30, 0x2c, 0x31, 0x33, 0x2e, 0x37, 0x37, 0x2c, 0x31, 0x33, 0x2e, 0x37, 0x37,
    0x2c, 0x30, 0x2c, 0x30, 0x2c, 0x31, 0x2d, 0x31, 0x39, 0x2e, 0x34, 0x35, 0x2c, 0x30, 0x22, 0x20,
    0x73, 0x74, 0x79, 0x6c, 0x65, 0x3d, 0x22, 0x66, 0x69, 0x6c, 0x6c, 0x3a, 0x23, 0x66, 0x66, 0x66,
    0x22, 0x2f, 0x3e, 0x3c, 0x70, 0x61, 0x74, 0x68, 0x20, 0x64, 0x3d, 0x22, 0x4d, 0x34, 0x33, 0x2e,
    0x33, 0x31, 0x2c, 0x32, 0x34, 0x2e, 0x36, 0x39, 0x48, 0x33, 0x39, 0x2e, 0x31, 0x34, 0x61, 0x2e,
    0x34, 0x33, 0x2e, 0x34, 0x33, 0x2c, 0x30, 0x2c, 0x30, 0x2c, 0x31, 0x2d, 0x2e, 0x34, 0x2d, 0x2e,
    0x34, 0x34, 0x56, 0x32, 0x30, 0x2e, 0x31, 0x33, 0x61, 0x31, 0x2e, 0x34, 0x37, 0x2c, 0x31, 0x2e,
    0x34, 0x37, 0x2c, 0x30, 0x2c, 0x30, 0x2c, 0x30, 0x2d, 0x31, 0x2e, 0x34, 0x37, 0x2d, 0x31, 0x2e,
    0x34, 0x38, 0x48, 0x33, 0x34, 0x2e, 0x38, 0x32, 0x61, 0x31, 0x2e, 0x34, 0x37, 0x2c, 0x31, 0x2e,
    0x34, 0x37, 0x2c, 0x30, 0x2c, 0x30, 0x2c, 0x30, 0x2d, 0x31, 0x2e, 0x34, 0x37, 0x2c, 0x31, 0x2e,
    0x34, 0x38, 0x76, 0x34, 0x2e, 0x30, 0x39, 0x61, 0x2e, 0x34, 0x36, 0x2e, 0x34, 0x36, 0x2c, 0x30,
    0x2c, 0x30, 0x2c, 0x31, 0x2d, 0x2e, 0x34, 0x33, 0x2e, 0x34, 0x37, 0x48, 0x32, 0x38, 0x2e, 0x37,
    0x38, 0x61, 0x31, 0x2e, 0x34, 0x37, 0x2c, 0x31, 0x2e, 0x34, 0x37, 0x2c, 0x30, 0x2c, 0x30, 0x2c,
    0x30, 0x2d, 0x31, 0x2e, 0x34, 0x37, 0x2c, 0x31, 0x2e, 0x34, 0x37, 0x76, 0x32, 0x2e, 0x34, 0x35,
    0x61, 0x31, 0x2e, 0x34, 0x37, 0x2c, 0x31, 0x2e, 0x34, 0x37, 0x2c, 0x30, 0x2c, 0x30, 0x2c, 0x30,
    0x2c, 0x31, 0x2e, 0x34, 0x37, 0x2c, 0x31, 0x2e, 0x34, 0x38, 0x48, 0x33, 0x32, 0x2e, 0x39, 0x61,
    0x2e, 0x34, 0x35, 0x2e, 0x34, 0x35, 0x2c, 0x30, 0x2c, 0x30, 0x2c, 0x31, 0x2c, 0x2e, 0x34, 0x35,
    0x2e, 0x34, 0x34, 0x76, 0x34, 0x2e, 0x31, 0x32, 0x61, 0x31, 0x2e, 0x34, 0x38, 0x2c, 0x31, 0x2e,
    0x34, 0x38, 0x2c, 0x30, 0x2c, 0x30, 0x2c, 0x30, 0x2c, 0x31, 0x2e, 0x34, 0x37, 0x2c, 0x31, 0x2e,
    0x34, 0x38, 0x68, 0x32, 0x2e, 0x34, 0x35, 0x61, 0x31, 0x2e, 0x34, 0x38, 0x2c, 0x31, 0x2e, 0x34,
    0x38, 0x2c, 0x30, 0x2c, 0x30, 0x2c, 0x30, 0x2c, 0x31, 0x2e, 0x34, 0x37, 0x2d, 0x31, 0x2e, 0x34,
    0x38, 0x56, 0x33, 0x30, 0x2e, 0x35, 0x31, 0x63, 0x30, 0x2d, 0x2e, 0x34, 0x2e, 0x34, 0x36, 0x2d,
    0x2e, 0x34, 0x32, 0x2e, 0x34, 0x36, 0x2d, 0x2e, 0x34, 0x32, 0x68, 0x34, 0x2e, 0x31, 0x31, 0x61,
    0x31, 0x2e, 0x34, 0x37, 0x2c, 0x31, 0x2e, 0x34, 0x37, 0x2c, 0x30, 0x2c, 0x30, 0x2c, 0x30, 0x2c,
    0x31, 0x2e, 0x34, 0x37, 0x2d, 0x31, 0x2e, 0x34, 0x38, 0x56, 0x32, 0x36, 0x2e, 0x31, 0x36, 0x61,
    0x31, 0x2e, 0x34, 0x37, 0x2c, 0x31, 0x2e, 0x34, 0x37, 0x2c, 0x30, 0x2c, 0x30, 0x2c, 0x30, 0x2d,
    0x31, 0x2e, 0x34, 0x37, 0x2d, 0x31, 0x2e, 0x34, 0x37, 0x22, 0x20, 0x73, 0x74, 0x79, 0x6c, 0x65,
    0x3d, 0x22, 0x66, 0x69, 0x6c, 0x6c, 0x3a, 0x23, 0x66, 0x66, 0x66, 0x22, 0x2f, 0x3e, 0x3c, 0x2f,
    0x67, 0x3e, 0x3c, 0x2f, 0x67, 0x3e, 0x3c, 0x2f, 0x73, 0x76, 0x67, 0x3e,
};
static const size_t main_toolbar_zoom_in_svg_len = 4380;

static const unsigned char main_toolbar_zoom_out_svg[] = {
    0x3c, 0x73, 0x76, 0x67, 0x20, 0x78, 0x6d, 0x6c, 0x6e, 0x73, 0x3d, 0x22, 0x68, 0x74, 0x74, 0x70,
    0x3a, 0x2f, 0x2f, 0x77, 0x77, 0x77, 0x2e, 0x77, 0x33, 0x2e, 0x6f, 0x72, 0x67, 0x2f, 0x32, 0x30,
    0x30, 0x30, 0x2f, 0x73, 0x76, 0x67, 0x22, 0x20, 0x76, 0x69, 0x65, 0x77, 0x42, 0x6f, 0x78, 0x3d,
    0x22, 0x30, 0x20, 0x30, 0x20, 0x36, 0x34, 0x20, 0x36, 0x34, 0x22, 0x3e, 0x3c, 0x67, 0x20, 0x73,
    0x74, 0x79, 0x6c, 0x65, 0x3d, 0x22, 0x69, 0x73, 0x6f, 0x6c, 0x61, 0x74, 0x69, 0x6f, 0x6e, 0x3a,
    0x69, 0x73, 0x6f, 0x6c, 0x61, 0x74, 0x65, 0x22, 0x3e, 0x3c, 0x67, 0x20, 0x69, 0x64, 0x3d, 0x22,
    0x4c, 0x61, 0x79, 0x65, 0x72, 0x5f, 0x31, 0x22, 0x20, 0x64, 0x61, 0x74, 0x61, 0x2d, 0x6e, 0x61,
    0x6d, 0x65, 0x3d, 0x22, 0x4c, 0x61, 0x79, 0x65, 0x72, 0x20, 0x31, 0x22, 0x3e, 0x3c, 0x72, 0x65,
    0x63, 0x74, 0x20, 0x77, 0x69, 0x64, 0x74, 0x68, 0x3d, 0x22, 0x36, 0x34, 0x22, 0x20, 0x68, 0x65,
    0x69, 0x67, 0x68, 0x74, 0x3d, 0x22, 0x36, 0x34, 0x22, 0x20, 0x72, 0x78, 0x3d, 0x22, 0x31, 0x30,
    0x22, 0x20, 0x73, 0x74, 0x79, 0x6c, 0x65, 0x3d, 0x22, 0x66, 0x69, 0x6c, 0x6c, 0x3a, 0x23, 0x64,
    0x65, 0x36, 0x66, 0x35, 0x37, 0x22, 0x2f, 0x3e, 0x3c, 0x70, 0x61, 0x74, 0x68, 0x20, 0x64, 0x3d,
    0x22, 0x4d, 0x35, 0x34, 0x2e, 0x34, 0x34, 0x2c, 0x31, 0x38, 0x2e, 0x39, 0x31, 0x6c, 0x30, 0x2d,
    0x2e, 0x30, 0x35, 0x2c, 0x30, 0x2d, 0x2e, 0x30, 0x35, 0x2d, 0x2e, 0x30, 0x35, 0x2c, 0x30, 0x2c,
    0x30, 0x2d, 0x2e, 0x30, 0x35, 0x2d, 0x2e, 0x30, 0x35, 0x2d, 0x2e, 0x30, 0x35, 0x2c, 0x30, 0x2d,
    0x2e, 0x30, 0x35, 0x2d, 0x2e, 0x30, 0x36, 0x2c, 0x30, 0x2c, 0x30, 0x2d, 0x2e, 0x30, 0x36, 0x2c,
    0x30, 0x2c, 0x30, 0x2c, 0x30, 0x2c, 0x30, 0x2d, 0x2e, 0x30, 0x35, 0x2d, 0x2e, 0x30, 0x35, 0x2c,
    0x30, 0x2d, 0x2e, 0x30, 0x35, 0x73, 0x30, 0x2c, 0x30, 0x2d, 0x2e, 0x30, 0x35, 0x2d, 0x2e, 0x30,
    0x35, 0x6c, 0x30, 0x2d, 0x2e, 0x30, 0x35, 0x73, 0x30, 0x2c, 0x30, 0x2c, 0x30, 0x2c, 0x30, 0x6c,
    0x30, 0x2d, 0x2e, 0x30, 0x35, 0x2d, 0x2e, 0x30, 0x36, 0x2c, 0x30, 0x2c, 0x30, 0x2d, 0x2e, 0x30,
    0x36, 0x2d, 0x2e, 0x30, 0x35, 0x2c, 0x30, 0x2c, 0x30, 0x2d, 0x2e, 0x30, 0x35, 0x2d, 0x2e, 0x30,
    0x35, 0x2d, 0x2e, 0x30, 0x35, 0x73, 0x30, 0x2c, 0x30, 0x2c, 0x30, 0x2d, 0x2e, 0x30, 0x35, 0x2c,
    0x30, 0x2c, 0x30, 0x2c, 0x30, 0x2c, 0x30, 0x6c, 0x2d, 0x2e, 0x30, 0x35, 0x2d, 0x2e, 0x30, 0x35,
    0x73, 0x30, 0x2c, 0x30, 0x2c, 0x30, 0x2d, 0x2e, 0x30, 0x35, 0x6c, 0x30, 0x2d, 0x2e, 0x30, 0x35,
    0x2d, 0x2e, 0x30, 0x36, 0x2d, 0x2e, 0x30, 0x35, 0x2c, 0x30, 0x2c, 0x30, 0x2c, 0x30, 0x2c, 0x30,
    0x73, 0x30, 0x2c, 0x30, 0x2d, 0x2e, 0x30, 0x35, 0x2c, 0x30, 0x2c, 0x30, 0x2c, 0x30, 0x2c, 0x30,
    0x2d, 0x2e, 0x30, 0x35, 0x2c, 0x30, 0x2c, 0x30, 0x2d, 0x2e, 0x30, 0x35, 0x2d, 0x2e, 0x30, 0x35,
    0x2c, 0x30, 0x2c, 0x30, 0x2c, 0x30, 0x2d, 0x2e, 0x30, 0x35, 0x6c, 0x30, 0x2d, 0x2e, 0x30, 0x35,
    0x2d, 0x2e, 0x30, 0x35, 0x2c, 0x30, 0x2c, 0x30, 0x2d, 0x2e, 0x30, 0x35, 0x2d, 0x2e, 0x30, 0x36,
    0x2d, 0x2e, 0x30, 0x35, 0x2c, 0x30, 0x2d, 0x2e, 0x30, 0x35, 0x2c, 0x30, 0x2c, 0x30, 0x73, 0x30,
    0x2c, 0x30, 0x2d, 0x2e, 0x30, 0x35, 0x2d, 0x2e, 0x30, 0x35, 0x2c, 0x30, 0x2c, 0x30, 0x2c, 0x30,
    0x2d, 0x2e, 0x30, 0x35, 0x6c, 0x30, 0x2c, 0x30, 0x2d, 0x2e, 0x30, 0x35, 0x2d, 0x2e, 0x30, 0x35,
    0x2c, 0x30, 0x2d, 0x2e, 0x30, 0x35, 0x73, 0x30, 0x2c, 0x30, 0x2d, 0x2e, 0x30, 0x35, 0x2d, 0x2e,
    0x30, 0x35, 0x6c, 0x30, 0x2d, 0x2e, 0x30, 0x35, 0x2d, 0x2e, 0x30, 0x36, 0x2c, 0x30, 0x2c, 0x30,
    0x2d, 0x2e, 0x30, 0x35, 0x2d, 0x2e, 0x30, 0x35, 0x2c, 0x30, 0x2c, 0x30, 0x2d, 0x2e, 0x30, 0x35,
    0x2d, 0x2e, 0x30, 0x35, 0x2d, 0x2e, 0x30, 0x35, 0x2c, 0x30, 0x2d, 0x2e, 0x30, 0x35, 0x2c, 0x30,
    0x2d, 0x2e, 0x30, 0x35, 0x2d, 0x2e, 0x30, 0x35, 0x2c, 0x30, 0x73, 0x30, 0x2c, 0x30, 0x2c, 0x30,
    0x2d, 0x2e, 0x30, 0x35, 0x6c, 0x30, 0x2d, 0x2e, 0x30, 0x35, 0x2d, 0x2e, 0x30, 0x36, 0x2d, 0x2e,
    0x30, 0x35, 0x2c, 0x30, 0x2d, 0x2e, 0x30, 0x35, 0x2d, 0x2e, 0x30, 0x35, 0x2c, 0x30, 0x2c, 0x30,
    0x2d, 0x2e, 0x30, 0x36, 0x2c, 0x30, 0x2c, 0x30, 0x2d, 0x2e, 0x30, 0x35, 0x2d, 0x2e, 0x30, 0x35,
    0x2c, 0x30, 0x2c, 0x30, 0x2d, 0x2e, 0x30, 0x35, 0x2d, 0x2e, 0x30, 0x35, 0x73, 0x30, 0x2c, 0x30,
    0x2c, 0x30, 0x2c, 0x30, 0x6c, 0x30, 0x2d, 0x2e, 0x30, 0x35, 0x2d, 0x2e, 0x30, 0x36, 0x2d, 0x2e,
    0x30, 0x35, 0x2c, 0x30, 0x2c, 0x30, 0x2c, 0x30, 0x2c, 0x30, 0x4c, 0x35, 0x31, 0x2c, 0x31, 0x35,
    0x2e, 0x34, 0x37, 0x6c, 0x30, 0x2c, 0x30, 0x73, 0x30, 0x2c, 0x30, 0x2d, 0x2e, 0x30, 0x35, 0x2c,
    0x30, 0x6c, 0x30, 0x2d, 0x2e, 0x30, 0x35, 0x2c, 0x30, 0x2d, 0x2e, 0x30, 0x35, 0x2d, 0x2e, 0x30,
    0x35, 0x2c, 0x30, 0x2c, 0x30, 0x2d, 0x2e, 0x30, 0x35, 0x73, 0x30, 0x2c, 0x30, 0x2d, 0x2e, 0x30,
    0x35, 0x2c, 0x30, 0x6c, 0x30, 0x2d, 0x2e, 0x30, 0x35, 0x2c, 0x30, 0x2c, 0x30, 0x2c, 0x30, 0x2d,
    0x2e, 0x30, 0x36, 0x2d, 0x2e, 0x30, 0x35, 0x2c, 0x30, 0x2c, 0x30, 0x2c, 0x30, 0x2d, 0x2e, 0x30,
    0x35, 0x2d, 0x2e, 0x30, 0x35, 0x2c, 0x30, 0x2d, 0x2e, 0x30, 0x35, 0x73, 0x30, 0x2c, 0x30, 0x2c,
    0x30, 0x2c, 0x30, 0x2c, 0x30, 0x2c, 0x30, 0x2d, 0x2e, 0x30, 0x35, 0x2d, 0x2e, 0x30, 0x35, 0x2c,
    0x30, 0x2c, 0x30, 0x2c, 0x30, 0x2c, 0x30, 0x6c, 0x30, 0x2d, 0x2e, 0x30, 0x35, 0x2d, 0x2e, 0x30,
    0x35, 0x2c, 0x30, 0x2c, 0x30, 0x2d, 0x2e, 0x30, 0x36, 0x2d, 0x2e, 0x30, 0x35, 0x2c, 0x30, 0x73,
    0x30, 0x2c, 0x30, 0x2c, 0x30, 0x2c, 0x30, 0x6c, 0x30, 0x2d, 0x2e, 0x30, 0x35, 0x2d, 0x2e, 0x30,
    0x35, 0x2c, 0x30, 0x73, 0x30, 0x2c, 0x30, 0x2c, 0x30, 0x2d, 0x2e, 0x30, 0x35, 0x2c, 0x30, 0x2c,
    0x30, 0x2d, 0x2e, 0x30, 0x35, 0x2d, 0x2e, 0x30, 0x35, 0x2c, 0x30, 0x2c, 0x30, 0x2c, 0x30, 0x2c,
    0x30, 0x6c, 0x30, 0x2d, 0x2e, 0x30, 0x35, 0x2d, 0x2e, 0x30, 0x36, 0x2c, 0x30, 0x2c, 0x30, 0x2d,
    0x2e, 0x30, 0x36, 0x2c, 0x30, 0x2c, 0x30, 0x73, 0x30, 0x2c, 0x30, 0x2d, 0x2e, 0x30, 0x35, 0x2d,
    0x2e, 0x30, 0x35, 0x61, 0x31, 0x38, 0x2e, 0x35, 0x37, 0x2c, 0x31, 0x38, 0x2e, 0x35, 0x37, 0x2c,
    0x30, 0x2c, 0x30, 0x2c, 0x30, 0x2d, 0x32, 0x36, 0x2e, 0x32, 0x34, 0x2c, 0x30, 0x2c, 0x31, 0x38,
    0x2e, 0x31, 0x39, 0x2c, 0x31, 0x38, 0x2e, 0x31, 0x39, 0x2c, 0x30, 0x2c, 0x30, 0x2c, 0x30, 0x2d,
    0x32, 0x2e, 0x37, 0x39, 0x2c, 0x32, 0x32, 0x2e, 0x34, 0x2e, 0x37, 0x39, 0x2e, 0x37, 0x39, 0x2c,
    0x30, 0x2c, 0x30, 0x2c, 0x31, 0x2d, 0x2e, 0x31, 0x31, 0x2e, 0x39, 0x33, 0x6c, 0x2d, 0x39, 0x2e,
    0x34, 0x37, 0x2c, 0x39, 0x2e, 0x34, 0x37, 0x43, 0x39, 0x2c, 0x34, 0x38, 0x2e, 0x35, 0x39, 0x2c,
    0x38, 0x2e, 0x35, 0x2c, 0x35, 0x31, 0x2e, 0x32, 0x33, 0x2c, 0x31, 0x30, 0x2e, 0x31, 0x36, 0x2c,
    0x35, 0x32, 0x2e, 0x38, 0x39, 0x6c, 0x2e, 0x32, 0x39, 0x2e, 0x33, 0x68, 0x30, 0x6c, 0x2e, 0x30,
    0x39, 0x2e, 0x30, 0x39, 0x68, 0x30, 0x6c, 0x2e, 0x31, 0x2e, 0x30, 0x39, 0x68, 0x30, 0x6c, 0x2e,
    0x31, 0x2e, 0x31, 0x68, 0x30, 0x6c, 0x2e, 0x31, 0x2e, 0x31, 0x68, 0x30, 0x6c, 0x2e, 0x30, 0x39,
    0x2e, 0x31, 0x68, 0x30, 0x6c, 0x2e, 0x30, 0x39, 0x2e, 0x30, 0x39, 0x68, 0x30, 0x6c, 0x2e, 0x31,
    0x2e, 0x30, 0x39, 0x68, 0x30, 0x6c, 0x2e, 0x31, 0x2e, 0x31, 0x68, 0x30, 0x6c, 0x2e, 0x31, 0x2e,
    0x31, 0x68, 0x30, 0x6c, 0x2e, 0x30, 0x39, 0x2e, 0x31, 0x68, 0x30, 0x6c, 0x2e, 0x30, 0x39, 0x2e,
    0x30, 0x39, 0x68, 0x30, 0x6c, 0x2e, 0x30, 0x39, 0x2e, 0x30, 0x39, 0x68, 0x30, 0x6c, 0x2e, 0x31,
    0x2e, 0x31, 0x68, 0x30, 0x6c, 0x2e, 0x31, 0x2e, 0x31, 0x68, 0x30, 0x6c, 0x2e, 0x30, 0x39, 0x2e,
    0x31, 0x68, 0x30, 0x6c, 0x2e, 0x30, 0x39, 0x2e, 0x30, 0x39, 0x68, 0x30, 0x6c, 0x2e, 0x30, 0x39,
    0x2e, 0x30, 0x39, 0x68, 0x30, 0x6c, 0x2e, 0x31, 0x2e, 0x31, 0x68, 0x30, 0x6c, 0x2e, 0x31, 0x2e,
    0x31, 0x68, 0x30, 0x6c, 0x2e, 0x31, 0x2e, 0x31, 0x68, 0x30, 0x6c, 0x2e, 0x30, 0x39, 0x2e, 0x30,
    0x39, 0x68, 0x30, 0x6c, 0x2e, 0x30, 0x39, 0x2e, 0x30, 0x39, 0x68, 0x30, 0x6c, 0x2e, 0x31, 0x2e,
    0x31, 0x68, 0x30, 0x6c, 0x2e, 0x31, 0x2e, 0x31, 0x68, 0x30, 0x6c, 0x2e, 0x31, 0x2e, 0x31, 0x68,
    0x30, 0x6c, 0x2e, 0x30, 0x39, 0x2e, 0x30, 0x39, 0x68, 0x30, 0x6c, 0x2e, 0x30, 0x39, 0x2e, 0x30,
    0x39, 0x68, 0x30, 0x6c, 0x2e, 0x31, 0x2e, 0x31, 0x68, 0x30, 0x6c, 0x2e, 0x31, 0x2e, 0x31, 0x68,
    0x30, 0x6c, 0x2e, 0x31, 0x2e, 0x31, 0x68, 0x30, 0x6c, 0x2e, 0x30, 0x39, 0x2e, 0x30, 0x39, 0x68,
    0x30, 0x6c, 0x2e, 0x30, 0x39, 0x2e, 0x30, 0x39, 0x68, 0x30, 0x6c, 0x2e, 0x31, 0x2e, 0x30, 0x39,
    0x68, 0x30, 0x6c, 0x2e, 0x31, 0x2e, 0x31, 0x68, 0x30, 0x6c, 0x2e, 0x31, 0x2e, 0x31, 0x68, 0x30,
    0x6c, 0x2e, 0x30, 0x39, 0x2e, 0x30, 0x39, 0x68, 0x30, 0x6c, 0x2e, 0x30, 0x39, 0x2e, 0x30, 0x39,
    0x68, 0x30, 0x6c, 0x2e, 0x31, 0x2e, 0x30, 0x39, 0x68, 0x30, 0x6c, 0x2e, 0x31, 0x2e, 0x31, 0x68,
    0x30, 0x6c, 0x2e, 0x31, 0x2e, 0x31, 0x68, 0x30, 0x6c, 0x2e, 0x30, 0x39, 0x2e, 0x31, 0x68, 0x30,
    0x6c, 0x2e, 0x30, 0x39, 0x2e, 0x30, 0x39, 0x68, 0x30, 0x6c, 0x2e, 0x31, 0x2e, 0x31, 0x68, 0x30,
    0x6c, 0x2e, 0x31, 0x2e, 0x31, 0x68, 0x30, 0x6c, 0x2e, 0x31, 0x2e, 0x31, 0x68, 0x30, 0x6c, 0x2e,
    0x30, 0x39, 0x2e, 0x31, 0x68, 0x30, 0x6c, 0x2e, 0x30, 0x39, 0x2e, 0x30, 0x39, 0x68, 0x30, 0x6c,
    0x2e, 0x31, 0x2e, 0x31, 0x68, 0x30, 0x6c, 0x2e, 0x31, 0x2e, 0x31, 0x68, 0x30, 0x6c, 0x2e, 0x31,
    0x2e, 0x31, 0x68, 0x30, 0x6c, 0x2e, 0x30, 0x39, 0x2e, 0x31, 0x63, 0x31, 0x2e, 0x36, 0x38, 0x2c,
    0x31, 0x2e, 0x36, 0x37, 0x2c, 0x34, 0x2e, 0x33, 0x31, 0x2c, 0x31, 0x2e, 0x32, 0x32, 0x2c, 0x36,
    0x2e, 0x32, 0x2d, 0x2e, 0x36, 0x36, 0x6c, 0x39, 0x2e, 0x34, 0x35, 0x2d, 0x39, 0x2e, 0x34, 0x35,
    0x61, 0x2e, 0x38, 0x2e, 0x38, 0x2c, 0x30, 0x2c, 0x30, 0x2c, 0x31, 0x2c, 0x2e, 0x39, 0x35, 0x2d,
    0x2e, 0x31, 0x34, 0x2c, 0x31, 0x38, 0x2e, 0x31, 0x39, 0x2c, 0x31, 0x38, 0x2e, 0x31, 0x39, 0x2c,
    0x30, 0x2c, 0x30, 0x2c, 0x30, 0x2c, 0x32, 0x32, 0x2e, 0x33, 0x39, 0x2d, 0x32, 0x2e, 0x37, 0x38,
    0x41, 0x31, 0x38, 0x2e, 0x35, 0x38, 0x2c, 0x31, 0x38, 0x2e, 0x35, 0x38, 0x2c, 0x30, 0x2c, 0x30,
    0x2c, 0x30, 0x2c, 0x35, 0x34, 0x2e, 0x34, 0x34, 0x2c, 0x31, 0x38, 0x2e, 0x39, 0x31, 0x5a, 0x4d,
    0x32, 0x37, 0x2e, 0x39, 0x34, 0x2c, 0x32, 0x39, 0x2e, 0x30, 0x38, 0x61, 0x32, 0x2e, 0x30, 0x39,
    0x2c, 0x32, 0x2e, 0x30, 0x39, 0x2c, 0x30, 0x2c, 0x30, 0x2c, 0x30, 0x2c, 0x2e, 0x32, 0x34, 0x2e,
    0x32, 0x38, 0x6c, 0x2e, 0x31, 0x2e, 0x30, 0x39, 0x61, 0x2e, 0x39, 0x34, 0x2e, 0x39, 0x34, 0x2c,
    0x30, 0x2c, 0x30, 0x2c, 0x30, 0x2c, 0x2e, 0x31, 0x2e, 0x31, 0x6c, 0x2e, 0x31, 0x2e, 0x31, 0x61,
    0x2e, 0x34, 0x37, 0x2e, 0x34, 0x37, 0x2c, 0x30, 0x2c, 0x30, 0x2c, 0x30, 0x2c, 0x2e, 0x31, 0x2e,
    0x31, 0x6c, 0x2e, 0x30, 0x39, 0x2e, 0x31, 0x2e, 0x31, 0x2e, 0x30, 0x39, 0x2e, 0x31, 0x2e, 0x31,
    0x61, 0x2e, 0x39, 0x34, 0x2e, 0x39, 0x34, 0x2c, 0x30, 0x2c, 0x30, 0x2c, 0x30, 0x2c, 0x2e, 0x31,
    0x2e, 0x31, 0x2e, 0x34, 0x37, 0x2e, 0x34, 0x37, 0x2c, 0x30, 0x2c, 0x30, 0x2c, 0x30, 0x2c, 0x2e,
    0x31, 0x2e, 0x31, 0x2e, 0x39, 0x34, 0x2e, 0x39, 0x34, 0x2c, 0x30, 0x2c, 0x30, 0x2c, 0x30, 0x2c,
    0x2e, 0x31, 0x2e, 0x31, 0x6c, 0x2e, 0x30, 0x39, 0x2e, 0x30, 0x39, 0x61, 0x2e, 0x39, 0x34, 0x2e,
    0x39, 0x34, 0x2c, 0x30, 0x2c, 0x30, 0x2c, 0x30, 0x2c, 0x2e, 0x31, 0x2e, 0x31, 0x2c, 0x33, 0x39,
    0x38, 0x30, 0x36, 0x35, 0x37, 0x32, 0x39, 0x35, 0x33, 0x32, 0x38, 0x2e, 0x34, 0x37, 0x2c, 0x33,
    0x39, 0x38, 0x30, 0x36, 0x35, 0x37, 0x32, 0x39, 0x35, 0x33, 0x32, 0x38, 0x2e, 0x34, 0x37, 0x2c,
    0x30, 0x2c, 0x30, 0x2c, 0x31, 0x2c, 0x2e, 0x32, 0x2e, 0x32, 0x2e, 0x39, 0x34, 0x2e, 0x39, 0x34,
    0x2c, 0x30, 0x2c, 0x30, 0x2c, 0x30, 0x2c, 0x2e, 0x31, 0x2e, 0x31, 0x6c, 0x2e, 0x30, 0x39, 0x2e,
    0x30, 0x39, 0x2e, 0x31, 0x2e, 0x31, 0x61, 0x2e, 0x39, 0x34, 0x2e, 0x39, 0x34, 0x2c, 0x30, 0x2c,
    0x30, 0x2c, 0x30, 0x2c, 0x2e, 0x31, 0x2e, 0x31, 0x2e, 0x34, 0x37, 0x2e, 0x34, 0x37, 0x2c, 0x30,
    0x2c, 0x30, 0x2c, 0x30, 0x2c, 0x2e, 0x31, 0x2e, 0x31, 0x6c, 0x2e, 0x31, 0x2e, 0x31, 0x2e, 0x30,
    0x39, 0x2e, 0x31, 0x2e, 0x31, 0x2e, 0x30, 0x39, 0x2e, 0x31, 0x2e, 0x31, 0x61, 0x2e, 0x34, 0x37,
    0x2e, 0x34, 0x37, 0x2c, 0x30, 0x2c, 0x30, 0x2c, 0x30, 0x2c, 0x2e, 0x31, 0x2e, 0x31, 0x2e, 0x39,
    0x34, 0x2e, 0x39, 0x34, 0x2c, 0x30, 0x2c, 0x30, 0x2c, 0x30, 0x2c, 0x2e, 0x31, 0x2e, 0x31, 0x6c,
    0x2e, 0x30, 0x39, 0x2e, 0x31, 0x2e, 0x31, 0x2e, 0x30, 0x39, 0x2e, 0x31, 0x2e, 0x31, 0x61, 0x2e,
    0x34, 0x37, 0x2e, 0x34, 0x37, 0x2c, 0x30, 0x2c, 0x30, 0x2c, 0x30, 0x2c, 0x2e, 0x31, 0x2e, 0x31,
    0x2e, 0x39, 0x34, 0x2e, 0x39, 0x34, 0x2c, 0x30, 0x2c, 0x30, 0x2c, 0x30, 0x2c, 0x2e, 0x31, 0x2e,
    0x31, 0x6c, 0x2e, 0x30, 0x39, 0x2e, 0x31, 0x2e, 0x31, 0x2e, 0x30, 0x39, 0x2e, 0x31, 0x2e, 0x31,
    0x61, 0x2e, 0x34, 0x37, 0x2e, 0x34, 0x37, 0x2c, 0x30, 0x2c, 0x30, 0x2c, 0x30, 0x2c, 0x2e, 0x31,
    0x2e, 0x31, 0x6c, 0x2e, 0x31, 0x2e, 0x31, 0x2e, 0x30, 0x39, 0x2e, 0x31, 0x2e, 0x31, 0x2e, 0x30,
    0x39, 0x61, 0x2e, 0x39, 0x34, 0x2e, 0x39, 0x34, 0x2c, 0x30, 0x2c, 0x30, 0x2c, 0x30, 0x2c, 0x2e,
    0x31, 0x2e, 0x31, 0x6c, 0x2e, 0x31, 0x2e, 0x31, 0x2e, 0x31, 0x2e, 0x31, 0x2e, 0x30, 0x39, 0x2e,
    0x31, 0x2e, 0x31, 0x2e, 0x30, 0x39, 0x2e, 0x31, 0x2e, 0x31, 0x2e, 0x31, 0x2e, 0x31, 0x2e, 0x31,
    0x2e, 0x31, 0x2e, 0x30, 0x39, 0x2e, 0x31, 0x2e, 0x31, 0x2e, 0x30, 0x39, 0x2e, 0x31, 0x2e, 0x31,
    0x2e, 0x31, 0x2e, 0x31, 0x61, 0x2e, 0x34, 0x37, 0x2e, 0x34, 0x37, 0x2c, 0x30, 0x2c, 0x30, 0x2c,
    0x30, 0x2c, 0x2e, 0x31, 0x2e, 0x31, 0x2c, 0x31, 0x2e, 0x34, 0x37, 0x2c, 0x31, 0x2e, 0x34, 0x37,
    0x2c, 0x30, 0x2c, 0x30, 0x2c, 0x30, 0x2c, 0x31, 0x2e, 0x30, 0x39, 0x2e, 0x34, 0x39, 0x48, 0x34,
    0x37, 0x2e, 0x36, 0x35, 0x61, 0x31, 0x34, 0x2e, 0x34, 0x38, 0x2c, 0x31, 0x34, 0x2e, 0x34, 0x38,
    0x2c, 0x30, 0x2c, 0x30, 0x2c, 0x31, 0x2d, 0x31, 0x2e, 0x36, 0x34, 0x2c, 0x32, 0x2c, 0x31, 0x33,
    0x2e, 0x37, 0x32, 0x2c, 0x31, 0x33, 0x2e, 0x37, 0x32, 0x2c, 0x30, 0x2c, 0x30, 0x2c, 0x31, 0x2d,
    0x31, 0x36, 0x2e, 0x35, 0x35, 0x2c, 0x32, 0x2e, 0x31, 0x36, 0x41, 0x31, 0x33, 0x2e, 0x37, 0x38,
    0x2c, 0x31, 0x33, 0x2e, 0x37, 0x38, 0x2c, 0x30, 0x2c, 0x30, 0x2c, 0x31, 0x2c, 0x32, 0x37, 0x2e,
    0x39, 0x34, 0x2c, 0x32, 0x39, 0x2e, 0x30, 0x38, 0x5a, 0x6d, 0x32, 0x31, 0x2e, 0x37, 0x39, 0x2e,
    0x37, 0x35, 0x61, 0x2e, 0x33, 0x2e, 0x33, 0x2c, 0x30, 0x2c, 0x30, 0x2c, 0x30, 0x2d, 0x2e, 0x30,
    0x38, 0x2d, 0x2e, 0x30, 0x38, 0x2e, 0x34, 0x37, 0x2e, 0x34, 0x37, 0x2c, 0x30, 0x2c, 0x30, 0x2c,
    0x30, 0x2d, 0x2e, 0x31, 0x2d, 0x2e, 0x31, 0x6c, 0x2d, 0x2e, 0x30, 0x39, 0x2d, 0x2e, 0x31, 0x2d,
    0x2e, 0x31, 0x2d, 0x2e, 0x31, 0x2d, 0x2e, 0x31, 0x2d, 0x2e, 0x31, 0x2d, 0x2e, 0x31, 0x2d, 0x2e,
    0x30, 0x39, 0x61, 0x2e, 0x34, 0x37, 0x2e, 0x34, 0x37, 0x2c, 0x30, 0x2c, 0x30, 0x2c, 0x30, 0x2d,
    0x2e, 0x31, 0x2d, 0x2e, 0x31, 0x6c, 0x2d, 0x2e, 0x31, 0x2d, 0x2e, 0x31, 0x2d, 0x2e, 0x30, 0x39,
    0x2d, 0x2e, 0x31, 0x61, 0x2e, 0x34, 0x37, 0x2e, 0x34, 0x37, 0x2c, 0x30, 0x2c, 0x30, 0x2c, 0x31,
    0x2d, 0x2e, 0x31, 0x2d, 0x2e, 0x31, 0x6c, 0x2d, 0x2e, 0x31, 0x2d, 0x2e, 0x30, 0x39, 0x61, 0x39,
    0x39, 0x35, 0x31, 0x36, 0x34, 0x33, 0x32, 0x33, 0x38, 0x33, 0x33, 0x39, 0x2e, 0x34, 0x31, 0x2c,
    0x39, 0x39, 0x35, 0x31, 0x36, 0x34, 0x33, 0x32, 0x33, 0x38, 0x33, 0x33, 0x39, 0x2e, 0x34, 0x31,
    0x2c, 0x30, 0x2c, 0x30, 0x2c, 0x31, 0x2d, 0x2e, 0x32, 0x2d, 0x2e, 0x32, 0x6c, 0x2d, 0x2e, 0x30,
    0x39, 0x2d, 0x2e, 0x31, 0x2d, 0x2e, 0x31, 0x2d, 0x2e, 0x30, 0x39, 0x2d, 0x2e, 0x31, 0x2d, 0x2e,
    0x31, 0x61, 0x2e, 0x34, 0x37, 0x2e, 0x34, 0x37, 0x2c, 0x30, 0x2c, 0x30, 0x2c, 0x30, 0x2d, 0x2e,
    0x31, 0x2d, 0x2e, 0x31, 0x2e, 0x34, 0x37, 0x2e, 0x34, 0x37, 0x2c, 0x30, 0x2c, 0x30, 0x2c, 0x30,
    0x2d, 0x2e, 0x31, 0x2d, 0x2e, 0x31, 0x6c, 0x2d, 0x2e, 0x30, 0x39, 0x2d, 0x2e, 0x31, 0x61, 0x2e,
    0x39, 0x34, 0x2e, 0x39, 0x34, 0x2c, 0x30, 0x2c, 0x30, 0x2c, 0x31, 0x2d, 0x2e, 0x31, 0x2d, 0x2e,
    0x31, 0x6c, 0x2d, 0x2e, 0x31, 0x2d, 0x2e, 0x30, 0x39, 0x61, 0x39, 0x39, 0x35, 0x31, 0x36, 0x34,
    0x33, 0x32, 0x33, 0x38, 0x33, 0x30, 0x34, 0x2e, 0x36, 0x32, 0x2c, 0x39, 0x39, 0x35, 0x31, 0x36,
    0x34, 0x33, 0x32, 0x33, 0x38, 0x33, 0x30, 0x34, 0x2e, 0x36, 0x32, 0x2c, 0x30, 0x2c, 0x30, 0x2c,
    0x30, 0x2d, 0x2e, 0x32, 0x2d, 0x2e, 0x32, 0x6c, 0x2d, 0x2e, 0x30, 0x39, 0x2d, 0x2e, 0x31, 0x2d,
    0x2e, 0x31, 0x2d, 0x2e, 0x31, 0x2d, 0x2e, 0x31, 0x2d, 0x2e, 0x30, 0x39, 0x2d, 0x2e, 0x31, 0x2d,
    0x2e, 0x31, 0x61, 0x2e, 0x34, 0x37, 0x2e, 0x34, 0x37, 0x2c, 0x30, 0x2c, 0x30, 0x2c, 0x30, 0x2d,
    0x2e, 0x31, 0x2d, 0x2e, 0x31, 0x6c, 0x2d, 0x2e, 0x30, 0x39, 0x2d, 0x2e, 0x31, 0x61, 0x2e, 0x34,
    0x37, 0x2e, 0x34, 0x37, 0x2c, 0x30, 0x2c, 0x30, 0x2c, 0x31, 0x2d, 0x2e, 0x31, 0x2d, 0x2e, 0x31,
    0x6c, 0x2d, 0x2e, 0x31, 0x2d, 0x2e, 0x30, 0x39, 0x61, 0x2e, 0x34, 0x37, 0x2e, 0x34, 0x37, 0x2c,
    0x30, 0x2c, 0x30, 0x2c, 0x30, 0x2d, 0x2e, 0x31, 0x2d, 0x2e, 0x31, 0x6c, 0x2d, 0x2e, 0x31, 0x2d,
    0x2e, 0x31, 0x2d, 0x2e, 0x30, 0x39, 0x2d, 0x2e, 0x31, 0x2d, 0x2e, 0x31, 0x2d, 0x2e, 0x31, 0x2d,
    0x2e, 0x31, 0x2d, 0x2e, 0x30, 0x39, 0x2d, 0x2e, 0x31, 0x2d, 0x2e, 0x31, 0x61, 0x2e, 0x34, 0x37,
    0x2e, 0x34, 0x37, 0x2c, 0x30, 0x2c, 0x30, 0x2c, 0x30, 0x2d, 0x2e, 0x31, 0x2d, 0x2e, 0x31, 0x6c,
    0x2d, 0x2e, 0x30, 0x39, 0x2d, 0x2e, 0x31, 0x2d, 0x2e, 0x31, 0x2d, 0x2e, 0x31, 0x2d, 0x2e, 0x31,
    0x2d, 0x2e, 0x30, 0x39, 0x61, 0x2e, 0x34, 0x37, 0x2e, 0x34, 0x37, 0x2c, 0x30, 0x2c, 0x30, 0x2c,
    0x30, 0x2d, 0x2e, 0x31, 0x2d, 0x2e, 0x31, 0x6c, 0x2d, 0x2e, 0x31, 0x2d, 0x2e, 0x31, 0x2d, 0x2e,
    0x30, 0x39, 0x2d, 0x2e, 0x31, 0x61, 0x33, 0x39, 0x38, 0x30, 0x36, 0x35, 0x37, 0x32, 0x39, 0x35,
    0x33, 0x32, 0x38, 0x2e, 0x34, 0x36, 0x2c, 0x33, 0x39, 0x38, 0x30, 0x36, 0x35, 0x37, 0x32, 0x39,
    0x35, 0x33, 0x32, 0x38, 0x2e, 0x34, 0x36, 0x2c, 0x30, 0x2c, 0x30, 0x2c, 0x30, 0x2d, 0x2e, 0x32,
    0x2d, 0x2e, 0x32, 0x6c, 0x2d, 0x2e, 0x31, 0x2d, 0x2e, 0x30, 0x39, 0x2d, 0x2e, 0x31, 0x2d, 0x2e,
    0x31, 0x4c, 0x34, 0x35, 0x2c, 0x32, 0x35, 0x61, 0x2e, 0x39, 0x34, 0x2e, 0x39, 0x34, 0x2c, 0x30,
    0x2c, 0x30, 0x2c, 0x31, 0x2d, 0x2e, 0x31, 0x2d, 0x2e, 0x31, 0x6c, 0x2d, 0x2e, 0x31, 0x2d, 0x2e,
    0x31, 0x61, 0x31, 0x2e, 0x34, 0x39, 0x2c, 0x31, 0x2e, 0x34, 0x39, 0x2c, 0x30, 0x2c, 0x30, 0x2c,
    0x30, 0x2d, 0x31, 0x2e, 0x30, 0x39, 0x2d, 0x2e, 0x34, 0x38, 0x48, 0x33, 0x30, 0x61, 0x31, 0x33,
    0x2e, 0x36, 0x38, 0x2c, 0x31, 0x33, 0x2e, 0x36, 0x38, 0x2c, 0x30, 0x2c, 0x30, 0x2c, 0x31, 0x2c,
    0x31, 0x38, 0x2e, 0x32, 0x32, 0x2d, 0x34, 0x2e, 0x31, 0x39, 0x41, 0x31, 0x33, 0x2e, 0x37, 0x35,
    0x2c, 0x31, 0x33, 0x2e, 0x37, 0x35, 0x2c, 0x30, 0x2c, 0x30, 0x2c, 0x31, 0x2c, 0x34, 0x39, 0x2e,
    0x37, 0x33, 0x2c, 0x32, 0x39, 0x2e, 0x38, 0x33, 0x5a, 0x22, 0x20, 0x73, 0x74, 0x79, 0x6c, 0x65,
    0x3d, 0x22, 0x6d, 0x69, 0x78, 0x2d, 0x62, 0x6c, 0x65, 0x6e, 0x64, 0x2d, 0x6d, 0x6f, 0x64, 0x65,
    0x3a, 0x64, 0x61, 0x72, 0x6b, 0x65, 0x6e, 0x3b, 0x6f, 0x70, 0x61, 0x63, 0x69, 0x74, 0x79, 0x3a,
    0x30, 0x2e, 0x35, 0x22, 0x2f, 0x3e, 0x3c, 0x70, 0x61, 0x74, 0x68, 0x20, 0x64, 0x3d, 0x22, 0x4d,
    0x34, 0x39, 0x2e, 0x34, 0x34, 0x2c, 0x34, 0x30, 0x2e, 0x31, 0x36, 0x41, 0x31, 0x38, 0x2e, 0x35,
    0x36, 0x2c, 0x31, 0x38, 0x2e, 0x35, 0x36, 0x2c, 0x30, 0x2c, 0x31, 0x2c, 0x30, 0x2c, 0x32, 0x33,
    0x2e, 0x32, 0x2c, 0x31, 0x33, 0x2e, 0x39, 0x31, 0x61, 0x31, 0x38, 0x2e, 0x31, 0x39, 0x2c, 0x31,
    0x38, 0x2e, 0x31, 0x39, 0x2c, 0x30, 0x2c, 0x30, 0x2c, 0x30, 0x2d, 0x32, 0x2e, 0x37, 0x39, 0x2c,
    0x32, 0x32, 0x2e, 0x34, 0x2e, 0x37, 0x39, 0x2e, 0x37, 0x39, 0x2c, 0x30, 0x2c, 0x30, 0x2c, 0x31,
    0x2d, 0x2e, 0x31, 0x31, 0x2e, 0x39, 0x33, 0x6c, 0x2d, 0x39, 0x2e, 0x34, 0x37, 0x2c, 0x39, 0x2e,
    0x34, 0x37, 0x43, 0x39, 0x2c, 0x34, 0x38, 0x2e, 0x35, 0x39, 0x2c, 0x38, 0x2e, 0x35, 0x2c, 0x35,
    0x31, 0x2e, 0x32, 0x33, 0x2c, 0x31, 0x30, 0x2e, 0x31, 0x36, 0x2c, 0x35, 0x32, 0x2e, 0x38, 0x39,
    0x6c, 0x2e, 0x32, 0x39, 0x2e, 0x33, 0x63, 0x31, 0x2e, 0x36, 0x38, 0x2c, 0x31, 0x2e, 0x36, 0x37,
    0x2c, 0x34, 0x2e, 0x33, 0x31, 0x2c, 0x31, 0x2e, 0x32, 0x32, 0x2c, 0x36, 0x2e, 0x32, 0x2d, 0x2e,
    0x36, 0x36, 0x6c, 0x39, 0x2e, 0x34, 0x35, 0x2d, 0x39, 0x2e, 0x34, 0x35, 0x61, 0x2e, 0x38, 0x2e,
    0x38, 0x2c, 0x30, 0x2c, 0x30, 0x2c, 0x31, 0x2c, 0x2e, 0x39, 0x35, 0x2d, 0x2e, 0x31, 0x34, 0x2c,
    0x31, 0x38, 0x2e, 0x31, 0x39, 0x2c, 0x31, 0x38, 0x2e, 0x31, 0x39, 0x2c, 0x30, 0x2c, 0x30, 0x2c,
    0x30, 0x2c, 0x32, 0x32, 0x2e, 0x33, 0x39, 0x2d, 0x32, 0x2e, 0x37, 0x38, 0x4d, 0x32, 0x36, 0x2e,
    0x36, 0x33, 0x2c, 0x33, 0x36, 0x2e, 0x37, 0x33, 0x61, 0x31, 0x33, 0x2e, 0x37, 0x31, 0x2c, 0x31,
    0x33, 0x2e, 0x37, 0x31, 0x2c, 0x30, 0x2c, 0x31, 0x2c, 0x31, 0x2c, 0x31, 0x39, 0x2e, 0x33, 0x38,
    0x2c, 0x30, 0x2c, 0x31, 0x33, 0x2e, 0x37, 0x31, 0x2c, 0x31, 0x33, 0x2e, 0x37, 0x31, 0x2c, 0x30,
    0x2c, 0x30, 0x2c, 0x31, 0x2d, 0x31, 0x39, 0x2e, 0x33, 0x38, 0x2c, 0x30, 0x22, 0x20, 0x73, 0x74,
    0x79, 0x6c, 0x65, 0x3d, 0x22, 0x66, 0x69, 0x6c, 0x6c, 0x3a, 0x23, 0x66, 0x66, 0x66, 0x22, 0x2f,
    0x3e, 0x3c, 0x70, 0x61, 0x74, 0x68, 0x20, 0x64, 0x3d, 0x22, 0x4d, 0x34, 0x35, 0x2e, 0x31, 0x34,
    0x2c, 0x32, 0x38, 0x2e, 0x32, 0x38, 0x61, 0x31, 0x2e, 0x34, 0x37, 0x2c, 0x31, 0x2e, 0x34, 0x37,
    0x2c, 0x30, 0x2c, 0x30, 0x2c, 0x31, 0x2d, 0x31, 0x2e, 0x34, 0x38, 0x2c, 0x31, 0x2e, 0x34, 0x37,
    0x48, 0x32, 0x39, 0x2e, 0x31, 0x38, 0x61, 0x31, 0x2e, 0x34, 0x38, 0x2c, 0x31, 0x2e, 0x34, 0x38,
    0x2c, 0x30, 0x2c, 0x30, 0x2c, 0x31, 0x2d, 0x31, 0x2e, 0x34, 0x38, 0x2d, 0x31, 0x2e, 0x34, 0x37,
    0x56, 0x32, 0x35, 0x2e, 0x38, 0x33, 0x61, 0x31, 0x2e, 0x34, 0x38, 0x2c, 0x31, 0x2e, 0x34, 0x38,
    0x2c, 0x30, 0x2c, 0x30, 0x2c, 0x31, 0x2c, 0x31, 0x2e, 0x34, 0x38, 0x2d, 0x31, 0x2e, 0x34, 0x37,
    0x48, 0x34, 0x33, 0x2e, 0x36, 0x36, 0x61, 0x31, 0x2e, 0x34, 0x37, 0x2c, 0x31, 0x2e, 0x34, 0x37,
    0x2c, 0x30, 0x2c, 0x30, 0x2c, 0x31, 0x2c, 0x31, 0x2e, 0x34, 0x38, 0x2c, 0x31, 0x2e, 0x34, 0x37,
    0x5a, 0x22, 0x20, 0x73, 0x74, 0x79, 0x6c, 0x65, 0x3d, 0x22, 0x66, 0x69, 0x6c, 0x6c, 0x3a, 0x23,
    0x66, 0x66, 0x66, 0x22, 0x2f, 0x3e, 0x3c, 0x2f, 0x67, 0x3e, 0x3c, 0x2f, 0x67, 0x3e, 0x3c, 0x2f,
    0x73, 0x76, 0x67, 0x3e,
};
static const size_t main_toolbar_zoom_out_svg_len = 3428;

static const unsigned char main_toolbar_model_preview_svg[] = {
    0x3c, 0x73, 0x76, 0x67, 0x20, 0x69, 0x64, 0x3d, 0x22, 0x4c, 0x61, 0x79, 0x65, 0x72, 0x5f, 0x31,
    0x22, 0x20, 0x64, 0x61, 0x74, 0x61, 0x2d, 0x6e, 0x61, 0x6d, 0x65, 0x3d, 0x22, 0x4c, 0x61, 0x79,
    0x65, 0x72, 0x20, 0x31, 0x22, 0x20, 0x78, 0x6d, 0x6c, 0x6e, 0x73, 0x3d, 0x22, 0x68, 0x74, 0x74,
    0x70, 0x3a, 0x2f, 0x2f, 0x77, 0x77, 0x77, 0x2e, 0x77, 0x33, 0x2e, 0x6f, 0x72, 0x67, 0x2f, 0x32,
    0x30, 0x30, 0x30, 0x2f, 0x73, 0x76, 0x67, 0x22, 0x20, 0x78, 0x6d, 0x6c, 0x6e, 0x73, 0x3a, 0x78,
    0x6c, 0x69, 0x6e, 0x6b, 0x3d, 0x22, 0x68, 0x74, 0x74, 0x70, 0x3a, 0x2f, 0x2f, 0x77, 0x77, 0x77,
    0x2e, 0x77, 0x33, 0x2e, 0x6f, 0x72, 0x67, 0x2f, 0x31, 0x39, 0x39, 0x39, 0x2f, 0x78, 0x6c, 0x69,
    0x6e, 0x6b, 0x22, 0x20, 0x76, 0x69, 0x65, 0x77, 0x42, 0x6f, 0x78, 0x3d, 0x22, 0x30, 0x20, 0x30,
    0x20, 0x35, 0x33, 0x2e, 0x36, 0x37, 0x20, 0x36, 0x34, 0x2e, 0x33, 0x31, 0x22, 0x3e, 0x3c, 0x64,
    0x65, 0x66, 0x73, 0x3e, 0x3c, 0x6c, 0x69, 0x6e, 0x65, 0x61, 0x72, 0x47, 0x72, 0x61, 0x64, 0x69,
    0x65, 0x6e, 0x74, 0x20, 0x69, 0x64, 0x3d, 0x22, 0x53, 0x70, 0x65, 0x63, 0x74, 0x72, 0x75, 0x6d,
    0x5f, 0x22, 0x20, 0x78, 0x31, 0x3d, 0x22, 0x2d, 0x33, 0x35, 0x31, 0x2e, 0x33, 0x38, 0x22, 0x20,
    0x79, 0x31, 0x3d, 0x22, 0x34, 0x30, 0x2e, 0x37, 0x38, 0x22, 0x20, 0x78, 0x32, 0x3d, 0x22, 0x33,
    0x32, 0x39, 0x2e, 0x36, 0x32, 0x22, 0x20, 0x79, 0x32, 0x3d, 0x22, 0x34, 0x30, 0x2e, 0x37, 0x38,
    0x22, 0x20, 0x67, 0x72, 0x61, 0x64, 0x69, 0x65, 0x6e, 0x74, 0x55, 0x6e, 0x69, 0x74, 0x73, 0x3d,
    0x22, 0x75, 0x73, 0x65, 0x72, 0x53, 0x70, 0x61, 0x63, 0x65, 0x4f, 0x6e, 0x55, 0x73, 0x65, 0x22,
    0x3e, 0x3c, 0x73, 0x74, 0x6f, 0x70, 0x20, 0x6f, 0x66, 0x66, 0x73, 0x65, 0x74, 0x3d, 0x22, 0x30,
    0x22, 0x20, 0x73, 0x74, 0x6f, 0x70, 0x2d, 0x63, 0x6f, 0x6c, 0x6f, 0x72, 0x3d, 0x22, 0x23, 0x30,
    0x30, 0x61, 0x38, 0x64, 0x65, 0x22, 0x2f, 0x3e, 0x3c, 0x73, 0x74, 0x6f, 0x70, 0x20, 0x6f, 0x66,
    0x66, 0x73, 0x65, 0x74, 0x3d, 0x22, 0x30, 0x2e, 0x32, 0x22, 0x20, 0x73, 0x74, 0x6f, 0x70, 0x2d,
    0x63, 0x6f, 0x6c, 0x6f, 0x72, 0x3d, 0x22, 0x23, 0x33, 0x33, 0x33, 0x33, 0x39, 0x31, 0x22, 0x2f,
    0x3e, 0x3c, 0x73, 0x74, 0x6f, 0x70, 0x20, 0x6f, 0x66, 0x66, 0x73, 0x65, 0x74, 0x3d, 0x22, 0x30,
    0x2e, 0x34, 0x22, 0x20, 0x73, 0x74, 0x6f, 0x70, 0x2d, 0x63, 0x6f, 0x6c, 0x6f, 0x72, 0x3d, 0x22,
    0x23, 0x65, 0x39, 0x31, 0x33, 0x38, 0x38, 0x22, 0x2f, 0x3e, 0x3c, 0x73, 0x74, 0x6f, 0x70, 0x20,
    0x6f, 0x66, 0x66, 0x73, 0x65, 0x74, 0x3d, 0x22, 0x30, 0x2e, 0x36, 0x22, 0x20, 0x73, 0x74, 0x6f,
    0x70, 0x2d, 0x63, 0x6f, 0x6c, 0x6f, 0x72, 0x3d, 0x22, 0x23, 0x65, 0x62, 0x32, 0x64, 0x32, 0x65,
    0x22, 0x2f, 0x3e, 0x3c, 0x73, 0x74, 0x6f, 0x70, 0x20, 0x6f, 0x66, 0x66, 0x73, 0x65, 0x74, 0x3d,
    0x22, 0x30, 0x2e, 0x38, 0x22, 0x20, 0x73, 0x74, 0x6f, 0x70, 0x2d, 0x63, 0x6f, 0x6c, 0x6f, 0x72,
    0x3d, 0x22, 0x23, 0x66, 0x64, 0x65, 0x39, 0x32, 0x62, 0x22, 0x2f, 0x3e, 0x3c, 0x73, 0x74, 0x6f,
    0x70, 0x20, 0x6f, 0x66, 0x66, 0x73, 0x65, 0x74, 0x3d, 0x22, 0x31, 0x22, 0x20, 0x73, 0x74, 0x6f,
    0x70, 0x2d, 0x63, 0x6f, 0x6c, 0x6f, 0x72, 0x3d, 0x22, 0x23, 0x30, 0x30, 0x39, 0x65, 0x35, 0x34,
    0x22, 0x2f, 0x3e, 0x3c, 0x2f, 0x6c, 0x69, 0x6e, 0x65, 0x61, 0x72, 0x47, 0x72, 0x61, 0x64, 0x69,
    0x65, 0x6e, 0x74, 0x3e, 0x3c, 0x6c, 0x69, 0x6e, 0x65, 0x61, 0x72, 0x47, 0x72, 0x61, 0x64, 0x69,
    0x65, 0x6e, 0x74, 0x20, 0x69, 0x64, 0x3d, 0x22, 0x53, 0x70, 0x65, 0x63, 0x74, 0x72, 0x75, 0x6d,
    0x5f, 0x32, 0x22, 0x20, 0x78, 0x31, 0x3d, 0x22, 0x2d, 0x33, 0x35, 0x31, 0x2e, 0x33, 0x39, 0x22,
    0x20, 0x79, 0x31, 0x3d, 0x22, 0x33, 0x31, 0x2e, 0x31, 0x38, 0x22, 0x20, 0x78, 0x32, 0x3d, 0x22,
    0x33, 0x32, 0x39, 0x2e, 0x36, 0x33, 0x22, 0x20, 0x79, 0x32, 0x3d, 0x22, 0x33, 0x31, 0x2e, 0x31,
    0x38, 0x22, 0x20, 0x78, 0x6c, 0x69, 0x6e, 0x6b, 0x3a, 0x68, 0x72, 0x65, 0x66, 0x3d, 0x22, 0x23,
    0x53, 0x70, 0x65, 0x63, 0x74, 0x72, 0x75, 0x6d, 0x5f, 0x22, 0x2f, 0x3e, 0x3c, 0x2f, 0x64, 0x65,
    0x66, 0x73, 0x3e, 0x3c, 0x70, 0x61, 0x74, 0x68, 0x20, 0x64, 0x3d, 0x22, 0x4d, 0x35, 0x33, 0x2e,
    0x35, 0x34, 0x2c, 0x36, 0x31, 0x2e, 0x38, 0x39, 0x2c, 0x32, 0x39, 0x2e, 0x34, 0x34, 0x2c, 0x32,
    0x2e, 0x39, 0x34, 0x61, 0x31, 0x2e, 0x34, 0x39, 0x2c, 0x31, 0x2e, 0x34, 0x39, 0x2c, 0x30, 0x2c,
    0x30, 0x2c, 0x30, 0x2d, 0x2e, 0x33, 0x31, 0x2d, 0x2e, 0x34, 0x36, 0x6c, 0x30, 0x2c, 0x30, 0x61,
    0x2e, 0x30, 0x38, 0x2e, 0x30, 0x38, 0x2c, 0x30, 0x2c, 0x30, 0x2c, 0x31, 0x2c, 0x30, 0x2c, 0x30,
    0x6c, 0x30, 0x2c, 0x30, 0x73, 0x30, 0x2c, 0x30, 0x2c, 0x30, 0x2c, 0x30, 0x61, 0x2e, 0x30, 0x38,
    0x2e, 0x30, 0x38, 0x2c, 0x30, 0x2c, 0x30, 0x2c, 0x30, 0x2c, 0x30, 0x2c, 0x30, 0x6c, 0x30, 0x2c,
    0x30, 0x2c, 0x30, 0x2c, 0x30, 0x2c, 0x30, 0x2c, 0x30, 0x73, 0x30, 0x2c, 0x30, 0x2c, 0x30, 0x2c,
    0x30, 0x2c, 0x30, 0x2c, 0x30, 0x2c, 0x30, 0x2c, 0x30, 0x2c, 0x30, 0x2c, 0x30, 0x2c, 0x30, 0x2c,
    0x30, 0x6c, 0x30, 0x2c, 0x30, 0x61, 0x2e, 0x30, 0x38, 0x2e, 0x30, 0x38, 0x2c, 0x30, 0x2c, 0x30,
    0x2c, 0x31, 0x2c, 0x30, 0x2c, 0x30, 0x6c, 0x30, 0x2c, 0x30, 0x2c, 0x30, 0x2c, 0x30, 0x73, 0x30,
    0x2c, 0x30, 0x2c, 0x30, 0x2c, 0x30, 0x2c, 0x30, 0x2c, 0x30, 0x2c, 0x30, 0x2c, 0x30, 0x6c, 0x30,
    0x2c, 0x30, 0x2c, 0x30, 0x2c, 0x30, 0x2c, 0x30, 0x2c, 0x30, 0x2c, 0x30, 0x2c, 0x30, 0x73, 0x30,
    0x2c, 0x30, 0x2c, 0x30, 0x2c, 0x30, 0x6c, 0x30, 0x2c, 0x30, 0x61, 0x2e, 0x30, 0x38, 0x2e, 0x30,
    0x38, 0x2c, 0x30, 0x2c, 0x30, 0x2c, 0x31, 0x2c, 0x30, 0x2c, 0x30, 0x6c, 0x30, 0x2c, 0x30, 0x73,
    0x30, 0x2c, 0x30, 0x2c, 0x30, 0x2c, 0x30, 0x6c, 0x30, 0x2c, 0x30, 0x2c, 0x30, 0x2c, 0x30, 0x2c,
    0x30, 0x2c, 0x30, 0x2c, 0x30, 0x2c, 0x30, 0x2c, 0x30, 0x2c, 0x30, 0x73, 0x30, 0x2c, 0x30, 0x2c,
    0x30, 0x2c, 0x30, 0x61, 0x2e, 0x30, 0x38, 0x2e, 0x30, 0x38, 0x2c, 0x30, 0x2c, 0x30, 0x2c, 0x30,
    0x2c, 0x30, 0x2c, 0x30, 0x6c, 0x30, 0x2c, 0x30, 0x61, 0x2e, 0x30, 0x38, 0x2e, 0x30, 0x38, 0x2c,
    0x30, 0x2c, 0x30, 0x2c, 0x31, 0x2c, 0x30, 0x2c, 0x30, 0x2c, 0x2e, 0x30, 0x38, 0x2e, 0x30, 0x38,
    0x2c, 0x30, 0x2c, 0x30, 0x2c, 0x31, 0x2c, 0x30, 0x2c, 0x30, 0x6c, 0x30, 0x2c, 0x30, 0x73, 0x30,
    0x2c, 0x30, 0x2c, 0x30, 0x2c, 0x30, 0x2c, 0x30, 0x2c, 0x30, 0x2c, 0x30, 0x2c, 0x30, 0x6c, 0x30,
    0x2c, 0x30, 0x61, 0x2e, 0x30, 0x38, 0x2e, 0x30, 0x38, 0x2c, 0x30, 0x2c, 0x30, 0x2c, 0x31, 0x2c,
    0x30, 0x2c, 0x30, 0x6c, 0x30, 0x2c, 0x30, 0x2c, 0x30, 0x2c, 0x30, 0x61, 0x2e, 0x30, 0x38, 0x2e,
    0x30, 0x38, 0x2c, 0x30, 0x2c, 0x30, 0x2c, 0x30, 0x2c, 0x30, 0x2c, 0x30, 0x73, 0x30, 0x2c, 0x30,
    0x2c, 0x30, 0x2c, 0x30, 0x6c, 0x30, 0x2c, 0x30, 0x2c, 0x30, 0x2c, 0x30, 0x2c, 0x30, 0x2c, 0x30,
    0x2c, 0x30, 0x2c, 0x30, 0x2c, 0x30, 0x2c, 0x30, 0x61, 0x31, 0x2e, 0x38, 0x36, 0x2c, 0x31, 0x2e,
    0x38, 0x36, 0x2c, 0x30, 0x2c, 0x30, 0x2c, 0x30, 0x2d, 0x33, 0x2c, 0x2e, 0x34, 0x32, 0x4c, 0x2e,
    0x31, 0x33, 0x2c, 0x36, 0x30, 0x41, 0x31, 0x2e, 0x37, 0x35, 0x2c, 0x31, 0x2e, 0x37, 0x35, 0x2c,
    0x30, 0x2c, 0x30, 0x2c, 0x30, 0x2c, 0x2e, 0x33, 0x2c, 0x36, 0x31, 0x2e, 0x35, 0x39, 0x61, 0x31,
    0x2e, 0x33, 0x34, 0x2c, 0x31, 0x2e, 0x33, 0x34, 0x2c, 0x30, 0x2c, 0x30, 0x2c, 0x30, 0x2c, 0x2e,
    0x33, 0x2e, 0x33, 0x33, 0x6c, 0x30, 0x2c, 0x30, 0x2c, 0x30, 0x2c, 0x30, 0x2c, 0x30, 0x2c, 0x30,
    0x61, 0x2e, 0x30, 0x38, 0x2e, 0x30, 0x38, 0x2c, 0x30, 0x2c, 0x30, 0x2c, 0x30, 0x2c, 0x30, 0x2c,
    0x30, 0x6c, 0x30, 0x2c, 0x30, 0x73, 0x30, 0x2c, 0x30, 0x2c, 0x30, 0x2c, 0x30, 0x2c, 0x30, 0x2c,
    0x30, 0x2c, 0x30, 0x2c, 0x30, 0x6c, 0x30, 0x2c, 0x30, 0x2c, 0x30, 0x2c, 0x30, 0x2c, 0x30, 0x2c,
    0x30, 0x2c, 0x30, 0x2c, 0x30, 0x2c, 0x30, 0x2c, 0x30, 0x2c, 0x30, 0x2c, 0x30, 0x73, 0x30, 0x2c,
    0x30, 0x2c, 0x30, 0x2c, 0x30, 0x6c, 0x30, 0x2c, 0x30, 0x2c, 0x30, 0x2c, 0x30, 0x2c, 0x30, 0x2c,
    0x30, 0x73, 0x30, 0x2c, 0x30, 0x2c, 0x30, 0x2c, 0x30, 0x6c, 0x30, 0x2c, 0x30, 0x2c, 0x30, 0x2c,
    0x30, 0x2c, 0x30, 0x2c, 0x30, 0x2c, 0x30, 0x2c, 0x30, 0x2c, 0x30, 0x2c, 0x30, 0x2c, 0x30, 0x2c,
    0x30, 0x2c, 0x30, 0x2c, 0x30, 0x2c, 0x30, 0x2c, 0x30, 0x2c, 0x30, 0x2c, 0x30, 0x2c, 0x30, 0x2c,
    0x30, 0x2c, 0x30, 0x2c, 0x30, 0x2c, 0x30, 0x2c, 0x30, 0x2c, 0x30, 0x2c, 0x30, 0x2c, 0x30, 0x2c,
    0x30, 0x2c, 0x30, 0x2c, 0x30, 0x73, 0x30, 0x2c, 0x30, 0x2c, 0x30, 0x2c, 0x30, 0x6c, 0x30, 0x2c,
    0x30, 0x2c, 0x30, 0x2c, 0x30, 0x2c, 0x30, 0x2c, 0x30, 0x2c, 0x30, 0x2c, 0x30, 0x2c, 0x30, 0x2c,
    0x30, 0x2c, 0x30, 0x2c, 0x30, 0x2c, 0x30, 0x2c, 0x30, 0x2c, 0x30, 0x2c, 0x30, 0x2c, 0x30, 0x2c,
    0x30, 0x2c, 0x30, 0x2c, 0x30, 0x73, 0x30, 0x2c, 0x30, 0x2c, 0x30, 0x2c, 0x30, 0x6c, 0x30, 0x2c,
    0x30, 0x2c, 0x30, 0x2c, 0x30, 0x2c, 0x30, 0x2c, 0x30, 0x2c, 0x30, 0x2c, 0x30, 0x2c, 0x30, 0x2c,
    0x30, 0x61, 0x31, 0x2e, 0x37, 0x37, 0x2c, 0x31, 0x2e, 0x37, 0x37, 0x2c, 0x30, 0x2c, 0x30, 0x2c,
    0x30, 0x2c, 0x31, 0x2e, 0x32, 0x31, 0x2e, 0x34, 0x38, 0x68, 0x34, 0x38, 0x2e, 0x32, 0x61, 0x31,
    0x2e, 0x37, 0x36, 0x2c, 0x31, 0x2e, 0x37, 0x36, 0x2c, 0x30, 0x2c, 0x30, 0x2c, 0x30, 0x2c, 0x31,
    0x2e, 0x36, 0x33, 0x2d, 0x32, 0x2e, 0x34, 0x32, 0x5a, 0x22, 0x20, 0x73, 0x74, 0x79, 0x6c, 0x65,
    0x3d, 0x22, 0x66, 0x69, 0x6c, 0x6c, 0x3a, 0x23, 0x35, 0x38, 0x35, 0x39, 0x35, 0x62, 0x22, 0x2f,
    0x3e, 0x3c, 0x70, 0x61, 0x74, 0x68, 0x20, 0x64, 0x3d, 0x22, 0x4d, 0x31, 0x37, 0x2e, 0x34, 0x39,
    0x2c, 0x33, 0x31, 0x2e, 0x36, 0x39, 0x61, 0x31, 0x32, 0x2e, 0x36, 0x2c, 0x31, 0x32, 0x2e, 0x36,
    0x2c, 0x30, 0x2c, 0x30, 0x2c, 0x30, 0x2d, 0x31, 0x2e, 0x39, 0x33, 0x2c, 0x31, 0x35, 0x2e, 0x35,
    0x32, 0x2e, 0x35, 0x33, 0x2e, 0x35, 0x33, 0x2c, 0x30, 0x2c, 0x30, 0x2c, 0x31, 0x2d, 0x2e, 0x30,
    0x37, 0x2e, 0x36, 0x34, 0x4c, 0x38, 0x2e, 0x39, 0x33, 0x2c, 0x35, 0x34, 0x2e, 0x34, 0x31, 0x63,
    0x2d, 0x31, 0x2e, 0x33, 0x31, 0x2c, 0x31, 0x2e, 0x33, 0x2d, 0x31, 0x2e, 0x36, 0x31, 0x2c, 0x33,
    0x2e, 0x31, 0x33, 0x2d, 0x2e, 0x34, 0x37, 0x2c, 0x34, 0x2e, 0x32, 0x39, 0x6c, 0x2e, 0x32, 0x31,
    0x2e, 0x32, 0x63, 0x31, 0x2e, 0x31, 0x35, 0x2c, 0x31, 0x2e, 0x31, 0x36, 0x2c, 0x33, 0x2c, 0x2e,
    0x38, 0x34, 0x2c, 0x34, 0x2e, 0x32, 0x38, 0x2d, 0x2e, 0x34, 0x36, 0x6c, 0x36, 0x2e, 0x35, 0x35,
    0x2d, 0x36, 0x2e, 0x35, 0x35, 0x61, 0x2e, 0x35, 0x36, 0x2e, 0x35, 0x36, 0x2c, 0x30, 0x2c, 0x30,
    0x2c, 0x31, 0x2c, 0x2e, 0x36, 0x37, 0x2d, 0x2e, 0x30, 0x38, 0x2c, 0x31, 0x32, 0x2e, 0x36, 0x31,
    0x2c, 0x31, 0x32, 0x2e, 0x36, 0x31, 0x2c, 0x30, 0x2c, 0x30, 0x2c, 0x30, 0x2c, 0x31, 0x35, 0x2e,
    0x35, 0x31, 0x2d, 0x31, 0x2e, 0x39, 0x34, 0x41, 0x31, 0x32, 0x2e, 0x38, 0x36, 0x2c, 0x31, 0x32,
    0x2e, 0x38, 0x36, 0x2c, 0x30, 0x2c, 0x31, 0x2c, 0x30, 0x2c, 0x31, 0x37, 0x2e, 0x34, 0x39, 0x2c,
    0x33, 0x31, 0x2e, 0x36, 0x39, 0x5a, 0x4d, 0x33, 0x33, 0x2e, 0x33, 0x31, 0x2c, 0x34, 0x37, 0x2e,
    0x35, 0x61, 0x39, 0x2e, 0x35, 0x2c, 0x39, 0x2e, 0x35, 0x2c, 0x30, 0x2c, 0x31, 0x2c, 0x31, 0x2c,
    0x30, 0x2d, 0x31, 0x33, 0x2e, 0x34, 0x34, 0x41, 0x39, 0x2e, 0x35, 0x32, 0x2c, 0x39, 0x2e, 0x35,
    0x32, 0x2c, 0x30, 0x2c, 0x30, 0x2c, 0x31, 0x2c, 0x33, 0x33, 0x2e, 0x33, 0x31, 0x2c, 0x34, 0x37,
    0x2e, 0x35, 0x5a, 0x22, 0x20, 0x73, 0x74, 0x79, 0x6c, 0x65, 0x3d, 0x22, 0x66, 0x69, 0x6c, 0x6c,
    0x3a, 0x23, 0x66, 0x66, 0x66, 0x22, 0x2f, 0x3e, 0x3c, 0x70, 0x61, 0x74, 0x68, 0x20, 0x64, 0x3d,
    0x22, 0x4d, 0x31, 0x39, 0x2e, 0x38, 0x37, 0x2c, 0x33, 0x34, 0x2e, 0x30, 0x36, 0x61, 0x39, 0x2e,
    0x35, 0x2c, 0x39, 0x2e, 0x35, 0x2c, 0x30, 0x2c, 0x31, 0x2c, 0x30, 0x2c, 0x31, 0x33, 0x2e, 0x34,
    0x34, 0x2c, 0x30, 0x41, 0x39, 0x2e, 0x35, 0x31, 0x2c, 0x39, 0x2e, 0x35, 0x31, 0x2c, 0x30, 0x2c,
    0x30, 0x2c, 0x30, 0x2c, 0x31, 0x39, 0x2e, 0x38, 0x37, 0x2c, 0x33, 0x34, 0x2e, 0x30, 0x36, 0x5a,
    0x22, 0x20, 0x73, 0x74, 0x79, 0x6c, 0x65, 0x3d, 0x22, 0x66, 0x69, 0x6c, 0x6c, 0x3a, 0x75, 0x72,
    0x6c, 0x28, 0x23, 0x53, 0x70, 0x65, 0x63, 0x74, 0x72, 0x75, 0x6d, 0x5f, 0x29, 0x22, 0x2f, 0x3e,
    0x3c, 0x70, 0x61, 0x74, 0x68, 0x20, 0x64, 0x3d, 0x22, 0x4d, 0x32, 0x37, 0x2e, 0x34, 0x39, 0x2c,
    0x31, 0x61, 0x31, 0x2e, 0x38, 0x34, 0x2c, 0x31, 0x2e, 0x38, 0x34, 0x2c, 0x30, 0x2c, 0x30, 0x2c,
    0x30, 0x2d, 0x33, 0x2e, 0x32, 0x36, 0x2c, 0x30, 0x4c, 0x2e, 0x31, 0x33, 0x2c, 0x36, 0x30, 0x61,
    0x31, 0x2e, 0x37, 0x35, 0x2c, 0x31, 0x2e, 0x37, 0x35, 0x2c, 0x30, 0x2c, 0x30, 0x2c, 0x30, 0x2c,
    0x31, 0x2e, 0x36, 0x33, 0x2c, 0x32, 0x2e, 0x34, 0x31, 0x48, 0x35, 0x30, 0x41, 0x31, 0x2e, 0x37,
    0x35, 0x2c, 0x31, 0x2e, 0x37, 0x35, 0x2c, 0x30, 0x2c, 0x30, 0x2c, 0x30, 0x2c, 0x35, 0x31, 0x2e,
    0x35, 0x39, 0x2c, 0x36, 0x30, 0x5a, 0x6d, 0x38, 0x2e, 0x31, 0x39, 0x2c, 0x34, 0x38, 0x2e, 0x38,
    0x38, 0x61, 0x31, 0x32, 0x2e, 0x36, 0x31, 0x2c, 0x31, 0x32, 0x2e, 0x36, 0x31, 0x2c, 0x30, 0x2c,
    0x30, 0x2c, 0x31, 0x2d, 0x31, 0x35, 0x2e, 0x35, 0x31, 0x2c, 0x31, 0x2e, 0x39, 0x34, 0x2e, 0x35,
    0x36, 0x2e, 0x35, 0x36, 0x2c, 0x30, 0x2c, 0x30, 0x2c, 0x30, 0x2d, 0x2e, 0x36, 0x37, 0x2e, 0x30,
    0x38, 0x4c, 0x31, 0x33, 0x2c, 0x35, 0x38, 0x2e, 0x34, 0x34, 0x63, 0x2d, 0x31, 0x2e, 0x33, 0x2c,
    0x31, 0x2e, 0x33, 0x2d, 0x33, 0x2e, 0x31, 0x33, 0x2c, 0x31, 0x2e, 0x36, 0x32, 0x2d, 0x34, 0x2e,
    0x32, 0x38, 0x2e, 0x34, 0x36, 0x6c, 0x2d, 0x2e, 0x32, 0x31, 0x2d, 0x2e, 0x32, 0x63, 0x2d, 0x31,
    0x2e, 0x31, 0x34, 0x2d, 0x31, 0x2e, 0x31, 0x36, 0x2d, 0x2e, 0x38, 0x34, 0x2d, 0x33, 0x2c, 0x2e,
    0x34, 0x37, 0x2d, 0x34, 0x2e, 0x32, 0x39, 0x6c, 0x36, 0x2e, 0x35, 0x36, 0x2d, 0x36, 0x2e, 0x35,
    0x36, 0x61, 0x2e, 0x35, 0x33, 0x2e, 0x35, 0x33, 0x2c, 0x30, 0x2c, 0x30, 0x2c, 0x30, 0x2c, 0x2e,
    0x30, 0x37, 0x2d, 0x2e, 0x36, 0x34, 0x2c, 0x31, 0x32, 0x2e, 0x36, 0x2c, 0x31, 0x32, 0x2e, 0x36,
    0x2c, 0x30, 0x2c, 0x30, 0x2c, 0x31, 0x2c, 0x31, 0x2e, 0x39, 0x33, 0x2d, 0x31, 0x35, 0x2e, 0x35,
    0x32, 0x41, 0x31, 0x32, 0x2e, 0x38, 0x36, 0x2c, 0x31, 0x32, 0x2e, 0x38, 0x36, 0x2c, 0x30, 0x2c,
    0x31, 0x2c, 0x31, 0x2c, 0x33, 0x35, 0x2e, 0x36, 0x38, 0x2c, 0x34, 0x39, 0x2e, 0x38, 0x37, 0x5a,
    0x22, 0x20, 0x73, 0x74, 0x79, 0x6c, 0x65, 0x3d, 0x22, 0x66, 0x69, 0x6c, 0x6c, 0x3a, 0x75, 0x72,
    0x6c, 0x28, 0x23, 0x53, 0x70, 0x65, 0x63, 0x74, 0x72, 0x75, 0x6d, 0x5f, 0x32, 0x29, 0x22, 0x2f,
    0x3e, 0x3c, 0x2f, 0x73, 0x76, 0x67, 0x3e,
};
static const size_t main_toolbar_model_preview_svg_len = 2215;

static const unsigned char main_toolbar_house_preview_svg[] = {
    0x3c, 0x73, 0x76, 0x67, 0x20, 0x69, 0x64, 0x3d, 0x22, 0x4c, 0x61, 0x79, 0x65, 0x72, 0x5f, 0x31,
    0x22, 0x20, 0x64, 0x61, 0x74, 0x61, 0x2d, 0x6e, 0x61, 0x6d, 0x65, 0x3d, 0x22, 0x4c, 0x61, 0x79,
    0x65, 0x72, 0x20, 0x31, 0x22, 0x20, 0x78, 0x6d, 0x6c, 0x6e, 0x73, 0x3d, 0x22, 0x68, 0x74, 0x74,
    0x70, 0x3a, 0x2f, 0x2f, 0x77, 0x77, 0x77, 0x2e, 0x77, 0x33, 0x2e, 0x6f, 0x72, 0x67, 0x2f, 0x32,
    0x30, 0x30, 0x30, 0x2f, 0x73, 0x76, 0x67, 0x22, 0x20, 0x78, 0x6d, 0x6c, 0x6e, 0x73, 0x3a, 0x78,
    0x6c, 0x69, 0x6e, 0x6b, 0x3d, 0x22, 0x68, 0x74, 0x74, 0x70, 0x3a, 0x2f, 0x2f, 0x77, 0x77, 0x77,
    0x2e, 0x77, 0x33, 0x2e, 0x6f, 0x72, 0x67, 0x2f, 0x31, 0x39, 0x39, 0x39, 0x2f, 0x78, 0x6c, 0x69,
    0x6e, 0x6b, 0x22, 0x20, 0x76, 0x69, 0x65, 0x77, 0x42, 0x6f, 0x78, 0x3d, 0x22, 0x30, 0x20, 0x30,
    0x20, 0x36, 0x34, 0x2e, 0x30, 0x38, 0x20, 0x36, 0x34, 0x2e, 0x31, 0x31, 0x22, 0x3e, 0x3c, 0x64,
    0x65, 0x66, 0x73, 0x3e, 0x3c, 0x6c, 0x69, 0x6e, 0x65, 0x61, 0x72, 0x47, 0x72, 0x61, 0x64, 0x69,
    0x65, 0x6e, 0x74, 0x20, 0x69, 0x64, 0x3d, 0x22, 0x53, 0x70, 0x65, 0x63, 0x74, 0x72, 0x75, 0x6d,
    0x5f, 0x22, 0x20, 0x78, 0x31, 0x3d, 0x22, 0x2d, 0x34, 0x33, 0x36, 0x2e, 0x34, 0x33, 0x22, 0x20,
    0x79, 0x31, 0x3d, 0x22, 0x34, 0x30, 0x2e, 0x36, 0x37, 0x22, 0x20, 0x78, 0x32, 0x3d, 0x22, 0x32,
    0x34, 0x34, 0x2e, 0x35, 0x38, 0x22, 0x20, 0x79, 0x32, 0x3d, 0x22, 0x34, 0x30, 0x2e, 0x36, 0x37,
    0x22, 0x20, 0x67, 0x72, 0x61, 0x64, 0x69, 0x65, 0x6e, 0x74, 0x55, 0x6e, 0x69, 0x74, 0x73, 0x3d,
    0x22, 0x75, 0x73, 0x65, 0x72, 0x53, 0x70, 0x61, 0x63, 0x65, 0x4f, 0x6e, 0x55, 0x73, 0x65, 0x22,
    0x3e, 0x3c, 0x73, 0x74, 0x6f, 0x70, 0x20, 0x6f, 0x66, 0x66, 0x73, 0x65, 0x74, 0x3d, 0x22, 0x30,
    0x22, 0x20, 0x73, 0x74, 0x6f, 0x70, 0x2d, 0x63, 0x6f, 0x6c, 0x6f, 0x72, 0x3d, 0x22, 0x23, 0x30,
    0x30, 0x61, 0x38, 0x64, 0x65, 0x22, 0x2f, 0x3e, 0x3c, 0x73, 0x74, 0x6f, 0x70, 0x20, 0x6f, 0x66,
    0x66, 0x73, 0x65, 0x74, 0x3d, 0x22, 0x30, 0x2e, 0x32, 0x22, 0x20, 0x73, 0x74, 0x6f, 0x70, 0x2d,
    0x63, 0x6f, 0x6c, 0x6f, 0x72, 0x3d, 0x22, 0x23, 0x33, 0x33, 0x33, 0x33, 0x39, 0x31, 0x22, 0x2f,
    0x3e, 0x3c, 0x73, 0x74, 0x6f, 0x70, 0x20, 0x6f, 0x66, 0x66, 0x73, 0x65, 0x74, 0x3d, 0x22, 0x30,
    0x2e, 0x34, 0x22, 0x20, 0x73, 0x74, 0x6f, 0x70, 0x2d, 0x63, 0x6f, 0x6c, 0x6f, 0x72, 0x3d, 0x22,
    0x23, 0x65, 0x39, 0x31, 0x33, 0x38, 0x38, 0x22, 0x2f, 0x3e, 0x3c, 0x73, 0x74, 0x6f, 0x70, 0x20,
    0x6f, 0x66, 0x66, 0x73, 0x65, 0x74, 0x3d, 0x22, 0x30, 0x2e, 0x36, 0x22, 0x20, 0x73, 0x74, 0x6f,
    0x70, 0x2d, 0x63, 0x6f, 0x6c, 0x6f, 0x72, 0x3d, 0x22, 0x23, 0x65, 0x62, 0x32, 0x64, 0x32, 0x65,
    0x22, 0x2f, 0x3e, 0x3c, 0x73, 0x74, 0x6f, 0x70, 0x20, 0x6f, 0x66, 0x66, 0x73, 0x65, 0x74, 0x3d,
    0x22, 0x30, 0x2e, 0x38, 0x22, 0x20, 0x73, 0x74, 0x6f, 0x70, 0x2d, 0x63, 0x6f, 0x6c, 0x6f, 0x72,
    0x3d, 0x22, 0x23, 0x66, 0x64, 0x65, 0x39, 0x32, 0x62, 0x22, 0x2f, 0x3e, 0x3c, 0x73, 0x74, 0x6f,
    0x70, 0x20, 0x6f, 0x66, 0x66, 0x73, 0x65, 0x74, 0x3d, 0x22, 0x31, 0x22, 0x20, 0x73, 0x74, 0x6f,
    0x70, 0x2d, 0x63, 0x6f, 0x6c, 0x6f, 0x72, 0x3d, 0x22, 0x23, 0x30, 0x30, 0x39, 0x65, 0x35, 0x34,
    0x22, 0x2f, 0x3e, 0x3c, 0x2f, 0x6c, 0x69, 0x6e, 0x65, 0x61, 0x72, 0x47, 0x72, 0x61, 0x64, 0x69,
    0x65, 0x6e, 0x74, 0x3e, 0x3c, 0x6c, 0x69, 0x6e, 0x65, 0x61, 0x72, 0x47, 0x72, 0x61, 0x64, 0x69,
    0x65, 0x6e, 0x74, 0x20, 0x69, 0x64, 0x3d, 0x22, 0x53, 0x70, 0x65, 0x63, 0x74, 0x72, 0x75, 0x6d,
    0x5f, 0x32, 0x22, 0x20, 0x78, 0x31, 0x3d, 0x22, 0x2d, 0x34, 0x33, 0x36, 0x2e, 0x34, 0x33, 0x22,
    0x20, 0x79, 0x31, 0x3d, 0x22, 0x33, 0x31, 0x2e, 0x30, 0x38, 0x22, 0x20, 0x78, 0x32, 0x3d, 0x22,
    0x32, 0x34, 0x34, 0x2e, 0x35, 0x38, 0x22, 0x20, 0x79, 0x32, 0x3d, 0x22, 0x33, 0x31, 0x2e, 0x30,
    0x38, 0x22, 0x20, 0x78, 0x6c, 0x69, 0x6e, 0x6b, 0x3a, 0x68, 0x72, 0x65, 0x66, 0x3d, 0x22, 0x23,
    0x53, 0x70, 0x65, 0x63, 0x74, 0x72, 0x75, 0x6d, 0x5f, 0x22, 0x2f, 0x3e, 0x3c, 0x2f, 0x64, 0x65,
    0x66, 0x73, 0x3e, 0x3c, 0x70, 0x61, 0x74, 0x68, 0x20, 0x64, 0x3d, 0x22, 0x4d, 0x36, 0x33, 0x2e,
    0x35, 0x34, 0x2c, 0x32, 0x35, 0x2e, 0x32, 0x39, 0x73, 0x30, 0x2c, 0x30, 0x2c, 0x30, 0x2c, 0x30,
    0x2c, 0x30, 0x2c, 0x30, 0x2c, 0x30, 0x2c, 0x30, 0x6c, 0x30, 0x2c, 0x30, 0x2c, 0x30, 0x2c, 0x30,
    0x2c, 0x30, 0x2c, 0x30, 0x73, 0x30, 0x2c, 0x30, 0x2c, 0x30, 0x2c, 0x30, 0x6c, 0x30, 0x2c, 0x30,
    0x2c, 0x30, 0x2c, 0x30, 0x2c, 0x30, 0x2c, 0x30, 0x73, 0x30, 0x2c, 0x30, 0x2c, 0x30, 0x2c, 0x30,
    0x6c, 0x30, 0x2c, 0x30, 0x2c, 0x30, 0x2c, 0x30, 0x2c, 0x30, 0x2c, 0x30, 0x2c, 0x30, 0x2c, 0x30,
    0x2c, 0x30, 0x2c, 0x30, 0x2c, 0x30, 0x2c, 0x30, 0x73, 0x30, 0x2c, 0x30, 0x2c, 0x30, 0x2c, 0x30,
    0x6c, 0x30, 0x2c, 0x30, 0x2c, 0x30, 0x2c, 0x30, 0x2c, 0x30, 0x2c, 0x30, 0x2c, 0x30, 0x2c, 0x30,
    0x73, 0x30, 0x2c, 0x30, 0x2c, 0x30, 0x2c, 0x30, 0x6c, 0x30, 0x2c, 0x30, 0x2c, 0x30, 0x2c, 0x30,
    0x73, 0x30, 0x2c, 0x30, 0x2c, 0x30, 0x2c, 0x30, 0x6c, 0x30, 0x2c, 0x30, 0x2c, 0x30, 0x2c, 0x30,
    0x2c, 0x30, 0x2c, 0x30, 0x2c, 0x30, 0x2c, 0x30, 0x2c, 0x30, 0x2c, 0x30, 0x2c, 0x30, 0x2c, 0x30,
    0x73, 0x30, 0x2c, 0x30, 0x2c, 0x30, 0x2c, 0x30, 0x6c, 0x30, 0x2c, 0x30, 0x2c, 0x30, 0x2c, 0x30,
    0x73, 0x30, 0x2c, 0x30, 0x2c, 0x30, 0x2c, 0x30, 0x6c, 0x30, 0x2c, 0x30, 0x73, 0x30, 0x2c, 0x30,
    0x2c, 0x30, 0x2c, 0x30, 0x6c, 0x30, 0x2c, 0x30, 0x2c, 0x30, 0x2c, 0x30, 0x2c, 0x30, 0x2c, 0x30,
    0x2c, 0x30, 0x2c, 0x30, 0x2c, 0x30, 0x2c, 0x30, 0x2c, 0x30, 0x2c, 0x30, 0x2c, 0x30, 0x2c, 0x30,
    0x2c, 0x30, 0x2c, 0x30, 0x2c, 0x30, 0x2c, 0x30, 0x73, 0x30, 0x2c, 0x30, 0x2c, 0x30, 0x2c, 0x30,
    0x2c, 0x30, 0x2c, 0x30, 0x2c, 0x30, 0x2c, 0x30, 0x6c, 0x30, 0x2c, 0x30, 0x2c, 0x30, 0x2c, 0x30,
    0x61, 0x32, 0x2e, 0x33, 0x36, 0x2c, 0x32, 0x2e, 0x33, 0x36, 0x2c, 0x30, 0x2c, 0x30, 0x2c, 0x30,
    0x2d, 0x2e, 0x33, 0x36, 0x2d, 0x2e, 0x33, 0x34, 0x4c, 0x33, 0x32, 0x2e, 0x38, 0x34, 0x2e, 0x36,
    0x41, 0x32, 0x2e, 0x39, 0x31, 0x2c, 0x32, 0x2e, 0x39, 0x31, 0x2c, 0x30, 0x2c, 0x30, 0x2c, 0x30,
    0x2c, 0x32, 0x39, 0x2e, 0x33, 0x2e, 0x36, 0x4c, 0x2e, 0x38, 0x36, 0x2c, 0x32, 0x33, 0x2e, 0x30,
    0x35, 0x61, 0x31, 0x2e, 0x39, 0x34, 0x2c, 0x31, 0x2e, 0x39, 0x34, 0x2c, 0x30, 0x2c, 0x30, 0x2c,
    0x30, 0x2d, 0x2e, 0x37, 0x37, 0x2c, 0x32, 0x2e, 0x31, 0x39, 0x41, 0x31, 0x2e, 0x38, 0x35, 0x2c,
    0x31, 0x2e, 0x38, 0x35, 0x2c, 0x30, 0x2c, 0x30, 0x2c, 0x30, 0x2c, 0x2e, 0x35, 0x38, 0x2c, 0x32,
    0x36, 0x6c, 0x30, 0x2c, 0x30, 0x2c, 0x30, 0x2c, 0x30, 0x2c, 0x30, 0x2c, 0x30, 0x2c, 0x30, 0x2c,
    0x30, 0x2c, 0x30, 0x2c, 0x30, 0x2c, 0x30, 0x2c, 0x30, 0x2c, 0x30, 0x2c, 0x30, 0x2c, 0x30, 0x2c,
    0x30, 0x2c, 0x30, 0x2c, 0x30, 0x2c, 0x30, 0x2c, 0x30, 0x2c, 0x30, 0x2c, 0x30, 0x2c, 0x30, 0x2c,
    0x30, 0x2c, 0x30, 0x2c, 0x30, 0x2c, 0x30, 0x2c, 0x30, 0x2c, 0x30, 0x2c, 0x30, 0x2c, 0x30, 0x2c,
    0x30, 0x2c, 0x30, 0x2c, 0x30, 0x2c, 0x30, 0x2c, 0x30, 0x2c, 0x30, 0x2c, 0x30, 0x2c, 0x30, 0x2c,
    0x30, 0x2c, 0x30, 0x2c, 0x30, 0x2c, 0x30, 0x2c, 0x30, 0x2c, 0x30, 0x2c, 0x30, 0x2c, 0x30, 0x2c,
    0x30, 0x2c, 0x30, 0x2c, 0x30, 0x2c, 0x30, 0x2c, 0x30, 0x2c, 0x30, 0x2c, 0x30, 0x2c, 0x30, 0x2c,
    0x30, 0x2c, 0x30, 0x2c, 0x30, 0x2c, 0x30, 0x2c, 0x30, 0x2c, 0x30, 0x2c, 0x30, 0x2c, 0x30, 0x2c,
    0x30, 0x2c, 0x30, 0x2c, 0x30, 0x2c, 0x30, 0x2c, 0x30, 0x2c, 0x30, 0x2c, 0x30, 0x73, 0x30, 0x2c,
    0x30, 0x2c, 0x30, 0x2c, 0x30, 0x2c, 0x30, 0x2c, 0x30, 0x2c, 0x30, 0x2c, 0x30, 0x6c, 0x30, 0x2c,
    0x30, 0x2c, 0x30, 0x2c, 0x30, 0x2c, 0x30, 0x2c, 0x30, 0x2c, 0x30, 0x2c, 0x30, 0x2c, 0x30, 0x2c,
    0x30, 0x2c, 0x30, 0x2c, 0x30, 0x2c, 0x30, 0x2c, 0x30, 0x2c, 0x30, 0x2c, 0x30, 0x2c, 0x30, 0x2c,
    0x30, 0x2c, 0x30, 0x2c, 0x30, 0x2c, 0x30, 0x2c, 0x30, 0x2c, 0x30, 0x2c, 0x30, 0x2c, 0x30, 0x2c,
    0x30, 0x61, 0x32, 0x2c, 0x32, 0x2c, 0x30, 0x2c, 0x30, 0x2c, 0x30, 0x2c, 0x31, 0x2e, 0x35, 0x2e,
    0x35, 0x34, 0x48, 0x37, 0x2e, 0x37, 0x56, 0x35, 0x39, 0x2e, 0x35, 0x37, 0x61, 0x32, 0x2e, 0x36,
    0x35, 0x2c, 0x32, 0x2e, 0x36, 0x35, 0x2c, 0x30, 0x2c, 0x30, 0x2c, 0x30, 0x2c, 0x2e, 0x37, 0x37,
    0x2c, 0x31, 0x2e, 0x38, 0x36, 0x6c, 0x30, 0x2c, 0x30, 0x2c, 0x30, 0x2c, 0x30, 0x2c, 0x30, 0x2c,
    0x30, 0x73, 0x30, 0x2c, 0x30, 0x2c, 0x30, 0x2c, 0x30, 0x6c, 0x30, 0x2c, 0x30, 0x2c, 0x30, 0x2c,
    0x30, 0x73, 0x30, 0x2c, 0x30, 0x2c, 0x30, 0x2c, 0x30, 0x2c, 0x30, 0x2c, 0x30, 0x2c, 0x30, 0x2c,
    0x30, 0x6c, 0x30, 0x2c, 0x30, 0x2c, 0x30, 0x2c, 0x30, 0x2c, 0x30, 0x2c, 0x30, 0x2c, 0x30, 0x2c,
    0x30, 0x2c, 0x30, 0x2c, 0x30, 0x73, 0x30, 0x2c, 0x30, 0x2c, 0x30, 0x2c, 0x30, 0x6c, 0x30, 0x2c,
    0x30, 0x2c, 0x30, 0x2c, 0x30, 0x2c, 0x30, 0x2c, 0x30, 0x61, 0x2e, 0x30, 0x38, 0x2e, 0x30, 0x38,
    0x2c, 0x30, 0x2c, 0x30, 0x2c, 0x30, 0x2c, 0x30, 0x2c, 0x30, 0x6c, 0x30, 0x2c, 0x30, 0x2c, 0x30,
    0x2c, 0x30, 0x2c, 0x30, 0x2c, 0x30, 0x2c, 0x30, 0x2c, 0x30, 0x73, 0x30, 0x2c, 0x30, 0x2c, 0x30,
    0x2c, 0x30, 0x6c, 0x30, 0x2c, 0x30, 0x2c, 0x30, 0x2c, 0x30, 0x2c, 0x30, 0x2c, 0x30, 0x2c, 0x30,
    0x2c, 0x30, 0x2c, 0x30, 0x2c, 0x30, 0x2c, 0x30, 0x2c, 0x30, 0x2c, 0x30, 0x2c, 0x30, 0x2c, 0x30,
    0x2c, 0x30, 0x2c, 0x30, 0x2c, 0x30, 0x2c, 0x30, 0x2c, 0x30, 0x2c, 0x30, 0x2c, 0x30, 0x2c, 0x30,
    0x2c, 0x30, 0x2c, 0x30, 0x2c, 0x30, 0x2c, 0x30, 0x2c, 0x30, 0x73, 0x30, 0x2c, 0x30, 0x2c, 0x30,
    0x2c, 0x30, 0x2c, 0x30, 0x2c, 0x30, 0x2c, 0x30, 0x2c, 0x30, 0x6c, 0x30, 0x2c, 0x30, 0x2c, 0x30,
    0x2c, 0x30, 0x2c, 0x30, 0x2c, 0x30, 0x2c, 0x30, 0x2c, 0x30, 0x2c, 0x30, 0x2c, 0x30, 0x2c, 0x30,
    0x2c, 0x30, 0x2c, 0x30, 0x2c, 0x30, 0x2c, 0x30, 0x2c, 0x30, 0x2c, 0x30, 0x2c, 0x30, 0x73, 0x30,
    0x2c, 0x30, 0x2c, 0x30, 0x2c, 0x30, 0x6c, 0x30, 0x2c, 0x30, 0x61, 0x32, 0x2e, 0x35, 0x37, 0x2c,
    0x32, 0x2e, 0x35, 0x37, 0x2c, 0x30, 0x2c, 0x30, 0x2c, 0x30, 0x2c, 0x31, 0x2e, 0x38, 0x34, 0x2e,
    0x37, 0x38, 0x68, 0x34, 0x31, 0x2e, 0x36, 0x61, 0x32, 0x2e, 0x35, 0x39, 0x2c, 0x32, 0x2e, 0x35,
    0x39, 0x2c, 0x30, 0x2c, 0x30, 0x2c, 0x30, 0x2c, 0x32, 0x2e, 0x35, 0x37, 0x2d, 0x32, 0x2e, 0x36,
    0x56, 0x32, 0x38, 0x2e, 0x34, 0x31, 0x48, 0x36, 0x32, 0x61, 0x31, 0x2e, 0x39, 0x2c, 0x31, 0x2e,
    0x39, 0x2c, 0x30, 0x2c, 0x30, 0x2c, 0x30, 0x2c, 0x32, 0x2d, 0x31, 0x2e, 0x32, 0x33, 0x41, 0x31,
    0x2e, 0x38, 0x37, 0x2c, 0x31, 0x2e, 0x38, 0x37, 0x2c, 0x30, 0x2c, 0x30, 0x2c, 0x30, 0x2c, 0x36,
    0x33, 0x2e, 0x35, 0x34, 0x2c, 0x32, 0x35, 0x2e, 0x32, 0x39, 0x5a, 0x22, 0x20, 0x73, 0x74, 0x79,
    0x6c, 0x65, 0x3d, 0x22, 0x66, 0x69, 0x6c, 0x6c, 0x3a, 0x23, 0x35, 0x38, 0x35, 0x39, 0x35, 0x62,
    0x22, 0x2f, 0x3e, 0x3c, 0x70, 0x61, 0x74, 0x68, 0x20, 0x64, 0x3d, 0x22, 0x4d, 0x32, 0x34, 0x2e,
    0x39, 0x34, 0x2c, 0x33, 0x31, 0x2e, 0x35, 0x32, 0x61, 0x31, 0x32, 0x2e, 0x36, 0x38, 0x2c, 0x31,
    0x32, 0x2e, 0x36, 0x38, 0x2c, 0x30, 0x2c, 0x30, 0x2c, 0x30, 0x2d, 0x32, 0x2c, 0x31, 0x35, 0x2e,
    0x36, 0x31, 0x2e, 0x35, 0x34, 0x2e, 0x35, 0x34, 0x2c, 0x30, 0x2c, 0x30, 0x2c, 0x31, 0x2d, 0x2e,
    0x30, 0x37, 0x2e, 0x36, 0x34, 0x6c, 0x2d, 0x36, 0x2e, 0x36, 0x2c, 0x36, 0x2e, 0x36, 0x63, 0x2d,
    0x31, 0x2e, 0x33, 0x32, 0x2c, 0x31, 0x2e, 0x33, 0x31, 0x2d, 0x31, 0x2e, 0x36, 0x33, 0x2c, 0x33,
    0x2e, 0x31, 0x35, 0x2d, 0x2e, 0x34, 0x36, 0x2c, 0x34, 0x2e, 0x33, 0x32, 0x6c, 0x2e, 0x32, 0x2e,
    0x32, 0x63, 0x31, 0x2e, 0x31, 0x36, 0x2c, 0x31, 0x2e, 0x31, 0x36, 0x2c, 0x33, 0x2c, 0x2e, 0x38,
    0x35, 0x2c, 0x34, 0x2e, 0x33, 0x31, 0x2d, 0x2e, 0x34, 0x36, 0x4c, 0x32, 0x37, 0x2c, 0x35, 0x31,
    0x2e, 0x38, 0x34, 0x61, 0x2e, 0x35, 0x37, 0x2e, 0x35, 0x37, 0x2c, 0x30, 0x2c, 0x30, 0x2c, 0x31,
    0x2c, 0x2e, 0x36, 0x37, 0x2d, 0x2e, 0x30, 0x39, 0x2c, 0x31, 0x32, 0x2e, 0x37, 0x2c, 0x31, 0x32,
    0x2e, 0x37, 0x2c, 0x30, 0x2c, 0x30, 0x2c, 0x30, 0x2c, 0x31, 0x35, 0x2e, 0x36, 0x31, 0x2d, 0x31,
    0x2e, 0x39, 0x34, 0x41, 0x31, 0x32, 0x2e, 0x39, 0x33, 0x2c, 0x31, 0x32, 0x2e, 0x39, 0x33, 0x2c,
    0x30, 0x2c, 0x31, 0x2c, 0x30, 0x2c, 0x32, 0x34, 0x2e, 0x39, 0x34, 0x2c, 0x33, 0x31, 0x2e, 0x35,
    0x32, 0x5a, 0x6d, 0x31, 0x35, 0x2e, 0x39, 0x2c, 0x31, 0x35, 0x2e, 0x39, 0x61, 0x39, 0x2e, 0x35,
    0x36, 0x2c, 0x39, 0x2e, 0x35, 0x36, 0x2c, 0x30, 0x2c, 0x31, 0x2c, 0x31, 0x2c, 0x30, 0x2d, 0x31,
    0x33, 0x2e, 0x35, 0x31, 0x41, 0x39, 0x2e, 0x35, 0x37, 0x2c, 0x39, 0x2e, 0x35, 0x37, 0x2c, 0x30,
    0x2c, 0x30, 0x2c, 0x31, 0x2c, 0x34, 0x30, 0x2e, 0x38, 0x34, 0x2c, 0x34, 0x37, 0x2e, 0x34, 0x32,
    0x5a, 0x22, 0x20, 0x73, 0x74, 0x79, 0x6c, 0x65, 0x3d, 0x22, 0x66, 0x69, 0x6c, 0x6c, 0x3a, 0x23,
    0x66, 0x66, 0x66, 0x22, 0x2f, 0x3e, 0x3c, 0x70, 0x61, 0x74, 0x68, 0x20, 0x64, 0x3d, 0x22, 0x4d,
    0x32, 0x37, 0x2e, 0x33, 0x32, 0x2c, 0x33, 0x33, 0x2e, 0x39, 0x31, 0x61, 0x39, 0x2e, 0x35, 0x36,
    0x2c, 0x39, 0x2e, 0x35, 0x36, 0x2c, 0x30, 0x2c, 0x31, 0x2c, 0x30, 0x2c, 0x31, 0x33, 0x2e, 0x35,
    0x32, 0x2c, 0x30, 0x41, 0x39, 0x2e, 0x35, 0x37, 0x2c, 0x39, 0x2e, 0x35, 0x37, 0x2c, 0x30, 0x2c,
    0x30, 0x2c, 0x30, 0x2c, 0x32, 0x37, 0x2e, 0x33, 0x32, 0x2c, 0x33, 0x33, 0x2e, 0x39, 0x31, 0x5a,
    0x22, 0x20, 0x73, 0x74, 0x79, 0x6c, 0x65, 0x3d, 0x22, 0x66, 0x69, 0x6c, 0x6c, 0x3a, 0x75, 0x72,
    0x6c, 0x28, 0x23, 0x53, 0x70, 0x65, 0x63, 0x74, 0x72, 0x75, 0x6d, 0x5f, 0x29, 0x22, 0x2f, 0x3e,
    0x3c, 0x70, 0x61, 0x74, 0x68, 0x20, 0x64, 0x3d, 0x22, 0x4d, 0x36, 0x31, 0x2e, 0x32, 0x38, 0x2c,
    0x32, 0x33, 0x2e, 0x30, 0x35, 0x2c, 0x33, 0x32, 0x2e, 0x38, 0x34, 0x2e, 0x36, 0x41, 0x32, 0x2e,
    0x39, 0x31, 0x2c, 0x32, 0x2e, 0x39, 0x31, 0x2c, 0x30, 0x2c, 0x30, 0x2c, 0x30, 0x2c, 0x32, 0x39,
    0x2e, 0x33, 0x2e, 0x36, 0x4c, 0x2e, 0x38, 0x36, 0x2c, 0x32, 0x33, 0x2e, 0x30, 0x35, 0x61, 0x31,
    0x2e, 0x39, 0x34, 0x2c, 0x31, 0x2e, 0x39, 0x34, 0x2c, 0x30, 0x2c, 0x30, 0x2c, 0x30, 0x2d, 0x2e,
    0x37, 0x37, 0x2c, 0x32, 0x2e, 0x31, 0x39, 0x2c, 0x31, 0x2e, 0x39, 0x2c, 0x31, 0x2e, 0x39, 0x2c,
    0x30, 0x2c, 0x30, 0x2c, 0x30, 0x2c, 0x32, 0x2c, 0x31, 0x2e, 0x32, 0x33, 0x48, 0x37, 0x2e, 0x37,
    0x76, 0x33, 0x33, 0x2e, 0x31, 0x61, 0x32, 0x2e, 0x35, 0x39, 0x2c, 0x32, 0x2e, 0x35, 0x39, 0x2c,
    0x30, 0x2c, 0x30, 0x2c, 0x30, 0x2c, 0x32, 0x2e, 0x35, 0x37, 0x2c, 0x32, 0x2e, 0x36, 0x68, 0x34,
    0x31, 0x2e, 0x36, 0x61, 0x32, 0x2e, 0x35, 0x39, 0x2c, 0x32, 0x2e, 0x35, 0x39, 0x2c, 0x30, 0x2c,
    0x30, 0x2c, 0x30, 0x2c, 0x32, 0x2e, 0x35, 0x37, 0x2d, 0x32, 0x2e, 0x36, 0x56, 0x32, 0x36, 0x2e,
    0x34, 0x37, 0x48, 0x36, 0x30, 0x2e, 0x31, 0x61, 0x31, 0x2e, 0x39, 0x2c, 0x31, 0x2e, 0x39, 0x2c,
    0x30, 0x2c, 0x30, 0x2c, 0x30, 0x2c, 0x31, 0x2e, 0x39, 0x35, 0x2d, 0x31, 0x2e, 0x32, 0x33, 0x41,
    0x31, 0x2e, 0x39, 0x33, 0x2c, 0x31, 0x2e, 0x39, 0x33, 0x2c, 0x30, 0x2c, 0x30, 0x2c, 0x30, 0x2c,
    0x36, 0x31, 0x2e, 0x32, 0x38, 0x2c, 0x32, 0x33, 0x2e, 0x30, 0x35, 0x5a, 0x4d, 0x34, 0x33, 0x2e,
    0x32, 0x33, 0x2c, 0x34, 0x39, 0x2e, 0x38, 0x31, 0x61, 0x31, 0x32, 0x2e, 0x37, 0x2c, 0x31, 0x32,
    0x2e, 0x37, 0x2c, 0x30, 0x2c, 0x30, 0x2c, 0x31, 0x2d, 0x31, 0x35, 0x2e, 0x36, 0x31, 0x2c, 0x31,
    0x2e, 0x39, 0x34, 0x2e, 0x35, 0x37, 0x2e, 0x35, 0x37, 0x2c, 0x30, 0x2c, 0x30, 0x2c, 0x30, 0x2d,
    0x2e, 0x36, 0x37, 0x2e, 0x30, 0x39, 0x6c, 0x2d, 0x36, 0x2e, 0x35, 0x38, 0x2c, 0x36, 0x2e, 0x35,
    0x39, 0x63, 0x2d, 0x31, 0x2e, 0x33, 0x31, 0x2c, 0x31, 0x2e, 0x33, 0x31, 0x2d, 0x33, 0x2e, 0x31,
    0x35, 0x2c, 0x31, 0x2e, 0x36, 0x32, 0x2d, 0x34, 0x2e, 0x33, 0x31, 0x2e, 0x34, 0x36, 0x6c, 0x2d,
    0x2e, 0x32, 0x2d, 0x2e, 0x32, 0x63, 0x2d, 0x31, 0x2e, 0x31, 0x37, 0x2d, 0x31, 0x2e, 0x31, 0x37,
    0x2d, 0x2e, 0x38, 0x36, 0x2d, 0x33, 0x2c, 0x2e, 0x34, 0x36, 0x2d, 0x34, 0x2e, 0x33, 0x32, 0x6c,
    0x36, 0x2e, 0x36, 0x2d, 0x36, 0x2e, 0x36, 0x61, 0x2e, 0x35, 0x34, 0x2e, 0x35, 0x34, 0x2c, 0x30,
    0x2c, 0x30, 0x2c, 0x30, 0x2c, 0x2e, 0x30, 0x37, 0x2d, 0x2e, 0x36, 0x34, 0x2c, 0x31, 0x32, 0x2e,
    0x36, 0x38, 0x2c, 0x31, 0x32, 0x2e, 0x36, 0x38, 0x2c, 0x30, 0x2c, 0x30, 0x2c, 0x31, 0x2c, 0x32,
    0x2d, 0x31, 0x35, 0x2e, 0x36, 0x31, 0x41, 0x31, 0x32, 0x2e, 0x39, 0x33, 0x2c, 0x31, 0x32, 0x2e,
    0x39, 0x33, 0x2c, 0x30, 0x2c, 0x31, 0x2c, 0x31, 0x2c, 0x34, 0x33, 0x2e, 0x32, 0x33, 0x2c, 0x34,
    0x39, 0x2e, 0x38, 0x31, 0x5a, 0x22, 0x20, 0x73, 0x74, 0x79, 0x6c, 0x65, 0x3d, 0x22, 0x66, 0x69,
    0x6c, 0x6c, 0x3a, 0x75, 0x72, 0x6c, 0x28, 0x23, 0x53, 0x70, 0x65, 0x63, 0x74, 0x72, 0x75, 0x6d,
    0x5f, 0x32, 0x29, 0x22, 0x2f, 0x3e, 0x3c, 0x2f, 0x73, 0x76, 0x67, 0x3e,
};
static const size_t main_toolbar_house_preview_svg_len = 2556;

static const unsigned char main_toolbar_display_elements_svg[] = {
    0x3c, 0x73, 0x76, 0x67, 0x20, 0x69, 0x64, 0x3d, 0x22, 0x4c, 0x61, 0x79, 0x65, 0x72, 0x5f, 0x31,
    0x22, 0x20, 0x64, 0x61, 0x74, 0x61, 0x2d, 0x6e, 0x61, 0x6d, 0x65, 0x3d, 0x22, 0x4c, 0x61, 0x79,
    0x65, 0x72, 0x20, 0x31, 0x22, 0x20, 0x78, 0x6d, 0x6c, 0x6e, 0x73, 0x3d, 0x22, 0x68, 0x74, 0x74,
    0x70, 0x3a, 0x2f, 0x2f, 0x77, 0x77, 0x77, 0x2e, 0x77, 0x33, 0x2e, 0x6f, 0x72, 0x67, 0x2f, 0x32,
    0x30, 0x30, 0x30, 0x2f, 0x73, 0x76, 0x67, 0x22, 0x20, 0x78, 0x6d, 0x6c, 0x6e, 0x73, 0x3a, 0x78,
    0x6c, 0x69, 0x6e, 0x6b, 0x3d, 0x22, 0x68, 0x74, 0x74, 0x70, 0x3a, 0x2f, 0x2f, 0x77, 0x77, 0x77,
    0x2e, 0x77, 0x33, 0x2e, 0x6f, 0x72, 0x67, 0x2f, 0x31, 0x39, 0x39, 0x39, 0x2f, 0x78, 0x6c, 0x69,
    0x6e, 0x6b, 0x22, 0x20, 0x76, 0x69, 0x65, 0x77, 0x42, 0x6f, 0x78, 0x3d, 0x22, 0x30, 0x20, 0x30,
    0x20, 0x34, 0x35, 0x2e, 0x37, 0x35, 0x20, 0x36, 0x33, 0x2e, 0x37, 0x22, 0x3e, 0x3c, 0x64, 0x65,
    0x66, 0x73, 0x3e, 0x3c, 0x6c, 0x69, 0x6e, 0x65, 0x61, 0x72, 0x47, 0x72, 0x61, 0x64, 0x69, 0x65,
    0x6e, 0x74, 0x20, 0x69, 0x64, 0x3d, 0x22, 0x53, 0x70, 0x65, 0x63, 0x74, 0x72, 0x75, 0x6d, 0x5f,
    0x22, 0x20, 0x78, 0x31, 0x3d, 0x22, 0x2d, 0x35, 0x34, 0x32, 0x2e, 0x37, 0x38, 0x22, 0x20, 0x79,
    0x31, 0x3d, 0x22, 0x33, 0x30, 0x2e, 0x38, 0x38, 0x22, 0x20, 0x78, 0x32, 0x3d, 0x22, 0x31, 0x33,
    0x38, 0x2e, 0x32, 0x32, 0x22, 0x20, 0x79, 0x32, 0x3d, 0x22, 0x33, 0x30, 0x2e, 0x38, 0x38, 0x22,
    0x20, 0x67, 0x72, 0x61, 0x64, 0x69, 0x65, 0x6e, 0x74, 0x55, 0x6e, 0x69, 0x74, 0x73, 0x3d, 0x22,
    0x75, 0x73, 0x65, 0x72, 0x53, 0x70, 0x61, 0x63, 0x65, 0x4f, 0x6e, 0x55, 0x73, 0x65, 0x22, 0x3e,
    0x3c, 0x73, 0x74, 0x6f, 0x70, 0x20, 0x6f, 0x66, 0x66, 0x73, 0x65, 0x74, 0x3d, 0x22, 0x30, 0x22,
    0x20, 0x73, 0x74, 0x6f, 0x70, 0x2d, 0x63, 0x6f, 0x6c, 0x6f, 0x72, 0x3d, 0x22, 0x23, 0x30, 0x30,
    0x61, 0x38, 0x64, 0x65, 0x22, 0x2f, 0x3e, 0x3c, 0x73, 0x74, 0x6f, 0x70, 0x20, 0x6f, 0x66, 0x66,
    0x73, 0x65, 0x74, 0x3d, 0x22, 0x30, 0x2e, 0x32, 0x22, 0x20, 0x73, 0x74, 0x6f, 0x70, 0x2d, 0x63,
    0x6f, 0x6c, 0x6f, 0x72, 0x3d, 0x22, 0x23, 0x33, 0x33, 0x33, 0x33, 0x39, 0x31, 0x22, 0x2f, 0x3e,
    0x3c, 0x73, 0x74, 0x6f, 0x70, 0x20, 0x6f, 0x66, 0x66, 0x73, 0x65, 0x74, 0x3d, 0x22, 0x30, 0x2e,
    0x34, 0x22, 0x20, 0x73, 0x74, 0x6f, 0x70, 0x2d, 0x63, 0x6f, 0x6c, 0x6f, 0x72, 0x3d, 0x22, 0x23,
    0x65, 0x39, 0x31, 0x33, 0x38, 0x38, 0x22, 0x2f, 0x3e, 0x3c, 0x73, 0x74, 0x6f, 0x70, 0x20, 0x6f,
    0x66, 0x66, 0x73, 0x65, 0x74, 0x3d, 0x22, 0x30, 0x2e, 0x36, 0x22, 0x20, 0x73, 0x74, 0x6f, 0x70,
    0x2d, 0x63, 0x6f, 0x6c, 0x6f, 0x72, 0x3d, 0x22, 0x23, 0x65, 0x62, 0x32, 0x64, 0x32, 0x65, 0x22,
    0x2f, 0x3e, 0x3c, 0x73, 0x74, 0x6f, 0x70, 0x20, 0x6f, 0x66, 0x66, 0x73, 0x65, 0x74, 0x3d, 0x22,
    0x30, 0x2e, 0x38, 0x22, 0x20, 0x73, 0x74, 0x6f, 0x70, 0x2d, 0x63, 0x6f, 0x6c, 0x6f, 0x72, 0x3d,
    0x22, 0x23, 0x66, 0x64, 0x65, 0x39, 0x32, 0x62, 0x22, 0x2f, 0x3e, 0x3c, 0x73, 0x74, 0x6f, 0x70,
    0x20, 0x6f, 0x66, 0x66, 0x73, 0x65, 0x74, 0x3d, 0x22, 0x31, 0x22, 0x20, 0x73, 0x74, 0x6f, 0x70,
    0x2d, 0x63, 0x6f, 0x6c, 0x6f, 0x72, 0x3d, 0x22, 0x23, 0x30, 0x30, 0x39, 0x65, 0x35, 0x34, 0x22,
    0x2f, 0x3e, 0x3c, 0x2f, 0x6c, 0x69, 0x6e, 0x65, 0x61, 0x72, 0x47, 0x72, 0x61, 0x64, 0x69, 0x65,
    0x6e, 0x74, 0x3e, 0x3c, 0x6c, 0x69, 0x6e, 0x65, 0x61, 0x72, 0x47, 0x72, 0x61, 0x64, 0x69, 0x65,
    0x6e, 0x74, 0x20, 0x69, 0x64, 0x3d, 0x22, 0x53, 0x70, 0x65, 0x63, 0x74, 0x72, 0x75, 0x6d, 0x5f,
    0x32, 0x22, 0x20, 0x78, 0x31, 0x3d, 0x22, 0x2d, 0x35, 0x34, 0x32, 0x2e, 0x37, 0x38, 0x22, 0x20,
    0x79, 0x31, 0x3d, 0x22, 0x39, 0x2e, 0x30, 0x36, 0x22, 0x20, 0x78, 0x32, 0x3d, 0x22, 0x31, 0x33,
    0x38, 0x2e, 0x32, 0x32, 0x22, 0x20, 0x79, 0x32, 0x3d, 0x22, 0x39, 0x2e, 0x30, 0x36, 0x22, 0x20,
    0x78, 0x6c, 0x69, 0x6e, 0x6b, 0x3a, 0x68, 0x72, 0x65, 0x66, 0x3d, 0x22, 0x23, 0x53, 0x70, 0x65,
    0x63, 0x74, 0x72, 0x75, 0x6d, 0x5f, 0x22, 0x2f, 0x3e, 0x3c, 0x6c, 0x69, 0x6e, 0x65, 0x61, 0x72,
    0x47, 0x72, 0x61, 0x64, 0x69, 0x65, 0x6e, 0x74, 0x20, 0x69, 0x64, 0x3d, 0x22, 0x53, 0x70, 0x65,
    0x63, 0x74, 0x72, 0x75, 0x6d, 0x5f, 0x33, 0x22, 0x20, 0x78, 0x31, 0x3d, 0x22, 0x2d, 0x35, 0x34,
    0x32, 0x2e, 0x37, 0x38, 0x22, 0x20, 0x79, 0x31, 0x3d, 0x22, 0x33, 0x37, 0x2e, 0x36, 0x34, 0x22,
    0x20, 0x78, 0x32, 0x3d, 0x22, 0x31, 0x33, 0x38, 0x2e, 0x32, 0x32, 0x22, 0x20, 0x79, 0x32, 0x3d,
    0x22, 0x33, 0x37, 0x2e, 0x36, 0x34, 0x22, 0x20, 0x78, 0x6c, 0x69, 0x6e, 0x6b, 0x3a, 0x68, 0x72,
    0x65, 0x66, 0x3d, 0x22, 0x23, 0x53, 0x70, 0x65, 0x63, 0x74, 0x72, 0x75, 0x6d, 0x5f, 0x22, 0x2f,
    0x3e, 0x3c, 0x2f, 0x64, 0x65, 0x66, 0x73, 0x3e, 0x3c, 0x70, 0x61, 0x74, 0x68, 0x20, 0x64, 0x3d,
    0x22, 0x4d, 0x2e, 0x35, 0x34, 0x2c, 0x33, 0x39, 0x2e, 0x34, 0x34, 0x6c, 0x30, 0x2c, 0x30, 0x2c,
    0x30, 0x2c, 0x30, 0x2c, 0x30, 0x2c, 0x30, 0x2c, 0x30, 0x2c, 0x30, 0x61, 0x2e, 0x30, 0x38, 0x2e,
    0x30, 0x38, 0x2c, 0x30, 0x2c, 0x30, 0x2c, 0x31, 0x2c, 0x30, 0x2c, 0x30, 0x6c, 0x30, 0x2c, 0x30,
    0x2c, 0x30, 0x2c, 0x30, 0x2c, 0x30, 0x2c, 0x30, 0x2c, 0x30, 0x2c, 0x30, 0x2c, 0x30, 0x2c, 0x30,
    0x2c, 0x30, 0x2c, 0x30, 0x2c, 0x30, 0x2c, 0x30, 0x2c, 0x30, 0x2c, 0x30, 0x2c, 0x30, 0x2c, 0x30,
    0x2c, 0x30, 0x2c, 0x30, 0x2c, 0x30, 0x2c, 0x30, 0x2c, 0x30, 0x2c, 0x30, 0x61, 0x2e, 0x30, 0x38,
    0x2e, 0x30, 0x38, 0x2c, 0x30, 0x2c, 0x30, 0x2c, 0x30, 0x2c, 0x30, 0x2c, 0x30, 0x6c, 0x30, 0x2c,
    0x30, 0x2c, 0x30, 0x2c, 0x30, 0x61, 0x2e, 0x30, 0x38, 0x2e, 0x30, 0x38, 0x2c, 0x30, 0x2c, 0x30,
    0x2c, 0x31, 0x2c, 0x30, 0x2c, 0x30, 0x6c, 0x30, 0x2c, 0x30, 0x2c, 0x30, 0x2c, 0x30, 0x2c, 0x30,
    0x2c, 0x30, 0x2c, 0x30, 0x2c, 0x30, 0x2c, 0x30, 0x2c, 0x30, 0x2c, 0x30, 0x2c, 0x30, 0x2c, 0x30,
    0x2c, 0x30, 0x61, 0x2e, 0x30, 0x38, 0x2e, 0x30, 0x38, 0x2c, 0x30, 0x2c, 0x30, 0x2c, 0x30, 0x2c,
    0x30, 0x2c, 0x30, 0x6c, 0x30, 0x2c, 0x30, 0x2c, 0x30, 0x2c, 0x30, 0x2c, 0x30, 0x2c, 0x30, 0x73,
    0x30, 0x2c, 0x30, 0x2c, 0x30, 0x2c, 0x30, 0x6c, 0x30, 0x2c, 0x30, 0x2c, 0x30, 0x2c, 0x30, 0x61,
    0x2e, 0x30, 0x38, 0x2e, 0x30, 0x38, 0x2c, 0x30, 0x2c, 0x30, 0x2c, 0x31, 0x2c, 0x30, 0x2c, 0x30,
    0x6c, 0x30, 0x2c, 0x30, 0x2c, 0x30, 0x2c, 0x30, 0x2c, 0x30, 0x2c, 0x30, 0x2c, 0x30, 0x2c, 0x30,
    0x61, 0x2e, 0x30, 0x38, 0x2e, 0x30, 0x38, 0x2c, 0x30, 0x2c, 0x30, 0x2c, 0x31, 0x2c, 0x30, 0x2c,
    0x30, 0x6c, 0x30, 0x2c, 0x30, 0x2c, 0x30, 0x2c, 0x30, 0x61, 0x2e, 0x30, 0x38, 0x2e, 0x30, 0x38,
    0x2c, 0x30, 0x2c, 0x30, 0x2c, 0x30, 0x2c, 0x30, 0x2c, 0x30, 0x6c, 0x30, 0x2c, 0x30, 0x61, 0x2e,
    0x30, 0x38, 0x2e, 0x30, 0x38, 0x2c, 0x30, 0x2c, 0x30, 0x2c, 0x31, 0x2c, 0x30, 0x2c, 0x30, 0x6c,
    0x30, 0x2c, 0x30, 0x73, 0x30, 0x2c, 0x30, 0x2c, 0x30, 0x2c, 0x30, 0x6c, 0x30, 0x2c, 0x30, 0x2c,
    0x30, 0x2c, 0x30, 0x61, 0x31, 0x2e, 0x37, 0x36, 0x2c, 0x31, 0x2e, 0x37, 0x36, 0x2c, 0x30, 0x2c,
    0x30, 0x2c, 0x30, 0x2c, 0x31, 0x2e, 0x32, 0x36, 0x2e, 0x35, 0x34, 0x48, 0x31, 0x38, 0x2e, 0x32,
    0x36, 0x41, 0x31, 0x2e, 0x37, 0x38, 0x2c, 0x31, 0x2e, 0x37, 0x38, 0x2c, 0x30, 0x2c, 0x30, 0x2c,
    0x30, 0x2c, 0x32, 0x30, 0x2c, 0x34, 0x30, 0x2e, 0x31, 0x31, 0x56, 0x32, 0x35, 0x2e, 0x35, 0x34,
    0x61, 0x31, 0x2e, 0x37, 0x37, 0x2c, 0x31, 0x2e, 0x37, 0x37, 0x2c, 0x30, 0x2c, 0x30, 0x2c, 0x30,
    0x2d, 0x2e, 0x35, 0x34, 0x2d, 0x31, 0x2e, 0x32, 0x37, 0x6c, 0x30, 0x2c, 0x30, 0x61, 0x2e, 0x30,
    0x38, 0x2e, 0x30, 0x38, 0x2c, 0x30, 0x2c, 0x30, 0x2c, 0x31, 0x2c, 0x30, 0x2c, 0x30, 0x6c, 0x30,
    0x2c, 0x30, 0x61, 0x31, 0x33, 0x32, 0x36, 0x38, 0x38, 0x35, 0x37, 0x36, 0x35, 0x31, 0x31, 0x30,
    0x2e, 0x36, 0x35, 0x2c, 0x31, 0x33, 0x32, 0x36, 0x38, 0x38, 0x35, 0x37, 0x36, 0x35, 0x31, 0x31,
    0x30, 0x2e, 0x36, 0x35, 0x2c, 0x30, 0x2c, 0x30, 0x2c, 0x31, 0x2d, 0x2e, 0x30, 0x38, 0x2d, 0x2e,
    0x30, 0x38, 0x6c, 0x30, 0x2c, 0x30, 0x61, 0x2e, 0x30, 0x38, 0x2e, 0x30, 0x38, 0x2c, 0x30, 0x2c,
    0x30, 0x2c, 0x31, 0x2c, 0x30, 0x2c, 0x30, 0x6c, 0x30, 0x2c, 0x30, 0x2c, 0x30, 0x2c, 0x30, 0x61,
    0x2e, 0x30, 0x38, 0x2e, 0x30, 0x38, 0x2c, 0x30, 0x2c, 0x30, 0x2c, 0x30, 0x2c, 0x30, 0x2c, 0x30,
    0x6c, 0x30, 0x2c, 0x30, 0x2c, 0x30, 0x2c, 0x30, 0x2c, 0x30, 0x2c, 0x30, 0x2c, 0x30, 0x2c, 0x30,
    0x2c, 0x30, 0x2c, 0x30, 0x2c, 0x30, 0x2c, 0x30, 0x61, 0x2e, 0x30, 0x38, 0x2e, 0x30, 0x38, 0x2c,
    0x30, 0x2c, 0x30, 0x2c, 0x31, 0x2c, 0x30, 0x2c, 0x30, 0x6c, 0x30, 0x2c, 0x30, 0x2c, 0x30, 0x2c,
    0x30, 0x2c, 0x30, 0x2c, 0x30, 0x2c, 0x30, 0x2c, 0x30, 0x61, 0x2e, 0x30, 0x38, 0x2e, 0x30, 0x38,
    0x2c, 0x30, 0x2c, 0x30, 0x2c, 0x31, 0x2c, 0x30, 0x2c, 0x30, 0x73, 0x30, 0x2c, 0x30, 0x2c, 0x30,
    0x2c, 0x30, 0x6c, 0x30, 0x2c, 0x30, 0x61, 0x2e, 0x30, 0x38, 0x2e, 0x30, 0x38, 0x2c, 0x30, 0x2c,
    0x30, 0x2c, 0x30, 0x2c, 0x30, 0x2c, 0x30, 0x6c, 0x30, 0x2c, 0x30, 0x61, 0x2e, 0x30, 0x38, 0x2e,
    0x30, 0x38, 0x2c, 0x30, 0x2c, 0x30, 0x2c, 0x31, 0x2c, 0x30, 0x2c, 0x30, 0x6c, 0x30, 0x2c, 0x30,
    0x73, 0x30, 0x2c, 0x30, 0x2c, 0x30, 0x2c, 0x30, 0x6c, 0x30, 0x2c, 0x30, 0x2c, 0x30, 0x2c, 0x30,
    0x61, 0x2e, 0x30, 0x38, 0x2e, 0x30, 0x38, 0x2c, 0x30, 0x2c, 0x30, 0x2c, 0x31, 0x2c, 0x30, 0x2c,
    0x30, 0x6c, 0x30, 0x2c, 0x30, 0x2c, 0x30, 0x2c, 0x30, 0x2c, 0x30, 0x2c, 0x30, 0x2c, 0x30, 0x2c,
    0x30, 0x2c, 0x30, 0x2c, 0x30, 0x73, 0x30, 0x2c, 0x30, 0x2c, 0x30, 0x2c, 0x30, 0x6c, 0x30, 0x2c,
    0x30, 0x2c, 0x30, 0x2c, 0x30, 0x73, 0x30, 0x2c, 0x30, 0x2c, 0x30, 0x2c, 0x30, 0x6c, 0x30, 0x2c,
    0x30, 0x61, 0x2e, 0x30, 0x38, 0x2e, 0x30, 0x38, 0x2c, 0x30, 0x2c, 0x30, 0x2c, 0x31, 0x2c, 0x30,
    0x2c, 0x30, 0x6c, 0x30, 0x2c, 0x30, 0x2c, 0x30, 0x2c, 0x30, 0x2c, 0x30, 0x2c, 0x30, 0x73, 0x30,
    0x2c, 0x30, 0x2c, 0x30, 0x2c, 0x30, 0x61, 0x2e, 0x30, 0x38, 0x2e, 0x30, 0x38, 0x2c, 0x30, 0x2c,
    0x30, 0x2c, 0x31, 0x2c, 0x30, 0x2c, 0x30, 0x6c, 0x30, 0x2c, 0x30, 0x2c, 0x30, 0x2c, 0x30, 0x61,
    0x31, 0x2e, 0x37, 0x34, 0x2c, 0x31, 0x2e, 0x37, 0x34, 0x2c, 0x30, 0x2c, 0x30, 0x2c, 0x30, 0x2d,
    0x31, 0x2e, 0x32, 0x37, 0x2d, 0x2e, 0x35, 0x35, 0x48, 0x31, 0x2e, 0x37, 0x38, 0x41, 0x31, 0x2e,
    0x37, 0x39, 0x2c, 0x31, 0x2e, 0x37, 0x39, 0x2c, 0x30, 0x2c, 0x30, 0x2c, 0x30, 0x2c, 0x30, 0x2c,
    0x32, 0x33, 0x2e, 0x36, 0x56, 0x33, 0x38, 0x2e, 0x31, 0x36, 0x41, 0x31, 0x2e, 0x38, 0x31, 0x2c,
    0x31, 0x2e, 0x38, 0x31, 0x2c, 0x30, 0x2c, 0x30, 0x2c, 0x30, 0x2c, 0x2e, 0x35, 0x34, 0x2c, 0x33,
    0x39, 0x2e, 0x34, 0x34, 0x5a, 0x22, 0x20, 0x73, 0x74, 0x79, 0x6c, 0x65, 0x3d, 0x22, 0x66, 0x69,
    0x6c, 0x6c, 0x3a, 0x23, 0x35, 0x38, 0x35, 0x39, 0x35, 0x62, 0x22, 0x2f, 0x3e, 0x3c, 0x70, 0x61,
    0x74, 0x68, 0x20, 0x64, 0x3d, 0x22, 0x4d, 0x2e, 0x35, 0x34, 0x2c, 0x31, 0x37, 0x2e, 0x36, 0x6c,
    0x30, 0x2c, 0x30, 0x2c, 0x30, 0x2c, 0x30, 0x2c, 0x30, 0x2c, 0x30, 0x2c, 0x30, 0x2c, 0x30, 0x2c,
    0x30, 0x2c, 0x30, 0x2c, 0x30, 0x2c, 0x30, 0x2c, 0x30, 0x2c, 0x30, 0x2c, 0x30, 0x2c, 0x30, 0x2c,
    0x30, 0x2c, 0x30, 0x2c, 0x30, 0x2c, 0x30, 0x2c, 0x30, 0x2c, 0x30, 0x2c, 0x30, 0x2c, 0x30, 0x2c,
    0x30, 0x2c, 0x30, 0x2c, 0x30, 0x2c, 0x30, 0x2c, 0x30, 0x2c, 0x30, 0x2c, 0x30, 0x2c, 0x30, 0x2c,
    0x30, 0x2c, 0x30, 0x2c, 0x30, 0x2c, 0x30, 0x2c, 0x30, 0x2c, 0x30, 0x2c, 0x30, 0x2c, 0x30, 0x2c,
    0x30, 0x2c, 0x30, 0x2c, 0x30, 0x2c, 0x30, 0x2c, 0x30, 0x2c, 0x30, 0x2c, 0x30, 0x2c, 0x30, 0x2c,
    0x30, 0x2c, 0x30, 0x2c, 0x30, 0x2c, 0x30, 0x2c, 0x30, 0x2c, 0x30, 0x73, 0x30, 0x2c, 0x30, 0x2c,
    0x30, 0x2c, 0x30, 0x6c, 0x30, 0x2c, 0x30, 0x2c, 0x30, 0x2c, 0x30, 0x2c, 0x30, 0x2c, 0x30, 0x2c,
    0x30, 0x2c, 0x30, 0x2c, 0x30, 0x2c, 0x30, 0x2c, 0x30, 0x2c, 0x30, 0x2c, 0x30, 0x2c, 0x30, 0x2c,
    0x30, 0x2c, 0x30, 0x2c, 0x30, 0x2c, 0x30, 0x2c, 0x30, 0x2c, 0x30, 0x2c, 0x30, 0x2c, 0x30, 0x2c,
    0x30, 0x2c, 0x30, 0x2c, 0x30, 0x2c, 0x30, 0x2c, 0x30, 0x2c, 0x30, 0x2c, 0x30, 0x2c, 0x30, 0x2c,
    0x30, 0x2c, 0x30, 0x2c, 0x30, 0x2c, 0x30, 0x2c, 0x30, 0x2c, 0x30, 0x73, 0x30, 0x2c, 0x30, 0x2c,
    0x30, 0x2c, 0x30, 0x6c, 0x30, 0x2c, 0x30, 0x2c, 0x30, 0x2c, 0x30, 0x2c, 0x30, 0x2c, 0x30, 0x61,
    0x31, 0x2e, 0x37, 0x33, 0x2c, 0x31, 0x2e, 0x37, 0x33, 0x2c, 0x30, 0x2c, 0x30, 0x2c, 0x30, 0x2c,
    0x31, 0x2e, 0x32, 0x36, 0x2e, 0x35, 0x35, 0x48, 0x31, 0x38, 0x2e, 0x32, 0x36, 0x41, 0x31, 0x2e,
    0x37, 0x38, 0x2c, 0x31, 0x2e, 0x37, 0x38, 0x2c, 0x30, 0x2c, 0x30, 0x2c, 0x30, 0x2c, 0x32, 0x30,
    0x2c, 0x31, 0x38, 0x2e, 0x32, 0x38, 0x56, 0x33, 0x2e, 0x37, 0x32, 0x61, 0x31, 0x2e, 0x37, 0x37,
    0x2c, 0x31, 0x2e, 0x37, 0x37, 0x2c, 0x30, 0x2c, 0x30, 0x2c, 0x30, 0x2d, 0x2e, 0x35, 0x34, 0x2d,
    0x31, 0x2e, 0x32, 0x37, 0x6c, 0x30, 0x2c, 0x30, 0x2c, 0x30, 0x2c, 0x30, 0x2c, 0x30, 0x2c, 0x30,
    0x2c, 0x30, 0x2c, 0x30, 0x2c, 0x30, 0x2c, 0x30, 0x2c, 0x30, 0x2c, 0x30, 0x2c, 0x30, 0x2c, 0x30,
    0x73, 0x30, 0x2c, 0x30, 0x2c, 0x30, 0x2c, 0x30, 0x6c, 0x30, 0x2c, 0x30, 0x2c, 0x30, 0x2c, 0x30,
    0x2c, 0x30, 0x2c, 0x30, 0x2c, 0x30, 0x2c, 0x30, 0x2c, 0x30, 0x2c, 0x30, 0x73, 0x30, 0x2c, 0x30,
    0x2c, 0x30, 0x2c, 0x30, 0x6c, 0x30, 0x2c, 0x30, 0x2c, 0x30, 0x2c, 0x30, 0x2c, 0x30, 0x2c, 0x30,
    0x2c, 0x30, 0x2c, 0x30, 0x2c, 0x30, 0x2c, 0x30, 0x2c, 0x30, 0x2c, 0x30, 0x2c, 0x30, 0x2c, 0x30,
    0x2c, 0x30, 0x2c, 0x30, 0x2c, 0x30, 0x2c, 0x30, 0x2c, 0x30, 0x2c, 0x30, 0x2c, 0x30, 0x2c, 0x30,
    0x2c, 0x30, 0x2c, 0x30, 0x2c, 0x30, 0x2c, 0x30, 0x2c, 0x30, 0x2c, 0x30, 0x2c, 0x30, 0x2c, 0x30,
    0x2c, 0x30, 0x2c, 0x30, 0x2c, 0x30, 0x2c, 0x30, 0x2c, 0x30, 0x2c, 0x30, 0x2c, 0x30, 0x2c, 0x30,
    0x2c, 0x30, 0x2c, 0x30, 0x2c, 0x30, 0x2c, 0x30, 0x61, 0x2e, 0x30, 0x38, 0x2e, 0x30, 0x38, 0x2c,
    0x30, 0x2c, 0x30, 0x2c, 0x30, 0x2c, 0x30, 0x2c, 0x30, 0x6c, 0x30, 0x2c, 0x30, 0x2c, 0x30, 0x2c,
    0x30, 0x2c, 0x30, 0x2c, 0x30, 0x2c, 0x30, 0x2c, 0x30, 0x61, 0x2e, 0x30, 0x38, 0x2e, 0x30, 0x38,
    0x2c, 0x30, 0x2c, 0x30, 0x2c, 0x30, 0x2c, 0x30, 0x2c, 0x30, 0x6c, 0x30, 0x2c, 0x30, 0x73, 0x30,
    0x2c, 0x30, 0x2c, 0x30, 0x2c, 0x30, 0x6c, 0x30, 0x2c, 0x30, 0x2c, 0x30, 0x2c, 0x30, 0x2c, 0x30,
    0x2c, 0x30, 0x2c, 0x30, 0x2c, 0x30, 0x73, 0x30, 0x2c, 0x30, 0x2c, 0x30, 0x2c, 0x30, 0x6c, 0x30,
    0x2c, 0x30, 0x2c, 0x30, 0x2c, 0x30, 0x41, 0x31, 0x2e, 0x37, 0x37, 0x2c, 0x31, 0x2e, 0x37, 0x37,
    0x2c, 0x30, 0x2c, 0x30, 0x2c, 0x30, 0x2c, 0x31, 0x36, 0x2e, 0x33, 0x32, 0x2c, 0x30, 0x48, 0x31,
    0x2e, 0x37, 0x38, 0x41, 0x31, 0x2e, 0x37, 0x38, 0x2c, 0x31, 0x2e, 0x37, 0x38, 0x2c, 0x30, 0x2c,
    0x30, 0x2c, 0x30, 0x2c, 0x30, 0x2c, 0x31, 0x2e, 0x37, 0x38, 0x56, 0x31, 0x36, 0x2e, 0x33, 0x32,
    0x41, 0x31, 0x2e, 0x37, 0x39, 0x2c, 0x31, 0x2e, 0x37, 0x39, 0x2c, 0x30, 0x2c, 0x30, 0x2c, 0x30,
    0x2c, 0x2e, 0x35, 0x34, 0x2c, 0x31, 0x37, 0x2e, 0x36, 0x5a, 0x22, 0x20, 0x73, 0x74, 0x79, 0x6c,
    0x65, 0x3d, 0x22, 0x66, 0x69, 0x6c, 0x6c, 0x3a, 0x23, 0x35, 0x38, 0x35, 0x39, 0x35, 0x62, 0x22,
    0x2f, 0x3e, 0x3c, 0x70, 0x61, 0x74, 0x68, 0x20, 0x64, 0x3d, 0x22, 0x4d, 0x34, 0x35, 0x2e, 0x32,
    0x31, 0x2c, 0x32, 0x30, 0x2e, 0x35, 0x38, 0x61, 0x2e, 0x30, 0x38, 0x2e, 0x30, 0x38, 0x2c, 0x30,
    0x2c, 0x30, 0x2c, 0x30, 0x2c, 0x30, 0x2c, 0x30, 0x6c, 0x30, 0x2c, 0x30, 0x2c, 0x30, 0x2c, 0x30,
    0x2c, 0x30, 0x2c, 0x30, 0x2c, 0x30, 0x2c, 0x30, 0x61, 0x2e, 0x30, 0x38, 0x2e, 0x30, 0x38, 0x2c,
    0x30, 0x2c, 0x30, 0x2c, 0x30, 0x2c, 0x30, 0x2c, 0x30, 0x73, 0x30, 0x2c, 0x30, 0x2c, 0x30, 0x2c,
    0x30, 0x6c, 0x30, 0x2c, 0x30, 0x2c, 0x30, 0x2c, 0x30, 0x2c, 0x30, 0x2c, 0x30, 0x73, 0x30, 0x2c,
    0x30, 0x2c, 0x30, 0x2c, 0x30, 0x2c, 0x30, 0x2c, 0x30, 0x2c, 0x30, 0x2c, 0x30, 0x6c, 0x30, 0x2c,
    0x30, 0x2c, 0x30, 0x2c, 0x30, 0x2c, 0x30, 0x2c, 0x30, 0x73, 0x30, 0x2c, 0x30, 0x2c, 0x30, 0x2c,
    0x30, 0x6c, 0x30, 0x2c, 0x30, 0x2c, 0x30, 0x2c, 0x30, 0x2c, 0x30, 0x2c, 0x30, 0x2c, 0x30, 0x2c,
    0x30, 0x2c, 0x30, 0x2c, 0x30, 0x73, 0x30, 0x2c, 0x30, 0x2c, 0x30, 0x2c, 0x30, 0x2c, 0x30, 0x2c,
    0x30, 0x2c, 0x30, 0x2c, 0x30, 0x6c, 0x30, 0x2c, 0x30, 0x2c, 0x30, 0x2c, 0x30, 0x73, 0x30, 0x2c,
    0x30, 0x2c, 0x30, 0x2c, 0x30, 0x2c, 0x30, 0x2c, 0x30, 0x2c, 0x30, 0x2c, 0x30, 0x6c, 0x30, 0x2c,
    0x30, 0x61, 0x2e, 0x30, 0x38, 0x2e, 0x30, 0x38, 0x2c, 0x30, 0x2c, 0x30, 0x2c, 0x31, 0x2c, 0x30,
    0x2c, 0x30, 0x6c, 0x30, 0x2c, 0x30, 0x73, 0x30, 0x2c, 0x30, 0x2c, 0x30, 0x2c, 0x30, 0x61, 0x2e,
    0x30, 0x38, 0x2e, 0x30, 0x38, 0x2c, 0x30, 0x2c, 0x30, 0x2c, 0x30, 0x2c, 0x30, 0x2c, 0x30, 0x6c,
    0x30, 0x2c, 0x30, 0x2c, 0x30, 0x2c, 0x30, 0x2c, 0x30, 0x2c, 0x30, 0x2c, 0x30, 0x2c, 0x30, 0x61,
    0x2e, 0x30, 0x38, 0x2e, 0x30, 0x38, 0x2c, 0x30, 0x2c, 0x30, 0x2c, 0x30, 0x2c, 0x30, 0x2c, 0x30,
    0x6c, 0x30, 0x2c, 0x30, 0x2c, 0x30, 0x2c, 0x30, 0x2c, 0x30, 0x2c, 0x30, 0x73, 0x30, 0x2c, 0x30,
    0x2c, 0x30, 0x2c, 0x30, 0x2c, 0x30, 0x2c, 0x30, 0x2c, 0x30, 0x2c, 0x30, 0x2c, 0x30, 0x2c, 0x30,
    0x2c, 0x30, 0x2c, 0x30, 0x6c, 0x30, 0x2c, 0x30, 0x2c, 0x30, 0x2c, 0x30, 0x73, 0x30, 0x2c, 0x30,
    0x2c, 0x30, 0x2c, 0x30, 0x61, 0x2e, 0x30, 0x38, 0x2e, 0x30, 0x38, 0x2c, 0x30, 0x2c, 0x30, 0x2c,
    0x30, 0x2c, 0x30, 0x2c, 0x30, 0x6c, 0x30, 0x2c, 0x30, 0x2c, 0x30, 0x2c, 0x30, 0x2c, 0x30, 0x2c,
    0x30, 0x41, 0x31, 0x2e, 0x37, 0x38, 0x2c, 0x31, 0x2e, 0x37, 0x38, 0x2c, 0x30, 0x2c, 0x30, 0x2c,
    0x30, 0x2c, 0x34, 0x32, 0x2c, 0x31, 0x38, 0x2e, 0x31, 0x33, 0x48, 0x33, 0x31, 0x2e, 0x36, 0x36,
    0x41, 0x31, 0x2e, 0x38, 0x31, 0x2c, 0x31, 0x2e, 0x38, 0x31, 0x2c, 0x30, 0x2c, 0x30, 0x2c, 0x30,
    0x2c, 0x33, 0x31, 0x2e, 0x34, 0x2c, 0x31, 0x36, 0x6c, 0x30, 0x2c, 0x30, 0x2c, 0x30, 0x2c, 0x30,
    0x2c, 0x30, 0x2c, 0x30, 0x73, 0x30, 0x2c, 0x30, 0x2c, 0x30, 0x2c, 0x30, 0x68, 0x30, 0x76, 0x30,
    0x6c, 0x30, 0x2c, 0x30, 0x76, 0x30, 0x6c, 0x30, 0x2c, 0x30, 0x73, 0x30, 0x2c, 0x30, 0x2c, 0x30,
    0x2c, 0x30, 0x6c, 0x30, 0x2c, 0x30, 0x73, 0x30, 0x2c, 0x30, 0x2c, 0x30, 0x2c, 0x30, 0x6c, 0x30,
    0x2c, 0x30, 0x2c, 0x30, 0x2c, 0x30, 0x68, 0x30, 0x76, 0x30, 0x6c, 0x30, 0x2c, 0x30, 0x76, 0x30,
    0x6c, 0x30, 0x2c, 0x30, 0x76, 0x30, 0x6c, 0x30, 0x2c, 0x30, 0x73, 0x30, 0x2c, 0x30, 0x2c, 0x30,
    0x2c, 0x30, 0x2c, 0x30, 0x2c, 0x30, 0x2c, 0x30, 0x2c, 0x30, 0x2c, 0x30, 0x2c, 0x30, 0x2c, 0x30,
    0x2c, 0x30, 0x6c, 0x30, 0x2c, 0x30, 0x68, 0x30, 0x6c, 0x30, 0x2c, 0x30, 0x76, 0x30, 0x6c, 0x30,
    0x2c, 0x30, 0x76, 0x30, 0x6c, 0x30, 0x2c, 0x30, 0x2c, 0x30, 0x2c, 0x30, 0x2c, 0x30, 0x2c, 0x30,
    0x2c, 0x30, 0x2c, 0x30, 0x2c, 0x30, 0x2c, 0x30, 0x68, 0x30, 0x61, 0x30, 0x2c, 0x30, 0x2c, 0x30,
    0x2c, 0x30, 0x2c, 0x30, 0x2c, 0x30, 0x2c, 0x30, 0x76, 0x30, 0x6c, 0x30, 0x2c, 0x30, 0x76, 0x30,
    0x73, 0x30, 0x2c, 0x30, 0x2c, 0x30, 0x2c, 0x30, 0x2c, 0x30, 0x2c, 0x30, 0x2c, 0x30, 0x2c, 0x30,
    0x6c, 0x30, 0x2c, 0x30, 0x2c, 0x30, 0x2c, 0x30, 0x2c, 0x30, 0x2c, 0x30, 0x68, 0x30, 0x61, 0x30,
    0x2c, 0x30, 0x2c, 0x30, 0x2c, 0x30, 0x2c, 0x30, 0x2c, 0x30, 0x2c, 0x30, 0x76, 0x30, 0x6c, 0x30,
    0x2c, 0x30, 0x73, 0x30, 0x2c, 0x30, 0x2c, 0x30, 0x2c, 0x30, 0x6c, 0x30, 0x2c, 0x30, 0x2c, 0x30,
    0x2c, 0x30, 0x2c, 0x30, 0x2c, 0x30, 0x73, 0x30, 0x2c, 0x30, 0x2c, 0x30, 0x2c, 0x30, 0x6c, 0x30,
    0x2c, 0x30, 0x68, 0x30, 0x61, 0x30, 0x2c, 0x30, 0x2c, 0x30, 0x2c, 0x30, 0x2c, 0x30, 0x2c, 0x30,
    0x2c, 0x30, 0x76, 0x30, 0x6c, 0x30, 0x2c, 0x30, 0x76, 0x30, 0x6c, 0x30, 0x2c, 0x30, 0x2c, 0x30,
    0x2c, 0x30, 0x2c, 0x30, 0x2c, 0x30, 0x2c, 0x30, 0x2c, 0x30, 0x2c, 0x30, 0x2c, 0x30, 0x68, 0x30,
    0x6c, 0x30, 0x2c, 0x30, 0x61, 0x30, 0x2c, 0x30, 0x2c, 0x30, 0x2c, 0x30, 0x2c, 0x30, 0x2c, 0x30,
    0x2c, 0x30, 0x6c, 0x30, 0x2c, 0x30, 0x76, 0x30, 0x6c, 0x30, 0x2c, 0x30, 0x73, 0x30, 0x2c, 0x30,
    0x2c, 0x30, 0x2c, 0x30, 0x6c, 0x30, 0x2c, 0x30, 0x2c, 0x30, 0x2c, 0x30, 0x2c, 0x30, 0x2c, 0x30,
    0x68, 0x30, 0x61, 0x30, 0x2c, 0x30, 0x2c, 0x30, 0x2c, 0x30, 0x2c, 0x30, 0x2c, 0x30, 0x2c, 0x30,
    0x76, 0x30, 0x6c, 0x30, 0x2c, 0x30, 0x76, 0x30, 0x6c, 0x30, 0x2c, 0x30, 0x2c, 0x30, 0x2c, 0x30,
    0x2c, 0x30, 0x2c, 0x30, 0x73, 0x30, 0x2c, 0x30, 0x2c, 0x30, 0x2c, 0x30, 0x2c, 0x30, 0x2c, 0x30,
    0x2c, 0x30, 0x2c, 0x30, 0x6c, 0x30, 0x2c, 0x30, 0x68, 0x30, 0x76, 0x30, 0x6c, 0x30, 0x2c, 0x30,
    0x76, 0x30, 0x6c, 0x30, 0x2c, 0x30, 0x76, 0x30, 0x6c, 0x30, 0x2c, 0x30, 0x2c, 0x30, 0x2c, 0x30,
    0x2c, 0x30, 0x2c, 0x30, 0x2c, 0x30, 0x2c, 0x30, 0x2c, 0x30, 0x2c, 0x30, 0x61, 0x30, 0x2c, 0x30,
    0x2c, 0x30, 0x2c, 0x30, 0x2c, 0x31, 0x2c, 0x30, 0x2c, 0x30, 0x6c, 0x30, 0x2c, 0x30, 0x76, 0x30,
    0x6c, 0x30, 0x2c, 0x30, 0x76, 0x30, 0x61, 0x31, 0x2e, 0x38, 0x31, 0x2c, 0x31, 0x2e, 0x38, 0x31,
    0x2c, 0x30, 0x2c, 0x30, 0x2c, 0x30, 0x2d, 0x32, 0x2e, 0x35, 0x32, 0x2c, 0x30, 0x6c, 0x2d, 0x34,
    0x2e, 0x36, 0x2c, 0x34, 0x2e, 0x36, 0x31, 0x61, 0x31, 0x2e, 0x37, 0x37, 0x2c, 0x31, 0x2e, 0x37,
    0x37, 0x2c, 0x30, 0x2c, 0x30, 0x2c, 0x30, 0x2c, 0x30, 0x2c, 0x32, 0x2e, 0x35, 0x31, 0x6c, 0x34,
    0x2e, 0x36, 0x31, 0x2c, 0x34, 0x2e, 0x36, 0x32, 0x68, 0x30, 0x6c, 0x30, 0x2c, 0x30, 0x68, 0x30,
    0x6c, 0x30, 0x2c, 0x30, 0x68, 0x30, 0x6c, 0x30, 0x2c, 0x30, 0x68, 0x30, 0x6c, 0x30, 0x2c, 0x30,
    0x68, 0x30, 0x6c, 0x30, 0x2c, 0x30, 0x68, 0x30, 0x6c, 0x30, 0x2c, 0x30, 0x68, 0x30, 0x6c, 0x30,
    0x2c, 0x30, 0x68, 0x30, 0x6c, 0x30, 0x2c, 0x30, 0x68, 0x30, 0x6c, 0x30, 0x2c, 0x30, 0x68, 0x30,
    0x6c, 0x30, 0x2c, 0x30, 0x68, 0x30, 0x6c, 0x30, 0x2c, 0x30, 0x68, 0x30, 0x6c, 0x30, 0x2c, 0x30,
    0x68, 0x30, 0x6c, 0x30, 0x2c, 0x30, 0x68, 0x30, 0x6c, 0x30, 0x2c, 0x30, 0x68, 0x30, 0x6c, 0x30,
    0x2c, 0x30, 0x68, 0x30, 0x6c, 0x30, 0x2c, 0x30, 0x68, 0x30, 0x6c, 0x30, 0x2c, 0x30, 0x68, 0x30,
    0x6c, 0x30, 0x2c, 0x30, 0x68, 0x30, 0x6c, 0x30, 0x2c, 0x30, 0x68, 0x30, 0x6c, 0x30, 0x2c, 0x30,
    0x68, 0x30, 0x6c, 0x30, 0x2c, 0x30, 0x68, 0x30, 0x6c, 0x30, 0x2c, 0x30, 0x68, 0x30, 0x6c, 0x30,
    0x2c, 0x30, 0x68, 0x30, 0x6c, 0x30, 0x2c, 0x30, 0x68, 0x30, 0x6c, 0x30, 0x2c, 0x30, 0x68, 0x30,
    0x6c, 0x30, 0x2c, 0x30, 0x68, 0x30, 0x6c, 0x30, 0x2c, 0x30, 0x68, 0x30, 0x6c, 0x30, 0x2c, 0x30,
    0x68, 0x30, 0x6c, 0x30, 0x2c, 0x30, 0x68, 0x30, 0x6c, 0x30, 0x2c, 0x30, 0x68, 0x30, 0x6c, 0x30,
    0x2c, 0x30, 0x68, 0x30, 0x6c, 0x30, 0x2c, 0x30, 0x68, 0x30, 0x6c, 0x30, 0x2c, 0x30, 0x68, 0x30,
    0x6c, 0x30, 0x2c, 0x30, 0x68, 0x30, 0x6c, 0x30, 0x2c, 0x30, 0x68, 0x30, 0x6c, 0x30, 0x2c, 0x30,
    0x68, 0x30, 0x6c, 0x30, 0x2c, 0x30, 0x68, 0x30, 0x6c, 0x30, 0x2c, 0x30, 0x68, 0x30, 0x6c, 0x30,
    0x2c, 0x30, 0x68, 0x30, 0x6c, 0x30, 0x2c, 0x30, 0x68, 0x30, 0x6c, 0x30, 0x2c, 0x30, 0x68, 0x30,
    0x6c, 0x30, 0x2c, 0x30, 0x68, 0x30, 0x6c, 0x30, 0x2c, 0x30, 0x68, 0x30, 0x6c, 0x30, 0x2c, 0x30,
    0x68, 0x30, 0x6c, 0x30, 0x2c, 0x30, 0x68, 0x30, 0x6c, 0x30, 0x2c, 0x30, 0x68, 0x30, 0x6c, 0x30,
    0x2c, 0x30, 0x68, 0x30, 0x6c, 0x30, 0x2c, 0x30, 0x68, 0x30, 0x6c, 0x30, 0x2c, 0x30, 0x68, 0x30,
    0x6c, 0x30, 0x2c, 0x30, 0x68, 0x30, 0x6c, 0x30, 0x2c, 0x30, 0x61, 0x31, 0x2e, 0x38, 0x31, 0x2c,
    0x31, 0x2e, 0x38, 0x31, 0x2c, 0x30, 0x2c, 0x30, 0x2c, 0x30, 0x2c, 0x32, 0x2e, 0x34, 0x39, 0x2c,
    0x30, 0x2c, 0x31, 0x2e, 0x37, 0x37, 0x2c, 0x31, 0x2e, 0x37, 0x37, 0x2c, 0x30, 0x2c, 0x30, 0x2c,
    0x30, 0x2c, 0x30, 0x2d, 0x32, 0x2e, 0x35, 0x32, 0x6c, 0x2d, 0x31, 0x2e, 0x35, 0x39, 0x2d, 0x31,
    0x2e, 0x35, 0x39, 0x48, 0x34, 0x30, 0x2e, 0x32, 0x35, 0x56, 0x35, 0x30, 0x2e, 0x39, 0x32, 0x48,
    0x32, 0x30, 0x56, 0x34, 0x37, 0x2e, 0x33, 0x36, 0x61, 0x31, 0x2e, 0x38, 0x31, 0x2c, 0x31, 0x2e,
    0x38, 0x31, 0x2c, 0x30, 0x2c, 0x30, 0x2c, 0x30, 0x2d, 0x2e, 0x35, 0x34, 0x2d, 0x31, 0x2e, 0x32,
    0x38, 0x6c, 0x30, 0x2c, 0x30, 0x2c, 0x30, 0x2c, 0x30, 0x2c, 0x30, 0x2c, 0x30, 0x2c, 0x30, 0x2c,
    0x30, 0x2c, 0x30, 0x2c, 0x30, 0x2c, 0x30, 0x2c, 0x30, 0x2c, 0x30, 0x2c, 0x30, 0x2c, 0x30, 0x2c,
    0x30, 0x73, 0x30, 0x2c, 0x30, 0x2c, 0x30, 0x2c, 0x30, 0x6c, 0x30, 0x2c, 0x30, 0x2c, 0x30, 0x2c,
    0x30, 0x2c, 0x30, 0x2c, 0x30, 0x2c, 0x30, 0x2c, 0x30, 0x2c, 0x30, 0x2c, 0x30, 0x2c, 0x30, 0x2c,
    0x30, 0x2c, 0x30, 0x2c, 0x30, 0x2c, 0x30, 0x2c, 0x30, 0x2c, 0x30, 0x2c, 0x30, 0x2c, 0x30, 0x2c,
    0x30, 0x2c, 0x30, 0x2c, 0x30, 0x2c, 0x30, 0x2c, 0x30, 0x2c, 0x30, 0x2c, 0x30, 0x2c, 0x30, 0x2c,
    0x30, 0x73, 0x30, 0x2c, 0x30, 0x2c, 0x30, 0x2c, 0x30, 0x6c, 0x30, 0x2c, 0x30, 0x2c, 0x30, 0x2c,
    0x30, 0x2c, 0x30, 0x2c, 0x30, 0x2c, 0x30, 0x2c, 0x30, 0x2c, 0x30, 0x2c, 0x30, 0x2c, 0x30, 0x2c,
    0x30, 0x2c, 0x30, 0x2c, 0x30, 0x2c, 0x30, 0x2c, 0x30, 0x2c, 0x30, 0x2c, 0x30, 0x2c, 0x30, 0x2c,
    0x30, 0x2c, 0x30, 0x2c, 0x30, 0x2c, 0x30, 0x2c, 0x30, 0x2c, 0x30, 0x2c, 0x30, 0x73, 0x30, 0x2c,
    0x30, 0x2c, 0x30, 0x2c, 0x30, 0x2c, 0x30, 0x2c, 0x30, 0x2c, 0x30, 0x2c, 0x30, 0x6c, 0x30, 0x2c,
    0x30, 0x2c, 0x30, 0x2c, 0x30, 0x2c, 0x30, 0x2c, 0x30, 0x2c, 0x30, 0x2c, 0x30, 0x2c, 0x30, 0x2c,
    0x30, 0x2c, 0x30, 0x2c, 0x30, 0x2c, 0x30, 0x2c, 0x30, 0x2c, 0x30, 0x2c, 0x30, 0x2c, 0x30, 0x2c,
    0x30, 0x2c, 0x30, 0x2c, 0x30, 0x2c, 0x30, 0x2c, 0x30, 0x61, 0x31, 0x2e, 0x37, 0x37, 0x2c, 0x31,
    0x2e, 0x37, 0x37, 0x2c, 0x30, 0x2c, 0x30, 0x2c, 0x30, 0x2d, 0x31, 0x2e, 0x32, 0x37, 0x2d, 0x2e,
    0x35, 0x34, 0x48, 0x31, 0x2e, 0x37, 0x38, 0x41, 0x31, 0x2e, 0x37, 0x38, 0x2c, 0x31, 0x2e, 0x37,
    0x38, 0x2c, 0x30, 0x2c, 0x30, 0x2c, 0x30, 0x2c, 0x30, 0x2c, 0x34, 0x35, 0x2e, 0x34, 0x32, 0x56,
    0x36, 0x30, 0x61, 0x31, 0x2e, 0x37, 0x37, 0x2c, 0x31, 0x2e, 0x37, 0x37, 0x2c, 0x30, 0x2c, 0x30,
    0x2c, 0x30, 0x2c, 0x2e, 0x35, 0x34, 0x2c, 0x31, 0x2e, 0x32, 0x37, 0x6c, 0x30, 0x2c, 0x30, 0x73,
    0x30, 0x2c, 0x30, 0x2c, 0x30, 0x2c, 0x30, 0x61, 0x2e, 0x30, 0x38, 0x2e, 0x30, 0x38, 0x2c, 0x30,
    0x2c, 0x30, 0x2c, 0x30, 0x2c, 0x30, 0x2c, 0x30, 0x6c, 0x30, 0x2c, 0x30, 0x2c, 0x30, 0x2c, 0x30,
    0x73, 0x30, 0x2c, 0x30, 0x2c, 0x30, 0x2c, 0x30, 0x6c, 0x30, 0x2c, 0x30, 0x2c, 0x30, 0x2c, 0x30,
    0x2c, 0x30, 0x2c, 0x30, 0x73, 0x30, 0x2c, 0x30, 0x2c, 0x30, 0x2c, 0x30, 0x2c, 0x30, 0x2c, 0x30,
    0x2c, 0x30, 0x2c, 0x30, 0x6c, 0x30, 0x2c, 0x30, 0x2c, 0x30, 0x2c, 0x30, 0x2c, 0x30, 0x2c, 0x30,
    0x73, 0x30, 0x2c, 0x30, 0x2c, 0x30, 0x2c, 0x30, 0x6c, 0x30, 0x2c, 0x30, 0x2c, 0x30, 0x2c, 0x30,
    0x61, 0x2e, 0x30, 0x38, 0x2e, 0x30, 0x38, 0x2c, 0x30, 0x2c, 0x30, 0x2c, 0x30, 0x2c, 0x30, 0x2c,
    0x30, 0x6c, 0x30, 0x2c, 0x30, 0x2c, 0x30, 0x2c, 0x30, 0x73, 0x30, 0x2c, 0x30, 0x2c, 0x30, 0x2c,
    0x30, 0x6c, 0x30, 0x2c, 0x30, 0x2c, 0x30, 0x2c, 0x30, 0x2c, 0x30, 0x2c, 0x30, 0x2c, 0x30, 0x2c,
    0x30, 0x73, 0x30, 0x2c, 0x30, 0x2c, 0x30, 0x2c, 0x30, 0x6c, 0x30, 0x2c, 0x30, 0x61, 0x2e, 0x30,
    0x38, 0x2e, 0x30, 0x38, 0x2c, 0x30, 0x2c, 0x30, 0x2c, 0x30, 0x2c, 0x30, 0x2c, 0x30, 0x2c, 0x2e,
    0x30, 0x38, 0x2e, 0x30, 0x38, 0x2c, 0x30, 0x2c, 0x30, 0x2c, 0x30, 0x2c, 0x30, 0x2c, 0x30, 0x6c,
    0x30, 0x2c, 0x30, 0x61, 0x2e, 0x30, 0x38, 0x2e, 0x30, 0x38, 0x2c, 0x30, 0x2c, 0x30, 0x2c, 0x31,
    0x2c, 0x30, 0x2c, 0x30, 0x6c, 0x30, 0x2c, 0x30, 0x73, 0x30, 0x2c, 0x30, 0x2c, 0x30, 0x2c, 0x30,
    0x6c, 0x30, 0x2c, 0x30, 0x2c, 0x30, 0x2c, 0x30, 0x61, 0x2e, 0x30, 0x38, 0x2e, 0x30, 0x38, 0x2c,
    0x30, 0x2c, 0x30, 0x2c, 0x31, 0x2c, 0x30, 0x2c, 0x30, 0x6c, 0x30, 0x2c, 0x30, 0x2c, 0x30, 0x2c,
    0x30, 0x2c, 0x30, 0x2c, 0x30, 0x2c, 0x30, 0x2c, 0x30, 0x61, 0x2e, 0x30, 0x38, 0x2e, 0x30, 0x38,
    0x2c, 0x30, 0x2c, 0x30, 0x2c, 0x31, 0x2c, 0x30, 0x2c, 0x30, 0x6c, 0x30, 0x2c, 0x30, 0x2c, 0x30,
    0x2c, 0x30, 0x61, 0x2e, 0x30, 0x38, 0x2e, 0x30, 0x38, 0x2c, 0x30, 0x2c, 0x30, 0x2c, 0x30, 0x2c,
    0x30, 0x2c, 0x30, 0x6c, 0x30, 0x2c, 0x30, 0x2c, 0x30, 0x2c, 0x30, 0x2c, 0x30, 0x2c, 0x30, 0x2c,
    0x30, 0x2c, 0x30, 0x61, 0x2e, 0x30, 0x38, 0x2e, 0x30, 0x38, 0x2c, 0x30, 0x2c, 0x30, 0x2c, 0x30,
    0x2c, 0x30, 0x2c, 0x30, 0x6c, 0x30, 0x2c, 0x30, 0x61, 0x31, 0x2e, 0x38, 0x2c, 0x31, 0x2e, 0x38,
    0x2c, 0x30, 0x2c, 0x30, 0x2c, 0x30, 0x2c, 0x31, 0x2e, 0x32, 0x37, 0x2e, 0x35, 0x34, 0x48, 0x31,
    0x38, 0x2e, 0x32, 0x36, 0x41, 0x31, 0x2e, 0x37, 0x38, 0x2c, 0x31, 0x2e, 0x37, 0x38, 0x2c, 0x30,
    0x2c, 0x30, 0x2c, 0x30, 0x2c, 0x32, 0x30, 0x2c, 0x36, 0x31, 0x2e, 0x39, 0x33, 0x56, 0x35, 0x36,
    0x2e, 0x34, 0x32, 0x48, 0x34, 0x34, 0x61, 0x31, 0x2e, 0x37, 0x38, 0x2c, 0x31, 0x2e, 0x37, 0x38,
    0x2c, 0x30, 0x2c, 0x30, 0x2c, 0x30, 0x2c, 0x31, 0x2e, 0x37, 0x38, 0x2d, 0x31, 0x2e, 0x37, 0x37,
    0x56, 0x32, 0x31, 0x2e, 0x38, 0x35, 0x41, 0x31, 0x2e, 0x37, 0x37, 0x2c, 0x31, 0x2e, 0x37, 0x37,
    0x2c, 0x30, 0x2c, 0x30, 0x2c, 0x30, 0x2c, 0x34, 0x35, 0x2e, 0x32, 0x31, 0x2c, 0x32, 0x30, 0x2e,
    0x35, 0x38, 0x5a, 0x22, 0x20, 0x73, 0x74, 0x79, 0x6c, 0x65, 0x3d, 0x22, 0x66, 0x69, 0x6c, 0x6c,
    0x3a, 0x23, 0x35, 0x38, 0x35, 0x39, 0x35, 0x62, 0x22, 0x2f, 0x3e, 0x3c, 0x70, 0x61, 0x74, 0x68,
    0x20, 0x64, 0x3d, 0x22, 0x4d, 0x31, 0x2e, 0x37, 0x38, 0x2c, 0x33, 0x39, 0x2e, 0x39, 0x34, 0x48,
    0x31, 0x36, 0x2e, 0x33, 0x32, 0x61, 0x31, 0x2e, 0x37, 0x38, 0x2c, 0x31, 0x2e, 0x37, 0x38, 0x2c,
    0x30, 0x2c, 0x30, 0x2c, 0x30, 0x2c, 0x31, 0x2e, 0x37, 0x38, 0x2d, 0x31, 0x2e, 0x37, 0x38, 0x56,
    0x32, 0x33, 0x2e, 0x36, 0x61, 0x31, 0x2e, 0x37, 0x39, 0x2c, 0x31, 0x2e, 0x37, 0x39, 0x2c, 0x30,
    0x2c, 0x30, 0x2c, 0x30, 0x2d, 0x31, 0x2e, 0x37, 0x38, 0x2d, 0x31, 0x2e, 0x37, 0x38, 0x48, 0x31,
    0x2e, 0x37, 0x38, 0x41, 0x31, 0x2e, 0x37, 0x39, 0x2c, 0x31, 0x2e, 0x37, 0x39, 0x2c, 0x30, 0x2c,
    0x30, 0x2c, 0x30, 0x2c, 0x30, 0x2c, 0x32, 0x33, 0x2e, 0x36, 0x56, 0x33, 0x38, 0x2e, 0x31, 0x36,
    0x61, 0x31, 0x2e, 0x37, 0x38, 0x2c, 0x31, 0x2e, 0x37, 0x38, 0x2c, 0x30, 0x2c, 0x30, 0x2c, 0x30,
    0x2c, 0x31, 0x2e, 0x37, 0x38, 0x2c, 0x31, 0x2e, 0x37, 0x38, 0x22, 0x20, 0x73, 0x74, 0x79, 0x6c,
    0x65, 0x3d, 0x22, 0x66, 0x69, 0x6c, 0x6c, 0x3a, 0x75, 0x72, 0x6c, 0x28, 0x23, 0x53, 0x70, 0x65,
    0x63, 0x74, 0x72, 0x75, 0x6d, 0x5f, 0x29, 0x22, 0x2f, 0x3e, 0x3c, 0x70, 0x61, 0x74, 0x68, 0x20,
    0x64, 0x3d, 0x22, 0x4d, 0x31, 0x2e, 0x37, 0x38, 0x2c, 0x31, 0x38, 0x2e, 0x31, 0x31, 0x48, 0x31,
    0x36, 0x2e, 0x33, 0x32, 0x61, 0x31, 0x2e, 0x37, 0x38, 0x2c, 0x31, 0x2e, 0x37, 0x38, 0x2c, 0x30,
    0x2c, 0x30, 0x2c, 0x30, 0x2c, 0x31, 0x2e, 0x37, 0x38, 0x2d, 0x31, 0x2e, 0x37, 0x37, 0x56, 0x31,
    0x2e, 0x37, 0x38, 0x41, 0x31, 0x2e, 0x37, 0x38, 0x2c, 0x31, 0x2e, 0x37, 0x38, 0x2c, 0x30, 0x2c,
    0x30, 0x2c, 0x30, 0x2c, 0x31, 0x36, 0x2e, 0x33, 0x32, 0x2c, 0x30, 0x48, 0x31, 0x2e, 0x37, 0x38,
    0x41, 0x31, 0x2e, 0x37, 0x38, 0x2c, 0x31, 0x2e, 0x37, 0x38, 0x2c, 0x30, 0x2c, 0x30, 0x2c, 0x30,
    0x2c, 0x30, 0x2c, 0x31, 0x2e, 0x37, 0x38, 0x56, 0x31, 0x36, 0x2e, 0x33, 0x32, 0x61, 0x31, 0x2e,
    0x37, 0x39, 0x2c, 0x31, 0x2e, 0x37, 0x39, 0x2c, 0x30, 0x2c, 0x30, 0x2c, 0x30, 0x2c, 0x31, 0x2e,
    0x37, 0x38, 0x2c, 0x31, 0x2e, 0x37, 0x39, 0x22, 0x20, 0x73, 0x74, 0x79, 0x6c, 0x65, 0x3d, 0x22,
    0x66, 0x69, 0x6c, 0x6c, 0x3a, 0x75, 0x72, 0x6c, 0x28, 0x23, 0x53, 0x70, 0x65, 0x63, 0x74, 0x72,
    0x75, 0x6d, 0x5f, 0x32, 0x29, 0x22, 0x2f, 0x3e, 0x3c, 0x70, 0x61, 0x74, 0x68, 0x20, 0x64, 0x3d,
    0x22, 0x4d, 0x34, 0x32, 0x2c, 0x31, 0x38, 0x2e, 0x31, 0x33, 0x48, 0x32, 0x37, 0x2e, 0x38, 0x37,
    0x6c, 0x31, 0x2e, 0x35, 0x38, 0x2d, 0x31, 0x2e, 0x35, 0x38, 0x61, 0x31, 0x2e, 0x37, 0x39, 0x2c,
    0x31, 0x2e, 0x37, 0x39, 0x2c, 0x30, 0x2c, 0x30, 0x2c, 0x30, 0x2c, 0x30, 0x2d, 0x32, 0x2e, 0x35,
    0x31, 0x2c, 0x31, 0x2e, 0x38, 0x31, 0x2c, 0x31, 0x2e, 0x38, 0x31, 0x2c, 0x30, 0x2c, 0x30, 0x2c,
    0x30, 0x2d, 0x32, 0x2e, 0x35, 0x32, 0x2c, 0x30, 0x6c, 0x2d, 0x34, 0x2e, 0x36, 0x2c, 0x34, 0x2e,
    0x36, 0x31, 0x61, 0x31, 0x2e, 0x37, 0x37, 0x2c, 0x31, 0x2e, 0x37, 0x37, 0x2c, 0x30, 0x2c, 0x30,
    0x2c, 0x30, 0x2c, 0x30, 0x2c, 0x32, 0x2e, 0x35, 0x31, 0x6c, 0x34, 0x2e, 0x36, 0x31, 0x2c, 0x34,
    0x2e, 0x36, 0x32, 0x61, 0x31, 0x2e, 0x38, 0x31, 0x2c, 0x31, 0x2e, 0x38, 0x31, 0x2c, 0x30, 0x2c,
    0x30, 0x2c, 0x30, 0x2c, 0x32, 0x2e, 0x34, 0x39, 0x2c, 0x30, 0x2c, 0x31, 0x2e, 0x37, 0x37, 0x2c,
    0x31, 0x2e, 0x37, 0x37, 0x2c, 0x30, 0x2c, 0x30, 0x2c, 0x30, 0x2c, 0x30, 0x2d, 0x32, 0x2e, 0x35,
    0x32, 0x6c, 0x2d, 0x31, 0x2e, 0x35, 0x39, 0x2d, 0x31, 0x2e, 0x35, 0x39, 0x68, 0x31, 0x32, 0x2e,
    0x34, 0x56, 0x35, 0x30, 0x2e, 0x39, 0x32, 0x48, 0x31, 0x38, 0x2e, 0x31, 0x76, 0x2d, 0x35, 0x2e,
    0x35, 0x61, 0x31, 0x2e, 0x37, 0x38, 0x2c, 0x31, 0x2e, 0x37, 0x38, 0x2c, 0x30, 0x2c, 0x30, 0x2c,
    0x30, 0x2d, 0x31, 0x2e, 0x37, 0x38, 0x2d, 0x31, 0x2e, 0x37, 0x38, 0x48, 0x31, 0x2e, 0x37, 0x38,
    0x41, 0x31, 0x2e, 0x37, 0x38, 0x2c, 0x31, 0x2e, 0x37, 0x38, 0x2c, 0x30, 0x2c, 0x30, 0x2c, 0x30,
    0x2c, 0x30, 0x2c, 0x34, 0x35, 0x2e, 0x34, 0x32, 0x56, 0x36, 0x30, 0x61, 0x31, 0x2e, 0x37, 0x38,
    0x2c, 0x31, 0x2e, 0x37, 0x38, 0x2c, 0x30, 0x2c, 0x30, 0x2c, 0x30, 0x2c, 0x31, 0x2e, 0x37, 0x38,
    0x2c, 0x31, 0x2e, 0x37, 0x37, 0x48, 0x31, 0x36, 0x2e, 0x33, 0x32, 0x41, 0x31, 0x2e, 0x37, 0x38,
    0x2c, 0x31, 0x2e, 0x37, 0x38, 0x2c, 0x30, 0x2c, 0x30, 0x2c, 0x30, 0x2c, 0x31, 0x38, 0x2e, 0x31,
    0x2c, 0x36, 0x30, 0x56, 0x35, 0x34, 0x2e, 0x34, 0x38, 0x48, 0x34, 0x32, 0x61, 0x31, 0x2e, 0x37,
    0x38, 0x2c, 0x31, 0x2e, 0x37, 0x38, 0x2c, 0x30, 0x2c, 0x30, 0x2c, 0x30, 0x2c, 0x31, 0x2e, 0x37,
    0x38, 0x2d, 0x31, 0x2e, 0x37, 0x37, 0x56, 0x31, 0x39, 0x2e, 0x39, 0x31, 0x41, 0x31, 0x2e, 0x37,
    0x38, 0x2c, 0x31, 0x2e, 0x37, 0x38, 0x2c, 0x30, 0x2c, 0x30, 0x2c, 0x30, 0x2c, 0x34, 0x32, 0x2c,
    0x31, 0x38, 0x2e, 0x31, 0x33, 0x5a, 0x22, 0x20, 0x73, 0x74, 0x79, 0x6c, 0x65, 0x3d, 0x22, 0x66,
    0x69, 0x6c, 0x6c, 0x3a, 0x75, 0x72, 0x6c, 0x28, 0x23, 0x53, 0x70, 0x65, 0x63, 0x74, 0x72, 0x75,
    0x6d, 0x5f, 0x33, 0x29, 0x22, 0x2f, 0x3e, 0x3c, 0x2f, 0x73, 0x76, 0x67, 0x3e,
};
static const size_t main_toolbar_display_elements_svg_len = 5213;

static const unsigned char main_toolbar_effects_svg[] = {
    0x3c, 0x73, 0x76, 0x67, 0x20, 0x69, 0x64, 0x3d, 0x22, 0x4c, 0x61, 0x79, 0x65, 0x72, 0x5f, 0x31,
    0x22, 0x20, 0x64, 0x61, 0x74, 0x61, 0x2d, 0x6e, 0x61, 0x6d, 0x65, 0x3d, 0x22, 0x4c, 0x61, 0x79,
    0x65, 0x72, 0x20, 0x31, 0x22, 0x20, 0x78, 0x6d, 0x6c, 0x6e, 0x73, 0x3d, 0x22, 0x68, 0x74, 0x74,
    0x70, 0x3a, 0x2f, 0x2f, 0x77, 0x77, 0x77, 0x2e, 0x77, 0x33, 0x2e, 0x6f, 0x72, 0x67, 0x2f, 0x32,
    0x30, 0x30, 0x30, 0x2f, 0x73, 0x76, 0x67, 0x22, 0x20, 0x78, 0x6d, 0x6c, 0x6e, 0x73, 0x3a, 0x78,
    0x6c, 0x69, 0x6e, 0x6b, 0x3d, 0x22, 0x68, 0x74, 0x74, 0x70, 0x3a, 0x2f, 0x2f, 0x77, 0x77, 0x77,
    0x2e, 0x77, 0x33, 0x2e, 0x6f, 0x72, 0x67, 0x2f, 0x31, 0x39, 0x39, 0x39, 0x2f, 0x78, 0x6c, 0x69,
    0x6e, 0x6b, 0x22, 0x20, 0x76, 0x69, 0x65, 0x77, 0x42, 0x6f, 0x78, 0x3d, 0x22, 0x30, 0x20, 0x30,
    0x20, 0x36, 0x33, 0x2e, 0x38, 0x37, 0x20, 0x35, 0x35, 0x2e, 0x34, 0x32, 0x22, 0x3e, 0x3c, 0x64,
    0x65, 0x66, 0x73, 0x3e, 0x3c, 0x6c, 0x69, 0x6e, 0x65, 0x61, 0x72, 0x47, 0x72, 0x61, 0x64, 0x69,
    0x65, 0x6e, 0x74, 0x20, 0x69, 0x64, 0x3d, 0x22, 0x53, 0x70, 0x65, 0x63, 0x74, 0x72, 0x75, 0x6d,
    0x5f, 0x22, 0x20, 0x78, 0x31, 0x3d, 0x22, 0x2d, 0x36, 0x31, 0x39, 0x2e, 0x38, 0x38, 0x22, 0x20,
    0x79, 0x31, 0x3d, 0x22, 0x32, 0x36, 0x2e, 0x37, 0x34, 0x22, 0x20, 0x78, 0x32, 0x3d, 0x22, 0x36,
    0x31, 0x2e, 0x31, 0x32, 0x22, 0x20, 0x79, 0x32, 0x3d, 0x22, 0x32, 0x36, 0x2e, 0x37, 0x34, 0x22,
    0x20, 0x67, 0x72, 0x61, 0x64, 0x69, 0x65, 0x6e, 0x74, 0x55, 0x6e, 0x69, 0x74, 0x73, 0x3d, 0x22,
    0x75, 0x73, 0x65, 0x72, 0x53, 0x70, 0x61, 0x63, 0x65, 0x4f, 0x6e, 0x55, 0x73, 0x65, 0x22, 0x3e,
    0x3c, 0x73, 0x74, 0x6f, 0x70, 0x20, 0x6f, 0x66, 0x66, 0x73, 0x65, 0x74, 0x3d, 0x22, 0x30, 0x22,
    0x20, 0x73, 0x74, 0x6f, 0x70, 0x2d, 0x63, 0x6f, 0x6c, 0x6f, 0x72, 0x3d, 0x22, 0x23, 0x30, 0x30,
    0x61, 0x38, 0x64, 0x65, 0x22, 0x2f, 0x3e, 0x3c, 0x73, 0x74, 0x6f, 0x70, 0x20, 0x6f, 0x66, 0x66,
    0x73, 0x65, 0x74, 0x3d, 0x22, 0x30, 0x2e, 0x32, 0x22, 0x20, 0x73, 0x74, 0x6f, 0x70, 0x2d, 0x63,
    0x6f, 0x6c, 0x6f, 0x72, 0x3d, 0x22, 0x23, 0x33, 0x33, 0x33, 0x33, 0x39, 0x31, 0x22, 0x2f, 0x3e,
    0x3c, 0x73, 0x74, 0x6f, 0x70, 0x20, 0x6f, 0x66, 0x66, 0x73, 0x65, 0x74, 0x3d, 0x22, 0x30, 0x2e,
    0x34, 0x22, 0x20, 0x73, 0x74, 0x6f, 0x70, 0x2d, 0x63, 0x6f, 0x6c, 0x6f, 0x72, 0x3d, 0x22, 0x23,
    0x65, 0x39, 0x31, 0x33, 0x38, 0x38, 0x22, 0x2f, 0x3e, 0x3c, 0x73, 0x74, 0x6f, 0x70, 0x20, 0x6f,
    0x66, 0x66, 0x73, 0x65, 0x74, 0x3d, 0x22, 0x30, 0x2e, 0x36, 0x22, 0x20, 0x73, 0x74, 0x6f, 0x70,
    0x2d, 0x63, 0x6f, 0x6c, 0x6f, 0x72, 0x3d, 0x22, 0x23, 0x65, 0x62, 0x32, 0x64, 0x32, 0x65, 0x22,
    0x2f, 0x3e, 0x3c, 0x73, 0x74, 0x6f, 0x70, 0x20, 0x6f, 0x66, 0x66, 0x73, 0x65, 0x74, 0x3d, 0x22,
    0x30, 0x2e, 0x38, 0x22, 0x20, 0x73, 0x74, 0x6f, 0x70, 0x2d, 0x63, 0x6f, 0x6c, 0x6f, 0x72, 0x3d,
    0x22, 0x23, 0x66, 0x64, 0x65, 0x39, 0x32, 0x62, 0x22, 0x2f, 0x3e, 0x3c, 0x73, 0x74, 0x6f, 0x70,
    0x20, 0x6f, 0x66, 0x66, 0x73, 0x65, 0x74, 0x3d, 0x22, 0x31, 0x22, 0x20, 0x73, 0x74, 0x6f, 0x70,
    0x2d, 0x63, 0x6f, 0x6c, 0x6f, 0x72, 0x3d, 0x22, 0x23, 0x30, 0x30, 0x39, 0x65, 0x35, 0x34, 0x22,
    0x2f, 0x3e, 0x3c, 0x2f, 0x6c, 0x69, 0x6e, 0x65, 0x61, 0x72, 0x47, 0x72, 0x61, 0x64, 0x69, 0x65,
    0x6e, 0x74, 0x3e, 0x3c, 0x6c, 0x69, 0x6e, 0x65, 0x61, 0x72, 0x47, 0x72, 0x61, 0x64, 0x69, 0x65,
    0x6e, 0x74, 0x20, 0x69, 0x64, 0x3d, 0x22, 0x53, 0x70, 0x65, 0x63, 0x74, 0x72, 0x75, 0x6d, 0x5f,
    0x32, 0x22, 0x20, 0x78, 0x31, 0x3d, 0x22, 0x2d, 0x36, 0x31, 0x39, 0x2e, 0x38, 0x38, 0x22, 0x20,
    0x79, 0x31, 0x3d, 0x22, 0x32, 0x30, 0x2e, 0x35, 0x37, 0x22, 0x20, 0x78, 0x32, 0x3d, 0x22, 0x36,
    0x31, 0x2e, 0x31, 0x32, 0x22, 0x20, 0x79, 0x32, 0x3d, 0x22, 0x32, 0x30, 0x2e, 0x35, 0x37, 0x22,
    0x20, 0x78, 0x6c, 0x69, 0x6e, 0x6b, 0x3a, 0x68, 0x72, 0x65, 0x66, 0x3d, 0x22, 0x23, 0x53, 0x70,
    0x65, 0x63, 0x74, 0x72, 0x75, 0x6d, 0x5f, 0x22, 0x2f, 0x3e, 0x3c, 0x6c, 0x69, 0x6e, 0x65, 0x61,
    0x72, 0x47, 0x72, 0x61, 0x64, 0x69, 0x65, 0x6e, 0x74, 0x20, 0x69, 0x64, 0x3d, 0x22, 0x53, 0x70,
    0x65, 0x63, 0x74, 0x72, 0x75, 0x6d, 0x5f, 0x33, 0x22, 0x20, 0x78, 0x31, 0x3d, 0x22, 0x2d, 0x36,
    0x31, 0x39, 0x2e, 0x38, 0x38, 0x22, 0x20, 0x79, 0x31, 0x3d, 0x22, 0x32, 0x30, 0x2e, 0x35, 0x37,
    0x22, 0x20, 0x78, 0x32, 0x3d, 0x22, 0x36, 0x31, 0x2e, 0x31, 0x32, 0x22, 0x20, 0x79, 0x32, 0x3d,
    0x22, 0x32, 0x30, 0x2e, 0x35, 0x37, 0x22, 0x20, 0x78, 0x6c, 0x69, 0x6e, 0x6b, 0x3a, 0x68, 0x72,
    0x65, 0x66, 0x3d, 0x22, 0x23, 0x53, 0x70, 0x65, 0x63, 0x74, 0x72, 0x75, 0x6d, 0x5f, 0x22, 0x2f,
    0x3e, 0x3c, 0x6c, 0x69, 0x6e, 0x65, 0x61, 0x72, 0x47, 0x72, 0x61, 0x64, 0x69, 0x65, 0x6e, 0x74,
    0x20, 0x69, 0x64, 0x3d, 0x22, 0x53, 0x70, 0x65, 0x63, 0x74, 0x72, 0x75, 0x6d, 0x5f, 0x34, 0x22,
    0x20, 0x78, 0x31, 0x3d, 0x22, 0x2d, 0x36, 0x31, 0x39, 0x2e, 0x38, 0x38, 0x22, 0x20, 0x79, 0x31,
    0x3d, 0x22, 0x32, 0x30, 0x2e, 0x35, 0x37, 0x22, 0x20, 0x78, 0x32, 0x3d, 0x22, 0x36, 0x31, 0x2e,
    0x31, 0x32, 0x22, 0x20, 0x79, 0x32, 0x3d, 0x22, 0x32, 0x30, 0x2e, 0x35, 0x37, 0x22, 0x20, 0x78,
    0x6c, 0x69, 0x6e, 0x6b, 0x3a, 0x68, 0x72, 0x65, 0x66, 0x3d, 0x22, 0x23, 0x53, 0x70, 0x65, 0x63,
    0x74, 0x72, 0x75, 0x6d, 0x5f, 0x22, 0x2f, 0x3e, 0x3c, 0x6c, 0x69, 0x6e, 0x65, 0x61, 0x72, 0x47,
    0x72, 0x61, 0x64, 0x69, 0x65, 0x6e, 0x74, 0x20, 0x69, 0x64, 0x3d, 0x22, 0x53, 0x70, 0x65, 0x63,
    0x74, 0x72, 0x75, 0x6d, 0x5f, 0x35, 0x22, 0x20, 0x78, 0x31, 0x3d, 0x22, 0x2d, 0x36, 0x31, 0x39,
    0x2e, 0x38, 0x38, 0x22, 0x20, 0x79, 0x31, 0x3d, 0x22, 0x32, 0x36, 0x2e, 0x35, 0x34, 0x22, 0x20,
    0x78, 0x32, 0x3d, 0x22, 0x36, 0x31, 0x2e, 0x31, 0x32, 0x22, 0x20, 0x79, 0x32, 0x3d, 0x22, 0x32,
    0x36, 0x2e, 0x35, 0x34, 0x22, 0x20, 0x78, 0x6c, 0x69, 0x6e, 0x6b, 0x3a, 0x68, 0x72, 0x65, 0x66,
    0x3d, 0x22, 0x23, 0x53, 0x70, 0x65, 0x63, 0x74, 0x72, 0x75, 0x6d, 0x5f, 0x22, 0x2f, 0x3e, 0x3c,
    0x6c, 0x69, 0x6e, 0x65, 0x61, 0x72, 0x47, 0x72, 0x61, 0x64, 0x69, 0x65, 0x6e, 0x74, 0x20, 0x69,
    0x64, 0x3d, 0x22, 0x53, 0x70, 0x65, 0x63, 0x74, 0x72, 0x75, 0x6d, 0x5f, 0x36, 0x22, 0x20, 0x78,
    0x31, 0x3d, 0x22, 0x2d, 0x36, 0x31, 0x39, 0x2e, 0x38, 0x38, 0x22, 0x20, 0x79, 0x31, 0x3d, 0x22,
    0x32, 0x36, 0x2e, 0x35, 0x34, 0x22, 0x20, 0x78, 0x32, 0x3d, 0x22, 0x36, 0x31, 0x2e, 0x31, 0x32,
    0x22, 0x20, 0x79, 0x32, 0x3d, 0x22, 0x32, 0x36, 0x2e, 0x35, 0x34, 0x22, 0x20, 0x78, 0x6c, 0x69,
    0x6e, 0x6b, 0x3a, 0x68, 0x72, 0x65, 0x66, 0x3d, 0x22, 0x23, 0x53, 0x70, 0x65, 0x63, 0x74, 0x72,
    0x75, 0x6d, 0x5f, 0x22, 0x2f, 0x3e, 0x3c, 0x6c, 0x69, 0x6e, 0x65, 0x61, 0x72, 0x47, 0x72, 0x61,
    0x64, 0x69, 0x65, 0x6e, 0x74, 0x20, 0x69, 0x64, 0x3d, 0x22, 0x53, 0x70, 0x65, 0x63, 0x74, 0x72,
    0x75, 0x6d, 0x5f, 0x37, 0x22, 0x20, 0x78, 0x31, 0x3d, 0x22, 0x2d, 0x36, 0x31, 0x39, 0x2e, 0x38,
    0x38, 0x22, 0x20, 0x79, 0x31, 0x3d, 0x22, 0x32, 0x36, 0x2e, 0x35, 0x34, 0x22, 0x20, 0x78, 0x32,
    0x3d, 0x22, 0x36, 0x31, 0x2e, 0x31, 0x32, 0x22, 0x20, 0x79, 0x32, 0x3d, 0x22, 0x32, 0x36, 0x2e,
    0x35, 0x34, 0x22, 0x20, 0x78, 0x6c, 0x69, 0x6e, 0x6b, 0x3a, 0x68, 0x72, 0x65, 0x66, 0x3d, 0x22,
    0x23, 0x53, 0x70, 0x65, 0x63, 0x74, 0x72, 0x75, 0x6d, 0x5f, 0x22, 0x2f, 0x3e, 0x3c, 0x6c, 0x69,
    0x6e, 0x65, 0x61, 0x72, 0x47, 0x72, 0x61, 0x64, 0x69, 0x65, 0x6e, 0x74, 0x20, 0x69, 0x64, 0x3d,
    0x22, 0x53, 0x70, 0x65, 0x63, 0x74, 0x72, 0x75, 0x6d, 0x5f, 0x38, 0x22, 0x20, 0x78, 0x31, 0x3d,
    0x22, 0x2d, 0x36, 0x31, 0x39, 0x2e, 0x38, 0x38, 0x22, 0x20, 0x79, 0x31, 0x3d, 0x22, 0x33, 0x32,
    0x2e, 0x35, 0x31, 0x22, 0x20, 0x78, 0x32, 0x3d, 0x22, 0x36, 0x31, 0x2e, 0x31, 0x32, 0x22, 0x20,
    0x79, 0x32, 0x3d, 0x22, 0x33, 0x32, 0x2e, 0x35, 0x31, 0x22, 0x20, 0x78, 0x6c, 0x69, 0x6e, 0x6b,
    0x3a, 0x68, 0x72, 0x65, 0x66, 0x3d, 0x22, 0x23, 0x53, 0x70, 0x65, 0x63, 0x74, 0x72, 0x75, 0x6d,
    0x5f, 0x22, 0x2f, 0x3e, 0x3c, 0x6c, 0x69, 0x6e, 0x65, 0x61, 0x72, 0x47, 0x72, 0x61, 0x64, 0x69,
    0x65, 0x6e, 0x74, 0x20, 0x69, 0x64, 0x3d, 0x22, 0x53, 0x70, 0x65, 0x63, 0x74, 0x72, 0x75, 0x6d,
    0x5f, 0x39, 0x22, 0x20, 0x78, 0x31, 0x3d, 0x22, 0x2d, 0x36, 0x31, 0x39, 0x2e, 0x38, 0x38, 0x22,
    0x20, 0x79, 0x31, 0x3d, 0x22, 0x33, 0x32, 0x2e, 0x35, 0x31, 0x22, 0x20, 0x78, 0x32, 0x3d, 0x22,
    0x36, 0x31, 0x2e, 0x31, 0x32, 0x22, 0x20, 0x79, 0x32, 0x3d, 0x22, 0x33, 0x32, 0x2e, 0x35, 0x31,
    0x22, 0x20, 0x78, 0x6c, 0x69, 0x6e, 0x6b, 0x3a, 0x68, 0x72, 0x65, 0x66, 0x3d, 0x22, 0x23, 0x53,
    0x70, 0x65, 0x63, 0x74, 0x72, 0x75, 0x6d, 0x5f, 0x22, 0x2f, 0x3e, 0x3c, 0x6c, 0x69, 0x6e, 0x65,
    0x61, 0x72, 0x47, 0x72, 0x61, 0x64, 0x69, 0x65, 0x6e, 0x74, 0x20, 0x69, 0x64, 0x3d, 0x22, 0x53,
    0x70, 0x65, 0x63, 0x74, 0x72, 0x75, 0x6d, 0x5f, 0x31, 0x30, 0x22, 0x20, 0x78, 0x31, 0x3d, 0x22,
    0x2d, 0x36, 0x31, 0x39, 0x2e, 0x38, 0x38, 0x22, 0x20, 0x79, 0x31, 0x3d, 0x22, 0x33, 0x32, 0x2e,
    0x35, 0x31, 0x22, 0x20, 0x78, 0x32, 0x3d, 0x22, 0x36, 0x31, 0x2e, 0x31, 0x32, 0x22, 0x20, 0x79,
    0x32, 0x3d, 0x22, 0x33, 0x32, 0x2e, 0x35, 0x31, 0x22, 0x20, 0x78, 0x6c, 0x69, 0x6e, 0x6b, 0x3a,
    0x68, 0x72, 0x65, 0x66, 0x3d, 0x22, 0x23, 0x53, 0x70, 0x65, 0x63, 0x74, 0x72, 0x75, 0x6d, 0x5f,
    0x22, 0x2f, 0x3e, 0x3c, 0x2f, 0x64, 0x65, 0x66, 0x73, 0x3e, 0x3c, 0x70, 0x61, 0x74, 0x68, 0x20,
    0x64, 0x3d, 0x22, 0x4d, 0x36, 0x33, 0x2e, 0x36, 0x32, 0x2c, 0x33, 0x33, 0x2e, 0x34, 0x32, 0x6c,
    0x2d, 0x2e, 0x30, 0x36, 0x2c, 0x30, 0x68, 0x30, 0x6c, 0x2d, 0x2e, 0x30, 0x36, 0x2c, 0x30, 0x68,
    0x30, 0x6c, 0x2d, 0x2e, 0x30, 0x36, 0x2c, 0x30, 0x68, 0x30, 0x6c, 0x2d, 0x2e, 0x30, 0x36, 0x2c,
    0x30, 0x68, 0x30, 0x6c, 0x2d, 0x2e, 0x30, 0x36, 0x2c, 0x30, 0x68, 0x30, 0x6c, 0x2d, 0x2e, 0x30,
    0x36, 0x2c, 0x30, 0x68, 0x30, 0x6c, 0x2d, 0x2e, 0x30, 0x36, 0x2c, 0x30, 0x68, 0x30, 0x6c, 0x2d,
    0x2e, 0x30, 0x36, 0x2c, 0x30, 0x68, 0x30, 0x6c, 0x2d, 0x2e, 0x30, 0x37, 0x2c, 0x30, 0x68, 0x30,
    0x6c, 0x2d, 0x2e, 0x30, 0x36, 0x2c, 0x30, 0x68, 0x30, 0x6c, 0x2d, 0x2e, 0x30, 0x36, 0x2c, 0x30,
    0x68, 0x30, 0x6c, 0x2d, 0x2e, 0x30, 0x36, 0x2c, 0x30, 0x68, 0x30, 0x6c, 0x2d, 0x2e, 0x30, 0x36,
    0x2c, 0x30, 0x68, 0x30, 0x6c, 0x2d, 0x2e, 0x30, 0x36, 0x2c, 0x30, 0x68, 0x30, 0x6c, 0x2d, 0x2e,
    0x30, 0x36, 0x2c, 0x30, 0x68, 0x30, 0x6c, 0x2d, 0x2e, 0x30, 0x36, 0x2c, 0x30, 0x68, 0x30, 0x6c,
    0x2d, 0x2e, 0x30, 0x36, 0x2c, 0x30, 0x68, 0x30, 0x6c, 0x30, 0x2c, 0x30, 0x68, 0x30, 0x6c, 0x2d,
    0x2e, 0x30, 0x36, 0x2c, 0x30, 0x68, 0x30, 0x6c, 0x2d, 0x2e, 0x30, 0x36, 0x2c, 0x30, 0x68, 0x30,
    0x6c, 0x2d, 0x2e, 0x30, 0x36, 0x2c, 0x30, 0x68, 0x30, 0x6c, 0x2d, 0x2e, 0x30, 0x36, 0x2c, 0x30,
    0x68, 0x30, 0x6c, 0x2d, 0x2e, 0x30, 0x35, 0x2c, 0x30, 0x68, 0x30, 0x6c, 0x2d, 0x2e, 0x30, 0x36,
    0x2c, 0x30, 0x68, 0x30, 0x6c, 0x2d, 0x2e, 0x30, 0x36, 0x2c, 0x30, 0x68, 0x30, 0x6c, 0x2d, 0x2e,
    0x30, 0x36, 0x2c, 0x30, 0x68, 0x30, 0x6c, 0x2d, 0x2e, 0x30, 0x35, 0x2c, 0x30, 0x68, 0x30, 0x6c,
    0x2d, 0x2e, 0x30, 0x36, 0x2c, 0x30, 0x68, 0x30, 0x6c, 0x2d, 0x2e, 0x30, 0x36, 0x2c, 0x30, 0x68,
    0x30, 0x6c, 0x2d, 0x2e, 0x30, 0x36, 0x2c, 0x30, 0x68, 0x30, 0x6c, 0x2d, 0x2e, 0x30, 0x36, 0x2c,
    0x30, 0x68, 0x30, 0x6c, 0x30, 0x2c, 0x30, 0x68, 0x30, 0x6c, 0x2d, 0x2e, 0x30, 0x36, 0x2c, 0x30,
    0x68, 0x30, 0x6c, 0x2d, 0x2e, 0x30, 0x36, 0x2c, 0x30, 0x68, 0x30, 0x6c, 0x2d, 0x2e, 0x30, 0x36,
    0x2c, 0x30, 0x68, 0x30, 0x6c, 0x2d, 0x2e, 0x30, 0x36, 0x2c, 0x30, 0x68, 0x30, 0x6c, 0x2d, 0x2e,
    0x30, 0x36, 0x2c, 0x30, 0x68, 0x30, 0x6c, 0x2d, 0x2e, 0x30, 0x36, 0x2c, 0x30, 0x68, 0x30, 0x6c,
    0x2d, 0x2e, 0x30, 0x36, 0x2c, 0x30, 0x68, 0x30, 0x6c, 0x2d, 0x2e, 0x30, 0x36, 0x2c, 0x30, 0x68,
    0x30, 0x6c, 0x2d, 0x2e, 0x30, 0x36, 0x2c, 0x30, 0x68, 0x30, 0x6c, 0x2d, 0x2e, 0x30, 0x36, 0x2c,
    0x30, 0x68, 0x30, 0x6c, 0x2d, 0x2e, 0x30, 0x36, 0x2c, 0x30, 0x68, 0x30, 0x6c, 0x2d, 0x2e, 0x30,
    0x36, 0x2c, 0x30, 0x68, 0x30, 0x6c, 0x2d, 0x2e, 0x30, 0x36, 0x2c, 0x30, 0x68, 0x30, 0x6c, 0x2d,
    0x2e, 0x30, 0x36, 0x2c, 0x30, 0x68, 0x30, 0x6c, 0x2d, 0x2e, 0x30, 0x36, 0x2c, 0x30, 0x68, 0x30,
    0x6c, 0x2d, 0x2e, 0x30, 0x36, 0x2c, 0x30, 0x68, 0x30, 0x6c, 0x2d, 0x2e, 0x30, 0x36, 0x2c, 0x30,
    0x68, 0x30, 0x6c, 0x30, 0x2c, 0x30, 0x68, 0x30, 0x6c, 0x2d, 0x33, 0x2e, 0x39, 0x34, 0x2d, 0x32,
    0x2e, 0x32, 0x39, 0x41, 0x31, 0x39, 0x2e, 0x37, 0x33, 0x2c, 0x31, 0x39, 0x2e, 0x37, 0x33, 0x2c,
    0x30, 0x2c, 0x30, 0x2c, 0x31, 0x2c, 0x35, 0x36, 0x2c, 0x32, 0x38, 0x2e, 0x30, 0x36, 0x61, 0x31,
    0x2e, 0x37, 0x2c, 0x31, 0x2e, 0x37, 0x2c, 0x30, 0x2c, 0x30, 0x2c, 0x31, 0x2d, 0x2e, 0x32, 0x34,
    0x2d, 0x2e, 0x37, 0x32, 0x63, 0x2d, 0x2e, 0x30, 0x37, 0x2d, 0x31, 0x2e, 0x31, 0x32, 0x2c, 0x31,
    0x2e, 0x33, 0x34, 0x2d, 0x32, 0x2e, 0x37, 0x38, 0x2c, 0x34, 0x2e, 0x31, 0x39, 0x2d, 0x34, 0x2e,
    0x39, 0x33, 0x6c, 0x33, 0x2e, 0x39, 0x34, 0x2d, 0x33, 0x68, 0x2d, 0x2e, 0x30, 0x39, 0x6c, 0x30,
    0x2c, 0x30, 0x68, 0x2d, 0x2e, 0x30, 0x39, 0x6c, 0x30, 0x2c, 0x30, 0x48, 0x36, 0x33, 0x2e, 0x37,
    0x6c, 0x30, 0x2c, 0x30, 0x68, 0x2d, 0x2e, 0x30, 0x39, 0x6c, 0x2e, 0x30, 0x36, 0x2c, 0x30, 0x68,
    0x2d, 0x2e, 0x30, 0x39, 0x6c, 0x30, 0x2c, 0x30, 0x68, 0x2d, 0x2e, 0x30, 0x39, 0x6c, 0x30, 0x2c,
    0x30, 0x68, 0x2d, 0x2e, 0x30, 0x39, 0x6c, 0x2e, 0x30, 0x35, 0x2c, 0x30, 0x68, 0x2d, 0x2e, 0x30,
    0x39, 0x6c, 0x2e, 0x30, 0x36, 0x2c, 0x30, 0x68, 0x2d, 0x2e, 0x30, 0x39, 0x6c, 0x2e, 0x30, 0x35,
    0x2c, 0x30, 0x68, 0x2d, 0x2e, 0x30, 0x39, 0x6c, 0x2e, 0x30, 0x35, 0x2c, 0x30, 0x48, 0x36, 0x33,
    0x2e, 0x34, 0x6c, 0x2e, 0x30, 0x35, 0x2c, 0x30, 0x68, 0x2d, 0x2e, 0x30, 0x39, 0x6c, 0x2e, 0x30,
    0x36, 0x2c, 0x30, 0x68, 0x2d, 0x2e, 0x30, 0x39, 0x6c, 0x2e, 0x30, 0x35, 0x2c, 0x30, 0x68, 0x2d,
    0x2e, 0x30, 0x39, 0x6c, 0x2e, 0x30, 0x35, 0x2c, 0x30, 0x68, 0x2d, 0x2e, 0x30, 0x39, 0x6c, 0x30,
    0x2c, 0x30, 0x68, 0x2d, 0x2e, 0x30, 0x39, 0x6c, 0x30, 0x2c, 0x30, 0x68, 0x2d, 0x2e, 0x30, 0x39,
    0x6c, 0x2e, 0x30, 0x36, 0x2c, 0x30, 0x68, 0x2d, 0x2e, 0x30, 0x39, 0x6c, 0x30, 0x2c, 0x30, 0x48,
    0x36, 0x33, 0x2e, 0x31, 0x6c, 0x30, 0x2c, 0x30, 0x68, 0x2d, 0x2e, 0x30, 0x39, 0x6c, 0x30, 0x2c,
    0x30, 0x48, 0x36, 0x33, 0x6c, 0x2e, 0x30, 0x36, 0x2c, 0x30, 0x48, 0x36, 0x33, 0x6c, 0x30, 0x2c,
    0x30, 0x48, 0x36, 0x33, 0x6c, 0x30, 0x2c, 0x30, 0x68, 0x2d, 0x2e, 0x30, 0x39, 0x6c, 0x2e, 0x30,
    0x35, 0x2c, 0x30, 0x68, 0x2d, 0x2e, 0x30, 0x39, 0x6c, 0x2e, 0x30, 0x35, 0x2c, 0x30, 0x68, 0x2d,
    0x2e, 0x30, 0x39, 0x6c, 0x2e, 0x30, 0x36, 0x2c, 0x30, 0x48, 0x36, 0x32, 0x2e, 0x38, 0x6c, 0x2e,
    0x30, 0x35, 0x2c, 0x30, 0x68, 0x2d, 0x2e, 0x30, 0x39, 0x6c, 0x2e, 0x30, 0x35, 0x2c, 0x30, 0x68,
    0x2d, 0x2e, 0x30, 0x39, 0x6c, 0x2e, 0x30, 0x35, 0x2c, 0x30, 0x68, 0x2d, 0x2e, 0x30, 0x39, 0x6c,
    0x30, 0x2c, 0x30, 0x68, 0x2d, 0x2e, 0x30, 0x39, 0x6c, 0x2e, 0x30, 0x36, 0x2c, 0x30, 0x68, 0x2d,
    0x2e, 0x30, 0x39, 0x6c, 0x30, 0x2c, 0x30, 0x68, 0x2d, 0x2e, 0x30, 0x39, 0x6c, 0x30, 0x2c, 0x30,
    0x68, 0x2d, 0x2e, 0x30, 0x39, 0x6c, 0x30, 0x2c, 0x30, 0x68, 0x2d, 0x2e, 0x30, 0x39, 0x6c, 0x2e,
    0x30, 0x36, 0x2c, 0x30, 0x68, 0x2d, 0x2e, 0x31, 0x6c, 0x2e, 0x30, 0x36, 0x2c, 0x30, 0x68, 0x2d,
    0x2e, 0x30, 0x39, 0x6c, 0x30, 0x2c, 0x30, 0x68, 0x2d, 0x2e, 0x30, 0x39, 0x6c, 0x30, 0x2c, 0x30,
    0x68, 0x2d, 0x2e, 0x30, 0x39, 0x6c, 0x30, 0x2c, 0x30, 0x48, 0x36, 0x32, 0x2e, 0x33, 0x6c, 0x2e,
    0x30, 0x36, 0x2c, 0x30, 0x68, 0x2d, 0x2e, 0x30, 0x39, 0x6c, 0x30, 0x2c, 0x30, 0x68, 0x2d, 0x2e,
    0x30, 0x39, 0x6c, 0x2e, 0x30, 0x35, 0x2c, 0x30, 0x68, 0x2d, 0x2e, 0x30, 0x39, 0x6c, 0x2e, 0x30,
    0x35, 0x2c, 0x30, 0x68, 0x2d, 0x2e, 0x30, 0x39, 0x6c, 0x2e, 0x30, 0x36, 0x2c, 0x30, 0x68, 0x2d,
    0x2e, 0x30, 0x39, 0x6c, 0x2e, 0x30, 0x35, 0x2c, 0x30, 0x68, 0x2d, 0x2e, 0x30, 0x39, 0x6c, 0x2e,
    0x30, 0x35, 0x2c, 0x30, 0x48, 0x36, 0x32, 0x6c, 0x2e, 0x30, 0x35, 0x2c, 0x30, 0x48, 0x36, 0x32,
    0x6c, 0x30, 0x2d, 0x2e, 0x30, 0x35, 0x48, 0x36, 0x32, 0x6c, 0x2e, 0x30, 0x36, 0x2c, 0x30, 0x68,
    0x2d, 0x2e, 0x30, 0x39, 0x6c, 0x30, 0x2c, 0x30, 0x68, 0x2d, 0x2e, 0x30, 0x39, 0x6c, 0x30, 0x2c,
    0x30, 0x4c, 0x35, 0x37, 0x2c, 0x31, 0x37, 0x2e, 0x35, 0x39, 0x68, 0x2d, 0x2e, 0x36, 0x36, 0x63,
    0x2d, 0x2e, 0x35, 0x33, 0x2c, 0x30, 0x2d, 0x31, 0x2c, 0x30, 0x2d, 0x31, 0x2e, 0x33, 0x38, 0x2c,
    0x30, 0x61, 0x31, 0x38, 0x2e, 0x37, 0x37, 0x2c, 0x31, 0x38, 0x2e, 0x37, 0x37, 0x2c, 0x30, 0x2c,
    0x30, 0x2c, 0x31, 0x2c, 0x31, 0x2e, 0x34, 0x32, 0x2d, 0x31, 0x2e, 0x39, 0x32, 0x4c, 0x36, 0x30,
    0x2e, 0x32, 0x31, 0x2c, 0x31, 0x31, 0x6c, 0x2d, 0x2e, 0x31, 0x2c, 0x30, 0x2c, 0x2e, 0x30, 0x36,
    0x2d, 0x2e, 0x30, 0x37, 0x2d, 0x2e, 0x31, 0x2c, 0x30, 0x2c, 0x2e, 0x30, 0x37, 0x2d, 0x2e, 0x30,
    0x37, 0x4c, 0x36, 0x30, 0x2c, 0x31, 0x31, 0x6c, 0x2e, 0x30, 0x36, 0x2d, 0x2e, 0x30, 0x38, 0x2d,
    0x2e, 0x31, 0x2c, 0x30, 0x2c, 0x2e, 0x30, 0x36, 0x2d, 0x2e, 0x30, 0x38, 0x2d, 0x2e, 0x31, 0x2c,
    0x30, 0x4c, 0x36, 0x30, 0x2c, 0x31, 0x30, 0x2e, 0x38, 0x6c, 0x2d, 0x2e, 0x31, 0x2c, 0x30, 0x2c,
    0x2e, 0x30, 0x36, 0x2d, 0x2e, 0x30, 0x37, 0x2d, 0x2e, 0x31, 0x2c, 0x30, 0x2c, 0x2e, 0x30, 0x37,
    0x2d, 0x2e, 0x30, 0x38, 0x2d, 0x2e, 0x31, 0x2c, 0x30, 0x2c, 0x2e, 0x30, 0x36, 0x2d, 0x2e, 0x30,
    0x38, 0x2d, 0x2e, 0x31, 0x2c, 0x30, 0x2c, 0x2e, 0x30, 0x36, 0x2d, 0x2e, 0x30, 0x38, 0x2d, 0x2e,
    0x31, 0x2c, 0x30, 0x2c, 0x2e, 0x30, 0x36, 0x2d, 0x2e, 0x30, 0x37, 0x2d, 0x2e, 0x31, 0x2c, 0x30,
    0x2c, 0x2e, 0x30, 0x37, 0x2d, 0x2e, 0x30, 0x37, 0x2d, 0x2e, 0x31, 0x2c, 0x30, 0x2c, 0x2e, 0x30,
    0x36, 0x2d, 0x2e, 0x30, 0x38, 0x2d, 0x2e, 0x31, 0x2c, 0x30, 0x2c, 0x2e, 0x30, 0x36, 0x2d, 0x2e,
    0x30, 0x38, 0x2d, 0x2e, 0x31, 0x2c, 0x30, 0x2c, 0x2e, 0x30, 0x36, 0x2d, 0x2e, 0x30, 0x37, 0x2d,
    0x2e, 0x31, 0x2c, 0x30, 0x2c, 0x2e, 0x30, 0x36, 0x2d, 0x2e, 0x30, 0x37, 0x2d, 0x2e, 0x31, 0x2c,
    0x30, 0x2c, 0x2e, 0x30, 0x37, 0x2d, 0x2e, 0x30, 0x38, 0x2d, 0x2e, 0x31, 0x2c, 0x30, 0x2c, 0x2e,
    0x30, 0x36, 0x2d, 0x2e, 0x30, 0x38, 0x2d, 0x2e, 0x31, 0x2c, 0x30, 0x2c, 0x2e, 0x30, 0x36, 0x2d,
    0x2e, 0x30, 0x38, 0x2d, 0x2e, 0x31, 0x2c, 0x30, 0x2c, 0x2e, 0x30, 0x36, 0x2d, 0x2e, 0x30, 0x37,
    0x2d, 0x2e, 0x31, 0x2c, 0x30, 0x2c, 0x2e, 0x30, 0x37, 0x2d, 0x2e, 0x30, 0x37, 0x2d, 0x2e, 0x31,
    0x2c, 0x30, 0x2c, 0x2e, 0x30, 0x36, 0x2d, 0x2e, 0x30, 0x38, 0x2d, 0x2e, 0x31, 0x2c, 0x30, 0x2c,
    0x2e, 0x30, 0x36, 0x2d, 0x2e, 0x30, 0x38, 0x2d, 0x2e, 0x31, 0x2c, 0x30, 0x2c, 0x2e, 0x30, 0x36,
    0x2d, 0x2e, 0x30, 0x37, 0x2d, 0x2e, 0x31, 0x2c, 0x30, 0x2c, 0x2e, 0x30, 0x36, 0x2d, 0x2e, 0x30,
    0x37, 0x2d, 0x2e, 0x31, 0x2c, 0x30, 0x2c, 0x2e, 0x30, 0x37, 0x2d, 0x2e, 0x30, 0x38, 0x2d, 0x2e,
    0x31, 0x2c, 0x30, 0x2c, 0x2e, 0x30, 0x36, 0x2d, 0x2e, 0x30, 0x38, 0x2d, 0x2e, 0x31, 0x2c, 0x30,
    0x2c, 0x2e, 0x30, 0x36, 0x2d, 0x2e, 0x30, 0x38, 0x2d, 0x2e, 0x31, 0x2c, 0x30, 0x2c, 0x2e, 0x30,
    0x36, 0x2d, 0x2e, 0x30, 0x37, 0x2d, 0x2e, 0x31, 0x2c, 0x30, 0x2c, 0x2e, 0x30, 0x36, 0x2d, 0x2e,
    0x30, 0x37, 0x2d, 0x2e, 0x31, 0x2c, 0x30, 0x2c, 0x2e, 0x30, 0x37, 0x2d, 0x2e, 0x30, 0x38, 0x2d,
    0x2e, 0x31, 0x2c, 0x30, 0x4c, 0x35, 0x39, 0x2c, 0x39, 0x2e, 0x38, 0x31, 0x6c, 0x2d, 0x2e, 0x31,
    0x2c, 0x30, 0x4c, 0x35, 0x39, 0x2c, 0x39, 0x2e, 0x37, 0x38, 0x6c, 0x2d, 0x2e, 0x31, 0x2c, 0x30,
    0x4c, 0x35, 0x39, 0x2c, 0x39, 0x2e, 0x37, 0x34, 0x6c, 0x2d, 0x2e, 0x31, 0x2c, 0x30, 0x2c, 0x2e,
    0x30, 0x37, 0x2d, 0x2e, 0x30, 0x38, 0x2d, 0x2e, 0x31, 0x2c, 0x30, 0x2c, 0x2e, 0x30, 0x36, 0x2d,
    0x2e, 0x30, 0x38, 0x2d, 0x2e, 0x31, 0x2c, 0x30, 0x2c, 0x2e, 0x30, 0x36, 0x2d, 0x2e, 0x30, 0x38,
    0x2d, 0x2e, 0x31, 0x2c, 0x30, 0x2c, 0x2e, 0x30, 0x36, 0x2d, 0x2e, 0x30, 0x37, 0x2d, 0x2e, 0x31,
    0x2c, 0x30, 0x2c, 0x2e, 0x30, 0x36, 0x2d, 0x2e, 0x30, 0x37, 0x2d, 0x2e, 0x31, 0x2c, 0x30, 0x2c,
    0x2e, 0x30, 0x37, 0x2d, 0x2e, 0x30, 0x38, 0x2d, 0x2e, 0x31, 0x2c, 0x30, 0x2c, 0x2e, 0x30, 0x36,
    0x2d, 0x2e, 0x30, 0x38, 0x2d, 0x2e, 0x31, 0x2c, 0x30, 0x2c, 0x2e, 0x30, 0x36, 0x2d, 0x2e, 0x30,
    0x37, 0x2d, 0x2e, 0x31, 0x2c, 0x30, 0x2c, 0x2e, 0x30, 0x36, 0x2d, 0x2e, 0x30, 0x37, 0x2d, 0x2e,
    0x31, 0x2c, 0x30, 0x2c, 0x2e, 0x30, 0x37, 0x2d, 0x2e, 0x30, 0x37, 0x2d, 0x2e, 0x31, 0x2c, 0x30,
    0x2c, 0x2e, 0x30, 0x36, 0x2d, 0x2e, 0x30, 0x38, 0x2d, 0x2e, 0x31, 0x2c, 0x30, 0x2c, 0x2e, 0x30,
    0x36, 0x2d, 0x2e, 0x30, 0x38, 0x2d, 0x2e, 0x31, 0x2c, 0x30, 0x2c, 0x2e, 0x30, 0x36, 0x2d, 0x2e,
    0x30, 0x37, 0x2d, 0x2e, 0x31, 0x2c, 0x30, 0x2c, 0x2e, 0x30, 0x36, 0x2d, 0x2e, 0x30, 0x37, 0x2d,
    0x2e, 0x31, 0x2c, 0x30, 0x2c, 0x2e, 0x30, 0x37, 0x2d, 0x2e, 0x30, 0x38, 0x2d, 0x2e, 0x31, 0x2c,
    0x30, 0x2c, 0x2e, 0x30, 0x36, 0x2d, 0x2e, 0x30, 0x38, 0x2d, 0x2e, 0x31, 0x2c, 0x30, 0x2c, 0x2e,
    0x30, 0x36, 0x2d, 0x2e, 0x30, 0x38, 0x2d, 0x2e, 0x31, 0x2c, 0x30, 0x2c, 0x2e, 0x30, 0x36, 0x2d,
    0x2e, 0x30, 0x37, 0x2d, 0x35, 0x2e, 0x36, 0x33, 0x2c, 0x32, 0x2e, 0x31, 0x33, 0x43, 0x35, 0x30,
    0x2e, 0x36, 0x31, 0x2c, 0x31, 0x32, 0x2c, 0x34, 0x37, 0x2e, 0x37, 0x32, 0x2c, 0x31, 0x33, 0x2c,
    0x34, 0x35, 0x2e, 0x38, 0x39, 0x2c, 0x31, 0x33, 0x61, 0x31, 0x38, 0x2e, 0x31, 0x33, 0x2c, 0x31,
    0x38, 0x2e, 0x31, 0x33, 0x2c, 0x30, 0x2c, 0x30, 0x2c, 0x31, 0x2c, 0x2e, 0x33, 0x36, 0x2d, 0x34,
    0x2e, 0x35, 0x37, 0x6c, 0x31, 0x2e, 0x31, 0x33, 0x2d, 0x36, 0x2e, 0x35, 0x31, 0x4c, 0x34, 0x37,
    0x2e, 0x33, 0x32, 0x2c, 0x32, 0x6c, 0x30, 0x2d, 0x2e, 0x31, 0x31, 0x4c, 0x34, 0x37, 0x2e, 0x32,
    0x39, 0x2c, 0x32, 0x6c, 0x30, 0x2d, 0x2e, 0x31, 0x32, 0x2d, 0x2e, 0x30, 0x36, 0x2e, 0x30, 0x38,
    0x2c, 0x30, 0x2d, 0x2e, 0x31, 0x32, 0x2d, 0x2e, 0x30, 0x36, 0x2e, 0x30, 0x38, 0x2c, 0x30, 0x2d,
    0x2e, 0x31, 0x31, 0x2d, 0x2e, 0x30, 0x36, 0x2e, 0x30, 0x37, 0x2c, 0x30, 0x2d, 0x2e, 0x31, 0x31,
    0x2d, 0x2e, 0x30, 0x36, 0x2e, 0x30, 0x37, 0x2c, 0x30, 0x2d, 0x2e, 0x31, 0x31, 0x2c, 0x30, 0x2c,
    0x2e, 0x30, 0x38, 0x2c, 0x30, 0x2d, 0x2e, 0x31, 0x32, 0x2d, 0x2e, 0x30, 0x36, 0x2e, 0x30, 0x38,
    0x2c, 0x30, 0x2d, 0x2e, 0x31, 0x31, 0x4c, 0x34, 0x37, 0x2c, 0x31, 0x2e, 0x37, 0x6c, 0x30, 0x2d,
    0x2e, 0x31, 0x31, 0x4c, 0x34, 0x37, 0x2c, 0x31, 0x2e, 0x36, 0x37, 0x6c, 0x30, 0x2d, 0x2e, 0x31,
    0x32, 0x2c, 0x30, 0x2c, 0x2e, 0x30, 0x37, 0x56, 0x31, 0x2e, 0x35, 0x31, 0x6c, 0x2d, 0x2e, 0x30,
    0x35, 0x2e, 0x30, 0x38, 0x2c, 0x30, 0x2d, 0x2e, 0x31, 0x32, 0x2d, 0x2e, 0x30, 0x36, 0x2e, 0x30,
    0x38, 0x2c, 0x30, 0x2d, 0x2e, 0x31, 0x31, 0x2d, 0x2e, 0x30, 0x36, 0x2e, 0x30, 0x37, 0x2c, 0x30,
    0x2d, 0x2e, 0x31, 0x31, 0x2d, 0x2e, 0x30, 0x36, 0x2e, 0x30, 0x37, 0x2c, 0x30, 0x2d, 0x2e, 0x31,
    0x31, 0x2d, 0x2e, 0x30, 0x35, 0x2e, 0x30, 0x38, 0x2c, 0x30, 0x2d, 0x2e, 0x31, 0x32, 0x2d, 0x2e,
    0x30, 0x36, 0x2e, 0x30, 0x38, 0x2c, 0x30, 0x2d, 0x2e, 0x31, 0x31, 0x2d, 0x2e, 0x30, 0x36, 0x2e,
    0x30, 0x37, 0x2c, 0x30, 0x2d, 0x2e, 0x31, 0x31, 0x2d, 0x2e, 0x30, 0x36, 0x2e, 0x30, 0x37, 0x2c,
    0x30, 0x2d, 0x2e, 0x31, 0x31, 0x2c, 0x30, 0x2c, 0x2e, 0x30, 0x38, 0x56, 0x31, 0x2e, 0x31, 0x37,
    0x6c, 0x30, 0x2c, 0x2e, 0x30, 0x38, 0x2c, 0x30, 0x2d, 0x2e, 0x31, 0x32, 0x2d, 0x2e, 0x30, 0x36,
    0x2e, 0x30, 0x38, 0x2c, 0x30, 0x2d, 0x2e, 0x31, 0x31, 0x2d, 0x2e, 0x30, 0x36, 0x2e, 0x30, 0x37,
    0x2c, 0x30, 0x2d, 0x2e, 0x31, 0x31, 0x2d, 0x2e, 0x30, 0x36, 0x2e, 0x30, 0x37, 0x2c, 0x30, 0x2d,
    0x2e, 0x31, 0x31, 0x2c, 0x30, 0x2c, 0x2e, 0x30, 0x38, 0x2c, 0x30, 0x2d, 0x2e, 0x31, 0x32, 0x2d,
    0x2e, 0x30, 0x36, 0x2e, 0x30, 0x38, 0x2c, 0x30, 0x2d, 0x2e, 0x31, 0x31, 0x4c, 0x34, 0x36, 0x2e,
    0x33, 0x34, 0x2c, 0x31, 0x6c, 0x30, 0x2d, 0x2e, 0x31, 0x31, 0x4c, 0x34, 0x36, 0x2e, 0x33, 0x2c,
    0x31, 0x6c, 0x30, 0x2d, 0x2e, 0x31, 0x31, 0x4c, 0x34, 0x36, 0x2e, 0x32, 0x36, 0x2c, 0x31, 0x6c,
    0x30, 0x2d, 0x2e, 0x31, 0x32, 0x2d, 0x2e, 0x30, 0x35, 0x2e, 0x30, 0x38, 0x2c, 0x30, 0x2d, 0x2e,
    0x31, 0x32, 0x2d, 0x2e, 0x30, 0x36, 0x2e, 0x30, 0x38, 0x2c, 0x30, 0x2d, 0x2e, 0x31, 0x31, 0x2d,
    0x2e, 0x30, 0x36, 0x2e, 0x30, 0x37, 0x2c, 0x30, 0x2d, 0x2e, 0x31, 0x31, 0x2d, 0x2e, 0x30, 0x36,
    0x2e, 0x30, 0x37, 0x2c, 0x30, 0x2d, 0x2e, 0x31, 0x31, 0x2d, 0x2e, 0x30, 0x35, 0x2e, 0x30, 0x38,
    0x2c, 0x30, 0x2d, 0x2e, 0x31, 0x32, 0x4c, 0x34, 0x36, 0x2c, 0x2e, 0x37, 0x32, 0x6c, 0x30, 0x2d,
    0x2e, 0x31, 0x31, 0x4c, 0x34, 0x36, 0x2c, 0x2e, 0x36, 0x38, 0x6c, 0x30, 0x2d, 0x2e, 0x31, 0x31,
    0x4c, 0x34, 0x36, 0x2c, 0x2e, 0x36, 0x34, 0x6c, 0x30, 0x2d, 0x2e, 0x31, 0x31, 0x4c, 0x34, 0x35,
    0x2e, 0x39, 0x32, 0x2e, 0x36, 0x6c, 0x30, 0x2d, 0x2e, 0x31, 0x31, 0x2c, 0x30, 0x2c, 0x2e, 0x30,
    0x38, 0x2c, 0x30, 0x2d, 0x2e, 0x31, 0x32, 0x2d, 0x2e, 0x30, 0x36, 0x2e, 0x30, 0x38, 0x2c, 0x30,
    0x2d, 0x2e, 0x31, 0x31, 0x2d, 0x2e, 0x30, 0x36, 0x2e, 0x30, 0x37, 0x2c, 0x30, 0x2d, 0x2e, 0x31,
    0x31, 0x2d, 0x2e, 0x30, 0x36, 0x2e, 0x30, 0x38, 0x2c, 0x30, 0x2d, 0x2e, 0x31, 0x32, 0x2c, 0x30,
    0x2c, 0x2e, 0x30, 0x38, 0x56, 0x2e, 0x33, 0x6c, 0x30, 0x2c, 0x2e, 0x30, 0x38, 0x2c, 0x30, 0x2d,
    0x2e, 0x31, 0x32, 0x2d, 0x2e, 0x30, 0x36, 0x2e, 0x30, 0x38, 0x2c, 0x30, 0x2d, 0x2e, 0x31, 0x31,
    0x4c, 0x34, 0x35, 0x2e, 0x36, 0x32, 0x2e, 0x33, 0x6c, 0x30, 0x2d, 0x2e, 0x31, 0x31, 0x2d, 0x2e,
    0x30, 0x36, 0x2e, 0x30, 0x37, 0x2c, 0x30, 0x2d, 0x2e, 0x31, 0x31, 0x2d, 0x2e, 0x30, 0x35, 0x2e,
    0x30, 0x38, 0x2c, 0x30, 0x2d, 0x2e, 0x31, 0x32, 0x2d, 0x2e, 0x30, 0x36, 0x2e, 0x30, 0x38, 0x2c,
    0x30, 0x2d, 0x2e, 0x31, 0x31, 0x2d, 0x2e, 0x30, 0x36, 0x2e, 0x30, 0x37, 0x2c, 0x30, 0x2d, 0x2e,
    0x31, 0x31, 0x2d, 0x2e, 0x30, 0x36, 0x2e, 0x30, 0x37, 0x2c, 0x30, 0x2d, 0x2e, 0x31, 0x31, 0x2d,
    0x34, 0x2c, 0x35, 0x2e, 0x32, 0x36, 0x63, 0x2d, 0x33, 0x2e, 0x31, 0x36, 0x2c, 0x34, 0x2e, 0x31,
    0x37, 0x2d, 0x34, 0x2e, 0x39, 0x33, 0x2c, 0x34, 0x2e, 0x37, 0x39, 0x2d, 0x35, 0x2e, 0x37, 0x31,
    0x2c, 0x34, 0x2e, 0x37, 0x39, 0x61, 0x31, 0x2e, 0x31, 0x39, 0x2c, 0x31, 0x2e, 0x31, 0x39, 0x2c,
    0x30, 0x2c, 0x30, 0x2c, 0x31, 0x2d, 0x2e, 0x32, 0x36, 0x2d, 0x2e, 0x30, 0x35, 0x2c, 0x32, 0x30,
    0x2e, 0x35, 0x34, 0x2c, 0x32, 0x30, 0x2e, 0x35, 0x34, 0x2c, 0x30, 0x2c, 0x30, 0x2c, 0x31, 0x2d,
    0x2e, 0x39, 0x32, 0x2d, 0x32, 0x4c, 0x33, 0x32, 0x2e, 0x37, 0x2c, 0x33, 0x2e, 0x35, 0x76, 0x30,
    0x6c, 0x30, 0x2d, 0x2e, 0x30, 0x37, 0x76, 0x30, 0x6c, 0x30, 0x2d, 0x2e, 0x30, 0x38, 0x76, 0x30,
    0x6c, 0x30, 0x2d, 0x2e, 0x30, 0x37, 0x76, 0x30, 0x6c, 0x30, 0x2d, 0x2e, 0x30, 0x37, 0x76, 0x30,
    0x6c, 0x30, 0x2d, 0x2e, 0x30, 0x37, 0x76, 0x30, 0x6c, 0x30, 0x2d, 0x2e, 0x30, 0x37, 0x76, 0x30,
    0x6c, 0x30, 0x2d, 0x2e, 0x30, 0x37, 0x76, 0x30, 0x6c, 0x30, 0x2d, 0x2e, 0x30, 0x37, 0x76, 0x30,
    0x6c, 0x30, 0x2d, 0x2e, 0x30, 0x37, 0x76, 0x30, 0x6c, 0x30, 0x2d, 0x2e, 0x30, 0x37, 0x76, 0x30,
    0x6c, 0x30, 0x2d, 0x2e, 0x30, 0x38, 0x76, 0x30, 0x6c, 0x30, 0x2d, 0x2e, 0x30, 0x37, 0x76, 0x30,
    0x6c, 0x30, 0x2d, 0x2e, 0x30, 0x37, 0x56, 0x33, 0x6c, 0x30, 0x2d, 0x2e, 0x30, 0x37, 0x56, 0x33,
    0x6c, 0x30, 0x2d, 0x2e, 0x30, 0x37, 0x56, 0x33, 0x6c, 0x30, 0x2d, 0x2e, 0x30, 0x38, 0x76, 0x30,
    0x6c, 0x30, 0x2d, 0x2e, 0x30, 0x37, 0x76, 0x30, 0x6c, 0x30, 0x2d, 0x2e, 0x30, 0x37, 0x76, 0x30,
    0x6c, 0x30, 0x2d, 0x2e, 0x30, 0x37, 0x76, 0x30, 0x6c, 0x30, 0x2d, 0x2e, 0x30, 0x38, 0x76, 0x30,
    0x6c, 0x30, 0x2d, 0x2e, 0x30, 0x37, 0x76, 0x30, 0x6c, 0x30, 0x2d, 0x2e, 0x30, 0x37, 0x76, 0x30,
    0x6c, 0x30, 0x2d, 0x2e, 0x30, 0x37, 0x76, 0x30, 0x6c, 0x30, 0x2d, 0x2e, 0x30, 0x37, 0x76, 0x30,
    0x6c, 0x30, 0x2d, 0x2e, 0x30, 0x38, 0x76, 0x30, 0x6c, 0x30, 0x2d, 0x2e, 0x30, 0x37, 0x76, 0x30,
    0x6c, 0x30, 0x2d, 0x2e, 0x30, 0x37, 0x76, 0x30, 0x6c, 0x30, 0x2d, 0x2e, 0x30, 0x37, 0x76, 0x30,
    0x6c, 0x30, 0x2d, 0x2e, 0x30, 0x38, 0x76, 0x30, 0x6c, 0x30, 0x2d, 0x2e, 0x30, 0x37, 0x76, 0x30,
    0x6c, 0x30, 0x2d, 0x2e, 0x30, 0x37, 0x76, 0x30, 0x6c, 0x30, 0x2d, 0x2e, 0x30, 0x37, 0x76, 0x30,
    0x6c, 0x30, 0x2d, 0x2e, 0x30, 0x37, 0x76, 0x30, 0x6c, 0x30, 0x2d, 0x2e, 0x30, 0x38, 0x76, 0x30,
    0x6c, 0x30, 0x2d, 0x2e, 0x30, 0x37, 0x76, 0x30, 0x6c, 0x30, 0x2d, 0x2e, 0x30, 0x37, 0x76, 0x30,
    0x6c, 0x30, 0x2d, 0x2e, 0x30, 0x37, 0x76, 0x30, 0x6c, 0x30, 0x2d, 0x2e, 0x30, 0x37, 0x76, 0x30,
    0x6c, 0x30, 0x2d, 0x2e, 0x30, 0x37, 0x76, 0x30, 0x6c, 0x30, 0x2d, 0x2e, 0x30, 0x37, 0x56, 0x32,
    0x6c, 0x30, 0x2d, 0x2e, 0x30, 0x37, 0x56, 0x32, 0x6c, 0x30, 0x2d, 0x2e, 0x30, 0x38, 0x56, 0x32,
    0x6c, 0x30, 0x2d, 0x2e, 0x30, 0x38, 0x76, 0x30, 0x6c, 0x30, 0x2d, 0x2e, 0x30, 0x37, 0x76, 0x30,
    0x6c, 0x30, 0x2d, 0x2e, 0x30, 0x37, 0x76, 0x30, 0x6c, 0x30, 0x2d, 0x2e, 0x30, 0x37, 0x76, 0x30,
    0x6c, 0x30, 0x2d, 0x2e, 0x30, 0x38, 0x76, 0x30, 0x6c, 0x30, 0x2d, 0x2e, 0x30, 0x38, 0x76, 0x30,
    0x6c, 0x30, 0x2d, 0x2e, 0x30, 0x37, 0x76, 0x30, 0x6c, 0x30, 0x2d, 0x2e, 0x30, 0x37, 0x76, 0x30,
    0x6c, 0x30, 0x2d, 0x2e, 0x30, 0x37, 0x4c, 0x32, 0x39, 0x2e, 0x36, 0x2c, 0x36, 0x2e, 0x33, 0x34,
    0x63, 0x2d, 0x31, 0x2e, 0x32, 0x33, 0x2c, 0x35, 0x2d, 0x32, 0x2e, 0x39, 0x32, 0x2c, 0x35, 0x2d,
    0x33, 0x2e, 0x34, 0x38, 0x2c, 0x35, 0x2d, 0x31, 0x2e, 0x30, 0x38, 0x2c, 0x30, 0x2d, 0x33, 0x2e,
    0x30, 0x38, 0x2d, 0x2e, 0x37, 0x2d, 0x36, 0x2e, 0x34, 0x35, 0x2d, 0x34, 0x4c, 0x31, 0x34, 0x2c,
    0x31, 0x2e, 0x36, 0x36, 0x6c, 0x33, 0x2e, 0x30, 0x37, 0x2c, 0x37, 0x2e, 0x34, 0x63, 0x32, 0x2e,
    0x31, 0x37, 0x2c, 0x35, 0x2e, 0x32, 0x2c, 0x31, 0x2e, 0x38, 0x39, 0x2c, 0x36, 0x2e, 0x35, 0x33,
    0x2c, 0x31, 0x2e, 0x36, 0x37, 0x2c, 0x36, 0x2e, 0x38, 0x36, 0x2d, 0x2e, 0x31, 0x31, 0x2e, 0x31,
    0x36, 0x2d, 0x2e, 0x35, 0x35, 0x2e, 0x33, 0x34, 0x2d, 0x31, 0x2e, 0x34, 0x36, 0x2e, 0x33, 0x34,
    0x61, 0x33, 0x31, 0x2e, 0x36, 0x35, 0x2c, 0x33, 0x31, 0x2e, 0x36, 0x35, 0x2c, 0x30, 0x2c, 0x30,
    0x2c, 0x31, 0x2d, 0x37, 0x2e, 0x32, 0x31, 0x2d, 0x31, 0x2e, 0x33, 0x37, 0x4c, 0x32, 0x2e, 0x33,
    0x34, 0x2c, 0x31, 0x32, 0x2e, 0x38, 0x6c, 0x2e, 0x30, 0x35, 0x2c, 0x30, 0x68, 0x30, 0x6c, 0x2e,
    0x30, 0x35, 0x2c, 0x30, 0x68, 0x30, 0x6c, 0x2e, 0x30, 0x35, 0x2c, 0x30, 0x68, 0x30, 0x6c, 0x2e,
    0x30, 0x36, 0x2c, 0x30, 0x68, 0x30, 0x6c, 0x2e, 0x30, 0x36, 0x2c, 0x30, 0x68, 0x30, 0x6c, 0x2e,
    0x30, 0x35, 0x2c, 0x30, 0x68, 0x30, 0x6c, 0x2e, 0x30, 0x35, 0x2c, 0x30, 0x68, 0x30, 0x6c, 0x2e,
    0x30, 0x36, 0x2c, 0x30, 0x68, 0x30, 0x6c, 0x2e, 0x30, 0x36, 0x2c, 0x30, 0x68, 0x30, 0x6c, 0x2e,
    0x30, 0x36, 0x2c, 0x30, 0x68, 0x30, 0x6c, 0x30, 0x2c, 0x2e, 0x30, 0x35, 0x68, 0x30, 0x6c, 0x2e,
    0x30, 0x35, 0x2c, 0x30, 0x68, 0x30, 0x6c, 0x2e, 0x30, 0x36, 0x2c, 0x30, 0x68, 0x30, 0x6c, 0x2e,
    0x30, 0x36, 0x2c, 0x30, 0x68, 0x30, 0x6c, 0x30, 0x2c, 0x2e, 0x30, 0x35, 0x68, 0x30, 0x6c, 0x30,
    0x2c, 0x2e, 0x30, 0x35, 0x48, 0x33, 0x6c, 0x30, 0x2c, 0x30, 0x48, 0x33, 0x6c, 0x2e, 0x30, 0x36,
    0x2c, 0x30, 0x48, 0x33, 0x6c, 0x2e, 0x30, 0x36, 0x2c, 0x30, 0x68, 0x30, 0x6c, 0x30, 0x2c, 0x2e,
    0x30, 0x35, 0x68, 0x30, 0x6c, 0x30, 0x2c, 0x30, 0x68, 0x30, 0x6c, 0x2e, 0x30, 0x36, 0x2c, 0x30,
    0x68, 0x30, 0x6c, 0x2e, 0x30, 0x36, 0x2c, 0x30, 0x68, 0x30, 0x6c, 0x30, 0x2c, 0x2e, 0x30, 0x35,
    0x68, 0x30, 0x6c, 0x30, 0x2c, 0x30, 0x68, 0x30, 0x6c, 0x30, 0x2c, 0x30, 0x68, 0x30, 0x6c, 0x2e,
    0x30, 0x36, 0x2c, 0x30, 0x68, 0x30, 0x6c, 0x2e, 0x30, 0x36, 0x2c, 0x30, 0x68, 0x30, 0x6c, 0x2e,
    0x30, 0x35, 0x2e, 0x30, 0x35, 0x68, 0x30, 0x6c, 0x2e, 0x30, 0x35, 0x2c, 0x30, 0x68, 0x30, 0x6c,
    0x2e, 0x30, 0x36, 0x2c, 0x30, 0x68, 0x30, 0x6c, 0x2e, 0x30, 0x36, 0x2c, 0x30, 0x68, 0x30, 0x6c,
    0x2e, 0x30, 0x35, 0x2e, 0x30, 0x35, 0x68, 0x30, 0x6c, 0x2e, 0x30, 0x35, 0x2c, 0x30, 0x68, 0x30,
    0x6c, 0x2e, 0x30, 0x36, 0x2c, 0x30, 0x68, 0x30, 0x6c, 0x2e, 0x30, 0x36, 0x2c, 0x30, 0x68, 0x30,
    0x6c, 0x2e, 0x30, 0x36, 0x2c, 0x30, 0x68, 0x30, 0x6c, 0x30, 0x2c, 0x2e, 0x30, 0x35, 0x68, 0x30,
    0x6c, 0x2e, 0x30, 0x35, 0x2c, 0x30, 0x68, 0x30, 0x6c, 0x2e, 0x30, 0x36, 0x2c, 0x30, 0x68, 0x30,
    0x6c, 0x2e, 0x30, 0x36, 0x2c, 0x30, 0x68, 0x30, 0x6c, 0x30, 0x2c, 0x2e, 0x30, 0x35, 0x68, 0x30,
    0x6c, 0x30, 0x2c, 0x30, 0x48, 0x34, 0x6c, 0x30, 0x2c, 0x30, 0x48, 0x34, 0x6c, 0x2e, 0x30, 0x36,
    0x2c, 0x30, 0x48, 0x34, 0x6c, 0x30, 0x2c, 0x30, 0x68, 0x30, 0x6c, 0x30, 0x2c, 0x2e, 0x30, 0x35,
    0x68, 0x30, 0x6c, 0x30, 0x2c, 0x30, 0x68, 0x30, 0x6c, 0x30, 0x2c, 0x30, 0x68, 0x30, 0x6c, 0x2e,
    0x30, 0x36, 0x2c, 0x30, 0x68, 0x30, 0x6c, 0x30, 0x2c, 0x30, 0x68, 0x30, 0x6c, 0x36, 0x2e, 0x33,
    0x31, 0x2c, 0x34, 0x2e, 0x39, 0x63, 0x2e, 0x35, 0x38, 0x2e, 0x34, 0x35, 0x2c, 0x31, 0x2e, 0x30,
    0x35, 0x2e, 0x38, 0x34, 0x2c, 0x31, 0x2e, 0x34, 0x36, 0x2c, 0x31, 0x2e, 0x32, 0x61, 0x32, 0x2e,
    0x33, 0x39, 0x2c, 0x32, 0x2e, 0x33, 0x39, 0x2c, 0x30, 0x2c, 0x30, 0x2c, 0x31, 0x2c, 0x2e, 0x33,
    0x31, 0x2e, 0x35, 0x31, 0x63, 0x2d, 0x2e, 0x33, 0x36, 0x2e, 0x32, 0x39, 0x2d, 0x31, 0x2e, 0x36,
    0x39, 0x2e, 0x38, 0x37, 0x2d, 0x36, 0x2e, 0x34, 0x38, 0x2c, 0x31, 0x2e, 0x34, 0x4c, 0x30, 0x2c,
    0x32, 0x33, 0x2e, 0x33, 0x38, 0x6c, 0x2e, 0x30, 0x38, 0x2c, 0x30, 0x48, 0x30, 0x6c, 0x2e, 0x30,
    0x37, 0x2c, 0x30, 0x68, 0x30, 0x6c, 0x2e, 0x30, 0x37, 0x2c, 0x30, 0x68, 0x30, 0x6c, 0x2e, 0x30,
    0x38, 0x2c, 0x30, 0x68, 0x30, 0x6c, 0x2e, 0x30, 0x38, 0x2c, 0x30, 0x68, 0x30, 0x6c, 0x2e, 0x30,
    0x37, 0x2c, 0x30, 0x68, 0x30, 0x6c, 0x2e, 0x30, 0x37, 0x2c, 0x30, 0x68, 0x30, 0x6c, 0x2e, 0x30,
    0x38, 0x2c, 0x30, 0x68, 0x30, 0x6c, 0x2e, 0x30, 0x38, 0x2c, 0x30, 0x68, 0x30, 0x6c, 0x2e, 0x30,
    0x38, 0x2c, 0x30, 0x68, 0x30, 0x6c, 0x2e, 0x30, 0x37, 0x2c, 0x30, 0x68, 0x30, 0x6c, 0x2e, 0x30,
    0x37, 0x2c, 0x30, 0x68, 0x30, 0x6c, 0x2e, 0x30, 0x38, 0x2c, 0x30, 0x68, 0x30, 0x6c, 0x2e, 0x30,
    0x38, 0x2c, 0x30, 0x68, 0x30, 0x6c, 0x2e, 0x30, 0x37, 0x2c, 0x30, 0x68, 0x30, 0x6c, 0x2e, 0x30,
    0x37, 0x2c, 0x30, 0x68, 0x30, 0x6c, 0x2e, 0x30, 0x37, 0x2c, 0x30, 0x68, 0x30, 0x6c, 0x2e, 0x30,
    0x38, 0x2c, 0x30, 0x68, 0x30, 0x6c, 0x2e, 0x30, 0x37, 0x2c, 0x30, 0x68, 0x30, 0x6c, 0x2e, 0x30,
    0x37, 0x2c, 0x30, 0x68, 0x30, 0x6c, 0x2e, 0x30, 0x37, 0x2c, 0x30, 0x68, 0x30, 0x6c, 0x2e, 0x30,
    0x38, 0x2c, 0x30, 0x68, 0x30, 0x6c, 0x2e, 0x30, 0x38, 0x2c, 0x30, 0x68, 0x30, 0x6c, 0x2e, 0x30,
    0x37, 0x2c, 0x30, 0x68, 0x30, 0x6c, 0x2e, 0x30, 0x37, 0x2c, 0x30, 0x68, 0x30, 0x6c, 0x2e, 0x30,
    0x38, 0x2c, 0x30, 0x48, 0x31, 0x6c, 0x2e, 0x30, 0x38, 0x2c, 0x30, 0x48, 0x31, 0x6c, 0x2e, 0x30,
    0x38, 0x2c, 0x30, 0x68, 0x30, 0x6c, 0x2e, 0x30, 0x37, 0x2c, 0x30, 0x68, 0x30, 0x6c, 0x2e, 0x30,
    0x37, 0x2c, 0x30, 0x68, 0x30, 0x6c, 0x2e, 0x30, 0x38, 0x2c, 0x30, 0x68, 0x30, 0x6c, 0x2e, 0x30,
    0x38, 0x2c, 0x30, 0x68, 0x30, 0x6c, 0x2e, 0x30, 0x37, 0x2c, 0x30, 0x68, 0x30, 0x6c, 0x2e, 0x30,
    0x37, 0x2c, 0x30, 0x68, 0x30, 0x6c, 0x2e, 0x30, 0x38, 0x2c, 0x30, 0x68, 0x30, 0x6c, 0x2e, 0x30,
    0x38, 0x2c, 0x30, 0x68, 0x30, 0x6c, 0x2e, 0x30, 0x38, 0x2c, 0x30, 0x68, 0x30, 0x6c, 0x2e, 0x30,
    0x37, 0x2c, 0x30, 0x68, 0x30, 0x6c, 0x2e, 0x30, 0x37, 0x2c, 0x30, 0x68, 0x30, 0x6c, 0x2e, 0x30,
    0x38, 0x2c, 0x30, 0x68, 0x30, 0x6c, 0x2e, 0x30, 0x38, 0x2c, 0x30, 0x68, 0x30, 0x6c, 0x2e, 0x30,
    0x38, 0x2c, 0x30, 0x68, 0x30, 0x6c, 0x2e, 0x30, 0x37, 0x2c, 0x30, 0x68, 0x30, 0x6c, 0x2e, 0x30,
    0x37, 0x2c, 0x30, 0x68, 0x30, 0x6c, 0x2e, 0x30, 0x38, 0x2c, 0x30, 0x68, 0x30, 0x6c, 0x2e, 0x30,
    0x38, 0x2c, 0x30, 0x68, 0x30, 0x6c, 0x2e, 0x30, 0x37, 0x2c, 0x30, 0x68, 0x30, 0x6c, 0x2e, 0x30,
    0x37, 0x2c, 0x30, 0x68, 0x30, 0x6c, 0x2e, 0x30, 0x37, 0x2c, 0x30, 0x68, 0x30, 0x6c, 0x2e, 0x30,
    0x38, 0x2c, 0x30, 0x68, 0x30, 0x6c, 0x2e, 0x30, 0x38, 0x2c, 0x30, 0x68, 0x30, 0x6c, 0x35, 0x2e,
    0x33, 0x38, 0x2c, 0x32, 0x2e, 0x34, 0x32, 0x61, 0x32, 0x34, 0x2e, 0x36, 0x31, 0x2c, 0x32, 0x34,
    0x2e, 0x36, 0x31, 0x2c, 0x30, 0x2c, 0x30, 0x2c, 0x31, 0x2c, 0x33, 0x2e, 0x35, 0x38, 0x2c, 0x31,
    0x2e, 0x38, 0x39, 0x2c, 0x31, 0x2e, 0x32, 0x31, 0x2c, 0x31, 0x2e, 0x32, 0x31, 0x2c, 0x30, 0x2c,
    0x30, 0x2c, 0x31, 0x2c, 0x2e, 0x30, 0x37, 0x2e, 0x32, 0x39, 0x63, 0x2e, 0x30, 0x38, 0x2e, 0x37,
    0x38, 0x2d, 0x2e, 0x36, 0x36, 0x2c, 0x32, 0x2e, 0x33, 0x33, 0x2d, 0x34, 0x2e, 0x37, 0x2c, 0x35,
    0x2e, 0x33, 0x31, 0x4c, 0x31, 0x2e, 0x38, 0x38, 0x2c, 0x33, 0x38, 0x2e, 0x34, 0x34, 0x48, 0x32,
    0x6c, 0x2d, 0x2e, 0x30, 0x35, 0x2c, 0x30, 0x48, 0x32, 0x4c, 0x32, 0x2c, 0x33, 0x38, 0x2e, 0x35,
    0x32, 0x68, 0x2e, 0x31, 0x6c, 0x2d, 0x2e, 0x30, 0x36, 0x2c, 0x30, 0x68, 0x2e, 0x31, 0x6c, 0x2d,
    0x2e, 0x30, 0x36, 0x2c, 0x30, 0x68, 0x2e, 0x31, 0x6c, 0x2d, 0x2e, 0x30, 0x36, 0x2c, 0x30, 0x68,
    0x2e, 0x30, 0x39, 0x6c, 0x2d, 0x2e, 0x30, 0x36, 0x2e, 0x30, 0x35, 0x68, 0x2e, 0x31, 0x6c, 0x2d,
    0x2e, 0x30, 0x36, 0x2e, 0x30, 0x35, 0x68, 0x2e, 0x31, 0x6c, 0x2d, 0x2e, 0x30, 0x36, 0x2c, 0x30,
    0x68, 0x2e, 0x31, 0x6c, 0x2d, 0x2e, 0x30, 0x36, 0x2c, 0x30, 0x68, 0x2e, 0x31, 0x6c, 0x2d, 0x2e,
    0x30, 0x37, 0x2c, 0x30, 0x68, 0x2e, 0x31, 0x6c, 0x2d, 0x2e, 0x30, 0x36, 0x2c, 0x30, 0x68, 0x2e,
    0x31, 0x6c, 0x2d, 0x2e, 0x30, 0x36, 0x2c, 0x30, 0x68, 0x2e, 0x31, 0x6c, 0x2d, 0x2e, 0x30, 0x36,
    0x2c, 0x30, 0x68, 0x2e, 0x31, 0x6c, 0x2d, 0x2e, 0x30, 0x36, 0x2c, 0x30, 0x48, 0x32, 0x2e, 0x35,
    0x6c, 0x2d, 0x2e, 0x30, 0x36, 0x2c, 0x30, 0x68, 0x2e, 0x31, 0x6c, 0x2d, 0x2e, 0x30, 0x36, 0x2c,
    0x30, 0x68, 0x2e, 0x31, 0x6c, 0x2d, 0x2e, 0x30, 0x36, 0x2c, 0x30, 0x68, 0x2e, 0x31, 0x6c, 0x2d,
    0x2e, 0x30, 0x36, 0x2c, 0x30, 0x68, 0x2e, 0x30, 0x39, 0x6c, 0x2d, 0x2e, 0x30, 0x36, 0x2c, 0x30,
    0x68, 0x2e, 0x31, 0x6c, 0x2d, 0x2e, 0x30, 0x36, 0x2e, 0x30, 0x35, 0x68, 0x2e, 0x31, 0x6c, 0x2d,
    0x2e, 0x30, 0x36, 0x2c, 0x30, 0x68, 0x2e, 0x31, 0x6c, 0x2d, 0x2e, 0x30, 0x36, 0x2c, 0x30, 0x68,
    0x2e, 0x31, 0x6c, 0x2d, 0x2e, 0x30, 0x36, 0x2c, 0x30, 0x68, 0x2e, 0x30, 0x39, 0x6c, 0x2d, 0x2e,
    0x30, 0x36, 0x2e, 0x30, 0x35, 0x68, 0x2e, 0x31, 0x6c, 0x2d, 0x2e, 0x30, 0x36, 0x2c, 0x30, 0x68,
    0x2e, 0x31, 0x6c, 0x2d, 0x2e, 0x30, 0x36, 0x2c, 0x30, 0x48, 0x33, 0x6c, 0x2d, 0x2e, 0x30, 0x36,
    0x2c, 0x30, 0x48, 0x33, 0x6c, 0x2d, 0x2e, 0x30, 0x36, 0x2c, 0x30, 0x48, 0x33, 0x6c, 0x2d, 0x2e,
    0x30, 0x36, 0x2c, 0x30, 0x68, 0x2e, 0x31, 0x6c, 0x2d, 0x2e, 0x30, 0x36, 0x2c, 0x30, 0x68, 0x2e,
    0x31, 0x6c, 0x2d, 0x2e, 0x30, 0x36, 0x2c, 0x30, 0x68, 0x2e, 0x31, 0x6c, 0x2d, 0x2e, 0x30, 0x36,
    0x2c, 0x30, 0x68, 0x2e, 0x30, 0x39, 0x6c, 0x2d, 0x2e, 0x30, 0x36, 0x2c, 0x30, 0x68, 0x2e, 0x31,
    0x6c, 0x2d, 0x2e, 0x30, 0x36, 0x2c, 0x30, 0x68, 0x2e, 0x31, 0x6c, 0x2d, 0x2e, 0x30, 0x36, 0x2c,
    0x30, 0x68, 0x2e, 0x31, 0x6c, 0x2d, 0x2e, 0x30, 0x36, 0x2c, 0x30, 0x68, 0x2e, 0x30, 0x39, 0x6c,
    0x2d, 0x2e, 0x30, 0x35, 0x2c, 0x30, 0x68, 0x2e, 0x30, 0x39, 0x6c, 0x2d, 0x2e, 0x30, 0x36, 0x2e,
    0x30, 0x35, 0x68, 0x2e, 0x31, 0x6c, 0x2d, 0x2e, 0x30, 0x36, 0x2c, 0x30, 0x68, 0x2e, 0x31, 0x6c,
    0x2d, 0x2e, 0x30, 0x36, 0x2c, 0x30, 0x68, 0x2e, 0x31, 0x6c, 0x2d, 0x2e, 0x30, 0x36, 0x2c, 0x30,
    0x68, 0x2e, 0x30, 0x39, 0x4c, 0x33, 0x2e, 0x34, 0x36, 0x2c, 0x34, 0x30, 0x68, 0x2e, 0x31, 0x6c,
    0x2d, 0x2e, 0x30, 0x36, 0x2c, 0x30, 0x68, 0x2e, 0x31, 0x6c, 0x2d, 0x2e, 0x30, 0x36, 0x2c, 0x30,
    0x68, 0x2e, 0x31, 0x6c, 0x2d, 0x2e, 0x30, 0x36, 0x2c, 0x30, 0x68, 0x2e, 0x30, 0x39, 0x6c, 0x30,
    0x2c, 0x30, 0x68, 0x2e, 0x30, 0x39, 0x6c, 0x2d, 0x2e, 0x30, 0x36, 0x2c, 0x30, 0x68, 0x2e, 0x31,
    0x6c, 0x2d, 0x2e, 0x30, 0x36, 0x2c, 0x30, 0x68, 0x2e, 0x31, 0x6c, 0x2d, 0x2e, 0x30, 0x36, 0x2c,
    0x30, 0x68, 0x2e, 0x31, 0x6c, 0x2d, 0x2e, 0x30, 0x36, 0x2c, 0x30, 0x68, 0x2e, 0x30, 0x39, 0x6c,
    0x2d, 0x2e, 0x30, 0x36, 0x2c, 0x30, 0x4c, 0x39, 0x2e, 0x32, 0x33, 0x2c, 0x34, 0x30, 0x43, 0x31,
    0x30, 0x2e, 0x32, 0x2c, 0x34, 0x30, 0x2c, 0x31, 0x31, 0x2c, 0x34, 0x30, 0x2c, 0x31, 0x31, 0x2e,
    0x37, 0x37, 0x2c, 0x34, 0x30, 0x61, 0x31, 0x34, 0x2e, 0x38, 0x34, 0x2c, 0x31, 0x34, 0x2e, 0x38,
    0x34, 0x2c, 0x30, 0x2c, 0x30, 0x2c, 0x31, 0x2c, 0x33, 0x2c, 0x2e, 0x32, 0x35, 0x2c, 0x31, 0x31,
    0x2e, 0x37, 0x38, 0x2c, 0x31, 0x31, 0x2e, 0x37, 0x38, 0x2c, 0x30, 0x2c, 0x30, 0x2c, 0x31, 0x2d,
    0x31, 0x2e, 0x32, 0x32, 0x2c, 0x34, 0x2e, 0x32, 0x39, 0x6c, 0x2d, 0x32, 0x2e, 0x31, 0x37, 0x2c,
    0x35, 0x2c, 0x2e, 0x30, 0x38, 0x2c, 0x30, 0x2c, 0x30, 0x2c, 0x2e, 0x30, 0x39, 0x2e, 0x30, 0x37,
    0x2c, 0x30, 0x2c, 0x30, 0x2c, 0x2e, 0x30, 0x39, 0x2e, 0x30, 0x38, 0x2c, 0x30, 0x2c, 0x30, 0x2c,
    0x2e, 0x30, 0x39, 0x2e, 0x30, 0x38, 0x2d, 0x2e, 0x30, 0x35, 0x2c, 0x30, 0x2c, 0x2e, 0x30, 0x39,
    0x2e, 0x30, 0x38, 0x2d, 0x2e, 0x30, 0x35, 0x2c, 0x30, 0x2c, 0x2e, 0x30, 0x38, 0x2e, 0x30, 0x37,
    0x2c, 0x30, 0x2c, 0x30, 0x2c, 0x2e, 0x30, 0x39, 0x2e, 0x30, 0x37, 0x2d, 0x2e, 0x30, 0x35, 0x2c,
    0x30, 0x2c, 0x2e, 0x30, 0x39, 0x2e, 0x30, 0x38, 0x2d, 0x2e, 0x30, 0x35, 0x2c, 0x30, 0x2c, 0x2e,
    0x30, 0x39, 0x2e, 0x30, 0x38, 0x2d, 0x2e, 0x30, 0x35, 0x2c, 0x30, 0x2c, 0x2e, 0x30, 0x38, 0x2e,
    0x30, 0x38, 0x2d, 0x2e, 0x30, 0x35, 0x2c, 0x30, 0x2c, 0x2e, 0x30, 0x39, 0x2e, 0x30, 0x37, 0x2d,
    0x2e, 0x30, 0x35, 0x2c, 0x30, 0x2c, 0x2e, 0x30, 0x39, 0x2e, 0x30, 0x37, 0x2c, 0x30, 0x2c, 0x30,
    0x2c, 0x2e, 0x30, 0x39, 0x2e, 0x30, 0x38, 0x2c, 0x30, 0x2c, 0x30, 0x2c, 0x2e, 0x30, 0x39, 0x2e,
    0x30, 0x38, 0x2c, 0x30, 0x2c, 0x30, 0x2c, 0x2e, 0x30, 0x38, 0x4c, 0x31, 0x32, 0x2c, 0x35, 0x30,
    0x6c, 0x30, 0x2c, 0x2e, 0x30, 0x39, 0x4c, 0x31, 0x32, 0x2c, 0x35, 0x30, 0x6c, 0x30, 0x2c, 0x2e,
    0x30, 0x39, 0x4c, 0x31, 0x32, 0x2c, 0x35, 0x30, 0x6c, 0x30, 0x2c, 0x2e, 0x30, 0x39, 0x2e, 0x30,
    0x38, 0x2c, 0x30, 0x2c, 0x30, 0x2c, 0x2e, 0x30, 0x39, 0x2e, 0x30, 0x38, 0x2d, 0x2e, 0x30, 0x36,
    0x2c, 0x30, 0x2c, 0x2e, 0x30, 0x39, 0x2e, 0x30, 0x37, 0x2c, 0x30, 0x2c, 0x30, 0x2c, 0x2e, 0x30,
    0x39, 0x2e, 0x30, 0x38, 0x2c, 0x30, 0x2c, 0x30, 0x2c, 0x2e, 0x30, 0x39, 0x2e, 0x30, 0x38, 0x2d,
    0x2e, 0x30, 0x35, 0x2c, 0x30, 0x2c, 0x2e, 0x30, 0x39, 0x2e, 0x30, 0x38, 0x2d, 0x2e, 0x30, 0x36,
    0x2c, 0x30, 0x2c, 0x2e, 0x30, 0x39, 0x2e, 0x30, 0x38, 0x2d, 0x2e, 0x30, 0x35, 0x2c, 0x30, 0x2c,
    0x2e, 0x30, 0x39, 0x2e, 0x30, 0x37, 0x2d, 0x2e, 0x30, 0x35, 0x2c, 0x30, 0x2c, 0x2e, 0x30, 0x39,
    0x2e, 0x30, 0x38, 0x2d, 0x2e, 0x30, 0x35, 0x2c, 0x30, 0x2c, 0x2e, 0x30, 0x39, 0x2e, 0x30, 0x38,
    0x2d, 0x2e, 0x30, 0x35, 0x2c, 0x30, 0x2c, 0x2e, 0x30, 0x39, 0x2e, 0x30, 0x38, 0x2d, 0x2e, 0x30,
    0x36, 0x2c, 0x30, 0x2c, 0x2e, 0x30, 0x39, 0x2e, 0x30, 0x38, 0x2d, 0x2e, 0x30, 0x35, 0x2c, 0x30,
    0x2c, 0x2e, 0x30, 0x39, 0x2e, 0x30, 0x37, 0x2c, 0x30, 0x2c, 0x30, 0x2c, 0x2e, 0x30, 0x39, 0x2e,
    0x30, 0x38, 0x2c, 0x30, 0x2c, 0x30, 0x2c, 0x2e, 0x30, 0x39, 0x2e, 0x30, 0x38, 0x2c, 0x30, 0x2c,
    0x30, 0x2c, 0x2e, 0x30, 0x38, 0x2e, 0x30, 0x38, 0x2c, 0x30, 0x2c, 0x30, 0x2c, 0x2e, 0x30, 0x39,
    0x2e, 0x30, 0x37, 0x2c, 0x30, 0x2c, 0x30, 0x2c, 0x2e, 0x30, 0x39, 0x2e, 0x30, 0x38, 0x2c, 0x30,
    0x2c, 0x30, 0x2c, 0x2e, 0x30, 0x39, 0x2e, 0x30, 0x38, 0x2c, 0x30, 0x2c, 0x30, 0x2c, 0x2e, 0x30,
    0x39, 0x2e, 0x30, 0x38, 0x2d, 0x2e, 0x30, 0x35, 0x2c, 0x30, 0x2c, 0x2e, 0x30, 0x38, 0x2e, 0x30,
    0x37, 0x2c, 0x30, 0x2c, 0x30, 0x2c, 0x2e, 0x30, 0x39, 0x2e, 0x30, 0x37, 0x2c, 0x30, 0x2c, 0x30,
    0x2c, 0x2e, 0x30, 0x39, 0x2e, 0x30, 0x38, 0x2d, 0x2e, 0x30, 0x35, 0x2c, 0x30, 0x2c, 0x2e, 0x30,
    0x39, 0x2e, 0x30, 0x38, 0x2d, 0x2e, 0x30, 0x35, 0x2c, 0x30, 0x2c, 0x2e, 0x30, 0x38, 0x4c, 0x31,
    0x33, 0x2c, 0x35, 0x31, 0x6c, 0x30, 0x2c, 0x2e, 0x30, 0x39, 0x4c, 0x31, 0x33, 0x2c, 0x35, 0x31,
    0x6c, 0x30, 0x2c, 0x2e, 0x30, 0x39, 0x2e, 0x30, 0x37, 0x2d, 0x2e, 0x30, 0x35, 0x2c, 0x30, 0x2c,
    0x2e, 0x30, 0x39, 0x2e, 0x30, 0x38, 0x2c, 0x30, 0x2c, 0x30, 0x2c, 0x2e, 0x30, 0x39, 0x2e, 0x30,
    0x38, 0x2d, 0x2e, 0x30, 0x36, 0x2c, 0x30, 0x2c, 0x2e, 0x30, 0x39, 0x2e, 0x30, 0x37, 0x2d, 0x2e,
    0x30, 0x35, 0x2c, 0x30, 0x2c, 0x2e, 0x30, 0x39, 0x2e, 0x30, 0x37, 0x2c, 0x30, 0x2c, 0x30, 0x2c,
    0x2e, 0x30, 0x39, 0x2e, 0x30, 0x38, 0x2c, 0x30, 0x2c, 0x30, 0x2c, 0x2e, 0x30, 0x39, 0x2e, 0x30,
    0x38, 0x2c, 0x30, 0x2c, 0x30, 0x2c, 0x2e, 0x30, 0x38, 0x2e, 0x30, 0x38, 0x2c, 0x30, 0x2c, 0x30,
    0x2c, 0x2e, 0x30, 0x39, 0x2c, 0x34, 0x2e, 0x35, 0x33, 0x2d, 0x33, 0x63, 0x32, 0x2e, 0x39, 0x32,
    0x2d, 0x31, 0x2e, 0x39, 0x34, 0x2c, 0x35, 0x2e, 0x38, 0x31, 0x2d, 0x33, 0x2e, 0x37, 0x33, 0x2c,
    0x37, 0x2e, 0x35, 0x2d, 0x34, 0x61, 0x32, 0x33, 0x2e, 0x37, 0x33, 0x2c, 0x32, 0x33, 0x2e, 0x37,
    0x33, 0x2c, 0x30, 0x2c, 0x30, 0x2c, 0x31, 0x2c, 0x2e, 0x37, 0x2c, 0x34, 0x2e, 0x31, 0x32, 0x6c,
    0x2e, 0x35, 0x31, 0x2c, 0x34, 0x2e, 0x39, 0x34, 0x2c, 0x30, 0x2d, 0x2e, 0x30, 0x35, 0x76, 0x2e,
    0x30, 0x39, 0x6c, 0x30, 0x2d, 0x2e, 0x30, 0x35, 0x76, 0x2e, 0x30, 0x38, 0x6c, 0x30, 0x2d, 0x2e,
    0x30, 0x35, 0x76, 0x2e, 0x30, 0x39, 0x6c, 0x30, 0x2d, 0x2e, 0x30, 0x35, 0x76, 0x2e, 0x30, 0x39,
    0x6c, 0x30, 0x2c, 0x30, 0x76, 0x2e, 0x30, 0x39, 0x6c, 0x30, 0x2c, 0x30, 0x76, 0x2e, 0x30, 0x38,
    0x6c, 0x30, 0x2c, 0x30, 0x76, 0x2e, 0x30, 0x38, 0x6c, 0x30, 0x2c, 0x30, 0x76, 0x2e, 0x30, 0x39,
    0x6c, 0x30, 0x2c, 0x30, 0x76, 0x2e, 0x30, 0x39, 0x6c, 0x30, 0x2c, 0x30, 0x76, 0x2e, 0x30, 0x39,
    0x6c, 0x30, 0x2c, 0x30, 0x76, 0x2e, 0x30, 0x38, 0x6c, 0x30, 0x2c, 0x30, 0x76, 0x2e, 0x30, 0x39,
    0x6c, 0x30, 0x2c, 0x30, 0x56, 0x35, 0x34, 0x6c, 0x30, 0x2c, 0x30, 0x56, 0x35, 0x34, 0x6c, 0x30,
    0x2d, 0x2e, 0x30, 0x35, 0x76, 0x2e, 0x30, 0x38, 0x6c, 0x30, 0x2c, 0x30, 0x76, 0x2e, 0x30, 0x39,
    0x6c, 0x30, 0x2d, 0x2e, 0x30, 0x35, 0x76, 0x2e, 0x30, 0x39, 0x6c, 0x30, 0x2d, 0x2e, 0x30, 0x35,
    0x76, 0x2e, 0x30, 0x39, 0x6c, 0x30, 0x2d, 0x2e, 0x30, 0x35, 0x76, 0x2e, 0x30, 0x39, 0x6c, 0x30,
    0x2d, 0x2e, 0x30, 0x35, 0x76, 0x2e, 0x30, 0x38, 0x6c, 0x30, 0x2d, 0x2e, 0x30, 0x35, 0x76, 0x2e,
    0x30, 0x39, 0x6c, 0x30, 0x2d, 0x2e, 0x30, 0x35, 0x76, 0x2e, 0x30, 0x39, 0x6c, 0x30, 0x2c, 0x30,
    0x76, 0x2e, 0x30, 0x39, 0x6c, 0x30, 0x2c, 0x30, 0x76, 0x2e, 0x30, 0x39, 0x6c, 0x30, 0x2c, 0x30,
    0x76, 0x2e, 0x30, 0x38, 0x6c, 0x30, 0x2c, 0x30, 0x76, 0x2e, 0x30, 0x39, 0x6c, 0x30, 0x2c, 0x30,
    0x76, 0x2e, 0x30, 0x39, 0x6c, 0x30, 0x2c, 0x30, 0x76, 0x2e, 0x30, 0x39, 0x6c, 0x30, 0x2c, 0x30,
    0x76, 0x2e, 0x30, 0x39, 0x6c, 0x30, 0x2d, 0x2e, 0x30, 0x35, 0x76, 0x2e, 0x30, 0x38, 0x6c, 0x30,
    0x2c, 0x30, 0x76, 0x2e, 0x30, 0x39, 0x6c, 0x30, 0x2c, 0x30, 0x76, 0x2e, 0x30, 0x39, 0x6c, 0x30,
    0x2d, 0x2e, 0x30, 0x35, 0x76, 0x2e, 0x30, 0x39, 0x6c, 0x30, 0x2d, 0x2e, 0x30, 0x35, 0x76, 0x2e,
    0x30, 0x38, 0x6c, 0x30, 0x2d, 0x2e, 0x30, 0x35, 0x76, 0x2e, 0x30, 0x39, 0x6c, 0x30, 0x2d, 0x2e,
    0x30, 0x35, 0x76, 0x2e, 0x30, 0x39, 0x6c, 0x30, 0x2d, 0x2e, 0x30, 0x35, 0x76, 0x2e, 0x30, 0x39,
    0x6c, 0x30, 0x2c, 0x30, 0x76, 0x2e, 0x30, 0x38, 0x6c, 0x30, 0x2d, 0x2e, 0x30, 0x35, 0x56, 0x35,
    0x35, 0x6c, 0x30, 0x2d, 0x2e, 0x30, 0x35, 0x56, 0x35, 0x35, 0x6c, 0x30, 0x2c, 0x30, 0x56, 0x35,
    0x35, 0x6c, 0x30, 0x2c, 0x30, 0x76, 0x2e, 0x30, 0x39, 0x6c, 0x30, 0x2c, 0x30, 0x76, 0x2e, 0x30,
    0x38, 0x6c, 0x30, 0x2c, 0x30, 0x76, 0x2e, 0x30, 0x39, 0x6c, 0x30, 0x2c, 0x30, 0x76, 0x2e, 0x30,
    0x39, 0x6c, 0x30, 0x2c, 0x30, 0x76, 0x2e, 0x30, 0x39, 0x6c, 0x30, 0x2c, 0x30, 0x76, 0x2e, 0x30,
    0x38, 0x6c, 0x30, 0x2c, 0x30, 0x76, 0x2e, 0x30, 0x39, 0x6c, 0x30, 0x2c, 0x30, 0x76, 0x2e, 0x30,
    0x39, 0x6c, 0x30, 0x2d, 0x2e, 0x30, 0x35, 0x76, 0x2e, 0x30, 0x39, 0x6c, 0x30, 0x2d, 0x2e, 0x30,
    0x35, 0x76, 0x2e, 0x30, 0x39, 0x6c, 0x32, 0x2e, 0x34, 0x38, 0x2d, 0x34, 0x2e, 0x33, 0x63, 0x33,
    0x2e, 0x37, 0x37, 0x2d, 0x36, 0x2e, 0x35, 0x33, 0x2c, 0x36, 0x2e, 0x34, 0x35, 0x2d, 0x37, 0x2e,
    0x38, 0x37, 0x2c, 0x39, 0x2e, 0x33, 0x32, 0x2d, 0x37, 0x2e, 0x38, 0x37, 0x2c, 0x32, 0x2e, 0x36,
    0x39, 0x2c, 0x30, 0x2c, 0x36, 0x2e, 0x30, 0x39, 0x2c, 0x31, 0x2e, 0x32, 0x36, 0x2c, 0x31, 0x30,
    0x2e, 0x33, 0x39, 0x2c, 0x33, 0x2e, 0x31, 0x34, 0x6c, 0x33, 0x2e, 0x39, 0x2c, 0x31, 0x2e, 0x37,
    0x32, 0x2d, 0x31, 0x2e, 0x38, 0x2d, 0x33, 0x2e, 0x38, 0x37, 0x63, 0x2d, 0x31, 0x2e, 0x36, 0x36,
    0x2d, 0x33, 0x2e, 0x35, 0x36, 0x2d, 0x32, 0x2e, 0x31, 0x32, 0x2d, 0x35, 0x2e, 0x38, 0x31, 0x2d,
    0x31, 0x2e, 0x34, 0x33, 0x2d, 0x37, 0x2e, 0x31, 0x73, 0x33, 0x2e, 0x31, 0x35, 0x2d, 0x32, 0x2e,
    0x32, 0x39, 0x2c, 0x37, 0x2e, 0x38, 0x34, 0x2d, 0x33, 0x6c, 0x34, 0x2e, 0x34, 0x39, 0x2d, 0x2e,
    0x36, 0x38, 0x2d, 0x2e, 0x30, 0x36, 0x2c, 0x30, 0x5a, 0x22, 0x20, 0x73, 0x74, 0x79, 0x6c, 0x65,
    0x3d, 0x22, 0x66, 0x69, 0x6c, 0x6c, 0x3a, 0x23, 0x35, 0x38, 0x35, 0x39, 0x35, 0x62, 0x22, 0x2f,
    0x3e, 0x3c, 0x70, 0x61, 0x74, 0x68, 0x20, 0x64, 0x3d, 0x22, 0x4d, 0x35, 0x33, 0x2e, 0x38, 0x31,
    0x2c, 0x32, 0x35, 0x2e, 0x34, 0x31, 0x63, 0x2d, 0x2e, 0x30, 0x37, 0x2d, 0x31, 0x2e, 0x31, 0x32,
    0x2c, 0x31, 0x2e, 0x33, 0x35, 0x2d, 0x32, 0x2e, 0x37, 0x38, 0x2c, 0x34, 0x2e, 0x32, 0x2d, 0x34,
    0x2e, 0x39, 0x33, 0x6c, 0x33, 0x2e, 0x39, 0x33, 0x2d, 0x33, 0x4c, 0x35, 0x37, 0x2c, 0x31, 0x37,
    0x2e, 0x35, 0x39, 0x68, 0x2d, 0x2e, 0x36, 0x36, 0x63, 0x2d, 0x33, 0x2c, 0x30, 0x2d, 0x33, 0x2e,
    0x37, 0x37, 0x2d, 0x2e, 0x33, 0x39, 0x2d, 0x34, 0x2d, 0x2e, 0x35, 0x33, 0x2c, 0x30, 0x2d, 0x2e,
    0x32, 0x32, 0x2e, 0x32, 0x31, 0x2d, 0x31, 0x2e, 0x31, 0x31, 0x2c, 0x32, 0x2e, 0x30, 0x36, 0x2d,
    0x33, 0x2e, 0x33, 0x36, 0x6c, 0x33, 0x2e, 0x38, 0x32, 0x2d, 0x34, 0x2e, 0x36, 0x35, 0x2d, 0x35,
    0x2e, 0x36, 0x33, 0x2c, 0x32, 0x2e, 0x31, 0x33, 0x43, 0x35, 0x30, 0x2e, 0x35, 0x38, 0x2c, 0x31,
    0x32, 0x2c, 0x34, 0x37, 0x2e, 0x36, 0x32, 0x2c, 0x31, 0x33, 0x2c, 0x34, 0x35, 0x2e, 0x38, 0x2c,
    0x31, 0x33, 0x63, 0x2d, 0x31, 0x2c, 0x30, 0x2d, 0x31, 0x2e, 0x32, 0x36, 0x2d, 0x2e, 0x33, 0x31,
    0x2d, 0x31, 0x2e, 0x33, 0x36, 0x2d, 0x2e, 0x34, 0x32, 0x2d, 0x2e, 0x34, 0x35, 0x2d, 0x2e, 0x35,
    0x33, 0x2d, 0x2e, 0x38, 0x33, 0x2d, 0x32, 0x2d, 0x2e, 0x31, 0x32, 0x2d, 0x36, 0x2e, 0x30, 0x39,
    0x4c, 0x34, 0x35, 0x2e, 0x34, 0x35, 0x2c, 0x30, 0x6c, 0x2d, 0x34, 0x2c, 0x35, 0x2e, 0x32, 0x36,
    0x63, 0x2d, 0x33, 0x2e, 0x31, 0x36, 0x2c, 0x34, 0x2e, 0x31, 0x37, 0x2d, 0x34, 0x2e, 0x39, 0x33,
    0x2c, 0x34, 0x2e, 0x37, 0x39, 0x2d, 0x35, 0x2e, 0x37, 0x31, 0x2c, 0x34, 0x2e, 0x37, 0x39, 0x2d,
    0x31, 0x2e, 0x33, 0x31, 0x2c, 0x30, 0x2d, 0x32, 0x2e, 0x33, 0x35, 0x2d, 0x32, 0x2e, 0x31, 0x31,
    0x2d, 0x33, 0x2e, 0x31, 0x31, 0x2d, 0x33, 0x2e, 0x39, 0x34, 0x4c, 0x33, 0x30, 0x2e, 0x37, 0x37,
    0x2c, 0x31, 0x2e, 0x35, 0x37, 0x2c, 0x32, 0x39, 0x2e, 0x36, 0x2c, 0x36, 0x2e, 0x33, 0x34, 0x63,
    0x2d, 0x31, 0x2e, 0x32, 0x33, 0x2c, 0x35, 0x2d, 0x32, 0x2e, 0x39, 0x32, 0x2c, 0x35, 0x2d, 0x33,
    0x2e, 0x34, 0x38, 0x2c, 0x35, 0x2d, 0x31, 0x2e, 0x30, 0x38, 0x2c, 0x30, 0x2d, 0x33, 0x2e, 0x30,
    0x38, 0x2d, 0x2e, 0x37, 0x2d, 0x36, 0x2e, 0x34, 0x35, 0x2d, 0x34, 0x4c, 0x31, 0x34, 0x2c, 0x31,
    0x2e, 0x36, 0x36, 0x6c, 0x33, 0x2e, 0x30, 0x37, 0x2c, 0x37, 0x2e, 0x34, 0x63, 0x32, 0x2e, 0x31,
    0x37, 0x2c, 0x35, 0x2e, 0x32, 0x2c, 0x31, 0x2e, 0x38, 0x39, 0x2c, 0x36, 0x2e, 0x35, 0x33, 0x2c,
    0x31, 0x2e, 0x36, 0x37, 0x2c, 0x36, 0x2e, 0x38, 0x36, 0x2d, 0x2e, 0x31, 0x31, 0x2e, 0x31, 0x36,
    0x2d, 0x2e, 0x35, 0x35, 0x2e, 0x33, 0x34, 0x2d, 0x31, 0x2e, 0x34, 0x36, 0x2e, 0x33, 0x34, 0x61,
    0x33, 0x31, 0x2e, 0x36, 0x35, 0x2c, 0x33, 0x31, 0x2e, 0x36, 0x35, 0x2c, 0x30, 0x2c, 0x30, 0x2c,
    0x31, 0x2d, 0x37, 0x2e, 0x32, 0x31, 0x2d, 0x31, 0x2e, 0x33, 0x37, 0x4c, 0x32, 0x2e, 0x33, 0x34,
    0x2c, 0x31, 0x32, 0x2e, 0x38, 0x6c, 0x36, 0x2e, 0x33, 0x31, 0x2c, 0x34, 0x2e, 0x39, 0x31, 0x43,
    0x31, 0x31, 0x2e, 0x36, 0x2c, 0x32, 0x30, 0x2c, 0x31, 0x32, 0x2e, 0x32, 0x32, 0x2c, 0x32, 0x31,
    0x2c, 0x31, 0x32, 0x2e, 0x33, 0x35, 0x2c, 0x32, 0x31, 0x2e, 0x33, 0x34, 0x63, 0x2d, 0x2e, 0x33,
    0x36, 0x2e, 0x32, 0x39, 0x2d, 0x31, 0x2e, 0x36, 0x39, 0x2e, 0x38, 0x37, 0x2d, 0x36, 0x2e, 0x34,
    0x38, 0x2c, 0x31, 0x2e, 0x34, 0x4c, 0x30, 0x2c, 0x32, 0x33, 0x2e, 0x33, 0x38, 0x2c, 0x35, 0x2e,
    0x33, 0x39, 0x2c, 0x32, 0x35, 0x2e, 0x38, 0x63, 0x34, 0x2e, 0x34, 0x35, 0x2c, 0x32, 0x2c, 0x35,
    0x2e, 0x34, 0x39, 0x2c, 0x33, 0x2e, 0x33, 0x34, 0x2c, 0x35, 0x2e, 0x35, 0x37, 0x2c, 0x34, 0x2e,
    0x31, 0x31, 0x73, 0x2d, 0x2e, 0x36, 0x36, 0x2c, 0x32, 0x2e, 0x33, 0x33, 0x2d, 0x34, 0x2e, 0x37,
    0x2c, 0x35, 0x2e, 0x33, 0x31, 0x4c, 0x31, 0x2e, 0x38, 0x38, 0x2c, 0x33, 0x38, 0x2e, 0x34, 0x34,
    0x6c, 0x35, 0x2e, 0x34, 0x32, 0x2d, 0x2e, 0x33, 0x33, 0x63, 0x31, 0x2d, 0x2e, 0x30, 0x36, 0x2c,
    0x31, 0x2e, 0x38, 0x2d, 0x2e, 0x30, 0x38, 0x2c, 0x32, 0x2e, 0x35, 0x34, 0x2d, 0x2e, 0x30, 0x38,
    0x2c, 0x32, 0x2e, 0x36, 0x34, 0x2c, 0x30, 0x2c, 0x34, 0x2e, 0x32, 0x31, 0x2e, 0x33, 0x36, 0x2c,
    0x34, 0x2e, 0x36, 0x39, 0x2c, 0x31, 0x2e, 0x30, 0x39, 0x2e, 0x33, 0x2e, 0x34, 0x36, 0x2e, 0x35,
    0x37, 0x2c, 0x31, 0x2e, 0x37, 0x37, 0x2d, 0x31, 0x2c, 0x35, 0x2e, 0x33, 0x37, 0x6c, 0x2d, 0x32,
    0x2e, 0x31, 0x37, 0x2c, 0x35, 0x2c, 0x34, 0x2e, 0x35, 0x33, 0x2d, 0x33, 0x63, 0x33, 0x2e, 0x31,
    0x34, 0x2d, 0x32, 0x2e, 0x30, 0x38, 0x2c, 0x36, 0x2e, 0x32, 0x37, 0x2d, 0x34, 0x2c, 0x37, 0x2e,
    0x38, 0x38, 0x2d, 0x34, 0x2c, 0x2e, 0x34, 0x39, 0x2c, 0x30, 0x2c, 0x31, 0x2e, 0x36, 0x33, 0x2c,
    0x30, 0x2c, 0x32, 0x2e, 0x32, 0x35, 0x2c, 0x36, 0x2e, 0x30, 0x39, 0x6c, 0x2e, 0x35, 0x31, 0x2c,
    0x34, 0x2e, 0x39, 0x34, 0x4c, 0x32, 0x39, 0x2c, 0x34, 0x39, 0x2e, 0x31, 0x39, 0x63, 0x33, 0x2e,
    0x37, 0x37, 0x2d, 0x36, 0x2e, 0x35, 0x33, 0x2c, 0x36, 0x2e, 0x34, 0x35, 0x2d, 0x37, 0x2e, 0x38,
    0x36, 0x2c, 0x39, 0x2e, 0x33, 0x32, 0x2d, 0x37, 0x2e, 0x38, 0x36, 0x2c, 0x32, 0x2e, 0x36, 0x39,
    0x2c, 0x30, 0x2c, 0x36, 0x2e, 0x31, 0x2c, 0x31, 0x2e, 0x32, 0x35, 0x2c, 0x31, 0x30, 0x2e, 0x33,
    0x39, 0x2c, 0x33, 0x2e, 0x31, 0x33, 0x6c, 0x33, 0x2e, 0x39, 0x31, 0x2c, 0x31, 0x2e, 0x37, 0x32,
    0x2d, 0x31, 0x2e, 0x38, 0x31, 0x2d, 0x33, 0x2e, 0x38, 0x36, 0x63, 0x2d, 0x31, 0x2e, 0x36, 0x36,
    0x2d, 0x33, 0x2e, 0x35, 0x36, 0x2d, 0x32, 0x2e, 0x31, 0x31, 0x2d, 0x35, 0x2e, 0x38, 0x32, 0x2d,
    0x31, 0x2e, 0x34, 0x33, 0x2d, 0x37, 0x2e, 0x31, 0x73, 0x33, 0x2e, 0x31, 0x35, 0x2d, 0x32, 0x2e,
    0x33, 0x2c, 0x37, 0x2e, 0x38, 0x34, 0x2d, 0x33, 0x6c, 0x34, 0x2e, 0x35, 0x2d, 0x2e, 0x36, 0x38,
    0x2d, 0x33, 0x2e, 0x39, 0x34, 0x2d, 0x32, 0x2e, 0x32, 0x39, 0x43, 0x35, 0x35, 0x2e, 0x32, 0x31,
    0x2c, 0x32, 0x37, 0x2e, 0x37, 0x33, 0x2c, 0x35, 0x33, 0x2e, 0x38, 0x37, 0x2c, 0x32, 0x36, 0x2e,
    0x34, 0x34, 0x2c, 0x35, 0x33, 0x2e, 0x38, 0x31, 0x2c, 0x32, 0x35, 0x2e, 0x34, 0x31, 0x5a, 0x22,
    0x20, 0x73, 0x74, 0x79, 0x6c, 0x65, 0x3d, 0x22, 0x66, 0x69, 0x6c, 0x6c, 0x3a, 0x75, 0x72, 0x6c,
    0x28, 0x23, 0x53, 0x70, 0x65, 0x63, 0x74, 0x72, 0x75, 0x6d, 0x5f, 0x29, 0x22, 0x2f, 0x3e, 0x3c,
    0x70, 0x61, 0x74, 0x68, 0x20, 0x64, 0x3d, 0x22, 0x4d, 0x32, 0x38, 0x2e, 0x33, 0x39, 0x2c, 0x34,
    0x37, 0x2e, 0x36, 0x32, 0x63, 0x2d, 0x31, 0x2d, 0x39, 0x2e, 0x36, 0x32, 0x2d, 0x33, 0x2e, 0x35,
    0x38, 0x2d, 0x39, 0x2e, 0x32, 0x36, 0x2d, 0x31, 0x32, 0x2e, 0x36, 0x32, 0x2d, 0x33, 0x2e, 0x32,
    0x36, 0x2c, 0x33, 0x2e, 0x33, 0x36, 0x2d, 0x37, 0x2e, 0x37, 0x31, 0x2e, 0x34, 0x34, 0x2d, 0x39,
    0x2e, 0x31, 0x32, 0x2d, 0x37, 0x2e, 0x37, 0x39, 0x2d, 0x38, 0x2e, 0x36, 0x32, 0x2c, 0x37, 0x2e,
    0x34, 0x31, 0x2d, 0x35, 0x2e, 0x34, 0x36, 0x2c, 0x37, 0x2e, 0x32, 0x35, 0x2d, 0x38, 0x2e, 0x34,
    0x2d, 0x31, 0x2e, 0x31, 0x37, 0x2d, 0x31, 0x32, 0x2e, 0x31, 0x38, 0x2c, 0x39, 0x2d, 0x31, 0x2c,
    0x31, 0x30, 0x2e, 0x35, 0x37, 0x2d, 0x32, 0x2e, 0x34, 0x38, 0x2c, 0x33, 0x2e, 0x36, 0x2d, 0x37,
    0x2e, 0x38, 0x39, 0x2c, 0x31, 0x30, 0x2e, 0x37, 0x37, 0x2c, 0x32, 0x2e, 0x39, 0x31, 0x2c, 0x31,
    0x33, 0x2c, 0x31, 0x2e, 0x38, 0x39, 0x2c, 0x38, 0x2e, 0x39, 0x2d, 0x38, 0x43, 0x32, 0x37, 0x2e,
    0x38, 0x34, 0x2c, 0x31, 0x36, 0x2e, 0x31, 0x33, 0x2c, 0x33, 0x30, 0x2e, 0x36, 0x38, 0x2c, 0x31,
    0x31, 0x2c, 0x33, 0x31, 0x2e, 0x39, 0x33, 0x2c, 0x36, 0x63, 0x31, 0x2e, 0x36, 0x39, 0x2c, 0x34,
    0x2e, 0x31, 0x2c, 0x34, 0x2e, 0x34, 0x36, 0x2c, 0x38, 0x2e, 0x38, 0x39, 0x2c, 0x31, 0x31, 0x2e,
    0x35, 0x38, 0x2d, 0x2e, 0x34, 0x39, 0x43, 0x34, 0x31, 0x2e, 0x38, 0x37, 0x2c, 0x31, 0x34, 0x2e,
    0x38, 0x35, 0x2c, 0x34, 0x35, 0x2c, 0x31, 0x35, 0x2e, 0x33, 0x32, 0x2c, 0x35, 0x34, 0x2c, 0x31,
    0x31, 0x2e, 0x39, 0x32, 0x63, 0x2d, 0x34, 0x2e, 0x33, 0x31, 0x2c, 0x35, 0x2e, 0x32, 0x34, 0x2d,
    0x32, 0x2e, 0x38, 0x2c, 0x36, 0x2e, 0x36, 0x32, 0x2c, 0x33, 0x2e, 0x38, 0x32, 0x2c, 0x36, 0x2e,
    0x35, 0x31, 0x2d, 0x36, 0x2e, 0x32, 0x31, 0x2c, 0x34, 0x2e, 0x36, 0x39, 0x2d, 0x36, 0x2e, 0x36,
    0x36, 0x2c, 0x37, 0x2e, 0x35, 0x37, 0x2d, 0x2e, 0x30, 0x35, 0x2c, 0x31, 0x31, 0x2e, 0x34, 0x32,
    0x2d, 0x39, 0x2e, 0x33, 0x34, 0x2c, 0x31, 0x2e, 0x34, 0x32, 0x2d, 0x31, 0x31, 0x2e, 0x36, 0x32,
    0x2c, 0x33, 0x2e, 0x38, 0x31, 0x2d, 0x37, 0x2e, 0x36, 0x32, 0x2c, 0x31, 0x32, 0x2e, 0x33, 0x37,
    0x43, 0x33, 0x39, 0x2c, 0x33, 0x37, 0x2e, 0x33, 0x33, 0x2c, 0x33, 0x34, 0x2e, 0x35, 0x31, 0x2c,
    0x33, 0x37, 0x2c, 0x32, 0x38, 0x2e, 0x33, 0x39, 0x2c, 0x34, 0x37, 0x2e, 0x36, 0x32, 0x5a, 0x22,
    0x20, 0x73, 0x74, 0x79, 0x6c, 0x65, 0x3d, 0x22, 0x66, 0x69, 0x6c, 0x6c, 0x3a, 0x23, 0x66, 0x66,
    0x66, 0x22, 0x2f, 0x3e, 0x3c, 0x72, 0x65, 0x63, 0x74, 0x20, 0x78, 0x3d, 0x22, 0x33, 0x36, 0x2e,
    0x33, 0x34, 0x22, 0x20, 0x79, 0x3d, 0x22, 0x31, 0x38, 0x2e, 0x30, 0x39, 0x22, 0x20, 0x77, 0x69,
    0x64, 0x74, 0x68, 0x3d, 0x22, 0x34, 0x2e, 0x39, 0x37, 0x22, 0x20, 0x68, 0x65, 0x69, 0x67, 0x68,
    0x74, 0x3d, 0x22, 0x34, 0x2e, 0x39, 0x37, 0x22, 0x20, 0x73, 0x74, 0x79, 0x6c, 0x65, 0x3d, 0x22,
    0x66, 0x69, 0x6c, 0x6c, 0x3a, 0x75, 0x72, 0x6c, 0x28, 0x23, 0x53, 0x70, 0x65, 0x63, 0x74, 0x72,
    0x75, 0x6d, 0x5f, 0x32, 0x29, 0x22, 0x2f, 0x3e, 0x3c, 0x72, 0x65, 0x63, 0x74, 0x20, 0x78, 0x3d,
    0x22, 0x33, 0x30, 0x2e, 0x33, 0x38, 0x22, 0x20, 0x79, 0x3d, 0x22, 0x31, 0x38, 0x2e, 0x30, 0x39,
    0x22, 0x20, 0x77, 0x69, 0x64, 0x74, 0x68, 0x3d, 0x22, 0x34, 0x2e, 0x39, 0x37, 0x22, 0x20, 0x68,
    0x65, 0x69, 0x67, 0x68, 0x74, 0x3d, 0x22, 0x34, 0x2e, 0x39, 0x37, 0x22, 0x20, 0x73, 0x74, 0x79,
    0x6c, 0x65, 0x3d, 0x22, 0x66, 0x69, 0x6c, 0x6c, 0x3a, 0x75, 0x72, 0x6c, 0x28, 0x23, 0x53, 0x70,
    0x65, 0x63, 0x74, 0x72, 0x75, 0x6d, 0x5f, 0x33, 0x29, 0x22, 0x2f, 0x3e, 0x3c, 0x72, 0x65, 0x63,
    0x74, 0x20, 0x78, 0x3d, 0x22, 0x32, 0x34, 0x2e, 0x34, 0x31, 0x22, 0x20, 0x79, 0x3d, 0x22, 0x31,
    0x38, 0x2e, 0x30, 0x39, 0x22, 0x20, 0x77, 0x69, 0x64, 0x74, 0x68, 0x3d, 0x22, 0x34, 0x2e, 0x39,
    0x37, 0x22, 0x20, 0x68, 0x65, 0x69, 0x67, 0x68, 0x74, 0x3d, 0x22, 0x34, 0x2e, 0x39, 0x37, 0x22,
    0x20, 0x73, 0x74, 0x79, 0x6c, 0x65, 0x3d, 0x22, 0x66, 0x69, 0x6c, 0x6c, 0x3a, 0x75, 0x72, 0x6c,
    0x28, 0x23, 0x53, 0x70, 0x65, 0x63, 0x74, 0x72, 0x75, 0x6d, 0x5f, 0x34, 0x29, 0x22, 0x2f, 0x3e,
    0x3c, 0x72, 0x65, 0x63, 0x74, 0x20, 0x78, 0x3d, 0x22, 0x33, 0x36, 0x2e, 0x33, 0x34, 0x22, 0x20,
    0x79, 0x3d, 0x22, 0x32, 0x34, 0x2e, 0x30, 0x36, 0x22, 0x20, 0x77, 0x69, 0x64, 0x74, 0x68, 0x3d,
    0x22, 0x34, 0x2e, 0x39, 0x37, 0x22, 0x20, 0x68, 0x65, 0x69, 0x67, 0x68, 0x74, 0x3d, 0x22, 0x34,
    0x2e, 0x39, 0x37, 0x22, 0x20, 0x73, 0x74, 0x79, 0x6c, 0x65, 0x3d, 0x22, 0x66, 0x69, 0x6c, 0x6c,
    0x3a, 0x75, 0x72, 0x6c, 0x28, 0x23, 0x53, 0x70, 0x65, 0x63, 0x74, 0x72, 0x75, 0x6d, 0x5f, 0x35,
    0x29, 0x22, 0x2f, 0x3e, 0x3c, 0x72, 0x65, 0x63, 0x74, 0x20, 0x78, 0x3d, 0x22, 0x33, 0x30, 0x2e,
    0x33, 0x38, 0x22, 0x20, 0x79, 0x3d, 0x22, 0x32, 0x34, 0x2e, 0x30, 0x36, 0x22, 0x20, 0x77, 0x69,
    0x64, 0x74, 0x68, 0x3d, 0x22, 0x34, 0x2e, 0x39, 0x37, 0x22, 0x20, 0x68, 0x65, 0x69, 0x67, 0x68,
    0x74, 0x3d, 0x22, 0x34, 0x2e, 0x39, 0x37, 0x22, 0x20, 0x73, 0x74, 0x79, 0x6c, 0x65, 0x3d, 0x22,
    0x66, 0x69, 0x6c, 0x6c, 0x3a, 0x75, 0x72, 0x6c, 0x28, 0x23, 0x53, 0x70, 0x65, 0x63, 0x74, 0x72,
    0x75, 0x6d, 0x5f, 0x36, 0x29, 0x22, 0x2f, 0x3e, 0x3c, 0x72, 0x65, 0x63, 0x74, 0x20, 0x78, 0x3d,
    0x22, 0x32, 0x34, 0x2e, 0x34, 0x31, 0x22, 0x20, 0x79, 0x3d, 0x22, 0x32, 0x34, 0x2e, 0x30, 0x36,
    0x22, 0x20, 0x77, 0x69, 0x64, 0x74, 0x68, 0x3d, 0x22, 0x34, 0x2e, 0x39, 0x37, 0x22, 0x20, 0x68,
    0x65, 0x69, 0x67, 0x68, 0x74, 0x3d, 0x22, 0x34, 0x2e, 0x39, 0x37, 0x22, 0x20, 0x73, 0x74, 0x79,
    0x6c, 0x65, 0x3d, 0x22, 0x66, 0x69, 0x6c, 0x6c, 0x3a, 0x75, 0x72, 0x6c, 0x28, 0x23, 0x53, 0x70,
    0x65, 0x63, 0x74, 0x72, 0x75, 0x6d, 0x5f, 0x37, 0x29, 0x22, 0x2f, 0x3e, 0x3c, 0x72, 0x65, 0x63,
    0x74, 0x20, 0x78, 0x3d, 0x22, 0x33, 0x36, 0x2e, 0x33, 0x34, 0x22, 0x20, 0x79, 0x3d, 0x22, 0x33,
    0x30, 0x2e, 0x30, 0x32, 0x22, 0x20, 0x77, 0x69, 0x64, 0x74, 0x68, 0x3d, 0x22, 0x34, 0x2e, 0x39,
    0x37, 0x22, 0x20, 0x68, 0x65, 0x69, 0x67, 0x68, 0x74, 0x3d, 0x22, 0x34, 0x2e, 0x39, 0x37, 0x22,
    0x20, 0x73, 0x74, 0x79, 0x6c, 0x65, 0x3d, 0x22, 0x66, 0x69, 0x6c, 0x6c, 0x3a, 0x75, 0x72, 0x6c,
    0x28, 0x23, 0x53, 0x70, 0x65, 0x63, 0x74, 0x72, 0x75, 0x6d, 0x5f, 0x38, 0x29, 0x22, 0x2f, 0x3e,
    0x3c, 0x72, 0x65, 0x63, 0x74, 0x20, 0x78, 0x3d, 0x22, 0x33, 0x30, 0x2e, 0x33, 0x38, 0x22, 0x20,
    0x79, 0x3d, 0x22, 0x33, 0x30, 0x2e, 0x30, 0x32, 0x22, 0x20, 0x77, 0x69, 0x64, 0x74, 0x68, 0x3d,
    0x22, 0x34, 0x2e, 0x39, 0x37, 0x22, 0x20, 0x68, 0x65, 0x69, 0x67, 0x68, 0x74, 0x3d, 0x22, 0x34,
    0x2e, 0x39, 0x37, 0x22, 0x20, 0x73, 0x74, 0x79, 0x6c, 0x65, 0x3d, 0x22, 0x66, 0x69, 0x6c, 0x6c,
    0x3a, 0x75, 0x72, 0x6c, 0x28, 0x23, 0x53, 0x70, 0x65, 0x63, 0x74, 0x72, 0x75, 0x6d, 0x5f, 0x39,
    0x29, 0x22, 0x2f, 0x3e, 0x3c, 0x72, 0x65, 0x63, 0x74, 0x20, 0x78, 0x3d, 0x22, 0x32, 0x34, 0x2e,
    0x34, 0x31, 0x22, 0x20, 0x79, 0x3d, 0x22, 0x33, 0x30, 0x2e, 0x30, 0x32, 0x22, 0x20, 0x77, 0x69,
    0x64, 0x74, 0x68, 0x3d, 0x22, 0x34, 0x2e, 0x39, 0x37, 0x22, 0x20, 0x68, 0x65, 0x69, 0x67, 0x68,
    0x74, 0x3d, 0x22, 0x34, 0x2e, 0x39, 0x37, 0x22, 0x20, 0x73, 0x74, 0x79, 0x6c, 0x65, 0x3d, 0x22,
    0x66, 0x69, 0x6c, 0x6c, 0x3a, 0x75, 0x72, 0x6c, 0x28, 0x23, 0x53, 0x70, 0x65, 0x63, 0x74, 0x72,
    0x75, 0x6d, 0x5f, 0x31, 0x30, 0x29, 0x22, 0x2f, 0x3e, 0x3c, 0x2f, 0x73, 0x76, 0x67, 0x3e,
};
static const size_t main_toolbar_effects_svg_len = 9647;

static const unsigned char main_toolbar_effect_colors_svg[] = {
    0x3c, 0x73, 0x76, 0x67, 0x20, 0x69, 0x64, 0x3d, 0x22, 0x4c, 0x61, 0x79, 0x65, 0x72, 0x5f, 0x31,
    0x22, 0x20, 0x64, 0x61, 0x74, 0x61, 0x2d, 0x6e, 0x61, 0x6d, 0x65, 0x3d, 0x22, 0x4c, 0x61, 0x79,
    0x65, 0x72, 0x20, 0x31, 0x22, 0x20, 0x78, 0x6d, 0x6c, 0x6e, 0x73, 0x3d, 0x22, 0x68, 0x74, 0x74,
    0x70, 0x3a, 0x2f, 0x2f, 0x77, 0x77, 0x77, 0x2e, 0x77, 0x33, 0x2e, 0x6f, 0x72, 0x67, 0x2f, 0x32,
    0x30, 0x30, 0x30, 0x2f, 0x73, 0x76, 0x67, 0x22, 0x20, 0x78, 0x6d, 0x6c, 0x6e, 0x73, 0x3a, 0x78,
    0x6c, 0x69, 0x6e, 0x6b, 0x3d, 0x22, 0x68, 0x74, 0x74, 0x70, 0x3a, 0x2f, 0x2f, 0x77, 0x77, 0x77,
    0x2e, 0x77, 0x33, 0x2e, 0x6f, 0x72, 0x67, 0x2f, 0x31, 0x39, 0x39, 0x39, 0x2f, 0x78, 0x6c, 0x69,
    0x6e, 0x6b, 0x22, 0x20, 0x76, 0x69, 0x65, 0x77, 0x42, 0x6f, 0x78, 0x3d, 0x22, 0x30, 0x20, 0x30,
    0x20, 0x36, 0x33, 0x2e, 0x32, 0x37, 0x20, 0x36, 0x33, 0x2e, 0x37, 0x22, 0x3e, 0x3c, 0x64, 0x65,
    0x66, 0x73, 0x3e, 0x3c, 0x6c, 0x69, 0x6e, 0x65, 0x61, 0x72, 0x47, 0x72, 0x61, 0x64, 0x69, 0x65,
    0x6e, 0x74, 0x20, 0x69, 0x64, 0x3d, 0x22, 0x53, 0x70, 0x65, 0x63, 0x74, 0x72, 0x75, 0x6d, 0x5f,
    0x22, 0x20, 0x78, 0x31, 0x3d, 0x22, 0x2d, 0x38, 0x31, 0x2e, 0x34, 0x36, 0x22, 0x20, 0x79, 0x31,
    0x3d, 0x22, 0x33, 0x33, 0x2e, 0x31, 0x36, 0x22, 0x20, 0x78, 0x32, 0x3d, 0x22, 0x36, 0x30, 0x31,
    0x2e, 0x38, 0x37, 0x22, 0x20, 0x79, 0x32, 0x3d, 0x22, 0x33, 0x33, 0x2e, 0x31, 0x36, 0x22, 0x20,
    0x67, 0x72, 0x61, 0x64, 0x69, 0x65, 0x6e, 0x74, 0x55, 0x6e, 0x69, 0x74, 0x73, 0x3d, 0x22, 0x75,
    0x73, 0x65, 0x72, 0x53, 0x70, 0x61, 0x63, 0x65, 0x4f, 0x6e, 0x55, 0x73, 0x65, 0x22, 0x3e, 0x3c,
    0x73, 0x74, 0x6f, 0x70, 0x20, 0x6f, 0x66, 0x66, 0x73, 0x65, 0x74, 0x3d, 0x22, 0x30, 0x22, 0x20,
    0x73, 0x74, 0x6f, 0x70, 0x2d, 0x63, 0x6f, 0x6c, 0x6f, 0x72, 0x3d, 0x22, 0x23, 0x30, 0x30, 0x61,
    0x38, 0x64, 0x65, 0x22, 0x2f, 0x3e, 0x3c, 0x73, 0x74, 0x6f, 0x70, 0x20, 0x6f, 0x66, 0x66, 0x73,
    0x65, 0x74, 0x3d, 0x22, 0x30, 0x2e, 0x32, 0x22, 0x20, 0x73, 0x74, 0x6f, 0x70, 0x2d, 0x63, 0x6f,
    0x6c, 0x6f, 0x72, 0x3d, 0x22, 0x23, 0x33, 0x33, 0x33, 0x33, 0x39, 0x31, 0x22, 0x2f, 0x3e, 0x3c,
    0x73, 0x74, 0x6f, 0x70, 0x20, 0x6f, 0x66, 0x66, 0x73, 0x65, 0x74, 0x3d, 0x22, 0x30, 0x2e, 0x34,
    0x22, 0x20, 0x73, 0x74, 0x6f, 0x70, 0x2d, 0x63, 0x6f, 0x6c, 0x6f, 0x72, 0x3d, 0x22, 0x23, 0x65,
    0x39, 0x31, 0x33, 0x38, 0x38, 0x22, 0x2f, 0x3e, 0x3c, 0x73, 0x74, 0x6f, 0x70, 0x20, 0x6f, 0x66,
    0x66, 0x73, 0x65, 0x74, 0x3d, 0x22, 0x30, 0x2e, 0x36, 0x22, 0x20, 0x73, 0x74, 0x6f, 0x70, 0x2d,
    0x63, 0x6f, 0x6c, 0x6f, 0x72, 0x3d, 0x22, 0x23, 0x65, 0x62, 0x32, 0x64, 0x32, 0x65, 0x22, 0x2f,
    0x3e, 0x3c, 0x73, 0x74, 0x6f, 0x70, 0x20, 0x6f, 0x66, 0x66, 0x73, 0x65, 0x74, 0x3d, 0x22, 0x30,
    0x2e, 0x38, 0x22, 0x20, 0x73, 0x74, 0x6f, 0x70, 0x2d, 0x63, 0x6f, 0x6c, 0x6f, 0x72, 0x3d, 0x22,
    0x23, 0x66, 0x64, 0x65, 0x39, 0x32, 0x62, 0x22, 0x2f, 0x3e, 0x3c, 0x73, 0x74, 0x6f, 0x70, 0x20,
    0x6f, 0x66, 0x66, 0x73, 0x65, 0x74, 0x3d, 0x22, 0x31, 0x22, 0x20, 0x73, 0x74, 0x6f, 0x70, 0x2d,
    0x63, 0x6f, 0x6c, 0x6f, 0x72, 0x3d, 0x22, 0x23, 0x30, 0x30, 0x39, 0x65, 0x35, 0x34, 0x22, 0x2f,
    0x3e, 0x3c, 0x2f, 0x6c, 0x69, 0x6e, 0x65, 0x61, 0x72, 0x47, 0x72, 0x61, 0x64, 0x69, 0x65, 0x6e,
    0x74, 0x3e, 0x3c, 0x6c, 0x69, 0x6e, 0x65, 0x61, 0x72, 0x47, 0x72, 0x61, 0x64, 0x69, 0x65, 0x6e,
    0x74, 0x20, 0x69, 0x64, 0x3d, 0x22, 0x53, 0x70, 0x65, 0x63, 0x74, 0x72, 0x75, 0x6d, 0x5f, 0x32,
    0x22, 0x20, 0x78, 0x31, 0x3d, 0x22, 0x2d, 0x38, 0x31, 0x2e, 0x34, 0x36, 0x22, 0x20, 0x79, 0x31,
    0x3d, 0x22, 0x33, 0x33, 0x2e, 0x31, 0x36, 0x22, 0x20, 0x78, 0x32, 0x3d, 0x22, 0x36, 0x30, 0x31,
    0x2e, 0x38, 0x37, 0x22, 0x20, 0x79, 0x32, 0x3d, 0x22, 0x33, 0x33, 0x2e, 0x31, 0x36, 0x22, 0x20,
    0x78, 0x6c, 0x69, 0x6e, 0x6b, 0x3a, 0x68, 0x72, 0x65, 0x66, 0x3d, 0x22, 0x23, 0x53, 0x70, 0x65,
    0x63, 0x74, 0x72, 0x75, 0x6d, 0x5f, 0x22, 0x2f, 0x3e, 0x3c, 0x6c, 0x69, 0x6e, 0x65, 0x61, 0x72,
    0x47, 0x72, 0x61, 0x64, 0x69, 0x65, 0x6e, 0x74, 0x20, 0x69, 0x64, 0x3d, 0x22, 0x53, 0x70, 0x65,
    0x63, 0x74, 0x72, 0x75, 0x6d, 0x5f, 0x33, 0x22, 0x20, 0x78, 0x31, 0x3d, 0x22, 0x2d, 0x38, 0x31,
    0x2e, 0x34, 0x36, 0x22, 0x20, 0x79, 0x31, 0x3d, 0x22, 0x33, 0x33, 0x2e, 0x31, 0x36, 0x22, 0x20,
    0x78, 0x32, 0x3d, 0x22, 0x36, 0x30, 0x31, 0x2e, 0x38, 0x37, 0x22, 0x20, 0x79, 0x32, 0x3d, 0x22,
    0x33, 0x33, 0x2e, 0x31, 0x36, 0x22, 0x20, 0x78, 0x6c, 0x69, 0x6e, 0x6b, 0x3a, 0x68, 0x72, 0x65,
    0x66, 0x3d, 0x22, 0x23, 0x53, 0x70, 0x65, 0x63, 0x74, 0x72, 0x75, 0x6d, 0x5f, 0x22, 0x2f, 0x3e,
    0x3c, 0x2f, 0x64, 0x65, 0x66, 0x73, 0x3e, 0x3c, 0x70, 0x61, 0x74, 0x68, 0x20, 0x64, 0x3d, 0x22,
    0x4d, 0x34, 0x30, 0x2e, 0x32, 0x39, 0x2c, 0x31, 0x34, 0x2e, 0x32, 0x61, 0x2e, 0x32, 0x35, 0x2e,
    0x32, 0x35, 0x2c, 0x30, 0x2c, 0x30, 0x2c, 0x30, 0x2c, 0x30, 0x2d, 0x2e, 0x30, 0x37, 0x76, 0x30,
    0x73, 0x30, 0x2c, 0x30, 0x2c, 0x30, 0x2d, 0x2e, 0x30, 0x38, 0x76, 0x30, 0x6c, 0x30, 0x2d, 0x2e,
    0x30, 0x38, 0x68, 0x30, 0x6c, 0x2d, 0x35, 0x2d, 0x31, 0x30, 0x2e, 0x34, 0x61, 0x31, 0x2e, 0x34,
    0x2c, 0x31, 0x2e, 0x34, 0x2c, 0x30, 0x2c, 0x30, 0x2c, 0x30, 0x2d, 0x2e, 0x31, 0x2d, 0x2e, 0x31,
    0x36, 0x4c, 0x33, 0x35, 0x2c, 0x33, 0x2e, 0x32, 0x34, 0x61, 0x33, 0x2e, 0x32, 0x2c, 0x33, 0x2e,
    0x32, 0x2c, 0x30, 0x2c, 0x30, 0x2c, 0x30, 0x2d, 0x2e, 0x34, 0x33, 0x2d, 0x2e, 0x34, 0x37, 0x6c,
    0x30, 0x2c, 0x30, 0x2c, 0x30, 0x2c, 0x30, 0x2c, 0x30, 0x2c, 0x30, 0x2c, 0x30, 0x2c, 0x30, 0x2d,
    0x2e, 0x30, 0x35, 0x2c, 0x30, 0x2c, 0x30, 0x2c, 0x30, 0x2c, 0x30, 0x2c, 0x30, 0x2c, 0x30, 0x2c,
    0x30, 0x2c, 0x30, 0x2c, 0x30, 0x2c, 0x30, 0x2c, 0x30, 0x2d, 0x2e, 0x30, 0x35, 0x2c, 0x30, 0x2c,
    0x30, 0x2c, 0x30, 0x2c, 0x30, 0x2c, 0x30, 0x2c, 0x30, 0x2c, 0x30, 0x2c, 0x30, 0x2c, 0x30, 0x73,
    0x30, 0x2c, 0x30, 0x2c, 0x30, 0x2c, 0x30, 0x6c, 0x2d, 0x2e, 0x30, 0x35, 0x2c, 0x30, 0x2c, 0x30,
    0x2c, 0x30, 0x2c, 0x30, 0x2c, 0x30, 0x2c, 0x30, 0x2c, 0x30, 0x2c, 0x30, 0x2c, 0x30, 0x73, 0x30,
    0x2c, 0x30, 0x2c, 0x30, 0x2c, 0x30, 0x6c, 0x2d, 0x2e, 0x30, 0x35, 0x2c, 0x30, 0x2c, 0x30, 0x2d,
    0x2e, 0x30, 0x35, 0x2c, 0x30, 0x2c, 0x30, 0x2c, 0x30, 0x2c, 0x30, 0x2c, 0x30, 0x2c, 0x30, 0x2c,
    0x30, 0x2c, 0x30, 0x2d, 0x2e, 0x30, 0x35, 0x2c, 0x30, 0x61, 0x2e, 0x30, 0x38, 0x2e, 0x30, 0x38,
    0x2c, 0x30, 0x2c, 0x30, 0x2c, 0x30, 0x2c, 0x30, 0x2c, 0x30, 0x6c, 0x30, 0x2d, 0x2e, 0x30, 0x35,
    0x2c, 0x30, 0x2c, 0x30, 0x2c, 0x30, 0x2c, 0x30, 0x2c, 0x30, 0x2c, 0x30, 0x73, 0x30, 0x2c, 0x30,
    0x2c, 0x30, 0x2c, 0x30, 0x6c, 0x30, 0x2c, 0x30, 0x2c, 0x30, 0x2d, 0x2e, 0x30, 0x35, 0x2c, 0x30,
    0x2c, 0x30, 0x2c, 0x30, 0x2c, 0x30, 0x2c, 0x30, 0x2c, 0x30, 0x73, 0x30, 0x2c, 0x30, 0x2c, 0x30,
    0x2c, 0x30, 0x6c, 0x30, 0x2c, 0x30, 0x2c, 0x30, 0x2d, 0x2e, 0x30, 0x35, 0x2c, 0x30, 0x2c, 0x30,
    0x2c, 0x30, 0x2c, 0x30, 0x2c, 0x30, 0x2c, 0x30, 0x73, 0x30, 0x2c, 0x30, 0x2c, 0x30, 0x2c, 0x30,
    0x6c, 0x30, 0x2c, 0x30, 0x61, 0x33, 0x2c, 0x33, 0x2c, 0x30, 0x2c, 0x30, 0x2c, 0x30, 0x2d, 0x2e,
    0x33, 0x36, 0x2d, 0x2e, 0x32, 0x36, 0x41, 0x33, 0x2c, 0x33, 0x2c, 0x30, 0x2c, 0x30, 0x2c, 0x30,
    0x2c, 0x33, 0x30, 0x2e, 0x35, 0x37, 0x2c, 0x30, 0x61, 0x33, 0x2c, 0x33, 0x2c, 0x30, 0x2c, 0x30,
    0x2c, 0x30, 0x2d, 0x32, 0x2e, 0x34, 0x34, 0x2c, 0x31, 0x2e, 0x32, 0x33, 0x2e, 0x38, 0x33, 0x2e,
    0x38, 0x33, 0x2c, 0x30, 0x2c, 0x30, 0x2c, 0x30, 0x2d, 0x2e, 0x30, 0x39, 0x2e, 0x31, 0x36, 0x6c,
    0x2d, 0x35, 0x2c, 0x31, 0x30, 0x2e, 0x34, 0x68, 0x30, 0x61, 0x2e, 0x31, 0x31, 0x2e, 0x31, 0x31,
    0x2c, 0x30, 0x2c, 0x30, 0x2c, 0x31, 0x2c, 0x30, 0x2c, 0x2e, 0x30, 0x37, 0x76, 0x30, 0x41, 0x2e,
    0x31, 0x32, 0x2e, 0x31, 0x32, 0x2c, 0x30, 0x2c, 0x30, 0x2c, 0x30, 0x2c, 0x32, 0x33, 0x2c, 0x31,
    0x32, 0x6c, 0x30, 0x2c, 0x30, 0x61, 0x2e, 0x31, 0x37, 0x2e, 0x31, 0x37, 0x2c, 0x30, 0x2c, 0x30,
    0x2c, 0x31, 0x2c, 0x30, 0x2c, 0x2e, 0x30, 0x37, 0x76, 0x30, 0x73, 0x30, 0x2c, 0x2e, 0x30, 0x38,
    0x2c, 0x30, 0x2c, 0x2e, 0x31, 0x31, 0x56, 0x35, 0x37, 0x2e, 0x31, 0x34, 0x61, 0x34, 0x2e, 0x34,
    0x2c, 0x34, 0x2e, 0x34, 0x2c, 0x30, 0x2c, 0x30, 0x2c, 0x30, 0x2c, 0x31, 0x2e, 0x33, 0x33, 0x2c,
    0x33, 0x2e, 0x31, 0x35, 0x6c, 0x30, 0x2c, 0x2e, 0x30, 0x35, 0x73, 0x30, 0x2c, 0x30, 0x2c, 0x30,
    0x2c, 0x30, 0x6c, 0x30, 0x2c, 0x30, 0x2c, 0x30, 0x2c, 0x2e, 0x30, 0x35, 0x73, 0x30, 0x2c, 0x30,
    0x2c, 0x30, 0x2c, 0x30, 0x2c, 0x30, 0x2c, 0x30, 0x2c, 0x30, 0x2c, 0x30, 0x2c, 0x30, 0x2c, 0x30,
    0x2c, 0x30, 0x2c, 0x30, 0x6c, 0x30, 0x2c, 0x2e, 0x30, 0x35, 0x73, 0x30, 0x2c, 0x30, 0x2c, 0x30,
    0x2c, 0x30, 0x2c, 0x30, 0x2c, 0x30, 0x2c, 0x30, 0x2c, 0x30, 0x6c, 0x2e, 0x30, 0x35, 0x2c, 0x30,
    0x61, 0x2e, 0x30, 0x38, 0x2e, 0x30, 0x38, 0x2c, 0x30, 0x2c, 0x30, 0x2c, 0x30, 0x2c, 0x30, 0x2c,
    0x30, 0x6c, 0x30, 0x2c, 0x30, 0x2c, 0x30, 0x2c, 0x2e, 0x30, 0x35, 0x2c, 0x30, 0x2c, 0x30, 0x4c,
    0x32, 0x35, 0x2c, 0x36, 0x31, 0x2c, 0x32, 0x35, 0x2c, 0x36, 0x31, 0x6c, 0x30, 0x2c, 0x30, 0x2c,
    0x30, 0x2c, 0x30, 0x2c, 0x30, 0x2c, 0x2e, 0x30, 0x35, 0x61, 0x2e, 0x30, 0x38, 0x2e, 0x30, 0x38,
    0x2c, 0x30, 0x2c, 0x30, 0x2c, 0x31, 0x2c, 0x30, 0x2c, 0x30, 0x73, 0x30, 0x2c, 0x30, 0x2c, 0x30,
    0x2c, 0x30, 0x6c, 0x2e, 0x30, 0x35, 0x2c, 0x30, 0x2c, 0x30, 0x2c, 0x30, 0x61, 0x2e, 0x30, 0x38,
    0x2e, 0x30, 0x38, 0x2c, 0x30, 0x2c, 0x30, 0x2c, 0x30, 0x2c, 0x30, 0x2c, 0x30, 0x6c, 0x30, 0x2c,
    0x2e, 0x30, 0x35, 0x73, 0x30, 0x2c, 0x30, 0x2c, 0x30, 0x2c, 0x30, 0x6c, 0x30, 0x2c, 0x30, 0x2c,
    0x30, 0x2c, 0x30, 0x2c, 0x2e, 0x30, 0x35, 0x2c, 0x30, 0x61, 0x2e, 0x30, 0x38, 0x2e, 0x30, 0x38,
    0x2c, 0x30, 0x2c, 0x30, 0x2c, 0x30, 0x2c, 0x30, 0x2c, 0x30, 0x6c, 0x30, 0x2c, 0x30, 0x2c, 0x30,
    0x2c, 0x2e, 0x30, 0x35, 0x61, 0x2e, 0x30, 0x38, 0x2e, 0x30, 0x38, 0x2c, 0x30, 0x2c, 0x30, 0x2c,
    0x31, 0x2c, 0x30, 0x2c, 0x30, 0x2c, 0x2e, 0x30, 0x38, 0x2e, 0x30, 0x38, 0x2c, 0x30, 0x2c, 0x30,
    0x2c, 0x31, 0x2c, 0x30, 0x2c, 0x30, 0x6c, 0x2e, 0x30, 0x35, 0x2c, 0x30, 0x61, 0x2e, 0x30, 0x38,
    0x2e, 0x30, 0x38, 0x2c, 0x30, 0x2c, 0x30, 0x2c, 0x30, 0x2c, 0x30, 0x2c, 0x30, 0x6c, 0x30, 0x2c,
    0x30, 0x2c, 0x30, 0x2c, 0x2e, 0x30, 0x35, 0x61, 0x2e, 0x30, 0x38, 0x2e, 0x30, 0x38, 0x2c, 0x30,
    0x2c, 0x30, 0x2c, 0x31, 0x2c, 0x30, 0x2c, 0x30, 0x6c, 0x30, 0x2c, 0x30, 0x2c, 0x2e, 0x30, 0x35,
    0x2c, 0x30, 0x61, 0x2e, 0x30, 0x38, 0x2e, 0x30, 0x38, 0x2c, 0x30, 0x2c, 0x30, 0x2c, 0x30, 0x2c,
    0x30, 0x2c, 0x30, 0x6c, 0x30, 0x2c, 0x30, 0x2c, 0x30, 0x2c, 0x2e, 0x30, 0x35, 0x73, 0x30, 0x2c,
    0x30, 0x2c, 0x30, 0x2c, 0x30, 0x61, 0x2e, 0x30, 0x38, 0x2e, 0x30, 0x38, 0x2c, 0x30, 0x2c, 0x30,
    0x2c, 0x31, 0x2c, 0x30, 0x2c, 0x30, 0x6c, 0x2e, 0x30, 0x35, 0x2c, 0x30, 0x2c, 0x30, 0x2c, 0x30,
    0x61, 0x2e, 0x30, 0x38, 0x2e, 0x30, 0x38, 0x2c, 0x30, 0x2c, 0x30, 0x2c, 0x30, 0x2c, 0x30, 0x2c,
    0x30, 0x2c, 0x34, 0x2e, 0x34, 0x2c, 0x34, 0x2e, 0x34, 0x2c, 0x30, 0x2c, 0x30, 0x2c, 0x30, 0x2c,
    0x33, 0x2e, 0x31, 0x35, 0x2c, 0x31, 0x2e, 0x33, 0x33, 0x68, 0x36, 0x2e, 0x33, 0x33, 0x61, 0x34,
    0x2e, 0x34, 0x34, 0x2c, 0x34, 0x2e, 0x34, 0x34, 0x2c, 0x30, 0x2c, 0x30, 0x2c, 0x30, 0x2c, 0x34,
    0x2e, 0x34, 0x34, 0x2d, 0x34, 0x2e, 0x34, 0x34, 0x56, 0x31, 0x34, 0x2e, 0x33, 0x34, 0x73, 0x30,
    0x2d, 0x2e, 0x30, 0x38, 0x2c, 0x30, 0x2d, 0x2e, 0x31, 0x31, 0x5a, 0x22, 0x20, 0x73, 0x74, 0x79,
    0x6c, 0x65, 0x3d, 0x22, 0x66, 0x69, 0x6c, 0x6c, 0x3a, 0x23, 0x35, 0x38, 0x35, 0x39, 0x35, 0x62,
    0x22, 0x2f, 0x3e, 0x3c, 0x70, 0x61, 0x74, 0x68, 0x20, 0x64, 0x3d, 0x22, 0x4d, 0x31, 0x37, 0x2e,
    0x33, 0x31, 0x2c, 0x31, 0x34, 0x2e, 0x32, 0x73, 0x30, 0x2c, 0x30, 0x2c, 0x30, 0x2d, 0x2e, 0x30,
    0x37, 0x76, 0x30, 0x6c, 0x30, 0x2d, 0x2e, 0x30, 0x38, 0x76, 0x30, 0x73, 0x30, 0x2d, 0x2e, 0x30,
    0x35, 0x2c, 0x30, 0x2d, 0x2e, 0x30, 0x38, 0x68, 0x30, 0x6c, 0x2d, 0x35, 0x2d, 0x31, 0x30, 0x2e,
    0x34, 0x2d, 0x2e, 0x31, 0x2d, 0x2e, 0x31, 0x36, 0x61, 0x31, 0x2e, 0x33, 0x36, 0x2c, 0x31, 0x2e,
    0x33, 0x36, 0x2c, 0x30, 0x2c, 0x30, 0x2c, 0x30, 0x2d, 0x2e, 0x31, 0x32, 0x2d, 0x2e, 0x31, 0x32,
    0x2c, 0x32, 0x2e, 0x35, 0x39, 0x2c, 0x32, 0x2e, 0x35, 0x39, 0x2c, 0x30, 0x2c, 0x30, 0x2c, 0x30,
    0x2d, 0x2e, 0x34, 0x31, 0x2d, 0x2e, 0x34, 0x36, 0x2e, 0x30, 0x38, 0x2e, 0x30, 0x38, 0x2c, 0x30,
    0x2c, 0x30, 0x2c, 0x31, 0x2c, 0x30, 0x2c, 0x30, 0x2c, 0x2e, 0x30, 0x38, 0x2e, 0x30, 0x38, 0x2c,
    0x30, 0x2c, 0x30, 0x2c, 0x31, 0x2c, 0x30, 0x2c, 0x30, 0x6c, 0x2d, 0x2e, 0x30, 0x35, 0x2c, 0x30,
    0x2c, 0x30, 0x2c, 0x30, 0x73, 0x30, 0x2c, 0x30, 0x2c, 0x30, 0x2c, 0x30, 0x6c, 0x30, 0x2c, 0x30,
    0x61, 0x2e, 0x30, 0x38, 0x2e, 0x30, 0x38, 0x2c, 0x30, 0x2c, 0x30, 0x2c, 0x31, 0x2c, 0x30, 0x2c,
    0x30, 0x2c, 0x2e, 0x30, 0x38, 0x2e, 0x30, 0x38, 0x2c, 0x30, 0x2c, 0x30, 0x2c, 0x31, 0x2c, 0x30,
    0x2c, 0x30, 0x6c, 0x2d, 0x2e, 0x30, 0x35, 0x2c, 0x30, 0x2c, 0x30, 0x2c, 0x30, 0x73, 0x30, 0x2c,
    0x30, 0x2c, 0x30, 0x2c, 0x30, 0x6c, 0x30, 0x2c, 0x30, 0x2c, 0x30, 0x2c, 0x30, 0x61, 0x2e, 0x30,
    0x38, 0x2e, 0x30, 0x38, 0x2c, 0x30, 0x2c, 0x30, 0x2c, 0x31, 0x2c, 0x30, 0x2c, 0x30, 0x6c, 0x2d,
    0x2e, 0x30, 0x35, 0x2c, 0x30, 0x2c, 0x30, 0x2c, 0x30, 0x73, 0x30, 0x2c, 0x30, 0x2c, 0x30, 0x2c,
    0x30, 0x6c, 0x30, 0x2c, 0x30, 0x2c, 0x30, 0x2c, 0x30, 0x61, 0x2e, 0x30, 0x38, 0x2e, 0x30, 0x38,
    0x2c, 0x30, 0x2c, 0x30, 0x2c, 0x31, 0x2c, 0x30, 0x2c, 0x30, 0x73, 0x30, 0x2c, 0x30, 0x2c, 0x30,
    0x2c, 0x30, 0x6c, 0x30, 0x2c, 0x30, 0x73, 0x30, 0x2c, 0x30, 0x2c, 0x30, 0x2c, 0x30, 0x2c, 0x30,
    0x2c, 0x30, 0x2c, 0x30, 0x2c, 0x30, 0x6c, 0x30, 0x2d, 0x2e, 0x30, 0x35, 0x2c, 0x30, 0x2c, 0x30,
    0x2c, 0x30, 0x2c, 0x30, 0x2c, 0x30, 0x2c, 0x30, 0x2c, 0x30, 0x2c, 0x30, 0x73, 0x30, 0x2c, 0x30,
    0x2c, 0x30, 0x2c, 0x30, 0x6c, 0x30, 0x2d, 0x2e, 0x30, 0x35, 0x2c, 0x30, 0x2c, 0x30, 0x2c, 0x30,
    0x2c, 0x30, 0x2c, 0x30, 0x2c, 0x30, 0x2d, 0x2e, 0x30, 0x35, 0x2c, 0x30, 0x73, 0x30, 0x2c, 0x30,
    0x2c, 0x30, 0x2c, 0x30, 0x6c, 0x30, 0x2c, 0x30, 0x2c, 0x30, 0x2d, 0x2e, 0x30, 0x35, 0x2d, 0x2e,
    0x30, 0x35, 0x2c, 0x30, 0x2c, 0x30, 0x2c, 0x30, 0x2d, 0x2e, 0x30, 0x35, 0x2c, 0x30, 0x73, 0x30,
    0x2c, 0x30, 0x2c, 0x30, 0x2c, 0x30, 0x6c, 0x30, 0x2c, 0x30, 0x2c, 0x30, 0x2d, 0x2e, 0x30, 0x35,
    0x4c, 0x39, 0x2e, 0x37, 0x36, 0x2e, 0x39, 0x6c, 0x30, 0x2c, 0x30, 0x2d, 0x2e, 0x30, 0x35, 0x2c,
    0x30, 0x2c, 0x30, 0x2c, 0x30, 0x4c, 0x39, 0x2e, 0x35, 0x36, 0x2e, 0x37, 0x31, 0x41, 0x33, 0x2c,
    0x33, 0x2c, 0x30, 0x2c, 0x30, 0x2c, 0x30, 0x2c, 0x37, 0x2e, 0x36, 0x31, 0x2c, 0x30, 0x2c, 0x33,
    0x2c, 0x33, 0x2c, 0x30, 0x2c, 0x30, 0x2c, 0x30, 0x2c, 0x35, 0x2e, 0x31, 0x36, 0x2c, 0x31, 0x2e,
    0x32, 0x33, 0x61, 0x2e, 0x38, 0x36, 0x2e, 0x38, 0x36, 0x2c, 0x30, 0x2c, 0x30, 0x2c, 0x30, 0x2d,
    0x2e, 0x31, 0x2e, 0x31, 0x36, 0x6c, 0x2d, 0x35, 0x2c, 0x31, 0x30, 0x2e, 0x34, 0x68, 0x30, 0x73,
    0x30, 0x2c, 0x30, 0x2c, 0x30, 0x2c, 0x2e, 0x30, 0x37, 0x76, 0x30, 0x41, 0x2e, 0x32, 0x32, 0x2e,
    0x32, 0x32, 0x2c, 0x30, 0x2c, 0x30, 0x2c, 0x30, 0x2c, 0x30, 0x2c, 0x31, 0x32, 0x76, 0x30, 0x61,
    0x2e, 0x31, 0x39, 0x2e, 0x31, 0x39, 0x2c, 0x30, 0x2c, 0x30, 0x2c, 0x30, 0x2c, 0x30, 0x2c, 0x2e,
    0x30, 0x37, 0x76, 0x30, 0x61, 0x2e, 0x34, 0x31, 0x2e, 0x34, 0x31, 0x2c, 0x30, 0x2c, 0x30, 0x2c,
    0x30, 0x2c, 0x30, 0x2c, 0x2e, 0x31, 0x31, 0x56, 0x35, 0x37, 0x2e, 0x31, 0x34, 0x61, 0x34, 0x2e,
    0x34, 0x33, 0x2c, 0x34, 0x2e, 0x34, 0x33, 0x2c, 0x30, 0x2c, 0x30, 0x2c, 0x30, 0x2c, 0x31, 0x2e,
    0x33, 0x32, 0x2c, 0x33, 0x2e, 0x31, 0x35, 0x6c, 0x2e, 0x30, 0x35, 0x2e, 0x30, 0x35, 0x2c, 0x30,
    0x2c, 0x30, 0x2c, 0x30, 0x2c, 0x30, 0x2c, 0x30, 0x2c, 0x2e, 0x30, 0x35, 0x73, 0x30, 0x2c, 0x30,
    0x2c, 0x30, 0x2c, 0x30, 0x6c, 0x30, 0x2c, 0x30, 0x2c, 0x2e, 0x30, 0x35, 0x2c, 0x30, 0x2c, 0x30,
    0x2c, 0x2e, 0x30, 0x35, 0x2c, 0x30, 0x2c, 0x30, 0x73, 0x30, 0x2c, 0x30, 0x2c, 0x30, 0x2c, 0x30,
    0x6c, 0x30, 0x2c, 0x30, 0x2c, 0x30, 0x2c, 0x30, 0x2c, 0x30, 0x2c, 0x30, 0x2c, 0x30, 0x2c, 0x2e,
    0x30, 0x35, 0x2c, 0x30, 0x2c, 0x30, 0x4c, 0x32, 0x2c, 0x36, 0x31, 0x6c, 0x30, 0x2c, 0x30, 0x2c,
    0x30, 0x2c, 0x30, 0x2c, 0x30, 0x2c, 0x30, 0x2c, 0x2e, 0x30, 0x35, 0x2e, 0x30, 0x35, 0x2c, 0x30,
    0x2c, 0x30, 0x2c, 0x30, 0x2c, 0x30, 0x2c, 0x30, 0x2c, 0x30, 0x2c, 0x30, 0x2c, 0x30, 0x2c, 0x30,
    0x2c, 0x30, 0x2c, 0x2e, 0x30, 0x35, 0x2e, 0x30, 0x35, 0x2c, 0x30, 0x2c, 0x30, 0x2c, 0x30, 0x2c,
    0x30, 0x2c, 0x30, 0x2c, 0x30, 0x2c, 0x30, 0x2c, 0x30, 0x2c, 0x30, 0x2c, 0x30, 0x2c, 0x2e, 0x30,
    0x35, 0x2c, 0x30, 0x2c, 0x30, 0x2c, 0x2e, 0x30, 0x35, 0x2c, 0x30, 0x2c, 0x30, 0x2c, 0x30, 0x2c,
    0x30, 0x2c, 0x30, 0x2c, 0x30, 0x2c, 0x30, 0x2c, 0x30, 0x2c, 0x30, 0x2c, 0x30, 0x2c, 0x2e, 0x30,
    0x35, 0x2e, 0x30, 0x35, 0x2c, 0x30, 0x2c, 0x30, 0x2c, 0x30, 0x2c, 0x30, 0x2c, 0x30, 0x2c, 0x30,
    0x73, 0x30, 0x2c, 0x30, 0x2c, 0x30, 0x2c, 0x30, 0x6c, 0x30, 0x2c, 0x30, 0x2c, 0x2e, 0x30, 0x35,
    0x2e, 0x30, 0x35, 0x2c, 0x30, 0x2c, 0x30, 0x2c, 0x30, 0x2c, 0x30, 0x2c, 0x30, 0x2c, 0x30, 0x2c,
    0x30, 0x2c, 0x30, 0x2c, 0x30, 0x2c, 0x30, 0x41, 0x34, 0x2e, 0x34, 0x34, 0x2c, 0x34, 0x2e, 0x34,
    0x34, 0x2c, 0x30, 0x2c, 0x30, 0x2c, 0x30, 0x2c, 0x36, 0x2e, 0x35, 0x36, 0x2c, 0x36, 0x33, 0x2e,
    0x37, 0x68, 0x36, 0x2e, 0x33, 0x33, 0x61, 0x34, 0x2e, 0x34, 0x34, 0x2c, 0x34, 0x2e, 0x34, 0x34,
    0x2c, 0x30, 0x2c, 0x30, 0x2c, 0x30, 0x2c, 0x34, 0x2e, 0x34, 0x34, 0x2d, 0x34, 0x2e, 0x34, 0x34,
    0x56, 0x31, 0x34, 0x2e, 0x33, 0x34, 0x73, 0x30, 0x2d, 0x2e, 0x30, 0x38, 0x2c, 0x30, 0x2d, 0x2e,
    0x31, 0x31, 0x5a, 0x22, 0x20, 0x73, 0x74, 0x79, 0x6c, 0x65, 0x3d, 0x22, 0x66, 0x69, 0x6c, 0x6c,
    0x3a, 0x23, 0x35, 0x38, 0x35, 0x39, 0x35, 0x62, 0x22, 0x2f, 0x3e, 0x3c, 0x70, 0x61, 0x74, 0x68,
    0x20, 0x64, 0x3d, 0x22, 0x4d, 0x36, 0x33, 0x2e, 0x32, 0x37, 0x2c, 0x31, 0x34, 0x2e, 0x32, 0x33,
    0x76, 0x30, 0x61, 0x2e, 0x32, 0x2e, 0x32, 0x2c, 0x30, 0x2c, 0x30, 0x2c, 0x30, 0x2c, 0x30, 0x2d,
    0x2e, 0x30, 0x37, 0x76, 0x30, 0x73, 0x30, 0x2c, 0x30, 0x2c, 0x30, 0x2d, 0x2e, 0x30, 0x38, 0x76,
    0x30, 0x6c, 0x30, 0x2d, 0x2e, 0x30, 0x38, 0x68, 0x30, 0x6c, 0x2d, 0x35, 0x2d, 0x31, 0x30, 0x2e,
    0x34, 0x2d, 0x2e, 0x31, 0x2d, 0x2e, 0x31, 0x36, 0x53, 0x35, 0x38, 0x2c, 0x33, 0x2e, 0x32, 0x38,
    0x2c, 0x35, 0x38, 0x2c, 0x33, 0x2e, 0x32, 0x34, 0x61, 0x33, 0x2e, 0x31, 0x33, 0x2c, 0x33, 0x2e,
    0x31, 0x33, 0x2c, 0x30, 0x2c, 0x30, 0x2c, 0x30, 0x2d, 0x2e, 0x34, 0x32, 0x2d, 0x2e, 0x34, 0x37,
    0x6c, 0x30, 0x2c, 0x30, 0x2c, 0x30, 0x2c, 0x30, 0x2c, 0x30, 0x2c, 0x30, 0x61, 0x2e, 0x30, 0x38,
    0x2e, 0x30, 0x38, 0x2c, 0x30, 0x2c, 0x30, 0x2c, 0x30, 0x2c, 0x30, 0x2c, 0x30, 0x6c, 0x30, 0x2c,
    0x30, 0x2c, 0x30, 0x2c, 0x30, 0x2c, 0x30, 0x2c, 0x30, 0x2c, 0x30, 0x2c, 0x30, 0x2c, 0x30, 0x2c,
    0x30, 0x61, 0x2e, 0x30, 0x38, 0x2e, 0x30, 0x38, 0x2c, 0x30, 0x2c, 0x30, 0x2c, 0x30, 0x2c, 0x30,
    0x2c, 0x30, 0x6c, 0x30, 0x2c, 0x30, 0x2c, 0x30, 0x2c, 0x30, 0x2c, 0x30, 0x2c, 0x30, 0x2c, 0x30,
    0x2c, 0x30, 0x2c, 0x30, 0x2c, 0x30, 0x2c, 0x30, 0x2c, 0x30, 0x2c, 0x30, 0x2c, 0x30, 0x2c, 0x30,
    0x2c, 0x30, 0x2c, 0x30, 0x2c, 0x30, 0x2c, 0x30, 0x2c, 0x30, 0x2c, 0x30, 0x2c, 0x30, 0x2c, 0x30,
    0x2c, 0x30, 0x2c, 0x30, 0x2c, 0x30, 0x2c, 0x30, 0x2d, 0x2e, 0x30, 0x35, 0x61, 0x2e, 0x30, 0x38,
    0x2e, 0x30, 0x38, 0x2c, 0x30, 0x2c, 0x30, 0x2c, 0x31, 0x2c, 0x30, 0x2c, 0x30, 0x6c, 0x30, 0x2c,
    0x30, 0x2c, 0x30, 0x2c, 0x30, 0x2c, 0x30, 0x2c, 0x30, 0x2c, 0x30, 0x2c, 0x30, 0x2c, 0x30, 0x2c,
    0x30, 0x2c, 0x30, 0x2d, 0x2e, 0x30, 0x35, 0x2c, 0x30, 0x2c, 0x30, 0x2c, 0x30, 0x2c, 0x30, 0x2c,
    0x30, 0x2c, 0x30, 0x2c, 0x30, 0x2c, 0x30, 0x2c, 0x30, 0x2c, 0x30, 0x2c, 0x30, 0x2d, 0x2e, 0x30,
    0x35, 0x2c, 0x30, 0x2c, 0x30, 0x2c, 0x30, 0x2c, 0x30, 0x2c, 0x30, 0x2c, 0x30, 0x2c, 0x30, 0x2c,
    0x30, 0x2c, 0x30, 0x2c, 0x30, 0x2c, 0x30, 0x2d, 0x2e, 0x30, 0x35, 0x2c, 0x30, 0x2c, 0x30, 0x2c,
    0x30, 0x2c, 0x30, 0x2c, 0x30, 0x2c, 0x30, 0x2c, 0x30, 0x2c, 0x30, 0x2c, 0x30, 0x2c, 0x30, 0x61,
    0x32, 0x2e, 0x34, 0x35, 0x2c, 0x32, 0x2e, 0x34, 0x35, 0x2c, 0x30, 0x2c, 0x30, 0x2c, 0x30, 0x2d,
    0x2e, 0x33, 0x37, 0x2d, 0x2e, 0x32, 0x36, 0x41, 0x33, 0x2c, 0x33, 0x2c, 0x30, 0x2c, 0x30, 0x2c,
    0x30, 0x2c, 0x35, 0x33, 0x2e, 0x35, 0x35, 0x2c, 0x30, 0x61, 0x33, 0x2c, 0x33, 0x2c, 0x30, 0x2c,
    0x30, 0x2c, 0x30, 0x2d, 0x32, 0x2e, 0x34, 0x34, 0x2c, 0x31, 0x2e, 0x32, 0x33, 0x2e, 0x38, 0x36,
    0x2e, 0x38, 0x36, 0x2c, 0x30, 0x2c, 0x30, 0x2c, 0x30, 0x2d, 0x2e, 0x31, 0x2e, 0x31, 0x36, 0x6c,
    0x2d, 0x35, 0x2c, 0x31, 0x30, 0x2e, 0x34, 0x68, 0x30, 0x6c, 0x30, 0x2c, 0x2e, 0x30, 0x37, 0x76,
    0x30, 0x41, 0x2e, 0x32, 0x34, 0x2e, 0x32, 0x34, 0x2c, 0x30, 0x2c, 0x30, 0x2c, 0x31, 0x2c, 0x34,
    0x36, 0x2c, 0x31, 0x32, 0x76, 0x30, 0x61, 0x2e, 0x31, 0x39, 0x2e, 0x31, 0x39, 0x2c, 0x30, 0x2c,
    0x30, 0x2c, 0x30, 0x2c, 0x30, 0x2c, 0x2e, 0x30, 0x37, 0x56, 0x35, 0x37, 0x2e, 0x31, 0x34, 0x61,
    0x34, 0x2e, 0x34, 0x33, 0x2c, 0x34, 0x2e, 0x34, 0x33, 0x2c, 0x30, 0x2c, 0x30, 0x2c, 0x30, 0x2c,
    0x31, 0x2e, 0x33, 0x32, 0x2c, 0x33, 0x2e, 0x31, 0x35, 0x6c, 0x30, 0x2c, 0x2e, 0x30, 0x35, 0x61,
    0x2e, 0x30, 0x38, 0x2e, 0x30, 0x38, 0x2c, 0x30, 0x2c, 0x30, 0x2c, 0x31, 0x2c, 0x30, 0x2c, 0x30,
    0x6c, 0x30, 0x2c, 0x30, 0x2c, 0x30, 0x2c, 0x2e, 0x30, 0x35, 0x2c, 0x30, 0x2c, 0x30, 0x2c, 0x30,
    0x2c, 0x30, 0x2c, 0x30, 0x2c, 0x30, 0x2c, 0x30, 0x2c, 0x2e, 0x30, 0x35, 0x61, 0x2e, 0x30, 0x38,
    0x2e, 0x30, 0x38, 0x2c, 0x30, 0x2c, 0x30, 0x2c, 0x31, 0x2c, 0x30, 0x2c, 0x30, 0x6c, 0x30, 0x2c,
    0x30, 0x2c, 0x30, 0x2c, 0x30, 0x2c, 0x30, 0x2c, 0x30, 0x73, 0x30, 0x2c, 0x30, 0x2c, 0x30, 0x2c,
    0x30, 0x6c, 0x30, 0x2c, 0x2e, 0x30, 0x35, 0x2c, 0x30, 0x2c, 0x30, 0x2c, 0x30, 0x2c, 0x2e, 0x30,
    0x35, 0x2c, 0x30, 0x2c, 0x30, 0x2c, 0x30, 0x2c, 0x30, 0x73, 0x30, 0x2c, 0x30, 0x2c, 0x30, 0x2c,
    0x30, 0x6c, 0x30, 0x2c, 0x2e, 0x30, 0x35, 0x61, 0x2e, 0x30, 0x38, 0x2e, 0x30, 0x38, 0x2c, 0x30,
    0x2c, 0x30, 0x2c, 0x31, 0x2c, 0x30, 0x2c, 0x30, 0x2c, 0x2e, 0x30, 0x38, 0x2e, 0x30, 0x38, 0x2c,
    0x30, 0x2c, 0x30, 0x2c, 0x31, 0x2c, 0x30, 0x2c, 0x30, 0x6c, 0x30, 0x2c, 0x30, 0x2c, 0x30, 0x2c,
    0x30, 0x73, 0x30, 0x2c, 0x30, 0x2c, 0x30, 0x2c, 0x30, 0x6c, 0x30, 0x2c, 0x2e, 0x30, 0x35, 0x2c,
    0x30, 0x2c, 0x30, 0x2c, 0x30, 0x2c, 0x30, 0x2c, 0x30, 0x2c, 0x30, 0x2c, 0x30, 0x2c, 0x30, 0x2c,
    0x30, 0x2c, 0x30, 0x2c, 0x30, 0x2c, 0x30, 0x2c, 0x30, 0x2c, 0x2e, 0x30, 0x35, 0x2c, 0x30, 0x2c,
    0x30, 0x2c, 0x30, 0x2c, 0x30, 0x2c, 0x2e, 0x30, 0x35, 0x2c, 0x30, 0x73, 0x30, 0x2c, 0x30, 0x2c,
    0x30, 0x2c, 0x30, 0x2c, 0x30, 0x2c, 0x30, 0x2c, 0x30, 0x2c, 0x30, 0x6c, 0x30, 0x2c, 0x2e, 0x30,
    0x35, 0x2c, 0x30, 0x2c, 0x30, 0x2c, 0x30, 0x2c, 0x30, 0x4c, 0x34, 0x39, 0x2c, 0x36, 0x32, 0x73,
    0x30, 0x2c, 0x30, 0x2c, 0x30, 0x2c, 0x30, 0x6c, 0x30, 0x2c, 0x30, 0x2c, 0x30, 0x2c, 0x2e, 0x30,
    0x35, 0x2c, 0x30, 0x2c, 0x30, 0x2c, 0x30, 0x2c, 0x30, 0x2c, 0x2e, 0x30, 0x35, 0x2c, 0x30, 0x2c,
    0x30, 0x2c, 0x30, 0x2c, 0x30, 0x2c, 0x30, 0x61, 0x34, 0x2e, 0x34, 0x32, 0x2c, 0x34, 0x2e, 0x34,
    0x32, 0x2c, 0x30, 0x2c, 0x30, 0x2c, 0x30, 0x2c, 0x33, 0x2e, 0x31, 0x36, 0x2c, 0x31, 0x2e, 0x33,
    0x33, 0x68, 0x36, 0x2e, 0x33, 0x33, 0x61, 0x34, 0x2e, 0x34, 0x33, 0x2c, 0x34, 0x2e, 0x34, 0x33,
    0x2c, 0x30, 0x2c, 0x30, 0x2c, 0x30, 0x2c, 0x34, 0x2e, 0x34, 0x33, 0x2d, 0x34, 0x2e, 0x34, 0x34,
    0x76, 0x2d, 0x34, 0x35, 0x5a, 0x22, 0x20, 0x73, 0x74, 0x79, 0x6c, 0x65, 0x3d, 0x22, 0x66, 0x69,
    0x6c, 0x6c, 0x3a, 0x23, 0x35, 0x38, 0x35, 0x39, 0x35, 0x62, 0x22, 0x2f, 0x3e, 0x3c, 0x70, 0x61,
    0x74, 0x68, 0x20, 0x64, 0x3d, 0x22, 0x4d, 0x33, 0x36, 0x2e, 0x31, 0x38, 0x2c, 0x31, 0x37, 0x2e,
    0x31, 0x35, 0x48, 0x32, 0x35, 0x56, 0x31, 0x33, 0x2e, 0x32, 0x31, 0x68, 0x31, 0x31, 0x2e, 0x32,
    0x5a, 0x6d, 0x30, 0x2c, 0x32, 0x36, 0x2e, 0x34, 0x39, 0x48, 0x32, 0x35, 0x76, 0x2d, 0x32, 0x31,
    0x68, 0x31, 0x31, 0x2e, 0x32, 0x5a, 0x6d, 0x30, 0x2c, 0x39, 0x2e, 0x34, 0x35, 0x48, 0x32, 0x35,
    0x56, 0x34, 0x39, 0x2e, 0x31, 0x36, 0x68, 0x31, 0x31, 0x2e, 0x32, 0x5a, 0x6d, 0x30, 0x2c, 0x34,
    0x61, 0x32, 0x2e, 0x34, 0x34, 0x2c, 0x32, 0x2e, 0x34, 0x34, 0x2c, 0x30, 0x2c, 0x30, 0x2c, 0x31,
    0x2d, 0x32, 0x2e, 0x34, 0x34, 0x2c, 0x32, 0x2e, 0x34, 0x34, 0x48, 0x32, 0x37, 0x2e, 0x34, 0x31,
    0x41, 0x32, 0x2e, 0x34, 0x34, 0x2c, 0x32, 0x2e, 0x34, 0x34, 0x2c, 0x30, 0x2c, 0x30, 0x2c, 0x31,
    0x2c, 0x32, 0x35, 0x2c, 0x35, 0x37, 0x2e, 0x31, 0x34, 0x76, 0x2d, 0x32, 0x48, 0x33, 0x36, 0x2e,
    0x31, 0x38, 0x5a, 0x4d, 0x32, 0x39, 0x2e, 0x37, 0x39, 0x2c, 0x32, 0x2e, 0x33, 0x36, 0x61, 0x31,
    0x2c, 0x31, 0x2c, 0x30, 0x2c, 0x30, 0x2c, 0x31, 0x2c, 0x31, 0x2e, 0x35, 0x37, 0x2c, 0x30, 0x6c,
    0x34, 0x2e, 0x32, 0x33, 0x2c, 0x38, 0x2e, 0x38, 0x36, 0x68, 0x2d, 0x31, 0x30, 0x5a, 0x6d, 0x38,
    0x2e, 0x33, 0x38, 0x2c, 0x39, 0x2e, 0x37, 0x35, 0x76, 0x30, 0x73, 0x30, 0x2d, 0x2e, 0x30, 0x35,
    0x2c, 0x30, 0x2d, 0x2e, 0x30, 0x37, 0x76, 0x30, 0x61, 0x2e, 0x31, 0x32, 0x2e, 0x31, 0x32, 0x2c,
    0x30, 0x2c, 0x30, 0x2c, 0x30, 0x2c, 0x30, 0x2d, 0x2e, 0x30, 0x38, 0x76, 0x30, 0x73, 0x30, 0x2c,
    0x30, 0x2c, 0x30, 0x2d, 0x2e, 0x30, 0x37, 0x68, 0x30, 0x6c, 0x2d, 0x35, 0x2d, 0x31, 0x30, 0x2e,
    0x34, 0x61, 0x2e, 0x38, 0x36, 0x2e, 0x38, 0x36, 0x2c, 0x30, 0x2c, 0x30, 0x2c, 0x30, 0x2d, 0x2e,
    0x31, 0x2d, 0x2e, 0x31, 0x36, 0x2c, 0x33, 0x2c, 0x33, 0x2c, 0x30, 0x2c, 0x30, 0x2c, 0x30, 0x2d,
    0x34, 0x2e, 0x38, 0x39, 0x2c, 0x30, 0x2c, 0x2e, 0x38, 0x33, 0x2e, 0x38, 0x33, 0x2c, 0x30, 0x2c,
    0x30, 0x2c, 0x30, 0x2d, 0x2e, 0x30, 0x39, 0x2e, 0x31, 0x36, 0x6c, 0x2d, 0x35, 0x2c, 0x31, 0x30,
    0x2e, 0x34, 0x68, 0x30, 0x61, 0x2e, 0x31, 0x31, 0x2e, 0x31, 0x31, 0x2c, 0x30, 0x2c, 0x30, 0x2c,
    0x31, 0x2c, 0x30, 0x2c, 0x2e, 0x30, 0x37, 0x76, 0x30, 0x41, 0x2e, 0x31, 0x32, 0x2e, 0x31, 0x32,
    0x2c, 0x30, 0x2c, 0x30, 0x2c, 0x30, 0x2c, 0x32, 0x33, 0x2c, 0x31, 0x32, 0x6c, 0x30, 0x2c, 0x30,
    0x61, 0x2e, 0x31, 0x37, 0x2e, 0x31, 0x37, 0x2c, 0x30, 0x2c, 0x30, 0x2c, 0x31, 0x2c, 0x30, 0x2c,
    0x2e, 0x30, 0x37, 0x76, 0x30, 0x73, 0x30, 0x2c, 0x2e, 0x30, 0x38, 0x2c, 0x30, 0x2c, 0x2e, 0x31,
    0x31, 0x56, 0x35, 0x37, 0x2e, 0x31, 0x34, 0x61, 0x34, 0x2e, 0x34, 0x34, 0x2c, 0x34, 0x2e, 0x34,
    0x34, 0x2c, 0x30, 0x2c, 0x30, 0x2c, 0x30, 0x2c, 0x34, 0x2e, 0x34, 0x34, 0x2c, 0x34, 0x2e, 0x34,
    0x33, 0x68, 0x36, 0x2e, 0x33, 0x33, 0x61, 0x34, 0x2e, 0x34, 0x34, 0x2c, 0x34, 0x2e, 0x34, 0x34,
    0x2c, 0x30, 0x2c, 0x30, 0x2c, 0x30, 0x2c, 0x34, 0x2e, 0x34, 0x34, 0x2d, 0x34, 0x2e, 0x34, 0x33,
    0x56, 0x31, 0x32, 0x2e, 0x32, 0x32, 0x73, 0x30, 0x2d, 0x2e, 0x30, 0x38, 0x2c, 0x30, 0x2d, 0x2e,
    0x31, 0x31, 0x22, 0x20, 0x73, 0x74, 0x79, 0x6c, 0x65, 0x3d, 0x22, 0x66, 0x69, 0x6c, 0x6c, 0x3a,
    0x23, 0x30, 0x31, 0x61, 0x36, 0x34, 0x66, 0x22, 0x2f, 0x3e, 0x3c, 0x70, 0x61, 0x74, 0x68, 0x20,
    0x64, 0x3d, 0x22, 0x4d, 0x32, 0x39, 0x2e, 0x37, 0x39, 0x2c, 0x32, 0x2e, 0x33, 0x36, 0x61, 0x31,
    0x2c, 0x31, 0x2c, 0x30, 0x2c, 0x30, 0x2c, 0x31, 0x2c, 0x2e, 0x38, 0x2d, 0x2e, 0x33, 0x36, 0x2c,
    0x31, 0x2c, 0x31, 0x2c, 0x30, 0x2c, 0x30, 0x2c, 0x31, 0x2c, 0x2e, 0x37, 0x38, 0x2e, 0x33, 0x36,
    0x6c, 0x34, 0x2e, 0x32, 0x33, 0x2c, 0x38, 0x2e, 0x38, 0x36, 0x68, 0x2d, 0x31, 0x30, 0x5a, 0x22,
    0x20, 0x73, 0x74, 0x79, 0x6c, 0x65, 0x3d, 0x22, 0x66, 0x69, 0x6c, 0x6c, 0x3a, 0x23, 0x66, 0x66,
    0x66, 0x22, 0x2f, 0x3e, 0x3c, 0x72, 0x65, 0x63, 0x74, 0x20, 0x78, 0x3d, 0x22, 0x32, 0x34, 0x2e,
    0x39, 0x38, 0x22, 0x20, 0x79, 0x3d, 0x22, 0x31, 0x33, 0x2e, 0x32, 0x31, 0x22, 0x20, 0x77, 0x69,
    0x64, 0x74, 0x68, 0x3d, 0x22, 0x31, 0x31, 0x2e, 0x32, 0x31, 0x22, 0x20, 0x68, 0x65, 0x69, 0x67,
    0x68, 0x74, 0x3d, 0x22, 0x33, 0x2e, 0x39, 0x34, 0x22, 0x20, 0x73, 0x74, 0x79, 0x6c, 0x65, 0x3d,
    0x22, 0x66, 0x69, 0x6c, 0x6c, 0x3a, 0x23, 0x66, 0x66, 0x66, 0x22, 0x2f, 0x3e, 0x3c, 0x72, 0x65,
    0x63, 0x74, 0x20, 0x78, 0x3d, 0x22, 0x32, 0x34, 0x2e, 0x39, 0x38, 0x22, 0x20, 0x79, 0x3d, 0x22,
    0x34, 0x39, 0x2e, 0x31, 0x36, 0x22, 0x20, 0x77, 0x69, 0x64, 0x74, 0x68, 0x3d, 0x22, 0x31, 0x31,
    0x2e, 0x32, 0x31, 0x22, 0x20, 0x68, 0x65, 0x69, 0x67, 0x68, 0x74, 0x3d, 0x22, 0x33, 0x2e, 0x39,
    0x33, 0x22, 0x20, 0x73, 0x74, 0x79, 0x6c, 0x65, 0x3d, 0x22, 0x66, 0x69, 0x6c, 0x6c, 0x3a, 0x23,
    0x66, 0x66, 0x66, 0x22, 0x2f, 0x3e, 0x3c, 0x70, 0x61, 0x74, 0x68, 0x20, 0x64, 0x3d, 0x22, 0x4d,
    0x33, 0x36, 0x2e, 0x31, 0x38, 0x2c, 0x35, 0x37, 0x2e, 0x31, 0x34, 0x61, 0x32, 0x2e, 0x34, 0x34,
    0x2c, 0x32, 0x2e, 0x34, 0x34, 0x2c, 0x30, 0x2c, 0x30, 0x2c, 0x31, 0x2d, 0x32, 0x2e, 0x34, 0x34,
    0x2c, 0x32, 0x2e, 0x34, 0x34, 0x48, 0x32, 0x37, 0x2e, 0x34, 0x32, 0x41, 0x32, 0x2e, 0x34, 0x35,
    0x2c, 0x32, 0x2e, 0x34, 0x35, 0x2c, 0x30, 0x2c, 0x30, 0x2c, 0x31, 0x2c, 0x32, 0x35, 0x2c, 0x35,
    0x37, 0x2e, 0x31, 0x34, 0x76, 0x2d, 0x32, 0x48, 0x33, 0x36, 0x2e, 0x31, 0x38, 0x5a, 0x22, 0x20,
    0x73, 0x74, 0x79, 0x6c, 0x65, 0x3d, 0x22, 0x66, 0x69, 0x6c, 0x6c, 0x3a, 0x23, 0x66, 0x66, 0x66,
    0x22, 0x2f, 0x3e, 0x3c, 0x72, 0x65, 0x63, 0x74, 0x20, 0x78, 0x3d, 0x22, 0x32, 0x34, 0x2e, 0x39,
    0x38, 0x22, 0x20, 0x79, 0x3d, 0x22, 0x32, 0x32, 0x2e, 0x36, 0x38, 0x22, 0x20, 0x77, 0x69, 0x64,
    0x74, 0x68, 0x3d, 0x22, 0x31, 0x31, 0x2e, 0x32, 0x31, 0x22, 0x20, 0x68, 0x65, 0x69, 0x67, 0x68,
    0x74, 0x3d, 0x22, 0x32, 0x30, 0x2e, 0x39, 0x36, 0x22, 0x20, 0x73, 0x74, 0x79, 0x6c, 0x65, 0x3d,
    0x22, 0x66, 0x69, 0x6c, 0x6c, 0x3a, 0x23, 0x66, 0x66, 0x66, 0x22, 0x2f, 0x3e, 0x3c, 0x70, 0x61,
    0x74, 0x68, 0x20, 0x64, 0x3d, 0x22, 0x4d, 0x31, 0x33, 0x2e, 0x32, 0x31, 0x2c, 0x31, 0x37, 0x2e,
    0x31, 0x35, 0x48, 0x32, 0x56, 0x31, 0x33, 0x2e, 0x32, 0x31, 0x48, 0x31, 0x33, 0x2e, 0x32, 0x31,
    0x5a, 0x6d, 0x30, 0x2c, 0x32, 0x36, 0x2e, 0x34, 0x39, 0x48, 0x32, 0x76, 0x2d, 0x32, 0x31, 0x48,
    0x31, 0x33, 0x2e, 0x32, 0x31, 0x5a, 0x6d, 0x30, 0x2c, 0x39, 0x2e, 0x34, 0x35, 0x48, 0x32, 0x56,
    0x34, 0x39, 0x2e, 0x31, 0x36, 0x48, 0x31, 0x33, 0x2e, 0x32, 0x31, 0x5a, 0x6d, 0x30, 0x2c, 0x34,
    0x61, 0x32, 0x2e, 0x34, 0x35, 0x2c, 0x32, 0x2e, 0x34, 0x35, 0x2c, 0x30, 0x2c, 0x30, 0x2c, 0x31,
    0x2d, 0x32, 0x2e, 0x34, 0x35, 0x2c, 0x32, 0x2e, 0x34, 0x34, 0x48, 0x34, 0x2e, 0x34, 0x34, 0x41,
    0x32, 0x2e, 0x34, 0x35, 0x2c, 0x32, 0x2e, 0x34, 0x35, 0x2c, 0x30, 0x2c, 0x30, 0x2c, 0x31, 0x2c,
    0x32, 0x2c, 0x35, 0x37, 0x2e, 0x31, 0x34, 0x76, 0x2d, 0x32, 0x48, 0x31, 0x33, 0x2e, 0x32, 0x31,
    0x5a, 0x4d, 0x36, 0x2e, 0x38, 0x31, 0x2c, 0x32, 0x2e, 0x33, 0x36, 0x41, 0x31, 0x2c, 0x31, 0x2c,
    0x30, 0x2c, 0x30, 0x2c, 0x31, 0x2c, 0x37, 0x2e, 0x36, 0x31, 0x2c, 0x32, 0x61, 0x31, 0x2c, 0x31,
    0x2c, 0x30, 0x2c, 0x30, 0x2c, 0x31, 0x2c, 0x2e, 0x37, 0x38, 0x2e, 0x33, 0x36, 0x6c, 0x34, 0x2e,
    0x32, 0x34, 0x2c, 0x38, 0x2e, 0x38, 0x36, 0x68, 0x2d, 0x31, 0x30, 0x5a, 0x6d, 0x38, 0x2e, 0x33,
    0x39, 0x2c, 0x39, 0x2e, 0x37, 0x35, 0x76, 0x30, 0x73, 0x30, 0x2d, 0x2e, 0x30, 0x35, 0x2c, 0x30,
    0x2d, 0x2e, 0x30, 0x37, 0x76, 0x30, 0x6c, 0x30, 0x2d, 0x2e, 0x30, 0x38, 0x76, 0x30, 0x61, 0x2e,
    0x31, 0x2e, 0x31, 0x2c, 0x30, 0x2c, 0x30, 0x2c, 0x31, 0x2c, 0x30, 0x2d, 0x2e, 0x30, 0x37, 0x68,
    0x30, 0x6c, 0x2d, 0x35, 0x2d, 0x31, 0x30, 0x2e, 0x34, 0x63, 0x30, 0x2d, 0x2e, 0x30, 0x36, 0x2d,
    0x2e, 0x30, 0x37, 0x2d, 0x2e, 0x31, 0x31, 0x2d, 0x2e, 0x31, 0x2d, 0x2e, 0x31, 0x36, 0x61, 0x33,
    0x2c, 0x33, 0x2c, 0x30, 0x2c, 0x30, 0x2c, 0x30, 0x2d, 0x34, 0x2e, 0x38, 0x39, 0x2c, 0x30, 0x2c,
    0x2e, 0x38, 0x36, 0x2e, 0x38, 0x36, 0x2c, 0x30, 0x2c, 0x30, 0x2c, 0x30, 0x2d, 0x2e, 0x31, 0x2e,
    0x31, 0x36, 0x6c, 0x2d, 0x35, 0x2c, 0x31, 0x30, 0x2e, 0x34, 0x68, 0x30, 0x73, 0x30, 0x2c, 0x30,
    0x2c, 0x30, 0x2c, 0x2e, 0x30, 0x37, 0x76, 0x30, 0x41, 0x2e, 0x32, 0x32, 0x2e, 0x32, 0x32, 0x2c,
    0x30, 0x2c, 0x30, 0x2c, 0x30, 0x2c, 0x30, 0x2c, 0x31, 0x32, 0x76, 0x30, 0x61, 0x2e, 0x31, 0x39,
    0x2e, 0x31, 0x39, 0x2c, 0x30, 0x2c, 0x30, 0x2c, 0x30, 0x2c, 0x30, 0x2c, 0x2e, 0x30, 0x37, 0x76,
    0x30, 0x61, 0x2e, 0x34, 0x31, 0x2e, 0x34, 0x31, 0x2c, 0x30, 0x2c, 0x30, 0x2c, 0x30, 0x2c, 0x30,
    0x2c, 0x2e, 0x31, 0x31, 0x56, 0x35, 0x37, 0x2e, 0x31, 0x34, 0x61, 0x34, 0x2e, 0x34, 0x34, 0x2c,
    0x34, 0x2e, 0x34, 0x34, 0x2c, 0x30, 0x2c, 0x30, 0x2c, 0x30, 0x2c, 0x34, 0x2e, 0x34, 0x34, 0x2c,
    0x34, 0x2e, 0x34, 0x33, 0x68, 0x36, 0x2e, 0x33, 0x32, 0x61, 0x34, 0x2e, 0x34, 0x35, 0x2c, 0x34,
    0x2e, 0x34, 0x35, 0x2c, 0x30, 0x2c, 0x30, 0x2c, 0x30, 0x2c, 0x34, 0x2e, 0x34, 0x35, 0x2d, 0x34,
    0x2e, 0x34, 0x33, 0x56, 0x31, 0x32, 0x2e, 0x32, 0x32, 0x73, 0x30, 0x2d, 0x2e, 0x30, 0x38, 0x2c,
    0x30, 0x2d, 0x2e, 0x31, 0x31, 0x22, 0x20, 0x73, 0x74, 0x79, 0x6c, 0x65, 0x3d, 0x22, 0x66, 0x69,
    0x6c, 0x6c, 0x3a, 0x23, 0x65, 0x63, 0x32, 0x31, 0x32, 0x37, 0x22, 0x2f, 0x3e, 0x3c, 0x70, 0x61,
    0x74, 0x68, 0x20, 0x64, 0x3d, 0x22, 0x4d, 0x33, 0x30, 0x2e, 0x35, 0x38, 0x2c, 0x32, 0x36, 0x2e,
    0x35, 0x38, 0x63, 0x31, 0x2e, 0x36, 0x33, 0x2c, 0x30, 0x2c, 0x33, 0x2c, 0x32, 0x2e, 0x39, 0x34,
    0x2c, 0x33, 0x2c, 0x36, 0x2e, 0x35, 0x38, 0x73, 0x2d, 0x31, 0x2e, 0x33, 0x32, 0x2c, 0x36, 0x2e,
    0x35, 0x38, 0x2d, 0x33, 0x2c, 0x36, 0x2e, 0x35, 0x38, 0x2d, 0x32, 0x2e, 0x39, 0x35, 0x2d, 0x33,
    0x2d, 0x32, 0x2e, 0x39, 0x35, 0x2d, 0x36, 0x2e, 0x35, 0x38, 0x2c, 0x31, 0x2e, 0x33, 0x32, 0x2d,
    0x36, 0x2e, 0x35, 0x38, 0x2c, 0x32, 0x2e, 0x39, 0x35, 0x2d, 0x36, 0x2e, 0x35, 0x38, 0x22, 0x20,
    0x73, 0x74, 0x79, 0x6c, 0x65, 0x3d, 0x22, 0x66, 0x69, 0x6c, 0x6c, 0x3a, 0x75, 0x72, 0x6c, 0x28,
    0x23, 0x53, 0x70, 0x65, 0x63, 0x74, 0x72, 0x75, 0x6d, 0x5f, 0x29, 0x22, 0x2f, 0x3e, 0x3c, 0x70,
    0x61, 0x74, 0x68, 0x20, 0x64, 0x3d, 0x22, 0x4d, 0x35, 0x39, 0x2e, 0x31, 0x36, 0x2c, 0x31, 0x37,
    0x2e, 0x31, 0x35, 0x48, 0x34, 0x38, 0x56, 0x31, 0x33, 0x2e, 0x32, 0x31, 0x48, 0x35, 0x39, 0x2e,
    0x31, 0x36, 0x5a, 0x6d, 0x30, 0x2c, 0x32, 0x36, 0x2e, 0x34, 0x39, 0x48, 0x34, 0x38, 0x76, 0x2d,
    0x32, 0x31, 0x48, 0x35, 0x39, 0x2e, 0x31, 0x36, 0x5a, 0x6d, 0x30, 0x2c, 0x39, 0x2e, 0x34, 0x35,
    0x48, 0x34, 0x38, 0x56, 0x34, 0x39, 0x2e, 0x31, 0x36, 0x48, 0x35, 0x39, 0x2e, 0x31, 0x36, 0x5a,
    0x6d, 0x30, 0x2c, 0x34, 0x61, 0x32, 0x2e, 0x34, 0x35, 0x2c, 0x32, 0x2e, 0x34, 0x35, 0x2c, 0x30,
    0x2c, 0x30, 0x2c, 0x31, 0x2d, 0x32, 0x2e, 0x34, 0x35, 0x2c, 0x32, 0x2e, 0x34, 0x34, 0x48, 0x35,
    0x30, 0x2e, 0x33, 0x39, 0x41, 0x32, 0x2e, 0x34, 0x34, 0x2c, 0x32, 0x2e, 0x34, 0x34, 0x2c, 0x30,
    0x2c, 0x30, 0x2c, 0x31, 0x2c, 0x34, 0x38, 0x2c, 0x35, 0x37, 0x2e, 0x31, 0x34, 0x76, 0x2d, 0x32,
    0x48, 0x35, 0x39, 0x2e, 0x31, 0x36, 0x5a, 0x4d, 0x35, 0x32, 0x2e, 0x37, 0x36, 0x2c, 0x32, 0x2e,
    0x33, 0x36, 0x41, 0x31, 0x2c, 0x31, 0x2c, 0x30, 0x2c, 0x30, 0x2c, 0x31, 0x2c, 0x35, 0x33, 0x2e,
    0x35, 0x35, 0x2c, 0x32, 0x61, 0x31, 0x2c, 0x31, 0x2c, 0x30, 0x2c, 0x30, 0x2c, 0x31, 0x2c, 0x2e,
    0x37, 0x39, 0x2e, 0x33, 0x36, 0x6c, 0x34, 0x2e, 0x32, 0x33, 0x2c, 0x38, 0x2e, 0x38, 0x36, 0x68,
    0x2d, 0x31, 0x30, 0x5a, 0x6d, 0x38, 0x2e, 0x33, 0x38, 0x2c, 0x39, 0x2e, 0x37, 0x35, 0x76, 0x30,
    0x73, 0x30, 0x2d, 0x2e, 0x30, 0x35, 0x2c, 0x30, 0x2d, 0x2e, 0x30, 0x37, 0x76, 0x30, 0x73, 0x30,
    0x2d, 0x2e, 0x30, 0x35, 0x2c, 0x30, 0x2d, 0x2e, 0x30, 0x38, 0x76, 0x30, 0x6c, 0x30, 0x2d, 0x2e,
    0x30, 0x37, 0x68, 0x30, 0x6c, 0x2d, 0x35, 0x2d, 0x31, 0x30, 0x2e, 0x34, 0x4c, 0x35, 0x36, 0x2c,
    0x31, 0x2e, 0x32, 0x33, 0x61, 0x33, 0x2c, 0x33, 0x2c, 0x30, 0x2c, 0x30, 0x2c, 0x30, 0x2d, 0x34,
    0x2e, 0x38, 0x39, 0x2c, 0x30, 0x2c, 0x2e, 0x38, 0x36, 0x2e, 0x38, 0x36, 0x2c, 0x30, 0x2c, 0x30,
    0x2c, 0x30, 0x2d, 0x2e, 0x31, 0x2e, 0x31, 0x36, 0x6c, 0x2d, 0x35, 0x2c, 0x31, 0x30, 0x2e, 0x34,
    0x68, 0x30, 0x6c, 0x30, 0x2c, 0x2e, 0x30, 0x37, 0x76, 0x30, 0x41, 0x2e, 0x32, 0x34, 0x2e, 0x32,
    0x34, 0x2c, 0x30, 0x2c, 0x30, 0x2c, 0x31, 0x2c, 0x34, 0x36, 0x2c, 0x31, 0x32, 0x76, 0x30, 0x61,
    0x2e, 0x31, 0x39, 0x2e, 0x31, 0x39, 0x2c, 0x30, 0x2c, 0x30, 0x2c, 0x30, 0x2c, 0x30, 0x2c, 0x2e,
    0x30, 0x37, 0x56, 0x35, 0x37, 0x2e, 0x31, 0x34, 0x61, 0x34, 0x2e, 0x34, 0x34, 0x2c, 0x34, 0x2e,
    0x34, 0x34, 0x2c, 0x30, 0x2c, 0x30, 0x2c, 0x30, 0x2c, 0x34, 0x2e, 0x34, 0x34, 0x2c, 0x34, 0x2e,
    0x34, 0x33, 0x68, 0x36, 0x2e, 0x33, 0x32, 0x61, 0x34, 0x2e, 0x34, 0x34, 0x2c, 0x34, 0x2e, 0x34,
    0x34, 0x2c, 0x30, 0x2c, 0x30, 0x2c, 0x30, 0x2c, 0x34, 0x2e, 0x34, 0x34, 0x2d, 0x34, 0x2e, 0x34,
    0x33, 0x56, 0x31, 0x32, 0x2e, 0x32, 0x32, 0x61, 0x2e, 0x34, 0x31, 0x2e, 0x34, 0x31, 0x2c, 0x30,
    0x2c, 0x30, 0x2c, 0x30, 0x2c, 0x30, 0x2d, 0x2e, 0x31, 0x31, 0x22, 0x20, 0x73, 0x74, 0x79, 0x6c,
    0x65, 0x3d, 0x22, 0x66, 0x69, 0x6c, 0x6c, 0x3a, 0x23, 0x30, 0x61, 0x37, 0x32, 0x62, 0x61, 0x22,
    0x2f, 0x3e, 0x3c, 0x70, 0x61, 0x74, 0x68, 0x20, 0x64, 0x3d, 0x22, 0x4d, 0x36, 0x2e, 0x38, 0x31,
    0x2c, 0x32, 0x2e, 0x33, 0x36, 0x41, 0x31, 0x2c, 0x31, 0x2c, 0x30, 0x2c, 0x30, 0x2c, 0x31, 0x2c,
    0x37, 0x2e, 0x36, 0x31, 0x2c, 0x32, 0x61, 0x31, 0x2c, 0x31, 0x2c, 0x30, 0x2c, 0x30, 0x2c, 0x31,
    0x2c, 0x2e, 0x37, 0x38, 0x2e, 0x33, 0x36, 0x6c, 0x34, 0x2e, 0x32, 0x34, 0x2c, 0x38, 0x2e, 0x38,
    0x36, 0x68, 0x2d, 0x31, 0x30, 0x5a, 0x22, 0x20, 0x73, 0x74, 0x79, 0x6c, 0x65, 0x3d, 0x22, 0x66,
    0x69, 0x6c, 0x6c, 0x3a, 0x23, 0x66, 0x66, 0x66, 0x22, 0x2f, 0x3e, 0x3c, 0x72, 0x65, 0x63, 0x74,
    0x20, 0x78, 0x3d, 0x22, 0x32, 0x22, 0x20, 0x79, 0x3d, 0x22, 0x31, 0x33, 0x2e, 0x32, 0x31, 0x22,
    0x20, 0x77, 0x69, 0x64, 0x74, 0x68, 0x3d, 0x22, 0x31, 0x31, 0x2e, 0x32, 0x31, 0x22, 0x20, 0x68,
    0x65, 0x69, 0x67, 0x68, 0x74, 0x3d, 0x22, 0x33, 0x2e, 0x39, 0x34, 0x22, 0x20, 0x73, 0x74, 0x79,
    0x6c, 0x65, 0x3d, 0x22, 0x66, 0x69, 0x6c, 0x6c, 0x3a, 0x23, 0x66, 0x66, 0x66, 0x22, 0x2f, 0x3e,
    0x3c, 0x72, 0x65, 0x63, 0x74, 0x20, 0x78, 0x3d, 0x22, 0x32, 0x22, 0x20, 0x79, 0x3d, 0x22, 0x34,
    0x39, 0x2e, 0x31, 0x36, 0x22, 0x20, 0x77, 0x69, 0x64, 0x74, 0x68, 0x3d, 0x22, 0x31, 0x31, 0x2e,
    0x32, 0x31, 0x22, 0x20, 0x68, 0x65, 0x69, 0x67, 0x68, 0x74, 0x3d, 0x22, 0x33, 0x2e, 0x39, 0x33,
    0x22, 0x20, 0x73, 0x74, 0x79, 0x6c, 0x65, 0x3d, 0x22, 0x66, 0x69, 0x6c, 0x6c, 0x3a, 0x23, 0x66,
    0x66, 0x66, 0x22, 0x2f, 0x3e, 0x3c, 0x70, 0x61, 0x74, 0x68, 0x20, 0x64, 0x3d, 0x22, 0x4d, 0x31,
    0x33, 0x2e, 0x32, 0x31, 0x2c, 0x35, 0x37, 0x2e, 0x31, 0x34, 0x61, 0x32, 0x2e, 0x34, 0x35, 0x2c,
    0x32, 0x2e, 0x34, 0x35, 0x2c, 0x30, 0x2c, 0x30, 0x2c, 0x31, 0x2d, 0x32, 0x2e, 0x34, 0x35, 0x2c,
    0x32, 0x2e, 0x34, 0x34, 0x48, 0x34, 0x2e, 0x34, 0x34, 0x41, 0x32, 0x2e, 0x34, 0x35, 0x2c, 0x32,
    0x2e, 0x34, 0x35, 0x2c, 0x30, 0x2c, 0x30, 0x2c, 0x31, 0x2c, 0x32, 0x2c, 0x35, 0x37, 0x2e, 0x31,
    0x34, 0x76, 0x2d, 0x32, 0x48, 0x31, 0x33, 0x2e, 0x32, 0x31, 0x5a, 0x22, 0x20, 0x73, 0x74, 0x79,
    0x6c, 0x65, 0x3d, 0x22, 0x66, 0x69, 0x6c, 0x6c, 0x3a, 0x23, 0x66, 0x66, 0x66, 0x22, 0x2f, 0x3e,
    0x3c, 0x72, 0x65, 0x63, 0x74, 0x20, 0x78, 0x3d, 0x22, 0x32, 0x22, 0x20, 0x79, 0x3d, 0x22, 0x32,
    0x32, 0x2e, 0x36, 0x38, 0x22, 0x20, 0x77, 0x69, 0x64, 0x74, 0x68, 0x3d, 0x22, 0x31, 0x31, 0x2e,
    0x32, 0x31, 0x22, 0x20, 0x68, 0x65, 0x69, 0x67, 0x68, 0x74, 0x3d, 0x22, 0x32, 0x30, 0x2e, 0x39,
    0x36, 0x22, 0x20, 0x73, 0x74, 0x79, 0x6c, 0x65, 0x3d, 0x22, 0x66, 0x69, 0x6c, 0x6c, 0x3a, 0x23,
    0x66, 0x66, 0x66, 0x22, 0x2f, 0x3e, 0x3c, 0x70, 0x61, 0x74, 0x68, 0x20, 0x64, 0x3d, 0x22, 0x4d,
    0x37, 0x2e, 0x36, 0x31, 0x2c, 0x32, 0x36, 0x2e, 0x35, 0x38, 0x63, 0x31, 0x2e, 0x36, 0x32, 0x2c,
    0x30, 0x2c, 0x32, 0x2e, 0x39, 0x34, 0x2c, 0x32, 0x2e, 0x39, 0x34, 0x2c, 0x32, 0x2e, 0x39, 0x34,
    0x2c, 0x36, 0x2e, 0x35, 0x38, 0x73, 0x2d, 0x31, 0x2e, 0x33, 0x32, 0x2c, 0x36, 0x2e, 0x35, 0x38,
    0x2d, 0x32, 0x2e, 0x39, 0x34, 0x2c, 0x36, 0x2e, 0x35, 0x38, 0x2d, 0x33, 0x2d, 0x33, 0x2d, 0x33,
    0x2d, 0x36, 0x2e, 0x35, 0x38, 0x2c, 0x31, 0x2e, 0x33, 0x32, 0x2d, 0x36, 0x2e, 0x35, 0x38, 0x2c,
    0x33, 0x2d, 0x36, 0x2e, 0x35, 0x38, 0x22, 0x20, 0x73, 0x74, 0x79, 0x6c, 0x65, 0x3d, 0x22, 0x66,
    0x69, 0x6c, 0x6c, 0x3a, 0x75, 0x72, 0x6c, 0x28, 0x23, 0x53, 0x70, 0x65, 0x63, 0x74, 0x72, 0x75,
    0x6d, 0x5f, 0x32, 0x29, 0x22, 0x2f, 0x3e, 0x3c, 0x70, 0x61, 0x74, 0x68, 0x20, 0x64, 0x3d, 0x22,
    0x4d, 0x35, 0x32, 0x2e, 0x37, 0x36, 0x2c, 0x32, 0x2e, 0x33, 0x36, 0x61, 0x31, 0x2c, 0x31, 0x2c,
    0x30, 0x2c, 0x30, 0x2c, 0x31, 0x2c, 0x2e, 0x38, 0x2d, 0x2e, 0x33, 0x36, 0x2c, 0x31, 0x2c, 0x31,
    0x2c, 0x30, 0x2c, 0x30, 0x2c, 0x31, 0x2c, 0x2e, 0x37, 0x38, 0x2e, 0x33, 0x36, 0x6c, 0x34, 0x2e,
    0x32, 0x34, 0x2c, 0x38, 0x2e, 0x38, 0x36, 0x68, 0x2d, 0x31, 0x30, 0x5a, 0x22, 0x20, 0x73, 0x74,
    0x79, 0x6c, 0x65, 0x3d, 0x22, 0x66, 0x69, 0x6c, 0x6c, 0x3a, 0x23, 0x66, 0x66, 0x66, 0x22, 0x2f,
    0x3e, 0x3c, 0x72, 0x65, 0x63, 0x74, 0x20, 0x78, 0x3d, 0x22, 0x34, 0x37, 0x2e, 0x39, 0x35, 0x22,
    0x20, 0x79, 0x3d, 0x22, 0x31, 0x33, 0x2e, 0x32, 0x31, 0x22, 0x20, 0x77, 0x69, 0x64, 0x74, 0x68,
    0x3d, 0x22, 0x31, 0x31, 0x2e, 0x32, 0x31, 0x22, 0x20, 0x68, 0x65, 0x69, 0x67, 0x68, 0x74, 0x3d,
    0x22, 0x33, 0x2e, 0x39, 0x34, 0x22, 0x20, 0x73, 0x74, 0x79, 0x6c, 0x65, 0x3d, 0x22, 0x66, 0x69,
    0x6c, 0x6c, 0x3a, 0x23, 0x66, 0x66, 0x66, 0x22, 0x2f, 0x3e, 0x3c, 0x72, 0x65, 0x63, 0x74, 0x20,
    0x78, 0x3d, 0x22, 0x34, 0x37, 0x2e, 0x39, 0x35, 0x22, 0x20, 0x79, 0x3d, 0x22, 0x34, 0x39, 0x2e,
    0x31, 0x36, 0x22, 0x20, 0x77, 0x69, 0x64, 0x74, 0x68, 0x3d, 0x22, 0x31, 0x31, 0x2e, 0x32, 0x31,
    0x22, 0x20, 0x68, 0x65, 0x69, 0x67, 0x68, 0x74, 0x3d, 0x22, 0x33, 0x2e, 0x39, 0x33, 0x22, 0x20,
    0x73, 0x74, 0x79, 0x6c, 0x65, 0x3d, 0x22, 0x66, 0x69, 0x6c, 0x6c, 0x3a, 0x23, 0x66, 0x66, 0x66,
    0x22, 0x2f, 0x3e, 0x3c, 0x70, 0x61, 0x74, 0x68, 0x20, 0x64, 0x3d, 0x22, 0x4d, 0x35, 0x39, 0x2e,
    0x31, 0x36, 0x2c, 0x35, 0x37, 0x2e, 0x31, 0x34, 0x61, 0x32, 0x2e, 0x34, 0x34, 0x2c, 0x32, 0x2e,
    0x34, 0x34, 0x2c, 0x30, 0x2c, 0x30, 0x2c, 0x31, 0x2d, 0x32, 0x2e, 0x34, 0x34, 0x2c, 0x32, 0x2e,
    0x34, 0x34, 0x48, 0x35, 0x30, 0x2e, 0x33, 0x39, 0x61, 0x32, 0x2e, 0x34, 0x35, 0x2c, 0x32, 0x2e,
    0x34, 0x35, 0x2c, 0x30, 0x2c, 0x30, 0x2c, 0x31, 0x2d, 0x32, 0x2e, 0x34, 0x35, 0x2d, 0x32, 0x2e,
    0x34, 0x34, 0x76, 0x2d, 0x32, 0x48, 0x35, 0x39, 0x2e, 0x31, 0x36, 0x5a, 0x22, 0x20, 0x73, 0x74,
    0x79, 0x6c, 0x65, 0x3d, 0x22, 0x66, 0x69, 0x6c, 0x6c, 0x3a, 0x23, 0x66, 0x66, 0x66, 0x22, 0x2f,
    0x3e, 0x3c, 0x72, 0x65, 0x63, 0x74, 0x20, 0x78, 0x3d, 0x22, 0x34, 0x37, 0x2e, 0x39, 0x35, 0x22,
    0x20, 0x79, 0x3d, 0x22, 0x32, 0x32, 0x2e, 0x36, 0x38, 0x22, 0x20, 0x77, 0x69, 0x64, 0x74, 0x68,
    0x3d, 0x22, 0x31, 0x31, 0x2e, 0x32, 0x31, 0x22, 0x20, 0x68, 0x65, 0x69, 0x67, 0x68, 0x74, 0x3d,
    0x22, 0x32, 0x30, 0x2e, 0x39, 0x36, 0x22, 0x20, 0x73, 0x74, 0x79, 0x6c, 0x65, 0x3d, 0x22, 0x66,
    0x69, 0x6c, 0x6c, 0x3a, 0x23, 0x66, 0x66, 0x66, 0x22, 0x2f, 0x3e, 0x3c, 0x70, 0x61, 0x74, 0x68,
    0x20, 0x64, 0x3d, 0x22, 0x4d, 0x35, 0x33, 0x2e, 0x35, 0x35, 0x2c, 0x32, 0x36, 0x2e, 0x35, 0x38,
    0x63, 0x31, 0x2e, 0x36, 0x33, 0x2c, 0x30, 0x2c, 0x33, 0x2c, 0x32, 0x2e, 0x39, 0x34, 0x2c, 0x33,
    0x2c, 0x36, 0x2e, 0x35, 0x38, 0x73, 0x2d, 0x31, 0x2e, 0x33, 0x32, 0x2c, 0x36, 0x2e, 0x35, 0x38,
    0x2d, 0x33, 0x2c, 0x36, 0x2e, 0x35, 0x38, 0x2d, 0x32, 0x2e, 0x39, 0x35, 0x2d, 0x33, 0x2d, 0x32,
    0x2e, 0x39, 0x35, 0x2d, 0x36, 0x2e, 0x35, 0x38, 0x2c, 0x31, 0x2e, 0x33, 0x32, 0x2d, 0x36, 0x2e,
    0x35, 0x38, 0x2c, 0x32, 0x2e, 0x39, 0x35, 0x2d, 0x36, 0x2e, 0x35, 0x38, 0x22, 0x20, 0x73, 0x74,
    0x79, 0x6c, 0x65, 0x3d, 0x22, 0x66, 0x69, 0x6c, 0x6c, 0x3a, 0x75, 0x72, 0x6c, 0x28, 0x23, 0x53,
    0x70, 0x65, 0x63, 0x74, 0x72, 0x75, 0x6d, 0x5f, 0x33, 0x29, 0x22, 0x2f, 0x3e, 0x3c, 0x70, 0x61,
    0x74, 0x68, 0x20, 0x64, 0x3d, 0x22, 0x4d, 0x34, 0x36, 0x2e, 0x32, 0x39, 0x2c, 0x33, 0x35, 0x2e,
    0x39, 0x33, 0x61, 0x2e, 0x36, 0x31, 0x2e, 0x36, 0x31, 0x2c, 0x30, 0x2c, 0x30, 0x2c, 0x30, 0x2c,
    0x30, 0x2d, 0x2e, 0x31, 0x32, 0x73, 0x30, 0x2c, 0x2e, 0x30, 0x36, 0x2c, 0x30, 0x2c, 0x2e, 0x30,
    0x39, 0x5a, 0x22, 0x2f, 0x3e, 0x3c, 0x2f, 0x73, 0x76, 0x67, 0x3e,
};
static const size_t main_toolbar_effect_colors_svg_len = 6875;

static const unsigned char main_toolbar_effect_settings_svg[] = {
    0x3c, 0x73, 0x76, 0x67, 0x20, 0x69, 0x64, 0x3d, 0x22, 0x4c, 0x61, 0x79, 0x65, 0x72, 0x5f, 0x31,
    0x22, 0x20, 0x64, 0x61, 0x74, 0x61, 0x2d, 0x6e, 0x61, 0x6d, 0x65, 0x3d, 0x22, 0x4c, 0x61, 0x79,
    0x65, 0x72, 0x20, 0x31, 0x22, 0x20, 0x78, 0x6d, 0x6c, 0x6e, 0x73, 0x3d, 0x22, 0x68, 0x74, 0x74,
    0x70, 0x3a, 0x2f, 0x2f, 0x77, 0x77, 0x77, 0x2e, 0x77, 0x33, 0x2e, 0x6f, 0x72, 0x67, 0x2f, 0x32,
    0x30, 0x30, 0x30, 0x2f, 0x73, 0x76, 0x67, 0x22, 0x20, 0x78, 0x6d, 0x6c, 0x6e, 0x73, 0x3a, 0x78,
    0x6c, 0x69, 0x6e, 0x6b, 0x3d, 0x22, 0x68, 0x74, 0x74, 0x70, 0x3a, 0x2f, 0x2f, 0x77, 0x77, 0x77,
    0x2e, 0x77, 0x33, 0x2e, 0x6f, 0x72, 0x67, 0x2f, 0x31, 0x39, 0x39, 0x39, 0x2f, 0x78, 0x6c, 0x69,
    0x6e, 0x6b, 0x22, 0x20, 0x76, 0x69, 0x65, 0x77, 0x42, 0x6f, 0x78, 0x3d, 0x22, 0x30, 0x20, 0x30,
    0x20, 0x36, 0x34, 0x2e, 0x32, 0x32, 0x20, 0x36, 0x31, 0x2e, 0x34, 0x37, 0x22, 0x3e, 0x3c, 0x64,
    0x65, 0x66, 0x73, 0x3e, 0x3c, 0x6c, 0x69, 0x6e, 0x65, 0x61, 0x72, 0x47, 0x72, 0x61, 0x64, 0x69,
    0x65, 0x6e, 0x74, 0x20, 0x69, 0x64, 0x3d, 0x22, 0x53, 0x70, 0x65, 0x63, 0x74, 0x72, 0x75, 0x6d,
    0x5f, 0x22, 0x20, 0x78, 0x31, 0x3d, 0x22, 0x2d, 0x30, 0x2e, 0x37, 0x32, 0x22, 0x20, 0x79, 0x31,
    0x3d, 0x22, 0x32, 0x39, 0x2e, 0x38, 0x31, 0x22, 0x20, 0x78, 0x32, 0x3d, 0x22, 0x36, 0x38, 0x30,
    0x2e, 0x32, 0x39, 0x22, 0x20, 0x79, 0x32, 0x3d, 0x22, 0x32, 0x39, 0x2e, 0x38, 0x31, 0x22, 0x20,
    0x67, 0x72, 0x61, 0x64, 0x69, 0x65, 0x6e, 0x74, 0x55, 0x6e, 0x69, 0x74, 0x73, 0x3d, 0x22, 0x75,
    0x73, 0x65, 0x72, 0x53, 0x70, 0x61, 0x63, 0x65, 0x4f, 0x6e, 0x55, 0x73, 0x65, 0x22, 0x3e, 0x3c,
    0x73, 0x74, 0x6f, 0x70, 0x20, 0x6f, 0x66, 0x66, 0x73, 0x65, 0x74, 0x3d, 0x22, 0x30, 0x22, 0x20,
    0x73, 0x74, 0x6f, 0x70, 0x2d, 0x63, 0x6f, 0x6c, 0x6f, 0x72, 0x3d, 0x22, 0x23, 0x30, 0x30, 0x61,
    0x38, 0x64, 0x65, 0x22, 0x2f, 0x3e, 0x3c, 0x73, 0x74, 0x6f, 0x70, 0x20, 0x6f, 0x66, 0x66, 0x73,
    0x65, 0x74, 0x3d, 0x22, 0x30, 0x2e, 0x32, 0x22, 0x20, 0x73, 0x74, 0x6f, 0x70, 0x2d, 0x63, 0x6f,
    0x6c, 0x6f, 0x72, 0x3d, 0x22, 0x23, 0x33, 0x33, 0x33, 0x33, 0x39, 0x31, 0x22, 0x2f, 0x3e, 0x3c,
    0x73, 0x74, 0x6f, 0x70, 0x20, 0x6f, 0x66, 0x66, 0x73, 0x65, 0x74, 0x3d, 0x22, 0x30, 0x2e, 0x34,
    0x22, 0x20, 0x73, 0x74, 0x6f, 0x70, 0x2d, 0x63, 0x6f, 0x6c, 0x6f, 0x72, 0x3d, 0x22, 0x23, 0x65,
    0x39, 0x31, 0x33, 0x38, 0x38, 0x22, 0x2f, 0x3e, 0x3c, 0x73, 0x74, 0x6f, 0x70, 0x20, 0x6f, 0x66,
    0x66, 0x73, 0x65, 0x74, 0x3d, 0x22, 0x30, 0x2e, 0x36, 0x22, 0x20, 0x73, 0x74, 0x6f, 0x70, 0x2d,
    0x63, 0x6f, 0x6c, 0x6f, 0x72, 0x3d, 0x22, 0x23, 0x65, 0x62, 0x32, 0x64, 0x32, 0x65, 0x22, 0x2f,
    0x3e, 0x3c, 0x73, 0x74, 0x6f, 0x70, 0x20, 0x6f, 0x66, 0x66, 0x73, 0x65, 0x74, 0x3d, 0x22, 0x30,
    0x2e, 0x38, 0x22, 0x20, 0x73, 0x74, 0x6f, 0x70, 0x2d, 0x63, 0x6f, 0x6c, 0x6f, 0x72, 0x3d, 0x22,
    0x23, 0x66, 0x64, 0x65, 0x39, 0x32, 0x62, 0x22, 0x2f, 0x3e, 0x3c, 0x73, 0x74, 0x6f, 0x70, 0x20,
    0x6f, 0x66, 0x66, 0x73, 0x65, 0x74, 0x3d, 0x22, 0x31, 0x22, 0x20, 0x73, 0x74, 0x6f, 0x70, 0x2d,
    0x63, 0x6f, 0x6c, 0x6f, 0x72, 0x3d, 0x22, 0x23, 0x30, 0x30, 0x39, 0x65, 0x35, 0x34, 0x22, 0x2f,
    0x3e, 0x3c, 0x2f, 0x6c, 0x69, 0x6e, 0x65, 0x61, 0x72, 0x47, 0x72, 0x61, 0x64, 0x69, 0x65, 0x6e,
    0x74, 0x3e, 0x3c, 0x2f, 0x64, 0x65, 0x66, 0x73, 0x3e, 0x3c, 0x70, 0x61, 0x74, 0x68, 0x20, 0x64,
    0x3d, 0x22, 0x4d, 0x36, 0x33, 0x2e, 0x32, 0x34, 0x2c, 0x34, 0x32, 0x2e, 0x39, 0x33, 0x6c, 0x30,
    0x2c, 0x30, 0x2d, 0x2e, 0x31, 0x31, 0x2d, 0x2e, 0x31, 0x31, 0x2c, 0x30, 0x2c, 0x30, 0x2c, 0x30,
    0x2c, 0x30, 0x2c, 0x30, 0x2c, 0x30, 0x61, 0x2e, 0x35, 0x37, 0x2e, 0x35, 0x37, 0x2c, 0x30, 0x2c,
    0x30, 0x2c, 0x30, 0x2d, 0x2e, 0x31, 0x31, 0x2d, 0x2e, 0x31, 0x31, 0x6c, 0x30, 0x2c, 0x30, 0x2c,
    0x30, 0x2c, 0x30, 0x2c, 0x30, 0x2c, 0x30, 0x2c, 0x30, 0x2c, 0x30, 0x2d, 0x2e, 0x30, 0x37, 0x2d,
    0x2e, 0x30, 0x38, 0x2c, 0x30, 0x2c, 0x30, 0x2c, 0x30, 0x2c, 0x30, 0x2c, 0x30, 0x2c, 0x30, 0x2c,
    0x30, 0x2c, 0x30, 0x61, 0x31, 0x2e, 0x31, 0x34, 0x2c, 0x31, 0x2e, 0x31, 0x34, 0x2c, 0x30, 0x2c,
    0x30, 0x2c, 0x30, 0x2d, 0x2e, 0x31, 0x31, 0x2d, 0x2e, 0x31, 0x31, 0x2e, 0x30, 0x38, 0x2e, 0x30,
    0x38, 0x2c, 0x30, 0x2c, 0x30, 0x2c, 0x30, 0x2c, 0x30, 0x2c, 0x30, 0x6c, 0x30, 0x2c, 0x30, 0x2c,
    0x30, 0x2c, 0x30, 0x2c, 0x30, 0x2c, 0x30, 0x2d, 0x2e, 0x30, 0x37, 0x2d, 0x2e, 0x30, 0x37, 0x2c,
    0x30, 0x2c, 0x30, 0x2c, 0x30, 0x2c, 0x30, 0x2c, 0x30, 0x2c, 0x30, 0x2c, 0x30, 0x2c, 0x30, 0x2d,
    0x2e, 0x31, 0x31, 0x2d, 0x2e, 0x31, 0x31, 0x2c, 0x30, 0x2c, 0x30, 0x2c, 0x30, 0x2c, 0x30, 0x2c,
    0x30, 0x2c, 0x30, 0x2d, 0x2e, 0x31, 0x2d, 0x2e, 0x31, 0x31, 0x2c, 0x30, 0x2c, 0x30, 0x2c, 0x30,
    0x2c, 0x30, 0x2c, 0x30, 0x2c, 0x30, 0x2c, 0x30, 0x2c, 0x30, 0x2d, 0x2e, 0x30, 0x37, 0x2d, 0x2e,
    0x30, 0x38, 0x2c, 0x30, 0x2c, 0x30, 0x73, 0x30, 0x2c, 0x30, 0x2c, 0x30, 0x2c, 0x30, 0x61, 0x32,
    0x2e, 0x33, 0x36, 0x2c, 0x32, 0x2e, 0x33, 0x36, 0x2c, 0x30, 0x2c, 0x30, 0x2c, 0x30, 0x2d, 0x2e,
    0x34, 0x34, 0x2d, 0x2e, 0x33, 0x32, 0x6c, 0x2d, 0x2e, 0x37, 0x36, 0x2d, 0x2e, 0x34, 0x34, 0x61,
    0x31, 0x39, 0x2e, 0x37, 0x37, 0x2c, 0x31, 0x39, 0x2e, 0x37, 0x37, 0x2c, 0x30, 0x2c, 0x30, 0x2c,
    0x30, 0x2d, 0x2e, 0x30, 0x38, 0x2d, 0x32, 0x2e, 0x31, 0x38, 0x2e, 0x32, 0x39, 0x2e, 0x32, 0x39,
    0x2c, 0x30, 0x2c, 0x30, 0x2c, 0x31, 0x2c, 0x2e, 0x31, 0x31, 0x2d, 0x2e, 0x32, 0x39, 0x6c, 0x32,
    0x2e, 0x34, 0x33, 0x2d, 0x31, 0x2e, 0x36, 0x35, 0x61, 0x32, 0x2e, 0x37, 0x35, 0x2c, 0x32, 0x2e,
    0x37, 0x35, 0x2c, 0x30, 0x2c, 0x30, 0x2c, 0x30, 0x2c, 0x31, 0x2d, 0x33, 0x2e, 0x34, 0x33, 0x4c,
    0x36, 0x32, 0x2c, 0x32, 0x39, 0x2e, 0x33, 0x31, 0x61, 0x32, 0x2e, 0x38, 0x39, 0x2c, 0x32, 0x2e,
    0x38, 0x39, 0x2c, 0x30, 0x2c, 0x30, 0x2c, 0x30, 0x2d, 0x2e, 0x34, 0x36, 0x2d, 0x2e, 0x37, 0x31,
    0x6c, 0x2d, 0x2e, 0x31, 0x31, 0x2d, 0x2e, 0x31, 0x31, 0x2d, 0x2e, 0x32, 0x32, 0x2d, 0x2e, 0x32,
    0x32, 0x2c, 0x30, 0x2c, 0x30, 0x61, 0x31, 0x2e, 0x36, 0x32, 0x2c, 0x31, 0x2e, 0x36, 0x32, 0x2c,
    0x30, 0x2c, 0x30, 0x2c, 0x30, 0x2d, 0x2e, 0x31, 0x38, 0x2d, 0x2e, 0x31, 0x39, 0x6c, 0x30, 0x2c,
    0x30, 0x61, 0x32, 0x2e, 0x31, 0x38, 0x2c, 0x32, 0x2e, 0x31, 0x38, 0x2c, 0x30, 0x2c, 0x30, 0x2c,
    0x30, 0x2d, 0x2e, 0x32, 0x31, 0x2d, 0x2e, 0x32, 0x32, 0x63, 0x2d, 0x2e, 0x30, 0x37, 0x2d, 0x2e,
    0x30, 0x38, 0x2d, 0x2e, 0x31, 0x35, 0x2d, 0x2e, 0x31, 0x35, 0x2d, 0x2e, 0x32, 0x32, 0x2d, 0x2e,
    0x32, 0x32, 0x73, 0x30, 0x2c, 0x30, 0x2c, 0x30, 0x2c, 0x30, 0x61, 0x32, 0x2e, 0x32, 0x38, 0x2c,
    0x32, 0x2e, 0x32, 0x38, 0x2c, 0x30, 0x2c, 0x30, 0x2c, 0x30, 0x2d, 0x2e, 0x32, 0x32, 0x2d, 0x2e,
    0x32, 0x32, 0x2c, 0x31, 0x2e, 0x34, 0x35, 0x2c, 0x31, 0x2e, 0x34, 0x35, 0x2c, 0x30, 0x2c, 0x30,
    0x2c, 0x30, 0x2d, 0x2e, 0x32, 0x32, 0x2d, 0x2e, 0x32, 0x31, 0x2e, 0x30, 0x38, 0x2e, 0x30, 0x38,
    0x2c, 0x30, 0x2c, 0x30, 0x2c, 0x30, 0x2c, 0x30, 0x2c, 0x30, 0x2c, 0x31, 0x2c, 0x31, 0x2c, 0x30,
    0x2c, 0x30, 0x2c, 0x30, 0x2d, 0x2e, 0x31, 0x38, 0x2d, 0x2e, 0x31, 0x38, 0x6c, 0x30, 0x2c, 0x30,
    0x61, 0x33, 0x2e, 0x37, 0x2c, 0x33, 0x2e, 0x37, 0x2c, 0x30, 0x2c, 0x30, 0x2c, 0x30, 0x2d, 0x2e,
    0x32, 0x38, 0x2d, 0x2e, 0x32, 0x38, 0x2c, 0x32, 0x2e, 0x37, 0x39, 0x2c, 0x32, 0x2e, 0x37, 0x39,
    0x2c, 0x30, 0x2c, 0x30, 0x2c, 0x30, 0x2d, 0x31, 0x2e, 0x38, 0x39, 0x2d, 0x2e, 0x37, 0x34, 0x2c,
    0x32, 0x2e, 0x36, 0x32, 0x2c, 0x32, 0x2e, 0x36, 0x32, 0x2c, 0x30, 0x2c, 0x30, 0x2c, 0x30, 0x2d,
    0x2e, 0x37, 0x33, 0x2e, 0x31, 0x6c, 0x2d, 0x32, 0x2e, 0x37, 0x35, 0x2e, 0x37, 0x37, 0x61, 0x2e,
    0x33, 0x31, 0x2e, 0x33, 0x31, 0x2c, 0x30, 0x2c, 0x30, 0x2c, 0x31, 0x2d, 0x2e, 0x32, 0x37, 0x2d,
    0x2e, 0x30, 0x38, 0x6c, 0x30, 0x2c, 0x30, 0x2c, 0x30, 0x2c, 0x30, 0x2c, 0x30, 0x2c, 0x30, 0x2c,
    0x30, 0x2c, 0x30, 0x2d, 0x2e, 0x30, 0x37, 0x2d, 0x2e, 0x30, 0x37, 0x2c, 0x30, 0x2c, 0x30, 0x2c,
    0x30, 0x2c, 0x30, 0x68, 0x30, 0x76, 0x30, 0x6c, 0x2e, 0x35, 0x34, 0x2d, 0x32, 0x2e, 0x38, 0x39,
    0x61, 0x32, 0x2e, 0x37, 0x2c, 0x32, 0x2e, 0x37, 0x2c, 0x30, 0x2c, 0x30, 0x2c, 0x30, 0x2c, 0x30,
    0x2d, 0x31, 0x2e, 0x30, 0x36, 0x63, 0x2e, 0x34, 0x39, 0x2d, 0x2e, 0x34, 0x33, 0x2c, 0x31, 0x2e,
    0x30, 0x37, 0x2d, 0x2e, 0x39, 0x2c, 0x31, 0x2e, 0x37, 0x33, 0x2d, 0x31, 0x2e, 0x34, 0x6c, 0x33,
    0x2e, 0x36, 0x36, 0x2d, 0x32, 0x2e, 0x37, 0x36, 0x68, 0x2d, 0x2e, 0x30, 0x39, 0x6c, 0x2e, 0x30,
    0x35, 0x2c, 0x30, 0x48, 0x35, 0x39, 0x2e, 0x34, 0x6c, 0x2e, 0x30, 0x36, 0x2c, 0x30, 0x68, 0x2d,
    0x2e, 0x30, 0x39, 0x6c, 0x2e, 0x30, 0x35, 0x2c, 0x30, 0x68, 0x2d, 0x2e, 0x30, 0x39, 0x6c, 0x2e,
    0x30, 0x35, 0x2c, 0x30, 0x68, 0x2d, 0x2e, 0x30, 0x39, 0x6c, 0x2e, 0x30, 0x36, 0x2c, 0x30, 0x68,
    0x2d, 0x2e, 0x30, 0x39, 0x6c, 0x2e, 0x30, 0x35, 0x2c, 0x30, 0x68, 0x2d, 0x2e, 0x30, 0x39, 0x6c,
    0x2e, 0x30, 0x35, 0x2c, 0x30, 0x68, 0x2d, 0x2e, 0x30, 0x38, 0x6c, 0x2e, 0x30, 0x35, 0x2c, 0x30,
    0x68, 0x2d, 0x2e, 0x30, 0x39, 0x6c, 0x2e, 0x30, 0x35, 0x2c, 0x30, 0x68, 0x2d, 0x2e, 0x30, 0x39,
    0x6c, 0x30, 0x2c, 0x30, 0x68, 0x2d, 0x2e, 0x30, 0x38, 0x6c, 0x2e, 0x30, 0x35, 0x2c, 0x30, 0x48,
    0x35, 0x39, 0x6c, 0x2e, 0x30, 0x35, 0x2c, 0x30, 0x48, 0x35, 0x39, 0x6c, 0x30, 0x2c, 0x30, 0x48,
    0x35, 0x39, 0x6c, 0x2e, 0x30, 0x35, 0x2c, 0x30, 0x68, 0x2d, 0x2e, 0x30, 0x39, 0x6c, 0x30, 0x2c,
    0x30, 0x68, 0x2d, 0x2e, 0x30, 0x39, 0x6c, 0x30, 0x2c, 0x30, 0x68, 0x2d, 0x2e, 0x30, 0x38, 0x6c,
    0x30, 0x2c, 0x30, 0x68, 0x2d, 0x2e, 0x30, 0x39, 0x6c, 0x30, 0x2c, 0x30, 0x68, 0x2d, 0x2e, 0x30,
    0x39, 0x6c, 0x30, 0x2c, 0x30, 0x68, 0x2d, 0x2e, 0x30, 0x38, 0x6c, 0x30, 0x2c, 0x30, 0x68, 0x2d,
    0x2e, 0x30, 0x39, 0x6c, 0x30, 0x2c, 0x30, 0x68, 0x2d, 0x2e, 0x30, 0x39, 0x6c, 0x2e, 0x30, 0x36,
    0x2c, 0x30, 0x68, 0x2d, 0x2e, 0x30, 0x39, 0x6c, 0x30, 0x2c, 0x30, 0x48, 0x35, 0x38, 0x2e, 0x36,
    0x6c, 0x30, 0x2c, 0x30, 0x68, 0x2d, 0x2e, 0x30, 0x39, 0x6c, 0x2e, 0x30, 0x36, 0x2c, 0x30, 0x68,
    0x2d, 0x2e, 0x30, 0x39, 0x6c, 0x30, 0x2c, 0x30, 0x68, 0x2d, 0x2e, 0x30, 0x39, 0x6c, 0x30, 0x2c,
    0x30, 0x68, 0x2d, 0x2e, 0x30, 0x38, 0x6c, 0x30, 0x2c, 0x30, 0x68, 0x2d, 0x2e, 0x30, 0x39, 0x6c,
    0x30, 0x2c, 0x30, 0x68, 0x2d, 0x2e, 0x30, 0x39, 0x6c, 0x30, 0x2c, 0x30, 0x68, 0x2d, 0x2e, 0x30,
    0x38, 0x6c, 0x30, 0x2c, 0x30, 0x68, 0x2d, 0x2e, 0x30, 0x39, 0x6c, 0x30, 0x2c, 0x30, 0x68, 0x2d,
    0x2e, 0x30, 0x39, 0x6c, 0x30, 0x2c, 0x30, 0x68, 0x2d, 0x2e, 0x30, 0x38, 0x6c, 0x30, 0x2c, 0x30,
    0x48, 0x35, 0x38, 0x2e, 0x32, 0x6c, 0x30, 0x2c, 0x30, 0x68, 0x2d, 0x2e, 0x30, 0x39, 0x6c, 0x2e,
    0x30, 0x35, 0x2c, 0x30, 0x68, 0x2d, 0x2e, 0x30, 0x38, 0x6c, 0x30, 0x2c, 0x30, 0x68, 0x2d, 0x2e,
    0x30, 0x39, 0x6c, 0x30, 0x2c, 0x30, 0x68, 0x2d, 0x2e, 0x30, 0x39, 0x6c, 0x2e, 0x30, 0x35, 0x2c,
    0x30, 0x48, 0x35, 0x38, 0x6c, 0x30, 0x2c, 0x30, 0x48, 0x35, 0x38, 0x6c, 0x2e, 0x30, 0x35, 0x2c,
    0x30, 0x68, 0x2d, 0x2e, 0x30, 0x39, 0x6c, 0x2e, 0x30, 0x35, 0x2c, 0x30, 0x68, 0x2d, 0x2e, 0x30,
    0x38, 0x6c, 0x2e, 0x30, 0x35, 0x2c, 0x30, 0x68, 0x2d, 0x2e, 0x30, 0x39, 0x6c, 0x2e, 0x30, 0x35,
    0x2c, 0x30, 0x68, 0x2d, 0x2e, 0x30, 0x39, 0x6c, 0x2e, 0x30, 0x35, 0x2c, 0x30, 0x48, 0x35, 0x37,
    0x2e, 0x38, 0x6c, 0x2e, 0x30, 0x35, 0x2c, 0x30, 0x68, 0x2d, 0x2e, 0x30, 0x39, 0x6c, 0x2e, 0x30,
    0x35, 0x2c, 0x30, 0x68, 0x2d, 0x2e, 0x30, 0x39, 0x6c, 0x2e, 0x30, 0x36, 0x2c, 0x30, 0x68, 0x2d,
    0x2e, 0x30, 0x39, 0x6c, 0x2e, 0x30, 0x35, 0x2c, 0x30, 0x68, 0x2d, 0x2e, 0x30, 0x39, 0x6c, 0x2e,
    0x30, 0x35, 0x2c, 0x30, 0x68, 0x2d, 0x2e, 0x30, 0x38, 0x6c, 0x2e, 0x30, 0x35, 0x2c, 0x30, 0x2d,
    0x34, 0x2e, 0x35, 0x39, 0x2e, 0x30, 0x37, 0x68, 0x2d, 0x2e, 0x36, 0x31, 0x6c, 0x2d, 0x31, 0x2e,
    0x31, 0x38, 0x2c, 0x30, 0x61, 0x31, 0x36, 0x2e, 0x37, 0x32, 0x2c, 0x31, 0x36, 0x2e, 0x37, 0x32,
    0x2c, 0x30, 0x2c, 0x30, 0x2c, 0x31, 0x2c, 0x31, 0x2e, 0x32, 0x37, 0x2d, 0x31, 0x2e, 0x37, 0x33,
    0x6c, 0x33, 0x2e, 0x35, 0x36, 0x2d, 0x34, 0x2e, 0x33, 0x34, 0x2d, 0x2e, 0x30, 0x39, 0x2c, 0x30,
    0x2c, 0x2e, 0x30, 0x36, 0x2d, 0x2e, 0x30, 0x37, 0x2d, 0x2e, 0x31, 0x2c, 0x30, 0x2c, 0x2e, 0x30,
    0x36, 0x2d, 0x2e, 0x30, 0x37, 0x2d, 0x2e, 0x31, 0x2c, 0x30, 0x2c, 0x2e, 0x30, 0x36, 0x2d, 0x2e,
    0x30, 0x37, 0x2d, 0x2e, 0x30, 0x39, 0x2c, 0x30, 0x2c, 0x2e, 0x30, 0x36, 0x2d, 0x2e, 0x30, 0x37,
    0x2d, 0x2e, 0x31, 0x2c, 0x30, 0x2c, 0x2e, 0x30, 0x36, 0x2d, 0x2e, 0x30, 0x38, 0x2d, 0x2e, 0x30,
    0x39, 0x2c, 0x30, 0x2c, 0x2e, 0x30, 0x36, 0x2d, 0x2e, 0x30, 0x37, 0x2d, 0x2e, 0x31, 0x2c, 0x30,
    0x2c, 0x2e, 0x30, 0x36, 0x2d, 0x2e, 0x30, 0x37, 0x2d, 0x2e, 0x31, 0x2c, 0x30, 0x2c, 0x2e, 0x30,
    0x36, 0x2d, 0x2e, 0x30, 0x38, 0x2d, 0x2e, 0x30, 0x39, 0x2c, 0x30, 0x4c, 0x35, 0x35, 0x2e, 0x38,
    0x2c, 0x31, 0x30, 0x6c, 0x2d, 0x2e, 0x31, 0x2c, 0x30, 0x2c, 0x2e, 0x30, 0x36, 0x2d, 0x2e, 0x30,
    0x37, 0x2d, 0x2e, 0x31, 0x2c, 0x30, 0x2c, 0x2e, 0x30, 0x36, 0x2d, 0x2e, 0x30, 0x38, 0x2d, 0x2e,
    0x30, 0x39, 0x2c, 0x30, 0x2c, 0x2e, 0x30, 0x36, 0x2d, 0x2e, 0x30, 0x37, 0x2d, 0x2e, 0x31, 0x2c,
    0x30, 0x2c, 0x2e, 0x30, 0x36, 0x2d, 0x2e, 0x30, 0x37, 0x2d, 0x2e, 0x31, 0x2c, 0x30, 0x2c, 0x2e,
    0x30, 0x36, 0x2d, 0x2e, 0x30, 0x38, 0x2d, 0x2e, 0x30, 0x39, 0x2c, 0x30, 0x2c, 0x2e, 0x30, 0x36,
    0x2d, 0x2e, 0x30, 0x37, 0x2d, 0x2e, 0x31, 0x2c, 0x30, 0x2c, 0x2e, 0x30, 0x36, 0x2d, 0x2e, 0x30,
    0x37, 0x2d, 0x2e, 0x31, 0x2c, 0x30, 0x2c, 0x2e, 0x30, 0x36, 0x2d, 0x2e, 0x30, 0x38, 0x2d, 0x2e,
    0x30, 0x39, 0x2c, 0x30, 0x2c, 0x2e, 0x30, 0x36, 0x2d, 0x2e, 0x30, 0x37, 0x2d, 0x2e, 0x31, 0x2c,
    0x30, 0x2c, 0x2e, 0x30, 0x36, 0x2d, 0x2e, 0x30, 0x37, 0x2d, 0x2e, 0x31, 0x2c, 0x30, 0x2c, 0x2e,
    0x30, 0x36, 0x2d, 0x2e, 0x30, 0x38, 0x2d, 0x2e, 0x30, 0x39, 0x2c, 0x30, 0x2c, 0x2e, 0x30, 0x36,
    0x2d, 0x2e, 0x30, 0x37, 0x2d, 0x2e, 0x31, 0x2c, 0x30, 0x2c, 0x2e, 0x30, 0x36, 0x2d, 0x2e, 0x30,
    0x37, 0x2d, 0x2e, 0x31, 0x2c, 0x30, 0x2c, 0x2e, 0x30, 0x36, 0x2d, 0x2e, 0x30, 0x38, 0x2d, 0x2e,
    0x30, 0x39, 0x2c, 0x30, 0x2c, 0x2e, 0x30, 0x36, 0x2d, 0x2e, 0x30, 0x37, 0x2d, 0x2e, 0x31, 0x2c,
    0x30, 0x2c, 0x2e, 0x30, 0x36, 0x2d, 0x2e, 0x30, 0x37, 0x2d, 0x2e, 0x30, 0x39, 0x2c, 0x30, 0x2c,
    0x2e, 0x30, 0x35, 0x2d, 0x2e, 0x30, 0x38, 0x2d, 0x2e, 0x30, 0x39, 0x2c, 0x30, 0x2c, 0x2e, 0x30,
    0x36, 0x2d, 0x2e, 0x30, 0x37, 0x2d, 0x2e, 0x31, 0x2c, 0x30, 0x2c, 0x2e, 0x30, 0x36, 0x2d, 0x2e,
    0x30, 0x37, 0x2d, 0x2e, 0x31, 0x2c, 0x30, 0x2c, 0x2e, 0x30, 0x37, 0x2d, 0x2e, 0x30, 0x37, 0x2d,
    0x2e, 0x31, 0x2c, 0x30, 0x4c, 0x35, 0x35, 0x2c, 0x39, 0x2e, 0x32, 0x6c, 0x2d, 0x2e, 0x31, 0x2c,
    0x30, 0x4c, 0x35, 0x35, 0x2c, 0x39, 0x2e, 0x31, 0x36, 0x6c, 0x2d, 0x2e, 0x30, 0x39, 0x2c, 0x30,
    0x4c, 0x35, 0x35, 0x2c, 0x39, 0x2e, 0x31, 0x33, 0x6c, 0x2d, 0x2e, 0x31, 0x2c, 0x30, 0x2c, 0x2e,
    0x30, 0x36, 0x2d, 0x2e, 0x30, 0x37, 0x2d, 0x2e, 0x31, 0x2c, 0x30, 0x2c, 0x2e, 0x30, 0x36, 0x2d,
    0x2e, 0x30, 0x38, 0x2d, 0x2e, 0x30, 0x39, 0x2c, 0x30, 0x4c, 0x35, 0x34, 0x2e, 0x38, 0x35, 0x2c,
    0x39, 0x6c, 0x2d, 0x2e, 0x31, 0x2c, 0x30, 0x4c, 0x35, 0x34, 0x2e, 0x38, 0x31, 0x2c, 0x39, 0x6c,
    0x2d, 0x2e, 0x31, 0x2c, 0x30, 0x2c, 0x2e, 0x30, 0x36, 0x2d, 0x2e, 0x30, 0x38, 0x2d, 0x2e, 0x30,
    0x39, 0x2c, 0x30, 0x2c, 0x2e, 0x30, 0x36, 0x2d, 0x2e, 0x30, 0x37, 0x2d, 0x2e, 0x31, 0x2c, 0x30,
    0x2c, 0x2e, 0x30, 0x36, 0x2d, 0x2e, 0x30, 0x37, 0x2d, 0x2e, 0x31, 0x2c, 0x30, 0x2c, 0x2e, 0x30,
    0x36, 0x2d, 0x2e, 0x30, 0x38, 0x2d, 0x2e, 0x30, 0x39, 0x2c, 0x30, 0x2c, 0x2e, 0x30, 0x36, 0x2d,
    0x2e, 0x30, 0x37, 0x2d, 0x2e, 0x31, 0x2c, 0x30, 0x2c, 0x2e, 0x30, 0x36, 0x2d, 0x2e, 0x30, 0x37,
    0x2d, 0x2e, 0x31, 0x2c, 0x30, 0x2c, 0x2e, 0x30, 0x36, 0x2d, 0x2e, 0x30, 0x38, 0x2d, 0x2e, 0x30,
    0x39, 0x2c, 0x30, 0x2c, 0x2e, 0x30, 0x36, 0x2d, 0x2e, 0x30, 0x37, 0x2d, 0x2e, 0x31, 0x2c, 0x30,
    0x2c, 0x2e, 0x30, 0x36, 0x2d, 0x2e, 0x30, 0x37, 0x2d, 0x2e, 0x31, 0x2c, 0x30, 0x2c, 0x2e, 0x30,
    0x36, 0x2d, 0x2e, 0x30, 0x37, 0x2d, 0x2e, 0x30, 0x39, 0x2c, 0x30, 0x2c, 0x2e, 0x30, 0x36, 0x2d,
    0x2e, 0x30, 0x37, 0x2d, 0x2e, 0x31, 0x2c, 0x30, 0x2c, 0x2e, 0x30, 0x36, 0x2d, 0x2e, 0x30, 0x38,
    0x2d, 0x2e, 0x30, 0x39, 0x2c, 0x30, 0x2c, 0x30, 0x2d, 0x2e, 0x30, 0x37, 0x2d, 0x2e, 0x30, 0x39,
    0x2c, 0x30, 0x2c, 0x2e, 0x30, 0x36, 0x2d, 0x2e, 0x30, 0x37, 0x2d, 0x2e, 0x31, 0x2c, 0x30, 0x2c,
    0x2e, 0x30, 0x36, 0x2d, 0x2e, 0x30, 0x38, 0x2d, 0x35, 0x2e, 0x32, 0x34, 0x2c, 0x32, 0x61, 0x32,
    0x33, 0x2e, 0x36, 0x32, 0x2c, 0x32, 0x33, 0x2e, 0x36, 0x32, 0x2c, 0x30, 0x2c, 0x30, 0x2c, 0x31,
    0x2d, 0x36, 0x2e, 0x32, 0x33, 0x2c, 0x31, 0x2e, 0x36, 0x39, 0x2c, 0x31, 0x37, 0x2e, 0x30, 0x39,
    0x2c, 0x31, 0x37, 0x2e, 0x30, 0x39, 0x2c, 0x30, 0x2c, 0x30, 0x2c, 0x31, 0x2c, 0x2e, 0x33, 0x33,
    0x2d, 0x34, 0x2e, 0x31, 0x39, 0x6c, 0x31, 0x2e, 0x30, 0x36, 0x2d, 0x36, 0x2e, 0x30, 0x36, 0x2d,
    0x2e, 0x30, 0x36, 0x2e, 0x30, 0x38, 0x2c, 0x30, 0x2d, 0x2e, 0x31, 0x31, 0x2c, 0x30, 0x2c, 0x2e,
    0x30, 0x37, 0x2c, 0x30, 0x2d, 0x2e, 0x31, 0x31, 0x2d, 0x2e, 0x30, 0x36, 0x2e, 0x30, 0x37, 0x2c,
    0x30, 0x2d, 0x2e, 0x31, 0x31, 0x4c, 0x34, 0x34, 0x2c, 0x31, 0x2e, 0x38, 0x33, 0x6c, 0x30, 0x2d,
    0x2e, 0x31, 0x31, 0x4c, 0x34, 0x34, 0x2c, 0x31, 0x2e, 0x37, 0x39, 0x6c, 0x30, 0x2d, 0x2e, 0x31,
    0x31, 0x2d, 0x2e, 0x30, 0x36, 0x2e, 0x30, 0x37, 0x2c, 0x30, 0x2d, 0x2e, 0x31, 0x31, 0x2d, 0x2e,
    0x30, 0x36, 0x2e, 0x30, 0x38, 0x2c, 0x30, 0x2d, 0x2e, 0x31, 0x31, 0x2d, 0x2e, 0x30, 0x35, 0x2e,
    0x30, 0x37, 0x2c, 0x30, 0x2d, 0x2e, 0x31, 0x31, 0x2d, 0x2e, 0x30, 0x36, 0x2e, 0x30, 0x37, 0x2c,
    0x30, 0x2d, 0x2e, 0x31, 0x2d, 0x2e, 0x30, 0x35, 0x2e, 0x30, 0x37, 0x56, 0x31, 0x2e, 0x35, 0x6c,
    0x2d, 0x2e, 0x30, 0x35, 0x2e, 0x30, 0x37, 0x2c, 0x30, 0x2d, 0x2e, 0x31, 0x31, 0x2d, 0x2e, 0x30,
    0x36, 0x2e, 0x30, 0x38, 0x2c, 0x30, 0x2d, 0x2e, 0x31, 0x32, 0x2d, 0x2e, 0x30, 0x35, 0x2e, 0x30,
    0x38, 0x56, 0x31, 0x2e, 0x33, 0x39, 0x6c, 0x2d, 0x2e, 0x30, 0x35, 0x2e, 0x30, 0x37, 0x2c, 0x30,
    0x2d, 0x2e, 0x31, 0x31, 0x2d, 0x2e, 0x30, 0x36, 0x2e, 0x30, 0x38, 0x2c, 0x30, 0x2d, 0x2e, 0x31,
    0x31, 0x2d, 0x2e, 0x30, 0x35, 0x2e, 0x30, 0x37, 0x2c, 0x30, 0x2d, 0x2e, 0x31, 0x31, 0x2d, 0x2e,
    0x30, 0x36, 0x2e, 0x30, 0x37, 0x2c, 0x30, 0x2d, 0x2e, 0x31, 0x31, 0x2d, 0x2e, 0x30, 0x36, 0x2e,
    0x30, 0x38, 0x2c, 0x30, 0x2d, 0x2e, 0x31, 0x31, 0x2d, 0x2e, 0x30, 0x35, 0x2e, 0x30, 0x37, 0x2c,
    0x30, 0x2d, 0x2e, 0x31, 0x31, 0x2d, 0x2e, 0x30, 0x36, 0x2e, 0x30, 0x37, 0x2c, 0x30, 0x2d, 0x2e,
    0x31, 0x31, 0x2d, 0x2e, 0x30, 0x36, 0x2e, 0x30, 0x38, 0x2c, 0x30, 0x2d, 0x2e, 0x31, 0x31, 0x2c,
    0x30, 0x2c, 0x2e, 0x30, 0x37, 0x2c, 0x30, 0x2d, 0x2e, 0x31, 0x31, 0x2d, 0x2e, 0x30, 0x36, 0x2e,
    0x30, 0x37, 0x2c, 0x30, 0x2d, 0x2e, 0x31, 0x31, 0x2d, 0x2e, 0x30, 0x36, 0x2e, 0x30, 0x38, 0x2c,
    0x30, 0x2d, 0x2e, 0x31, 0x31, 0x2c, 0x30, 0x2c, 0x2e, 0x30, 0x37, 0x2c, 0x30, 0x2d, 0x2e, 0x31,
    0x31, 0x4c, 0x34, 0x33, 0x2e, 0x32, 0x31, 0x2c, 0x31, 0x6c, 0x30, 0x2d, 0x2e, 0x31, 0x31, 0x4c,
    0x34, 0x33, 0x2e, 0x31, 0x37, 0x2c, 0x31, 0x6c, 0x30, 0x2d, 0x2e, 0x31, 0x31, 0x2c, 0x30, 0x2c,
    0x2e, 0x30, 0x37, 0x2c, 0x30, 0x2d, 0x2e, 0x31, 0x31, 0x4c, 0x34, 0x33, 0x2e, 0x31, 0x2e, 0x39,
    0x31, 0x6c, 0x30, 0x2d, 0x2e, 0x31, 0x31, 0x2c, 0x30, 0x2c, 0x2e, 0x30, 0x38, 0x56, 0x2e, 0x37,
    0x37, 0x6c, 0x30, 0x2c, 0x2e, 0x30, 0x37, 0x2c, 0x30, 0x2d, 0x2e, 0x31, 0x31, 0x4c, 0x34, 0x33,
    0x2c, 0x2e, 0x38, 0x6c, 0x30, 0x2d, 0x2e, 0x31, 0x31, 0x2c, 0x30, 0x2c, 0x2e, 0x30, 0x38, 0x2c,
    0x30, 0x2d, 0x2e, 0x31, 0x31, 0x2d, 0x2e, 0x30, 0x36, 0x2e, 0x30, 0x37, 0x2c, 0x30, 0x2d, 0x2e,
    0x31, 0x31, 0x2d, 0x2e, 0x30, 0x36, 0x2e, 0x30, 0x37, 0x2c, 0x30, 0x2d, 0x2e, 0x31, 0x2c, 0x30,
    0x2c, 0x2e, 0x30, 0x37, 0x2c, 0x30, 0x2d, 0x2e, 0x31, 0x31, 0x2d, 0x2e, 0x30, 0x36, 0x2e, 0x30,
    0x37, 0x2c, 0x30, 0x2d, 0x2e, 0x31, 0x31, 0x2d, 0x2e, 0x30, 0x36, 0x2e, 0x30, 0x38, 0x2c, 0x30,
    0x2d, 0x2e, 0x31, 0x32, 0x2c, 0x30, 0x2c, 0x2e, 0x30, 0x38, 0x2c, 0x30, 0x2d, 0x2e, 0x31, 0x31,
    0x4c, 0x34, 0x32, 0x2e, 0x37, 0x2e, 0x35, 0x31, 0x6c, 0x30, 0x2d, 0x2e, 0x31, 0x31, 0x2d, 0x2e,
    0x30, 0x36, 0x2e, 0x30, 0x37, 0x2c, 0x30, 0x2d, 0x2e, 0x31, 0x2c, 0x30, 0x2c, 0x2e, 0x30, 0x37,
    0x2c, 0x30, 0x2d, 0x2e, 0x31, 0x31, 0x4c, 0x34, 0x32, 0x2e, 0x35, 0x39, 0x2e, 0x34, 0x6c, 0x30,
    0x2d, 0x2e, 0x31, 0x31, 0x2d, 0x2e, 0x30, 0x36, 0x2e, 0x30, 0x38, 0x2c, 0x30, 0x2d, 0x2e, 0x31,
    0x31, 0x2c, 0x30, 0x2c, 0x2e, 0x30, 0x37, 0x2c, 0x30, 0x2d, 0x2e, 0x31, 0x31, 0x2d, 0x2e, 0x30,
    0x36, 0x2e, 0x30, 0x37, 0x2c, 0x30, 0x2d, 0x2e, 0x31, 0x31, 0x2d, 0x2e, 0x30, 0x36, 0x2e, 0x30,
    0x38, 0x2c, 0x30, 0x2d, 0x2e, 0x31, 0x31, 0x2d, 0x2e, 0x30, 0x35, 0x2e, 0x30, 0x37, 0x2c, 0x30,
    0x2d, 0x2e, 0x31, 0x31, 0x2d, 0x2e, 0x30, 0x36, 0x2e, 0x30, 0x37, 0x2c, 0x30, 0x2d, 0x2e, 0x31,
    0x31, 0x2d, 0x2e, 0x30, 0x36, 0x2e, 0x30, 0x38, 0x2c, 0x30, 0x2d, 0x2e, 0x31, 0x31, 0x4c, 0x34,
    0x32, 0x2e, 0x33, 0x2e, 0x31, 0x31, 0x6c, 0x30, 0x2d, 0x2e, 0x31, 0x31, 0x4c, 0x33, 0x38, 0x2e,
    0x36, 0x2c, 0x34, 0x2e, 0x39, 0x43, 0x33, 0x35, 0x2e, 0x36, 0x36, 0x2c, 0x38, 0x2e, 0x37, 0x38,
    0x2c, 0x33, 0x34, 0x2c, 0x39, 0x2e, 0x33, 0x35, 0x2c, 0x33, 0x33, 0x2e, 0x32, 0x38, 0x2c, 0x39,
    0x2e, 0x33, 0x35, 0x61, 0x2e, 0x37, 0x31, 0x2e, 0x37, 0x31, 0x2c, 0x30, 0x2c, 0x30, 0x2c, 0x31,
    0x2d, 0x2e, 0x32, 0x2c, 0x30, 0x2c, 0x31, 0x36, 0x2e, 0x36, 0x2c, 0x31, 0x36, 0x2e, 0x36, 0x2c,
    0x30, 0x2c, 0x30, 0x2c, 0x31, 0x2d, 0x2e, 0x38, 0x33, 0x2d, 0x31, 0x2e, 0x37, 0x36, 0x4c, 0x33,
    0x30, 0x2e, 0x35, 0x31, 0x2c, 0x33, 0x2e, 0x33, 0x33, 0x76, 0x30, 0x6c, 0x30, 0x2d, 0x2e, 0x30,
    0x37, 0x76, 0x30, 0x6c, 0x30, 0x2d, 0x2e, 0x30, 0x37, 0x76, 0x30, 0x6c, 0x30, 0x2d, 0x2e, 0x30,
    0x37, 0x76, 0x30, 0x6c, 0x30, 0x2d, 0x2e, 0x30, 0x37, 0x76, 0x30, 0x6c, 0x30, 0x2d, 0x2e, 0x30,
    0x37, 0x76, 0x30, 0x6c, 0x30, 0x2d, 0x2e, 0x30, 0x37, 0x76, 0x30, 0x6c, 0x30, 0x2d, 0x2e, 0x30,
    0x37, 0x76, 0x30, 0x6c, 0x30, 0x2d, 0x2e, 0x30, 0x37, 0x76, 0x30, 0x6c, 0x30, 0x2d, 0x2e, 0x30,
    0x37, 0x56, 0x33, 0x6c, 0x30, 0x2d, 0x2e, 0x30, 0x37, 0x56, 0x33, 0x6c, 0x30, 0x2d, 0x2e, 0x30,
    0x37, 0x56, 0x33, 0x6c, 0x30, 0x2d, 0x2e, 0x30, 0x37, 0x76, 0x30, 0x6c, 0x30, 0x2d, 0x2e, 0x30,
    0x37, 0x76, 0x30, 0x6c, 0x30, 0x2d, 0x2e, 0x30, 0x36, 0x76, 0x30, 0x6c, 0x30, 0x2d, 0x2e, 0x30,
    0x37, 0x76, 0x30, 0x6c, 0x30, 0x2d, 0x2e, 0x30, 0x37, 0x76, 0x30, 0x6c, 0x30, 0x2d, 0x2e, 0x30,
    0x36, 0x76, 0x30, 0x6c, 0x30, 0x2d, 0x2e, 0x30, 0x37, 0x76, 0x30, 0x6c, 0x30, 0x2d, 0x2e, 0x30,
    0x37, 0x76, 0x30, 0x6c, 0x30, 0x2d, 0x2e, 0x30, 0x37, 0x76, 0x30, 0x6c, 0x30, 0x2d, 0x2e, 0x30,
    0x37, 0x76, 0x30, 0x6c, 0x30, 0x2d, 0x2e, 0x30, 0x37, 0x76, 0x30, 0x6c, 0x30, 0x2d, 0x2e, 0x30,
    0x37, 0x76, 0x30, 0x6c, 0x30, 0x2d, 0x2e, 0x30, 0x37, 0x76, 0x30, 0x6c, 0x30, 0x2d, 0x2e, 0x30,
    0x37, 0x76, 0x30, 0x6c, 0x30, 0x2d, 0x2e, 0x30, 0x37, 0x76, 0x30, 0x6c, 0x30, 0x2d, 0x2e, 0x30,
    0x37, 0x76, 0x30, 0x6c, 0x30, 0x2d, 0x2e, 0x30, 0x37, 0x76, 0x30, 0x6c, 0x30, 0x2d, 0x2e, 0x30,
    0x37, 0x76, 0x30, 0x6c, 0x30, 0x2d, 0x2e, 0x30, 0x37, 0x76, 0x30, 0x6c, 0x30, 0x2d, 0x2e, 0x30,
    0x36, 0x76, 0x30, 0x6c, 0x30, 0x2d, 0x2e, 0x30, 0x37, 0x76, 0x30, 0x6c, 0x30, 0x2d, 0x2e, 0x30,
    0x37, 0x76, 0x30, 0x6c, 0x30, 0x2d, 0x2e, 0x30, 0x37, 0x76, 0x30, 0x6c, 0x30, 0x2d, 0x2e, 0x30,
    0x37, 0x76, 0x30, 0x6c, 0x30, 0x2d, 0x2e, 0x30, 0x37, 0x56, 0x32, 0x6c, 0x30, 0x2d, 0x2e, 0x30,
    0x36, 0x56, 0x32, 0x6c, 0x30, 0x2d, 0x2e, 0x30, 0x37, 0x56, 0x32, 0x6c, 0x30, 0x2d, 0x2e, 0x30,
    0x37, 0x76, 0x30, 0x6c, 0x30, 0x2d, 0x2e, 0x30, 0x37, 0x76, 0x30, 0x6c, 0x30, 0x2d, 0x2e, 0x30,
    0x37, 0x76, 0x30, 0x6c, 0x30, 0x2d, 0x2e, 0x30, 0x37, 0x76, 0x30, 0x6c, 0x30, 0x2d, 0x2e, 0x30,
    0x37, 0x76, 0x30, 0x6c, 0x30, 0x2d, 0x2e, 0x30, 0x37, 0x76, 0x30, 0x6c, 0x30, 0x2d, 0x2e, 0x30,
    0x37, 0x76, 0x30, 0x6c, 0x30, 0x2d, 0x2e, 0x30, 0x37, 0x76, 0x30, 0x6c, 0x30, 0x2d, 0x2e, 0x30,
    0x37, 0x76, 0x30, 0x6c, 0x30, 0x2d, 0x2e, 0x30, 0x37, 0x76, 0x30, 0x6c, 0x30, 0x2d, 0x2e, 0x30,
    0x37, 0x76, 0x30, 0x6c, 0x30, 0x2d, 0x2e, 0x30, 0x37, 0x76, 0x30, 0x6c, 0x30, 0x2d, 0x2e, 0x30,
    0x37, 0x4c, 0x32, 0x37, 0x2e, 0x35, 0x36, 0x2c, 0x35, 0x2e, 0x39, 0x63, 0x2d, 0x31, 0x2e, 0x31,
    0x35, 0x2c, 0x34, 0x2e, 0x36, 0x37, 0x2d, 0x32, 0x2e, 0x37, 0x32, 0x2c, 0x34, 0x2e, 0x36, 0x37,
    0x2d, 0x33, 0x2e, 0x32, 0x34, 0x2c, 0x34, 0x2e, 0x36, 0x37, 0x2d, 0x31, 0x2c, 0x30, 0x2d, 0x32,
    0x2e, 0x38, 0x37, 0x2d, 0x2e, 0x36, 0x35, 0x2d, 0x36, 0x2d, 0x33, 0x2e, 0x37, 0x37, 0x4c, 0x31,
    0x33, 0x2c, 0x31, 0x2e, 0x35, 0x35, 0x6c, 0x32, 0x2e, 0x38, 0x37, 0x2c, 0x36, 0x2e, 0x38, 0x38,
    0x63, 0x32, 0x2c, 0x34, 0x2e, 0x38, 0x35, 0x2c, 0x31, 0x2e, 0x37, 0x36, 0x2c, 0x36, 0x2e, 0x30,
    0x39, 0x2c, 0x31, 0x2e, 0x35, 0x35, 0x2c, 0x36, 0x2e, 0x33, 0x39, 0x2d, 0x2e, 0x31, 0x2e, 0x31,
    0x35, 0x2d, 0x2e, 0x35, 0x31, 0x2e, 0x33, 0x32, 0x2d, 0x31, 0x2e, 0x33, 0x36, 0x2e, 0x33, 0x32,
    0x61, 0x32, 0x39, 0x2e, 0x31, 0x38, 0x2c, 0x32, 0x39, 0x2e, 0x31, 0x38, 0x2c, 0x30, 0x2c, 0x30,
    0x2c, 0x31, 0x2d, 0x36, 0x2e, 0x37, 0x31, 0x2d, 0x31, 0x2e, 0x32, 0x38, 0x4c, 0x32, 0x2e, 0x31,
    0x38, 0x2c, 0x31, 0x31, 0x2e, 0x39, 0x32, 0x6c, 0x30, 0x2c, 0x30, 0x68, 0x30, 0x6c, 0x2e, 0x30,
    0x36, 0x2c, 0x30, 0x68, 0x30, 0x6c, 0x30, 0x2c, 0x30, 0x68, 0x30, 0x6c, 0x30, 0x2c, 0x30, 0x68,
    0x30, 0x6c, 0x2e, 0x30, 0x36, 0x2c, 0x30, 0x68, 0x30, 0x6c, 0x2e, 0x30, 0x35, 0x2c, 0x30, 0x68,
    0x30, 0x6c, 0x2e, 0x30, 0x35, 0x2c, 0x30, 0x68, 0x30, 0x6c, 0x2e, 0x30, 0x36, 0x2c, 0x30, 0x68,
    0x30, 0x6c, 0x30, 0x2c, 0x30, 0x68, 0x30, 0x6c, 0x2e, 0x30, 0x35, 0x2c, 0x30, 0x68, 0x30, 0x6c,
    0x2e, 0x30, 0x36, 0x2c, 0x30, 0x68, 0x30, 0x6c, 0x30, 0x2c, 0x30, 0x68, 0x30, 0x6c, 0x30, 0x2c,
    0x30, 0x68, 0x30, 0x6c, 0x2e, 0x30, 0x36, 0x2c, 0x30, 0x68, 0x30, 0x6c, 0x2e, 0x30, 0x35, 0x2c,
    0x30, 0x68, 0x30, 0x6c, 0x30, 0x2c, 0x30, 0x68, 0x30, 0x6c, 0x2e, 0x30, 0x35, 0x2c, 0x30, 0x68,
    0x30, 0x6c, 0x2e, 0x30, 0x35, 0x2c, 0x30, 0x68, 0x30, 0x6c, 0x2e, 0x30, 0x35, 0x2c, 0x30, 0x68,
    0x30, 0x6c, 0x30, 0x2c, 0x30, 0x68, 0x30, 0x6c, 0x30, 0x2c, 0x30, 0x68, 0x30, 0x6c, 0x2e, 0x30,
    0x36, 0x2c, 0x30, 0x48, 0x33, 0x6c, 0x2e, 0x30, 0x36, 0x2c, 0x30, 0x48, 0x33, 0x6c, 0x30, 0x2c,
    0x30, 0x68, 0x30, 0x6c, 0x2e, 0x30, 0x36, 0x2c, 0x30, 0x68, 0x30, 0x6c, 0x2e, 0x30, 0x35, 0x2c,
    0x30, 0x68, 0x30, 0x6c, 0x2e, 0x30, 0x35, 0x2c, 0x30, 0x68, 0x30, 0x6c, 0x2e, 0x30, 0x36, 0x2c,
    0x30, 0x68, 0x30, 0x6c, 0x30, 0x2c, 0x2e, 0x30, 0x35, 0x68, 0x30, 0x6c, 0x30, 0x2c, 0x30, 0x68,
    0x30, 0x6c, 0x2e, 0x30, 0x36, 0x2c, 0x30, 0x68, 0x30, 0x6c, 0x30, 0x2c, 0x30, 0x68, 0x30, 0x6c,
    0x30, 0x2c, 0x30, 0x68, 0x30, 0x6c, 0x2e, 0x30, 0x36, 0x2c, 0x30, 0x68, 0x30, 0x6c, 0x2e, 0x30,
    0x35, 0x2c, 0x30, 0x68, 0x30, 0x6c, 0x30, 0x2c, 0x30, 0x68, 0x30, 0x6c, 0x30, 0x2c, 0x30, 0x68,
    0x30, 0x6c, 0x2e, 0x30, 0x35, 0x2c, 0x30, 0x68, 0x30, 0x6c, 0x2e, 0x30, 0x35, 0x2c, 0x30, 0x68,
    0x30, 0x6c, 0x30, 0x2c, 0x30, 0x68, 0x30, 0x6c, 0x30, 0x2c, 0x30, 0x68, 0x30, 0x6c, 0x30, 0x2c,
    0x30, 0x68, 0x30, 0x6c, 0x30, 0x2c, 0x30, 0x68, 0x30, 0x6c, 0x30, 0x2c, 0x30, 0x68, 0x30, 0x6c,
    0x30, 0x2c, 0x30, 0x68, 0x30, 0x6c, 0x2e, 0x30, 0x35, 0x2c, 0x30, 0x68, 0x30, 0x6c, 0x2e, 0x30,
    0x35, 0x2c, 0x30, 0x68, 0x30, 0x6c, 0x2e, 0x30, 0x36, 0x2c, 0x30, 0x68, 0x30, 0x6c, 0x30, 0x2c,
    0x2e, 0x30, 0x35, 0x48, 0x34, 0x6c, 0x30, 0x2c, 0x30, 0x48, 0x34, 0x6c, 0x2e, 0x30, 0x36, 0x2c,
    0x30, 0x48, 0x34, 0x6c, 0x35, 0x2e, 0x38, 0x38, 0x2c, 0x34, 0x2e, 0x35, 0x37, 0x63, 0x2e, 0x35,
    0x31, 0x2e, 0x34, 0x2e, 0x39, 0x33, 0x2e, 0x37, 0x35, 0x2c, 0x31, 0x2e, 0x33, 0x31, 0x2c, 0x31,
    0x2e, 0x30, 0x37, 0x61, 0x32, 0x2e, 0x31, 0x32, 0x2c, 0x32, 0x2e, 0x31, 0x32, 0x2c, 0x30, 0x2c,
    0x30, 0x2c, 0x31, 0x2c, 0x2e, 0x32, 0x37, 0x2e, 0x34, 0x35, 0x63, 0x2d, 0x2e, 0x33, 0x34, 0x2e,
    0x32, 0x37, 0x2d, 0x31, 0x2e, 0x35, 0x37, 0x2e, 0x38, 0x31, 0x2d, 0x36, 0x2c, 0x31, 0x2e, 0x33,
    0x4c, 0x30, 0x2c, 0x32, 0x31, 0x2e, 0x37, 0x37, 0x6c, 0x2e, 0x30, 0x37, 0x2c, 0x30, 0x48, 0x30,
    0x6c, 0x2e, 0x30, 0x37, 0x2c, 0x30, 0x68, 0x30, 0x6c, 0x2e, 0x30, 0x38, 0x2c, 0x30, 0x68, 0x30,
    0x6c, 0x2e, 0x30, 0x37, 0x2c, 0x30, 0x68, 0x30, 0x6c, 0x2e, 0x30, 0x37, 0x2c, 0x30, 0x68, 0x30,
    0x6c, 0x2e, 0x30, 0x38, 0x2c, 0x30, 0x68, 0x30, 0x6c, 0x2e, 0x30, 0x37, 0x2c, 0x30, 0x68, 0x30,
    0x6c, 0x2e, 0x30, 0x37, 0x2c, 0x30, 0x68, 0x30, 0x6c, 0x2e, 0x30, 0x37, 0x2c, 0x30, 0x68, 0x30,
    0x6c, 0x2e, 0x30, 0x37, 0x2c, 0x30, 0x68, 0x30, 0x6c, 0x2e, 0x30, 0x37, 0x2c, 0x30, 0x68, 0x30,
    0x6c, 0x2e, 0x30, 0x37, 0x2c, 0x30, 0x68, 0x30, 0x6c, 0x2e, 0x30, 0x37, 0x2c, 0x30, 0x68, 0x30,
    0x6c, 0x2e, 0x30, 0x38, 0x2c, 0x30, 0x68, 0x30, 0x6c, 0x2e, 0x30, 0x37, 0x2c, 0x30, 0x68, 0x30,
    0x6c, 0x2e, 0x30, 0x37, 0x2c, 0x30, 0x68, 0x30, 0x6c, 0x2e, 0x30, 0x38, 0x2c, 0x30, 0x68, 0x30,
    0x6c, 0x2e, 0x30, 0x37, 0x2c, 0x30, 0x68, 0x30, 0x6c, 0x2e, 0x30, 0x37, 0x2c, 0x30, 0x68, 0x30,
    0x6c, 0x2e, 0x30, 0x38, 0x2c, 0x30, 0x68, 0x30, 0x6c, 0x2e, 0x30, 0x37, 0x2c, 0x30, 0x68, 0x30,
    0x6c, 0x2e, 0x30, 0x37, 0x2c, 0x30, 0x68, 0x30, 0x6c, 0x2e, 0x30, 0x38, 0x2c, 0x30, 0x68, 0x30,
    0x6c, 0x2e, 0x30, 0x37, 0x2c, 0x30, 0x68, 0x30, 0x6c, 0x2e, 0x30, 0x37, 0x2c, 0x30, 0x68, 0x30,
    0x6c, 0x2e, 0x30, 0x37, 0x2c, 0x30, 0x48, 0x31, 0x6c, 0x2e, 0x30, 0x37, 0x2c, 0x30, 0x48, 0x31,
    0x6c, 0x2e, 0x30, 0x37, 0x2c, 0x30, 0x48, 0x31, 0x6c, 0x2e, 0x30, 0x38, 0x2c, 0x30, 0x68, 0x30,
    0x6c, 0x2e, 0x30, 0x37, 0x2c, 0x30, 0x68, 0x30, 0x6c, 0x2e, 0x30, 0x37, 0x2c, 0x30, 0x68, 0x30,
    0x6c, 0x2e, 0x30, 0x37, 0x2c, 0x30, 0x68, 0x30, 0x6c, 0x2e, 0x30, 0x37, 0x2c, 0x30, 0x68, 0x30,
    0x6c, 0x2e, 0x30, 0x38, 0x2c, 0x30, 0x68, 0x30, 0x6c, 0x2e, 0x30, 0x37, 0x2c, 0x30, 0x68, 0x30,
    0x6c, 0x2e, 0x30, 0x37, 0x2c, 0x30, 0x68, 0x30, 0x6c, 0x2e, 0x30, 0x38, 0x2c, 0x30, 0x68, 0x30,
    0x6c, 0x2e, 0x30, 0x37, 0x2c, 0x30, 0x68, 0x30, 0x6c, 0x2e, 0x30, 0x37, 0x2c, 0x30, 0x68, 0x30,
    0x6c, 0x2e, 0x30, 0x38, 0x2c, 0x30, 0x68, 0x30, 0x6c, 0x2e, 0x30, 0x37, 0x2c, 0x30, 0x68, 0x30,
    0x6c, 0x2e, 0x30, 0x37, 0x2c, 0x30, 0x68, 0x30, 0x6c, 0x2e, 0x30, 0x38, 0x2c, 0x30, 0x68, 0x30,
    0x6c, 0x2e, 0x30, 0x37, 0x2c, 0x30, 0x68, 0x30, 0x6c, 0x2e, 0x30, 0x37, 0x2c, 0x30, 0x68, 0x30,
    0x6c, 0x2e, 0x30, 0x38, 0x2c, 0x30, 0x68, 0x30, 0x6c, 0x2e, 0x30, 0x37, 0x2c, 0x30, 0x68, 0x30,
    0x6c, 0x2e, 0x30, 0x37, 0x2c, 0x30, 0x68, 0x30, 0x6c, 0x2e, 0x30, 0x37, 0x2c, 0x30, 0x68, 0x30,
    0x6c, 0x2e, 0x30, 0x37, 0x2c, 0x30, 0x68, 0x30, 0x6c, 0x2e, 0x30, 0x37, 0x2c, 0x30, 0x68, 0x30,
    0x6c, 0x35, 0x2c, 0x32, 0x2e, 0x32, 0x35, 0x61, 0x32, 0x33, 0x2e, 0x36, 0x37, 0x2c, 0x32, 0x33,
    0x2e, 0x36, 0x37, 0x2c, 0x30, 0x2c, 0x30, 0x2c, 0x31, 0x2c, 0x33, 0x2e, 0x32, 0x37, 0x2c, 0x31,
    0x2e, 0x37, 0x33, 0x2e, 0x36, 0x39, 0x2e, 0x36, 0x39, 0x2c, 0x30, 0x2c, 0x30, 0x2c, 0x31, 0x2c,
    0x30, 0x2c, 0x2e, 0x32, 0x34, 0x63, 0x2e, 0x30, 0x38, 0x2e, 0x37, 0x32, 0x2d, 0x2e, 0x36, 0x31,
    0x2c, 0x32, 0x2e, 0x31, 0x37, 0x2d, 0x34, 0x2e, 0x33, 0x38, 0x2c, 0x34, 0x2e, 0x39, 0x34, 0x6c,
    0x2d, 0x34, 0x2e, 0x30, 0x37, 0x2c, 0x33, 0x68, 0x2e, 0x30, 0x39, 0x6c, 0x2d, 0x2e, 0x30, 0x36,
    0x2c, 0x30, 0x68, 0x2e, 0x31, 0x6c, 0x2d, 0x2e, 0x30, 0x36, 0x2c, 0x30, 0x68, 0x2e, 0x30, 0x39,
    0x6c, 0x30, 0x2c, 0x30, 0x48, 0x32, 0x6c, 0x2d, 0x2e, 0x30, 0x36, 0x2c, 0x30, 0x48, 0x32, 0x6c,
    0x2d, 0x2e, 0x30, 0x36, 0x2c, 0x30, 0x48, 0x32, 0x4c, 0x32, 0x2c, 0x33, 0x36, 0x68, 0x2e, 0x30,
    0x39, 0x4c, 0x32, 0x2c, 0x33, 0x36, 0x68, 0x2e, 0x31, 0x6c, 0x2d, 0x2e, 0x30, 0x36, 0x2c, 0x30,
    0x68, 0x2e, 0x30, 0x39, 0x6c, 0x30, 0x2c, 0x30, 0x68, 0x2e, 0x30, 0x39, 0x6c, 0x2d, 0x2e, 0x30,
    0x36, 0x2c, 0x30, 0x68, 0x2e, 0x31, 0x6c, 0x2d, 0x2e, 0x30, 0x36, 0x2c, 0x30, 0x68, 0x2e, 0x30,
    0x39, 0x6c, 0x2d, 0x2e, 0x30, 0x35, 0x2c, 0x30, 0x68, 0x2e, 0x30, 0x39, 0x6c, 0x2d, 0x2e, 0x30,
    0x36, 0x2c, 0x30, 0x68, 0x2e, 0x31, 0x6c, 0x2d, 0x2e, 0x30, 0x36, 0x2c, 0x30, 0x68, 0x2e, 0x30,
    0x39, 0x6c, 0x2d, 0x2e, 0x30, 0x36, 0x2e, 0x30, 0x35, 0x68, 0x2e, 0x31, 0x6c, 0x2d, 0x2e, 0x30,
    0x36, 0x2c, 0x30, 0x68, 0x2e, 0x31, 0x6c, 0x2d, 0x2e, 0x30, 0x36, 0x2c, 0x30, 0x68, 0x2e, 0x30,
    0x39, 0x6c, 0x2d, 0x2e, 0x30, 0x36, 0x2e, 0x30, 0x35, 0x68, 0x2e, 0x31, 0x6c, 0x2d, 0x2e, 0x30,
    0x36, 0x2c, 0x30, 0x68, 0x2e, 0x31, 0x6c, 0x2d, 0x2e, 0x30, 0x36, 0x2c, 0x30, 0x68, 0x2e, 0x30,
    0x39, 0x6c, 0x2d, 0x2e, 0x30, 0x36, 0x2e, 0x30, 0x35, 0x68, 0x2e, 0x31, 0x6c, 0x2d, 0x2e, 0x30,
    0x36, 0x2c, 0x30, 0x68, 0x2e, 0x31, 0x6c, 0x2d, 0x2e, 0x30, 0x36, 0x2c, 0x30, 0x68, 0x2e, 0x30,
    0x39, 0x6c, 0x2d, 0x2e, 0x30, 0x36, 0x2e, 0x30, 0x35, 0x68, 0x2e, 0x31, 0x6c, 0x2d, 0x2e, 0x30,
    0x36, 0x2c, 0x30, 0x68, 0x2e, 0x30, 0x39, 0x6c, 0x30, 0x2c, 0x30, 0x68, 0x2e, 0x30, 0x39, 0x6c,
    0x2d, 0x2e, 0x30, 0x36, 0x2c, 0x30, 0x68, 0x2e, 0x31, 0x6c, 0x2d, 0x2e, 0x30, 0x36, 0x2c, 0x30,
    0x68, 0x2e, 0x30, 0x39, 0x6c, 0x30, 0x2c, 0x2e, 0x30, 0x35, 0x48, 0x32, 0x2e, 0x39, 0x6c, 0x2d,
    0x2e, 0x30, 0x36, 0x2c, 0x30, 0x68, 0x2e, 0x31, 0x6c, 0x2d, 0x2e, 0x30, 0x36, 0x2c, 0x30, 0x48,
    0x33, 0x6c, 0x2d, 0x2e, 0x30, 0x35, 0x2c, 0x30, 0x48, 0x33, 0x4c, 0x33, 0x2c, 0x33, 0x37, 0x68,
    0x2e, 0x31, 0x4c, 0x33, 0x2c, 0x33, 0x37, 0x68, 0x2e, 0x30, 0x39, 0x6c, 0x2d, 0x2e, 0x30, 0x35,
    0x2c, 0x30, 0x68, 0x2e, 0x30, 0x39, 0x6c, 0x2d, 0x2e, 0x30, 0x36, 0x2c, 0x30, 0x68, 0x2e, 0x31,
    0x6c, 0x2d, 0x2e, 0x30, 0x36, 0x2c, 0x30, 0x68, 0x2e, 0x30, 0x39, 0x6c, 0x30, 0x2c, 0x30, 0x68,
    0x2e, 0x30, 0x39, 0x6c, 0x2d, 0x2e, 0x30, 0x36, 0x2c, 0x30, 0x68, 0x2e, 0x31, 0x6c, 0x2d, 0x2e,
    0x30, 0x36, 0x2c, 0x30, 0x48, 0x33, 0x2e, 0x33, 0x6c, 0x2d, 0x2e, 0x30, 0x36, 0x2c, 0x30, 0x68,
    0x2e, 0x31, 0x6c, 0x2d, 0x2e, 0x30, 0x36, 0x2c, 0x30, 0x68, 0x2e, 0x31, 0x6c, 0x2d, 0x2e, 0x30,
    0x36, 0x2c, 0x30, 0x68, 0x2e, 0x30, 0x39, 0x6c, 0x2d, 0x2e, 0x30, 0x36, 0x2c, 0x30, 0x68, 0x2e,
    0x31, 0x6c, 0x2d, 0x2e, 0x30, 0x36, 0x2c, 0x30, 0x68, 0x2e, 0x30, 0x39, 0x6c, 0x30, 0x2c, 0x30,
    0x68, 0x2e, 0x30, 0x39, 0x6c, 0x2d, 0x2e, 0x30, 0x36, 0x2c, 0x30, 0x68, 0x2e, 0x31, 0x6c, 0x2d,
    0x2e, 0x30, 0x36, 0x2c, 0x30, 0x68, 0x2e, 0x30, 0x39, 0x6c, 0x30, 0x2c, 0x30, 0x68, 0x2e, 0x30,
    0x39, 0x6c, 0x2d, 0x2e, 0x30, 0x36, 0x2c, 0x30, 0x68, 0x2e, 0x31, 0x6c, 0x2d, 0x2e, 0x30, 0x36,
    0x2c, 0x30, 0x2c, 0x35, 0x2e, 0x30, 0x35, 0x2d, 0x2e, 0x33, 0x31, 0x63, 0x2e, 0x39, 0x2d, 0x2e,
    0x30, 0x35, 0x2c, 0x31, 0x2e, 0x36, 0x37, 0x2d, 0x2e, 0x30, 0x38, 0x2c, 0x32, 0x2e, 0x33, 0x37,
    0x2d, 0x2e, 0x30, 0x38, 0x61, 0x31, 0x34, 0x2e, 0x30, 0x39, 0x2c, 0x31, 0x34, 0x2e, 0x30, 0x39,
    0x2c, 0x30, 0x2c, 0x30, 0x2c, 0x31, 0x2c, 0x32, 0x2e, 0x37, 0x2e, 0x32, 0x32, 0x2c, 0x31, 0x31,
    0x2e, 0x31, 0x33, 0x2c, 0x31, 0x31, 0x2e, 0x31, 0x33, 0x2c, 0x30, 0x2c, 0x30, 0x2c, 0x31, 0x2d,
    0x31, 0x2e, 0x31, 0x34, 0x2c, 0x33, 0x2e, 0x39, 0x34, 0x6c, 0x2d, 0x32, 0x2c, 0x34, 0x2e, 0x36,
    0x34, 0x2e, 0x30, 0x38, 0x2d, 0x2e, 0x30, 0x35, 0x2c, 0x30, 0x2c, 0x2e, 0x30, 0x39, 0x2e, 0x30,
    0x38, 0x2d, 0x2e, 0x30, 0x35, 0x2c, 0x30, 0x2c, 0x2e, 0x30, 0x38, 0x2e, 0x30, 0x37, 0x2c, 0x30,
    0x2c, 0x30, 0x2c, 0x2e, 0x30, 0x38, 0x2e, 0x30, 0x38, 0x2d, 0x2e, 0x30, 0x35, 0x2c, 0x30, 0x2c,
    0x2e, 0x30, 0x39, 0x2e, 0x30, 0x37, 0x2d, 0x2e, 0x30, 0x35, 0x2c, 0x30, 0x2c, 0x2e, 0x30, 0x38,
    0x2e, 0x30, 0x37, 0x2d, 0x2e, 0x30, 0x35, 0x2c, 0x30, 0x2c, 0x2e, 0x30, 0x39, 0x2e, 0x30, 0x38,
    0x2d, 0x2e, 0x30, 0x35, 0x2c, 0x30, 0x2c, 0x2e, 0x30, 0x39, 0x2e, 0x30, 0x37, 0x2c, 0x30, 0x2c,
    0x30, 0x2c, 0x2e, 0x30, 0x38, 0x2e, 0x30, 0x37, 0x2d, 0x2e, 0x30, 0x35, 0x2c, 0x30, 0x2c, 0x2e,
    0x30, 0x39, 0x2e, 0x30, 0x38, 0x2c, 0x30, 0x2c, 0x30, 0x2c, 0x2e, 0x30, 0x39, 0x2e, 0x30, 0x37,
    0x2c, 0x30, 0x2c, 0x30, 0x2c, 0x2e, 0x30, 0x38, 0x2e, 0x30, 0x37, 0x2d, 0x2e, 0x30, 0x35, 0x2c,
    0x30, 0x2c, 0x2e, 0x30, 0x39, 0x2e, 0x30, 0x38, 0x2c, 0x30, 0x2c, 0x30, 0x2c, 0x2e, 0x30, 0x39,
    0x2e, 0x30, 0x37, 0x2c, 0x30, 0x2c, 0x30, 0x2c, 0x2e, 0x30, 0x38, 0x2e, 0x30, 0x37, 0x2c, 0x30,
    0x2c, 0x30, 0x2c, 0x2e, 0x30, 0x39, 0x2e, 0x30, 0x38, 0x2c, 0x30, 0x2c, 0x30, 0x2c, 0x2e, 0x30,
    0x39, 0x2e, 0x30, 0x37, 0x2c, 0x30, 0x2c, 0x30, 0x2c, 0x2e, 0x30, 0x38, 0x2e, 0x30, 0x37, 0x2c,
    0x30, 0x2c, 0x30, 0x2c, 0x2e, 0x30, 0x39, 0x2e, 0x30, 0x38, 0x2c, 0x30, 0x2c, 0x30, 0x2c, 0x2e,
    0x30, 0x38, 0x2e, 0x30, 0x37, 0x2c, 0x30, 0x2c, 0x30, 0x2c, 0x2e, 0x30, 0x38, 0x2e, 0x30, 0x38,
    0x2c, 0x30, 0x2c, 0x30, 0x2c, 0x2e, 0x30, 0x39, 0x2e, 0x30, 0x37, 0x2c, 0x30, 0x2c, 0x30, 0x2c,
    0x2e, 0x30, 0x38, 0x2e, 0x30, 0x37, 0x2c, 0x30, 0x2c, 0x30, 0x2c, 0x2e, 0x30, 0x38, 0x2e, 0x30,
    0x38, 0x2c, 0x30, 0x2c, 0x30, 0x2c, 0x2e, 0x30, 0x39, 0x2e, 0x30, 0x37, 0x2c, 0x30, 0x2c, 0x30,
    0x2c, 0x2e, 0x30, 0x38, 0x2e, 0x30, 0x37, 0x2c, 0x30, 0x2c, 0x30, 0x2c, 0x2e, 0x30, 0x39, 0x2e,
    0x30, 0x38, 0x2c, 0x30, 0x2c, 0x30, 0x2c, 0x2e, 0x30, 0x39, 0x2e, 0x30, 0x37, 0x2c, 0x30, 0x2c,
    0x30, 0x2c, 0x2e, 0x30, 0x38, 0x2e, 0x30, 0x37, 0x2c, 0x30, 0x2c, 0x30, 0x2c, 0x2e, 0x30, 0x39,
    0x2e, 0x30, 0x38, 0x2c, 0x30, 0x2c, 0x30, 0x2c, 0x2e, 0x30, 0x39, 0x2e, 0x30, 0x37, 0x2c, 0x30,
    0x2c, 0x30, 0x2c, 0x2e, 0x30, 0x38, 0x2e, 0x30, 0x37, 0x2c, 0x30, 0x2c, 0x30, 0x2c, 0x2e, 0x30,
    0x39, 0x2e, 0x30, 0x38, 0x2c, 0x30, 0x2c, 0x30, 0x2c, 0x2e, 0x30, 0x39, 0x2e, 0x30, 0x37, 0x2d,
    0x2e, 0x30, 0x35, 0x2c, 0x30, 0x2c, 0x2e, 0x30, 0x38, 0x2e, 0x30, 0x37, 0x2c, 0x30, 0x2c, 0x30,
    0x2c, 0x2e, 0x30, 0x39, 0x2e, 0x30, 0x38, 0x2d, 0x2e, 0x30, 0x35, 0x2c, 0x30, 0x2c, 0x2e, 0x30,
    0x39, 0x2e, 0x30, 0x37, 0x2d, 0x2e, 0x30, 0x35, 0x2c, 0x30, 0x2c, 0x2e, 0x30, 0x38, 0x2e, 0x30,
    0x37, 0x2c, 0x30, 0x2c, 0x30, 0x2c, 0x2e, 0x30, 0x39, 0x4c, 0x31, 0x32, 0x2c, 0x34, 0x37, 0x2e,
    0x34, 0x6c, 0x30, 0x2c, 0x2e, 0x30, 0x39, 0x2e, 0x30, 0x37, 0x2d, 0x2e, 0x30, 0x35, 0x2c, 0x30,
    0x2c, 0x2e, 0x30, 0x38, 0x2e, 0x30, 0x37, 0x2d, 0x2e, 0x30, 0x35, 0x2c, 0x30, 0x2c, 0x2e, 0x30,
    0x39, 0x2e, 0x30, 0x38, 0x2d, 0x2e, 0x30, 0x35, 0x2c, 0x30, 0x2c, 0x2e, 0x30, 0x38, 0x2e, 0x30,
    0x37, 0x2c, 0x30, 0x2c, 0x30, 0x2c, 0x2e, 0x30, 0x38, 0x2e, 0x30, 0x38, 0x2d, 0x2e, 0x30, 0x35,
    0x2c, 0x30, 0x2c, 0x2e, 0x30, 0x39, 0x2e, 0x30, 0x37, 0x2d, 0x2e, 0x30, 0x35, 0x2c, 0x30, 0x2c,
    0x2e, 0x30, 0x38, 0x2e, 0x30, 0x37, 0x2d, 0x2e, 0x30, 0x35, 0x2c, 0x30, 0x2c, 0x2e, 0x30, 0x39,
    0x2e, 0x30, 0x38, 0x2d, 0x2e, 0x30, 0x35, 0x2c, 0x30, 0x2c, 0x2e, 0x30, 0x39, 0x2e, 0x30, 0x37,
    0x2d, 0x2e, 0x30, 0x35, 0x2c, 0x30, 0x2c, 0x2e, 0x30, 0x38, 0x2e, 0x30, 0x37, 0x2c, 0x30, 0x2c,
    0x30, 0x2c, 0x2e, 0x30, 0x38, 0x2e, 0x30, 0x38, 0x2d, 0x2e, 0x30, 0x35, 0x2c, 0x30, 0x2c, 0x2e,
    0x30, 0x39, 0x2e, 0x30, 0x37, 0x2c, 0x30, 0x2c, 0x30, 0x2c, 0x2e, 0x30, 0x38, 0x2c, 0x34, 0x2e,
    0x32, 0x31, 0x2d, 0x32, 0x2e, 0x37, 0x39, 0x63, 0x31, 0x2e, 0x34, 0x2d, 0x2e, 0x39, 0x33, 0x2c,
    0x32, 0x2e, 0x37, 0x38, 0x2d, 0x31, 0x2e, 0x38, 0x31, 0x2c, 0x34, 0x2d, 0x32, 0x2e, 0x34, 0x39,
    0x61, 0x32, 0x2e, 0x37, 0x36, 0x2c, 0x32, 0x2e, 0x37, 0x36, 0x2c, 0x30, 0x2c, 0x30, 0x2c, 0x30,
    0x2d, 0x2e, 0x34, 0x32, 0x2c, 0x32, 0x2e, 0x39, 0x33, 0x6c, 0x31, 0x2e, 0x35, 0x39, 0x2c, 0x33,
    0x2e, 0x34, 0x38, 0x61, 0x32, 0x2e, 0x38, 0x39, 0x2c, 0x32, 0x2e, 0x38, 0x39, 0x2c, 0x30, 0x2c,
    0x30, 0x2c, 0x30, 0x2c, 0x2e, 0x34, 0x36, 0x2e, 0x37, 0x31, 0x6c, 0x2e, 0x31, 0x31, 0x2e, 0x31,
    0x31, 0x63, 0x2e, 0x30, 0x37, 0x2e, 0x30, 0x38, 0x2e, 0x31, 0x35, 0x2e, 0x31, 0x35, 0x2e, 0x32,
    0x32, 0x2e, 0x32, 0x32, 0x6c, 0x30, 0x2c, 0x30, 0x2c, 0x2e, 0x31, 0x38, 0x2e, 0x31, 0x39, 0x2c,
    0x30, 0x2c, 0x30, 0x2c, 0x2e, 0x32, 0x32, 0x2e, 0x32, 0x32, 0x61, 0x31, 0x2e, 0x35, 0x32, 0x2c,
    0x31, 0x2e, 0x35, 0x32, 0x2c, 0x30, 0x2c, 0x30, 0x2c, 0x30, 0x2c, 0x2e, 0x32, 0x32, 0x2e, 0x32,
    0x32, 0x6c, 0x30, 0x2c, 0x30, 0x2c, 0x2e, 0x32, 0x32, 0x2e, 0x32, 0x32, 0x2e, 0x32, 0x32, 0x2e,
    0x32, 0x32, 0x2c, 0x30, 0x2c, 0x30, 0x61, 0x31, 0x2e, 0x36, 0x32, 0x2c, 0x31, 0x2e, 0x36, 0x32,
    0x2c, 0x30, 0x2c, 0x30, 0x2c, 0x30, 0x2c, 0x2e, 0x31, 0x38, 0x2e, 0x31, 0x39, 0x6c, 0x30, 0x2c,
    0x30, 0x61, 0x31, 0x2e, 0x38, 0x35, 0x2c, 0x31, 0x2e, 0x38, 0x35, 0x2c, 0x30, 0x2c, 0x30, 0x2c,
    0x30, 0x2c, 0x2e, 0x32, 0x38, 0x2e, 0x32, 0x38, 0x2c, 0x32, 0x2e, 0x37, 0x35, 0x2c, 0x32, 0x2e,
    0x37, 0x35, 0x2c, 0x30, 0x2c, 0x30, 0x2c, 0x30, 0x2c, 0x31, 0x2e, 0x38, 0x38, 0x2e, 0x37, 0x35,
    0x2c, 0x32, 0x2e, 0x32, 0x35, 0x2c, 0x32, 0x2e, 0x32, 0x35, 0x2c, 0x30, 0x2c, 0x30, 0x2c, 0x30,
    0x2c, 0x2e, 0x37, 0x32, 0x2d, 0x2e, 0x31, 0x31, 0x6c, 0x32, 0x2e, 0x38, 0x31, 0x2d, 0x2e, 0x37,
    0x34, 0x61, 0x2e, 0x32, 0x38, 0x2e, 0x32, 0x38, 0x2c, 0x30, 0x2c, 0x30, 0x2c, 0x31, 0x2c, 0x2e,
    0x32, 0x34, 0x2e, 0x30, 0x37, 0x68, 0x30, 0x6c, 0x30, 0x2c, 0x30, 0x2c, 0x30, 0x2c, 0x30, 0x2c,
    0x30, 0x2c, 0x30, 0x2c, 0x30, 0x2c, 0x30, 0x2c, 0x2e, 0x30, 0x37, 0x2e, 0x30, 0x37, 0x2c, 0x30,
    0x2c, 0x30, 0x2c, 0x30, 0x2c, 0x30, 0x2c, 0x30, 0x2c, 0x30, 0x68, 0x30, 0x76, 0x30, 0x4c, 0x32,
    0x39, 0x2e, 0x38, 0x2c, 0x35, 0x35, 0x61, 0x32, 0x2e, 0x37, 0x35, 0x2c, 0x32, 0x2e, 0x37, 0x35,
    0x2c, 0x30, 0x2c, 0x30, 0x2c, 0x30, 0x2c, 0x2e, 0x39, 0x2c, 0x32, 0x2e, 0x36, 0x32, 0x6c, 0x30,
    0x2c, 0x30, 0x2c, 0x30, 0x2c, 0x30, 0x2c, 0x30, 0x2c, 0x30, 0x2c, 0x30, 0x2c, 0x30, 0x2c, 0x30,
    0x2c, 0x30, 0x2c, 0x30, 0x2c, 0x30, 0x2c, 0x30, 0x2c, 0x30, 0x2c, 0x30, 0x2c, 0x30, 0x2c, 0x30,
    0x2c, 0x30, 0x73, 0x30, 0x2c, 0x30, 0x2c, 0x30, 0x2c, 0x30, 0x6c, 0x30, 0x2c, 0x30, 0x2c, 0x30,
    0x2c, 0x30, 0x73, 0x30, 0x2c, 0x30, 0x2c, 0x30, 0x2c, 0x30, 0x6c, 0x30, 0x2c, 0x30, 0x2c, 0x30,
    0x2c, 0x30, 0x73, 0x30, 0x2c, 0x30, 0x2c, 0x30, 0x2c, 0x30, 0x6c, 0x30, 0x2c, 0x30, 0x2c, 0x30,
    0x2c, 0x30, 0x73, 0x30, 0x2c, 0x30, 0x2c, 0x30, 0x2c, 0x30, 0x6c, 0x30, 0x2c, 0x30, 0x73, 0x30,
    0x2c, 0x30, 0x2c, 0x30, 0x2c, 0x30, 0x6c, 0x30, 0x2c, 0x30, 0x2c, 0x30, 0x2c, 0x30, 0x73, 0x30,
    0x2c, 0x30, 0x2c, 0x30, 0x2c, 0x30, 0x2c, 0x30, 0x2c, 0x30, 0x2c, 0x30, 0x2c, 0x30, 0x6c, 0x30,
    0x2c, 0x30, 0x2c, 0x30, 0x2c, 0x30, 0x2c, 0x30, 0x2c, 0x30, 0x2c, 0x30, 0x2c, 0x30, 0x2c, 0x30,
    0x2c, 0x30, 0x2c, 0x30, 0x2c, 0x30, 0x2c, 0x30, 0x2c, 0x30, 0x2c, 0x30, 0x2c, 0x30, 0x2c, 0x30,
    0x2c, 0x30, 0x2c, 0x30, 0x2c, 0x30, 0x2c, 0x30, 0x2c, 0x30, 0x2c, 0x30, 0x2c, 0x30, 0x2c, 0x30,
    0x2c, 0x30, 0x2c, 0x30, 0x2c, 0x30, 0x2c, 0x30, 0x2c, 0x30, 0x2c, 0x30, 0x2c, 0x30, 0x2c, 0x30,
    0x2c, 0x30, 0x2c, 0x30, 0x2c, 0x30, 0x2c, 0x30, 0x2c, 0x30, 0x2c, 0x30, 0x2c, 0x30, 0x2c, 0x30,
    0x2c, 0x30, 0x2c, 0x30, 0x2c, 0x30, 0x2c, 0x30, 0x2c, 0x30, 0x2c, 0x30, 0x2c, 0x30, 0x2c, 0x30,
    0x2c, 0x30, 0x61, 0x32, 0x2e, 0x36, 0x39, 0x2c, 0x32, 0x2e, 0x36, 0x39, 0x2c, 0x30, 0x2c, 0x30,
    0x2c, 0x30, 0x2c, 0x2e, 0x38, 0x38, 0x2e, 0x35, 0x33, 0x4c, 0x33, 0x37, 0x2c, 0x36, 0x31, 0x2e,
    0x33, 0x61, 0x32, 0x2e, 0x37, 0x32, 0x2c, 0x32, 0x2e, 0x37, 0x32, 0x2c, 0x30, 0x2c, 0x30, 0x2c,
    0x30, 0x2c, 0x31, 0x2c, 0x2e, 0x31, 0x37, 0x2c, 0x32, 0x2e, 0x37, 0x38, 0x2c, 0x32, 0x2e, 0x37,
    0x38, 0x2c, 0x30, 0x2c, 0x30, 0x2c, 0x30, 0x2c, 0x32, 0x2e, 0x34, 0x31, 0x2d, 0x31, 0x2e, 0x33,
    0x39, 0x6c, 0x31, 0x2e, 0x34, 0x34, 0x2d, 0x32, 0x2e, 0x35, 0x61, 0x2e, 0x33, 0x34, 0x2e, 0x33,
    0x34, 0x2c, 0x30, 0x2c, 0x30, 0x2c, 0x31, 0x2c, 0x2e, 0x32, 0x39, 0x2d, 0x2e, 0x31, 0x35, 0x2c,
    0x31, 0x37, 0x2e, 0x32, 0x31, 0x2c, 0x31, 0x37, 0x2e, 0x32, 0x31, 0x2c, 0x30, 0x2c, 0x30, 0x2c,
    0x30, 0x2c, 0x32, 0x2e, 0x32, 0x37, 0x2d, 0x2e, 0x30, 0x36, 0x6c, 0x2e, 0x34, 0x35, 0x2e, 0x36,
    0x36, 0x61, 0x32, 0x2e, 0x35, 0x36, 0x2c, 0x32, 0x2e, 0x35, 0x36, 0x2c, 0x30, 0x2c, 0x30, 0x2c,
    0x30, 0x2c, 0x2e, 0x34, 0x36, 0x2e, 0x35, 0x32, 0x73, 0x30, 0x2c, 0x30, 0x2c, 0x30, 0x2c, 0x30,
    0x6c, 0x30, 0x2c, 0x30, 0x2c, 0x30, 0x2c, 0x30, 0x73, 0x30, 0x2c, 0x30, 0x2c, 0x30, 0x2c, 0x30,
    0x6c, 0x30, 0x2c, 0x30, 0x2c, 0x30, 0x2c, 0x30, 0x2c, 0x30, 0x2c, 0x30, 0x2c, 0x30, 0x2c, 0x30,
    0x2c, 0x30, 0x2c, 0x30, 0x2c, 0x30, 0x2c, 0x30, 0x2c, 0x30, 0x2c, 0x30, 0x2c, 0x30, 0x2c, 0x30,
    0x2c, 0x30, 0x2c, 0x30, 0x2c, 0x30, 0x2c, 0x30, 0x2c, 0x30, 0x2c, 0x30, 0x2c, 0x30, 0x2c, 0x30,
    0x2c, 0x30, 0x2c, 0x30, 0x2c, 0x30, 0x2c, 0x30, 0x2c, 0x30, 0x2c, 0x30, 0x2c, 0x30, 0x2c, 0x30,
    0x2c, 0x30, 0x2c, 0x30, 0x2c, 0x30, 0x2c, 0x30, 0x2c, 0x30, 0x2c, 0x30, 0x2c, 0x30, 0x2c, 0x30,
    0x2c, 0x30, 0x2c, 0x30, 0x2c, 0x30, 0x2c, 0x30, 0x2c, 0x30, 0x2c, 0x30, 0x2c, 0x30, 0x2c, 0x30,
    0x2c, 0x30, 0x2c, 0x30, 0x2c, 0x30, 0x2c, 0x30, 0x2c, 0x30, 0x2c, 0x30, 0x2c, 0x30, 0x2c, 0x30,
    0x73, 0x30, 0x2c, 0x30, 0x2c, 0x30, 0x2c, 0x30, 0x6c, 0x30, 0x2c, 0x30, 0x2c, 0x30, 0x2c, 0x30,
    0x73, 0x30, 0x2c, 0x30, 0x2c, 0x30, 0x2c, 0x30, 0x6c, 0x30, 0x2c, 0x30, 0x2c, 0x30, 0x2c, 0x30,
    0x73, 0x30, 0x2c, 0x30, 0x2c, 0x30, 0x2c, 0x30, 0x6c, 0x30, 0x2c, 0x30, 0x73, 0x30, 0x2c, 0x30,
    0x2c, 0x30, 0x2c, 0x30, 0x6c, 0x30, 0x2c, 0x30, 0x2c, 0x30, 0x2c, 0x30, 0x61, 0x2e, 0x30, 0x38,
    0x2e, 0x30, 0x38, 0x2c, 0x30, 0x2c, 0x30, 0x2c, 0x30, 0x2c, 0x30, 0x2c, 0x30, 0x6c, 0x30, 0x2c,
    0x30, 0x2c, 0x30, 0x2c, 0x30, 0x2c, 0x30, 0x2c, 0x30, 0x2c, 0x30, 0x2c, 0x30, 0x2c, 0x30, 0x2c,
    0x30, 0x2c, 0x30, 0x2c, 0x30, 0x61, 0x32, 0x2e, 0x37, 0x37, 0x2c, 0x32, 0x2e, 0x37, 0x37, 0x2c,
    0x30, 0x2c, 0x30, 0x2c, 0x30, 0x2c, 0x31, 0x2e, 0x38, 0x36, 0x2e, 0x37, 0x33, 0x2c, 0x32, 0x2e,
    0x38, 0x33, 0x2c, 0x32, 0x2e, 0x38, 0x33, 0x2c, 0x30, 0x2c, 0x30, 0x2c, 0x30, 0x2c, 0x31, 0x2e,
    0x31, 0x36, 0x2d, 0x2e, 0x32, 0x34, 0x6c, 0x33, 0x2e, 0x34, 0x37, 0x2d, 0x31, 0x2e, 0x35, 0x39,
    0x41, 0x32, 0x2e, 0x37, 0x38, 0x2c, 0x32, 0x2e, 0x37, 0x38, 0x2c, 0x30, 0x2c, 0x30, 0x2c, 0x30,
    0x2c, 0x35, 0x35, 0x2e, 0x31, 0x36, 0x2c, 0x35, 0x36, 0x6c, 0x2d, 0x2e, 0x37, 0x36, 0x2d, 0x32,
    0x2e, 0x37, 0x35, 0x61, 0x2e, 0x33, 0x34, 0x2e, 0x33, 0x34, 0x2c, 0x30, 0x2c, 0x30, 0x2c, 0x31,
    0x2c, 0x2e, 0x31, 0x31, 0x2d, 0x2e, 0x33, 0x31, 0x2c, 0x31, 0x35, 0x2e, 0x34, 0x38, 0x2c, 0x31,
    0x35, 0x2e, 0x34, 0x38, 0x2c, 0x30, 0x2c, 0x30, 0x2c, 0x30, 0x2c, 0x31, 0x2e, 0x38, 0x38, 0x2d,
    0x32, 0x2c, 0x2e, 0x33, 0x31, 0x2e, 0x33, 0x31, 0x2c, 0x30, 0x2c, 0x30, 0x2c, 0x31, 0x2c, 0x2e,
    0x33, 0x2d, 0x2e, 0x31, 0x32, 0x6c, 0x32, 0x2e, 0x38, 0x39, 0x2e, 0x35, 0x35, 0x61, 0x32, 0x2e,
    0x39, 0x32, 0x2c, 0x32, 0x2e, 0x39, 0x32, 0x2c, 0x30, 0x2c, 0x30, 0x2c, 0x30, 0x2c, 0x2e, 0x35,
    0x31, 0x2c, 0x30, 0x2c, 0x32, 0x2e, 0x37, 0x39, 0x2c, 0x32, 0x2e, 0x37, 0x39, 0x2c, 0x30, 0x2c,
    0x30, 0x2c, 0x30, 0x2c, 0x32, 0x2e, 0x36, 0x31, 0x2d, 0x31, 0x2e, 0x38, 0x4c, 0x36, 0x34, 0x2e,
    0x30, 0x35, 0x2c, 0x34, 0x36, 0x41, 0x32, 0x2e, 0x37, 0x37, 0x2c, 0x32, 0x2e, 0x37, 0x37, 0x2c,
    0x30, 0x2c, 0x30, 0x2c, 0x30, 0x2c, 0x36, 0x33, 0x2e, 0x32, 0x34, 0x2c, 0x34, 0x32, 0x2e, 0x39,
    0x33, 0x5a, 0x4d, 0x33, 0x37, 0x2e, 0x31, 0x36, 0x2c, 0x34, 0x30, 0x2e, 0x33, 0x35, 0x61, 0x35,
    0x2e, 0x36, 0x39, 0x2c, 0x35, 0x2e, 0x36, 0x39, 0x2c, 0x30, 0x2c, 0x30, 0x2c, 0x31, 0x2c, 0x2e,
    0x33, 0x32, 0x2d, 0x32, 0x2e, 0x31, 0x38, 0x68, 0x30, 0x61, 0x35, 0x2e, 0x36, 0x38, 0x2c, 0x35,
    0x2e, 0x36, 0x38, 0x2c, 0x30, 0x2c, 0x30, 0x2c, 0x31, 0x2c, 0x35, 0x2e, 0x33, 0x38, 0x2d, 0x33,
    0x2e, 0x37, 0x38, 0x2c, 0x35, 0x2e, 0x38, 0x37, 0x2c, 0x35, 0x2e, 0x38, 0x37, 0x2c, 0x30, 0x2c,
    0x30, 0x2c, 0x31, 0x2c, 0x31, 0x2e, 0x39, 0x32, 0x2e, 0x33, 0x33, 0x2c, 0x35, 0x2e, 0x31, 0x2c,
    0x35, 0x2e, 0x31, 0x2c, 0x30, 0x2c, 0x30, 0x2c, 0x31, 0x2c, 0x31, 0x2e, 0x30, 0x35, 0x2e, 0x35,
    0x31, 0x2c, 0x35, 0x2e, 0x37, 0x37, 0x2c, 0x35, 0x2e, 0x37, 0x37, 0x2c, 0x30, 0x2c, 0x30, 0x2c,
    0x31, 0x2c, 0x2e, 0x37, 0x39, 0x2c, 0x34, 0x6c, 0x30, 0x2c, 0x2e, 0x31, 0x31, 0x2d, 0x2e, 0x30,
    0x37, 0x2c, 0x30, 0x61, 0x35, 0x2e, 0x30, 0x36, 0x2c, 0x35, 0x2e, 0x30, 0x36, 0x2c, 0x30, 0x2c,
    0x30, 0x2c, 0x31, 0x2d, 0x2e, 0x32, 0x32, 0x2e, 0x38, 0x35, 0x2c, 0x35, 0x2e, 0x38, 0x35, 0x2c,
    0x35, 0x2e, 0x38, 0x35, 0x2c, 0x30, 0x2c, 0x30, 0x2c, 0x31, 0x2d, 0x2e, 0x37, 0x34, 0x2c, 0x31,
    0x2e, 0x34, 0x41, 0x35, 0x2e, 0x37, 0x31, 0x2c, 0x35, 0x2e, 0x37, 0x31, 0x2c, 0x30, 0x2c, 0x30,
    0x2c, 0x31, 0x2c, 0x34, 0x31, 0x2c, 0x34, 0x33, 0x2e, 0x39, 0x33, 0x61, 0x36, 0x2e, 0x30, 0x35,
    0x2c, 0x36, 0x2e, 0x30, 0x35, 0x2c, 0x30, 0x2c, 0x30, 0x2c, 0x31, 0x2d, 0x31, 0x2e, 0x39, 0x32,
    0x2d, 0x2e, 0x33, 0x33, 0x41, 0x35, 0x2e, 0x39, 0x32, 0x2c, 0x35, 0x2e, 0x39, 0x32, 0x2c, 0x30,
    0x2c, 0x30, 0x2c, 0x31, 0x2c, 0x33, 0x38, 0x2c, 0x34, 0x33, 0x2e, 0x30, 0x37, 0x2c, 0x35, 0x2e,
    0x36, 0x39, 0x2c, 0x35, 0x2e, 0x36, 0x39, 0x2c, 0x30, 0x2c, 0x30, 0x2c, 0x31, 0x2c, 0x33, 0x37,
    0x2e, 0x31, 0x36, 0x2c, 0x34, 0x30, 0x2e, 0x33, 0x35, 0x5a, 0x22, 0x20, 0x73, 0x74, 0x79, 0x6c,
    0x65, 0x3d, 0x22, 0x66, 0x69, 0x6c, 0x6c, 0x3a, 0x23, 0x35, 0x38, 0x35, 0x39, 0x35, 0x62, 0x22,
    0x2f, 0x3e, 0x3c, 0x70, 0x61, 0x74, 0x68, 0x20, 0x64, 0x3d, 0x22, 0x4d, 0x36, 0x31, 0x2c, 0x34,
    0x30, 0x2e, 0x37, 0x38, 0x6c, 0x2d, 0x32, 0x2e, 0x34, 0x38, 0x2d, 0x31, 0x2e, 0x34, 0x34, 0x61,
    0x2e, 0x33, 0x2e, 0x33, 0x2c, 0x30, 0x2c, 0x30, 0x2c, 0x31, 0x2d, 0x2e, 0x31, 0x35, 0x2d, 0x2e,
    0x32, 0x37, 0x2c, 0x31, 0x38, 0x2e, 0x33, 0x31, 0x2c, 0x31, 0x38, 0x2e, 0x33, 0x31, 0x2c, 0x30,
    0x2c, 0x30, 0x2c, 0x30, 0x2d, 0x2e, 0x30, 0x37, 0x2d, 0x32, 0x2e, 0x37, 0x37, 0x2e, 0x32, 0x39,
    0x2e, 0x32, 0x39, 0x2c, 0x30, 0x2c, 0x30, 0x2c, 0x31, 0x2c, 0x2e, 0x31, 0x31, 0x2d, 0x2e, 0x32,
    0x39, 0x6c, 0x32, 0x2e, 0x34, 0x33, 0x2d, 0x31, 0x2e, 0x36, 0x35, 0x61, 0x32, 0x2e, 0x37, 0x35,
    0x2c, 0x32, 0x2e, 0x37, 0x35, 0x2c, 0x30, 0x2c, 0x30, 0x2c, 0x30, 0x2c, 0x31, 0x2d, 0x33, 0x2e,
    0x34, 0x33, 0x6c, 0x2d, 0x31, 0x2e, 0x35, 0x39, 0x2d, 0x33, 0x2e, 0x34, 0x38, 0x61, 0x32, 0x2e,
    0x37, 0x34, 0x2c, 0x32, 0x2e, 0x37, 0x34, 0x2c, 0x30, 0x2c, 0x30, 0x2c, 0x30, 0x2d, 0x32, 0x2e,
    0x35, 0x32, 0x2d, 0x31, 0x2e, 0x36, 0x32, 0x2c, 0x32, 0x2e, 0x36, 0x32, 0x2c, 0x32, 0x2e, 0x36,
    0x32, 0x2c, 0x30, 0x2c, 0x30, 0x2c, 0x30, 0x2d, 0x2e, 0x37, 0x33, 0x2e, 0x31, 0x6c, 0x2d, 0x32,
    0x2e, 0x37, 0x35, 0x2e, 0x37, 0x37, 0x61, 0x2e, 0x33, 0x2e, 0x33, 0x2c, 0x30, 0x2c, 0x30, 0x2c,
    0x31, 0x2d, 0x2e, 0x33, 0x2d, 0x2e, 0x31, 0x2c, 0x31, 0x38, 0x2c, 0x31, 0x38, 0x2c, 0x30, 0x2c,
    0x30, 0x2c, 0x30, 0x2d, 0x32, 0x2d, 0x31, 0x2e, 0x39, 0x2e, 0x32, 0x35, 0x2e, 0x32, 0x35, 0x2c,
    0x30, 0x2c, 0x30, 0x2c, 0x31, 0x2d, 0x2e, 0x31, 0x31, 0x2d, 0x2e, 0x32, 0x38, 0x6c, 0x2e, 0x35,
    0x34, 0x2d, 0x32, 0x2e, 0x38, 0x39, 0x61, 0x32, 0x2e, 0x37, 0x2c, 0x32, 0x2e, 0x37, 0x2c, 0x30,
    0x2c, 0x30, 0x2c, 0x30, 0x2c, 0x30, 0x2d, 0x31, 0x2e, 0x30, 0x36, 0x63, 0x2e, 0x34, 0x39, 0x2d,
    0x2e, 0x34, 0x34, 0x2c, 0x31, 0x2e, 0x30, 0x37, 0x2d, 0x2e, 0x39, 0x31, 0x2c, 0x31, 0x2e, 0x37,
    0x32, 0x2d, 0x31, 0x2e, 0x34, 0x6c, 0x33, 0x2e, 0x36, 0x37, 0x2d, 0x32, 0x2e, 0x37, 0x36, 0x2d,
    0x34, 0x2e, 0x35, 0x39, 0x2e, 0x30, 0x37, 0x68, 0x2d, 0x2e, 0x36, 0x31, 0x63, 0x2d, 0x32, 0x2e,
    0x37, 0x37, 0x2c, 0x30, 0x2d, 0x33, 0x2e, 0x35, 0x31, 0x2d, 0x2e, 0x33, 0x36, 0x2d, 0x33, 0x2e,
    0x36, 0x39, 0x2d, 0x2e, 0x34, 0x38, 0x2c, 0x30, 0x2d, 0x2e, 0x32, 0x31, 0x2e, 0x32, 0x2d, 0x31,
    0x2c, 0x31, 0x2e, 0x39, 0x32, 0x2d, 0x33, 0x2e, 0x31, 0x33, 0x6c, 0x33, 0x2e, 0x35, 0x36, 0x2d,
    0x34, 0x2e, 0x33, 0x34, 0x2d, 0x35, 0x2e, 0x32, 0x34, 0x2c, 0x32, 0x63, 0x2d, 0x31, 0x2e, 0x39,
    0x33, 0x2e, 0x37, 0x33, 0x2d, 0x34, 0x2e, 0x36, 0x38, 0x2c, 0x31, 0x2e, 0x37, 0x2d, 0x36, 0x2e,
    0x33, 0x38, 0x2c, 0x31, 0x2e, 0x37, 0x2d, 0x2e, 0x39, 0x33, 0x2c, 0x30, 0x2d, 0x31, 0x2e, 0x31,
    0x38, 0x2d, 0x2e, 0x32, 0x38, 0x2d, 0x31, 0x2e, 0x32, 0x37, 0x2d, 0x2e, 0x33, 0x39, 0x2d, 0x2e,
    0x34, 0x31, 0x2d, 0x2e, 0x35, 0x2d, 0x2e, 0x37, 0x37, 0x2d, 0x31, 0x2e, 0x38, 0x38, 0x2d, 0x2e,
    0x31, 0x31, 0x2d, 0x35, 0x2e, 0x36, 0x37, 0x4c, 0x34, 0x32, 0x2e, 0x33, 0x32, 0x2c, 0x30, 0x2c,
    0x33, 0x38, 0x2e, 0x36, 0x2c, 0x34, 0x2e, 0x39, 0x43, 0x33, 0x35, 0x2e, 0x36, 0x36, 0x2c, 0x38,
    0x2e, 0x37, 0x38, 0x2c, 0x33, 0x34, 0x2c, 0x39, 0x2e, 0x33, 0x35, 0x2c, 0x33, 0x33, 0x2e, 0x32,
    0x38, 0x2c, 0x39, 0x2e, 0x33, 0x35, 0x63, 0x2d, 0x31, 0x2e, 0x32, 0x32, 0x2c, 0x30, 0x2d, 0x32,
    0x2e, 0x31, 0x39, 0x2d, 0x32, 0x2d, 0x32, 0x2e, 0x38, 0x39, 0x2d, 0x33, 0x2e, 0x36, 0x36, 0x4c,
    0x32, 0x38, 0x2e, 0x36, 0x35, 0x2c, 0x31, 0x2e, 0x34, 0x36, 0x2c, 0x32, 0x37, 0x2e, 0x35, 0x36,
    0x2c, 0x35, 0x2e, 0x39, 0x63, 0x2d, 0x31, 0x2e, 0x31, 0x35, 0x2c, 0x34, 0x2e, 0x36, 0x37, 0x2d,
    0x32, 0x2e, 0x37, 0x32, 0x2c, 0x34, 0x2e, 0x36, 0x37, 0x2d, 0x33, 0x2e, 0x32, 0x34, 0x2c, 0x34,
    0x2e, 0x36, 0x37, 0x2d, 0x31, 0x2c, 0x30, 0x2d, 0x32, 0x2e, 0x38, 0x37, 0x2d, 0x2e, 0x36, 0x35,
    0x2d, 0x36, 0x2d, 0x33, 0x2e, 0x37, 0x37, 0x4c, 0x31, 0x33, 0x2c, 0x31, 0x2e, 0x35, 0x35, 0x6c,
    0x32, 0x2e, 0x38, 0x37, 0x2c, 0x36, 0x2e, 0x38, 0x38, 0x63, 0x32, 0x2c, 0x34, 0x2e, 0x38, 0x35,
    0x2c, 0x31, 0x2e, 0x37, 0x36, 0x2c, 0x36, 0x2e, 0x30, 0x39, 0x2c, 0x31, 0x2e, 0x35, 0x35, 0x2c,
    0x36, 0x2e, 0x33, 0x39, 0x2d, 0x2e, 0x31, 0x2e, 0x31, 0x35, 0x2d, 0x2e, 0x35, 0x31, 0x2e, 0x33,
    0x32, 0x2d, 0x31, 0x2e, 0x33, 0x36, 0x2e, 0x33, 0x32, 0x61, 0x32, 0x39, 0x2e, 0x31, 0x38, 0x2c,
    0x32, 0x39, 0x2e, 0x31, 0x38, 0x2c, 0x30, 0x2c, 0x30, 0x2c, 0x31, 0x2d, 0x36, 0x2e, 0x37, 0x31,
    0x2d, 0x31, 0x2e, 0x32, 0x38, 0x4c, 0x32, 0x2e, 0x31, 0x38, 0x2c, 0x31, 0x31, 0x2e, 0x39, 0x32,
    0x6c, 0x35, 0x2e, 0x38, 0x37, 0x2c, 0x34, 0x2e, 0x35, 0x36, 0x63, 0x32, 0x2e, 0x37, 0x35, 0x2c,
    0x32, 0x2e, 0x31, 0x33, 0x2c, 0x33, 0x2e, 0x33, 0x33, 0x2c, 0x33, 0x2e, 0x30, 0x37, 0x2c, 0x33,
    0x2e, 0x34, 0x35, 0x2c, 0x33, 0x2e, 0x33, 0x39, 0x2d, 0x2e, 0x33, 0x34, 0x2e, 0x32, 0x37, 0x2d,
    0x31, 0x2e, 0x35, 0x37, 0x2e, 0x38, 0x31, 0x2d, 0x36, 0x2c, 0x31, 0x2e, 0x33, 0x4c, 0x30, 0x2c,
    0x32, 0x31, 0x2e, 0x37, 0x37, 0x2c, 0x35, 0x2c, 0x32, 0x34, 0x63, 0x34, 0x2e, 0x31, 0x35, 0x2c,
    0x31, 0x2e, 0x38, 0x36, 0x2c, 0x35, 0x2e, 0x31, 0x32, 0x2c, 0x33, 0x2e, 0x31, 0x31, 0x2c, 0x35,
    0x2e, 0x31, 0x39, 0x2c, 0x33, 0x2e, 0x38, 0x33, 0x53, 0x39, 0x2e, 0x35, 0x39, 0x2c, 0x33, 0x30,
    0x2c, 0x35, 0x2e, 0x38, 0x32, 0x2c, 0x33, 0x32, 0x2e, 0x37, 0x39, 0x6c, 0x2d, 0x34, 0x2e, 0x30,
    0x37, 0x2c, 0x33, 0x2c, 0x35, 0x2e, 0x30, 0x35, 0x2d, 0x2e, 0x33, 0x31, 0x63, 0x2e, 0x39, 0x2c,
    0x30, 0x2c, 0x31, 0x2e, 0x36, 0x37, 0x2d, 0x2e, 0x30, 0x38, 0x2c, 0x32, 0x2e, 0x33, 0x36, 0x2d,
    0x2e, 0x30, 0x38, 0x2c, 0x32, 0x2e, 0x34, 0x36, 0x2c, 0x30, 0x2c, 0x33, 0x2e, 0x39, 0x32, 0x2e,
    0x33, 0x35, 0x2c, 0x34, 0x2e, 0x33, 0x37, 0x2c, 0x31, 0x2c, 0x2e, 0x32, 0x38, 0x2e, 0x34, 0x33,
    0x2e, 0x35, 0x33, 0x2c, 0x31, 0x2e, 0x36, 0x35, 0x2d, 0x2e, 0x39, 0x34, 0x2c, 0x35, 0x6c, 0x2d,
    0x32, 0x2c, 0x34, 0x2e, 0x36, 0x34, 0x2c, 0x34, 0x2e, 0x32, 0x32, 0x2d, 0x32, 0x2e, 0x38, 0x63,
    0x32, 0x2e, 0x39, 0x33, 0x2d, 0x31, 0x2e, 0x39, 0x34, 0x2c, 0x35, 0x2e, 0x38, 0x34, 0x2d, 0x33,
    0x2e, 0x37, 0x33, 0x2c, 0x37, 0x2e, 0x33, 0x34, 0x2d, 0x33, 0x2e, 0x37, 0x33, 0x2e, 0x32, 0x37,
    0x2c, 0x30, 0x2c, 0x2e, 0x37, 0x35, 0x2c, 0x30, 0x2c, 0x31, 0x2e, 0x32, 0x31, 0x2c, 0x31, 0x2e,
    0x31, 0x37, 0x6c, 0x2d, 0x32, 0x2e, 0x31, 0x33, 0x2c, 0x31, 0x2e, 0x34, 0x34, 0x61, 0x32, 0x2e,
    0x37, 0x35, 0x2c, 0x32, 0x2e, 0x37, 0x35, 0x2c, 0x30, 0x2c, 0x30, 0x2c, 0x30, 0x2d, 0x31, 0x2c,
    0x33, 0x2e, 0x34, 0x33, 0x6c, 0x31, 0x2e, 0x35, 0x39, 0x2c, 0x33, 0x2e, 0x34, 0x38, 0x61, 0x32,
    0x2e, 0x37, 0x36, 0x2c, 0x32, 0x2e, 0x37, 0x36, 0x2c, 0x30, 0x2c, 0x30, 0x2c, 0x30, 0x2c, 0x32,
    0x2e, 0x35, 0x32, 0x2c, 0x31, 0x2e, 0x36, 0x32, 0x2c, 0x32, 0x2e, 0x31, 0x34, 0x2c, 0x32, 0x2e,
    0x31, 0x34, 0x2c, 0x30, 0x2c, 0x30, 0x2c, 0x30, 0x2c, 0x2e, 0x37, 0x31, 0x2d, 0x2e, 0x31, 0x6c,
    0x32, 0x2e, 0x38, 0x31, 0x2d, 0x2e, 0x37, 0x34, 0x61, 0x2e, 0x33, 0x2e, 0x33, 0x2c, 0x30, 0x2c,
    0x30, 0x2c, 0x31, 0x2c, 0x2e, 0x32, 0x39, 0x2e, 0x31, 0x2c, 0x31, 0x36, 0x2e, 0x30, 0x38, 0x2c,
    0x31, 0x36, 0x2e, 0x30, 0x38, 0x2c, 0x30, 0x2c, 0x30, 0x2c, 0x30, 0x2c, 0x32, 0x2c, 0x31, 0x2e,
    0x39, 0x2e, 0x33, 0x38, 0x2e, 0x33, 0x38, 0x2c, 0x30, 0x2c, 0x30, 0x2c, 0x31, 0x2c, 0x2e, 0x31,
    0x32, 0x2e, 0x32, 0x39, 0x4c, 0x32, 0x39, 0x2e, 0x38, 0x2c, 0x35, 0x35, 0x61, 0x32, 0x2e, 0x37,
    0x35, 0x2c, 0x32, 0x2e, 0x37, 0x35, 0x2c, 0x30, 0x2c, 0x30, 0x2c, 0x30, 0x2c, 0x31, 0x2e, 0x37,
    0x35, 0x2c, 0x33, 0x2e, 0x31, 0x32, 0x6c, 0x33, 0x2e, 0x36, 0x2c, 0x31, 0x2e, 0x33, 0x35, 0x61,
    0x32, 0x2e, 0x38, 0x31, 0x2c, 0x32, 0x2e, 0x38, 0x31, 0x2c, 0x30, 0x2c, 0x30, 0x2c, 0x30, 0x2c,
    0x31, 0x2c, 0x2e, 0x31, 0x37, 0x2c, 0x32, 0x2e, 0x37, 0x38, 0x2c, 0x32, 0x2e, 0x37, 0x38, 0x2c,
    0x30, 0x2c, 0x30, 0x2c, 0x30, 0x2c, 0x32, 0x2e, 0x34, 0x31, 0x2d, 0x31, 0x2e, 0x33, 0x39, 0x4c,
    0x34, 0x30, 0x2c, 0x35, 0x35, 0x2e, 0x37, 0x31, 0x61, 0x2e, 0x33, 0x36, 0x2e, 0x33, 0x36, 0x2c,
    0x30, 0x2c, 0x30, 0x2c, 0x31, 0x2c, 0x2e, 0x32, 0x39, 0x2d, 0x2e, 0x31, 0x34, 0x2c, 0x31, 0x38,
    0x2e, 0x30, 0x36, 0x2c, 0x31, 0x38, 0x2e, 0x30, 0x36, 0x2c, 0x30, 0x2c, 0x30, 0x2c, 0x30, 0x2c,
    0x32, 0x2e, 0x36, 0x35, 0x2d, 0x2e, 0x30, 0x39, 0x2e, 0x33, 0x34, 0x2e, 0x33, 0x34, 0x2c, 0x30,
    0x2c, 0x30, 0x2c, 0x31, 0x2c, 0x2e, 0x32, 0x39, 0x2e, 0x31, 0x32, 0x4c, 0x34, 0x34, 0x2e, 0x38,
    0x35, 0x2c, 0x35, 0x38, 0x61, 0x32, 0x2e, 0x37, 0x39, 0x2c, 0x32, 0x2e, 0x37, 0x39, 0x2c, 0x30,
    0x2c, 0x30, 0x2c, 0x30, 0x2c, 0x32, 0x2e, 0x32, 0x39, 0x2c, 0x31, 0x2e, 0x32, 0x32, 0x41, 0x32,
    0x2e, 0x38, 0x33, 0x2c, 0x32, 0x2e, 0x38, 0x33, 0x2c, 0x30, 0x2c, 0x30, 0x2c, 0x30, 0x2c, 0x34,
    0x38, 0x2e, 0x33, 0x2c, 0x35, 0x39, 0x6c, 0x33, 0x2e, 0x34, 0x37, 0x2d, 0x31, 0x2e, 0x35, 0x39,
    0x61, 0x32, 0x2e, 0x37, 0x38, 0x2c, 0x32, 0x2e, 0x37, 0x38, 0x2c, 0x30, 0x2c, 0x30, 0x2c, 0x30,
    0x2c, 0x31, 0x2e, 0x35, 0x33, 0x2d, 0x33, 0x2e, 0x32, 0x34, 0x6c, 0x2d, 0x2e, 0x37, 0x36, 0x2d,
    0x32, 0x2e, 0x37, 0x36, 0x61, 0x2e, 0x33, 0x33, 0x2e, 0x33, 0x33, 0x2c, 0x30, 0x2c, 0x30, 0x2c,
    0x31, 0x2c, 0x2e, 0x31, 0x31, 0x2d, 0x2e, 0x33, 0x2c, 0x31, 0x36, 0x2e, 0x32, 0x2c, 0x31, 0x36,
    0x2e, 0x32, 0x2c, 0x30, 0x2c, 0x30, 0x2c, 0x30, 0x2c, 0x31, 0x2e, 0x38, 0x38, 0x2d, 0x32, 0x2c,
    0x2e, 0x33, 0x31, 0x2e, 0x33, 0x31, 0x2c, 0x30, 0x2c, 0x30, 0x2c, 0x31, 0x2c, 0x2e, 0x33, 0x2d,
    0x2e, 0x31, 0x32, 0x6c, 0x32, 0x2e, 0x38, 0x39, 0x2e, 0x35, 0x35, 0x61, 0x32, 0x2e, 0x39, 0x32,
    0x2c, 0x32, 0x2e, 0x39, 0x32, 0x2c, 0x30, 0x2c, 0x30, 0x2c, 0x30, 0x2c, 0x2e, 0x35, 0x31, 0x2c,
    0x30, 0x2c, 0x32, 0x2e, 0x37, 0x39, 0x2c, 0x32, 0x2e, 0x37, 0x39, 0x2c, 0x30, 0x2c, 0x30, 0x2c,
    0x30, 0x2c, 0x32, 0x2e, 0x36, 0x31, 0x2d, 0x31, 0x2e, 0x38, 0x6c, 0x31, 0x2e, 0x33, 0x35, 0x2d,
    0x33, 0x2e, 0x36, 0x31, 0x41, 0x32, 0x2e, 0x38, 0x2c, 0x32, 0x2e, 0x38, 0x2c, 0x30, 0x2c, 0x30,
    0x2c, 0x30, 0x2c, 0x36, 0x31, 0x2c, 0x34, 0x30, 0x2e, 0x37, 0x38, 0x5a, 0x4d, 0x34, 0x36, 0x2e,
    0x36, 0x38, 0x2c, 0x33, 0x39, 0x2e, 0x33, 0x31, 0x6c, 0x2d, 0x2e, 0x30, 0x37, 0x2c, 0x30, 0x61,
    0x35, 0x2e, 0x30, 0x36, 0x2c, 0x35, 0x2e, 0x30, 0x36, 0x2c, 0x30, 0x2c, 0x30, 0x2c, 0x31, 0x2d,
    0x2e, 0x32, 0x32, 0x2e, 0x38, 0x35, 0x2c, 0x35, 0x2e, 0x38, 0x35, 0x2c, 0x35, 0x2e, 0x38, 0x35,
    0x2c, 0x30, 0x2c, 0x30, 0x2c, 0x31, 0x2d, 0x2e, 0x37, 0x34, 0x2c, 0x31, 0x2e, 0x34, 0x41, 0x35,
    0x2e, 0x37, 0x31, 0x2c, 0x35, 0x2e, 0x37, 0x31, 0x2c, 0x30, 0x2c, 0x30, 0x2c, 0x31, 0x2c, 0x34,
    0x31, 0x2c, 0x34, 0x33, 0x2e, 0x39, 0x33, 0x61, 0x36, 0x2e, 0x30, 0x35, 0x2c, 0x36, 0x2e, 0x30,
    0x35, 0x2c, 0x30, 0x2c, 0x30, 0x2c, 0x31, 0x2d, 0x31, 0x2e, 0x39, 0x32, 0x2d, 0x2e, 0x33, 0x33,
    0x2c, 0x35, 0x2e, 0x36, 0x39, 0x2c, 0x35, 0x2e, 0x36, 0x39, 0x2c, 0x30, 0x2c, 0x30, 0x2c, 0x31,
    0x2d, 0x33, 0x2e, 0x34, 0x36, 0x2d, 0x37, 0x2e, 0x32, 0x39, 0x68, 0x30, 0x41, 0x35, 0x2e, 0x36,
    0x38, 0x2c, 0x35, 0x2e, 0x36, 0x38, 0x2c, 0x30, 0x2c, 0x30, 0x2c, 0x31, 0x2c, 0x34, 0x31, 0x2c,
    0x33, 0x32, 0x2e, 0x35, 0x32, 0x61, 0x35, 0x2e, 0x35, 0x39, 0x2c, 0x35, 0x2e, 0x35, 0x39, 0x2c,
    0x30, 0x2c, 0x30, 0x2c, 0x31, 0x2c, 0x34, 0x2c, 0x31, 0x2e, 0x36, 0x31, 0x2c, 0x35, 0x2e, 0x38,
    0x35, 0x2c, 0x35, 0x2e, 0x38, 0x35, 0x2c, 0x30, 0x2c, 0x30, 0x2c, 0x31, 0x2c, 0x2e, 0x38, 0x33,
    0x2c, 0x31, 0x41, 0x35, 0x2e, 0x37, 0x32, 0x2c, 0x35, 0x2e, 0x37, 0x32, 0x2c, 0x30, 0x2c, 0x30,
    0x2c, 0x31, 0x2c, 0x34, 0x36, 0x2e, 0x37, 0x2c, 0x33, 0x38, 0x61, 0x35, 0x2e, 0x35, 0x36, 0x2c,
    0x35, 0x2e, 0x35, 0x36, 0x2c, 0x30, 0x2c, 0x30, 0x2c, 0x31, 0x2d, 0x2e, 0x30, 0x37, 0x2c, 0x31,
    0x2e, 0x32, 0x32, 0x5a, 0x22, 0x20, 0x73, 0x74, 0x79, 0x6c, 0x65, 0x3d, 0x22, 0x66, 0x69, 0x6c,
    0x6c, 0x3a, 0x75, 0x72, 0x6c, 0x28, 0x23, 0x53, 0x70, 0x65, 0x63, 0x74, 0x72, 0x75, 0x6d, 0x5f,
    0x29, 0x22, 0x2f, 0x3e, 0x3c, 0x70, 0x61, 0x74, 0x68, 0x20, 0x64, 0x3d, 0x22, 0x4d, 0x32, 0x33,
    0x2e, 0x35, 0x2c, 0x33, 0x37, 0x2e, 0x31, 0x35, 0x2c, 0x32, 0x31, 0x2c, 0x33, 0x35, 0x2e, 0x37,
    0x31, 0x61, 0x32, 0x2e, 0x37, 0x35, 0x2c, 0x32, 0x2e, 0x37, 0x35, 0x2c, 0x30, 0x2c, 0x30, 0x2c,
    0x31, 0x2d, 0x31, 0x2e, 0x32, 0x32, 0x2d, 0x33, 0x2e, 0x33, 0x38, 0x6c, 0x31, 0x2e, 0x33, 0x34,
    0x2d, 0x33, 0x2e, 0x36, 0x31, 0x73, 0x30, 0x2c, 0x30, 0x2c, 0x30, 0x2c, 0x30, 0x41, 0x32, 0x2e,
    0x38, 0x32, 0x2c, 0x32, 0x2e, 0x38, 0x32, 0x2c, 0x30, 0x2c, 0x30, 0x2c, 0x31, 0x2c, 0x32, 0x33,
    0x2e, 0x37, 0x34, 0x2c, 0x32, 0x37, 0x61, 0x32, 0x2e, 0x37, 0x34, 0x2c, 0x32, 0x2e, 0x37, 0x34,
    0x2c, 0x30, 0x2c, 0x30, 0x2c, 0x31, 0x2c, 0x2e, 0x35, 0x2c, 0x30, 0x6c, 0x32, 0x2e, 0x38, 0x36,
    0x2e, 0x35, 0x36, 0x61, 0x2e, 0x33, 0x34, 0x2e, 0x33, 0x34, 0x2c, 0x30, 0x2c, 0x30, 0x2c, 0x30,
    0x2c, 0x2e, 0x32, 0x38, 0x2d, 0x2e, 0x31, 0x31, 0x2c, 0x31, 0x39, 0x2e, 0x34, 0x35, 0x2c, 0x31,
    0x39, 0x2e, 0x34, 0x35, 0x2c, 0x30, 0x2c, 0x30, 0x2c, 0x31, 0x2c, 0x31, 0x2e, 0x38, 0x35, 0x2d,
    0x32, 0x2e, 0x30, 0x36, 0x2e, 0x32, 0x33, 0x2e, 0x32, 0x33, 0x2c, 0x30, 0x2c, 0x30, 0x2c, 0x30,
    0x2c, 0x2e, 0x30, 0x39, 0x2d, 0x2e, 0x32, 0x38, 0x6c, 0x2d, 0x2e, 0x37, 0x33, 0x2d, 0x32, 0x2e,
    0x38, 0x31, 0x61, 0x32, 0x2e, 0x37, 0x35, 0x2c, 0x32, 0x2e, 0x37, 0x35, 0x2c, 0x30, 0x2c, 0x30,
    0x2c, 0x31, 0x2c, 0x31, 0x2e, 0x35, 0x31, 0x2d, 0x33, 0x2e, 0x32, 0x34, 0x6c, 0x33, 0x2e, 0x34,
    0x38, 0x2d, 0x31, 0x2e, 0x35, 0x39, 0x61, 0x33, 0x2c, 0x33, 0x2c, 0x30, 0x2c, 0x30, 0x2c, 0x31,
    0x2c, 0x31, 0x2e, 0x31, 0x35, 0x2d, 0x2e, 0x32, 0x34, 0x41, 0x32, 0x2e, 0x37, 0x37, 0x2c, 0x32,
    0x2e, 0x37, 0x37, 0x2c, 0x30, 0x2c, 0x30, 0x2c, 0x31, 0x2c, 0x33, 0x37, 0x2c, 0x31, 0x38, 0x2e,
    0x34, 0x35, 0x6c, 0x31, 0x2e, 0x36, 0x33, 0x2c, 0x32, 0x2e, 0x34, 0x31, 0x41, 0x2e, 0x33, 0x35,
    0x2e, 0x33, 0x35, 0x2c, 0x30, 0x2c, 0x30, 0x2c, 0x30, 0x2c, 0x33, 0x39, 0x2c, 0x32, 0x31, 0x61,
    0x31, 0x37, 0x2e, 0x33, 0x34, 0x2c, 0x31, 0x37, 0x2e, 0x33, 0x34, 0x2c, 0x30, 0x2c, 0x30, 0x2c,
    0x31, 0x2c, 0x32, 0x2e, 0x38, 0x38, 0x2d, 0x2e, 0x30, 0x39, 0x2e, 0x33, 0x31, 0x2e, 0x33, 0x31,
    0x2c, 0x30, 0x2c, 0x30, 0x2c, 0x30, 0x2c, 0x2e, 0x32, 0x39, 0x2d, 0x2e, 0x31, 0x34, 0x6c, 0x31,
    0x2e, 0x34, 0x33, 0x2d, 0x32, 0x2e, 0x34, 0x36, 0x41, 0x32, 0x2e, 0x38, 0x2c, 0x32, 0x2e, 0x38,
    0x2c, 0x30, 0x2c, 0x30, 0x2c, 0x31, 0x2c, 0x34, 0x36, 0x2c, 0x31, 0x36, 0x2e, 0x38, 0x38, 0x61,
    0x32, 0x2e, 0x36, 0x34, 0x2c, 0x32, 0x2e, 0x36, 0x34, 0x2c, 0x30, 0x2c, 0x30, 0x2c, 0x31, 0x2c,
    0x31, 0x2c, 0x2e, 0x31, 0x38, 0x6c, 0x33, 0x2e, 0x36, 0x32, 0x2c, 0x31, 0x2e, 0x33, 0x35, 0x61,
    0x32, 0x2e, 0x36, 0x35, 0x2c, 0x32, 0x2e, 0x36, 0x35, 0x2c, 0x30, 0x2c, 0x30, 0x2c, 0x31, 0x2c,
    0x31, 0x2c, 0x2e, 0x36, 0x36, 0x2c, 0x32, 0x35, 0x2e, 0x36, 0x38, 0x2c, 0x32, 0x35, 0x2e, 0x36,
    0x38, 0x2c, 0x30, 0x2c, 0x30, 0x2c, 0x31, 0x2c, 0x32, 0x2e, 0x32, 0x38, 0x2d, 0x31, 0x2e, 0x39,
    0x31, 0x63, 0x2d, 0x36, 0x2e, 0x31, 0x36, 0x2e, 0x31, 0x2d, 0x37, 0x2e, 0x35, 0x36, 0x2d, 0x31,
    0x2e, 0x31, 0x38, 0x2d, 0x33, 0x2e, 0x35, 0x36, 0x2d, 0x36, 0x2e, 0x30, 0x36, 0x2d, 0x38, 0x2e,
    0x33, 0x34, 0x2c, 0x33, 0x2e, 0x31, 0x36, 0x2d, 0x31, 0x31, 0x2e, 0x32, 0x38, 0x2c, 0x32, 0x2e,
    0x37, 0x33, 0x2d, 0x39, 0x2e, 0x37, 0x35, 0x2d, 0x36, 0x2d, 0x36, 0x2e, 0x36, 0x33, 0x2c, 0x38,
    0x2e, 0x37, 0x33, 0x2d, 0x39, 0x2e, 0x32, 0x31, 0x2c, 0x34, 0x2e, 0x32, 0x37, 0x2d, 0x31, 0x30,
    0x2e, 0x37, 0x38, 0x2e, 0x34, 0x35, 0x43, 0x32, 0x38, 0x2e, 0x35, 0x36, 0x2c, 0x31, 0x30, 0x2e,
    0x32, 0x37, 0x2c, 0x32, 0x35, 0x2e, 0x39, 0x32, 0x2c, 0x31, 0x35, 0x2c, 0x31, 0x38, 0x2c, 0x37,
    0x2e, 0x31, 0x34, 0x63, 0x33, 0x2e, 0x38, 0x34, 0x2c, 0x39, 0x2e, 0x32, 0x31, 0x2c, 0x31, 0x2e,
    0x37, 0x35, 0x2c, 0x31, 0x30, 0x2e, 0x31, 0x35, 0x2d, 0x38, 0x2e, 0x32, 0x38, 0x2c, 0x37, 0x2e,
    0x34, 0x35, 0x2c, 0x36, 0x2e, 0x34, 0x39, 0x2c, 0x35, 0x2c, 0x35, 0x2c, 0x36, 0x2e, 0x34, 0x33,
    0x2d, 0x33, 0x2e, 0x33, 0x35, 0x2c, 0x37, 0x2e, 0x33, 0x35, 0x2c, 0x37, 0x2e, 0x38, 0x34, 0x2c,
    0x33, 0x2e, 0x35, 0x32, 0x2c, 0x38, 0x2c, 0x36, 0x2e, 0x32, 0x35, 0x2c, 0x31, 0x2e, 0x30, 0x39,
    0x2c, 0x31, 0x31, 0x2e, 0x33, 0x33, 0x2c, 0x37, 0x2e, 0x36, 0x36, 0x2d, 0x2e, 0x34, 0x36, 0x2c,
    0x31, 0x30, 0x2e, 0x33, 0x38, 0x2e, 0x38, 0x35, 0x2c, 0x37, 0x2e, 0x32, 0x35, 0x2c, 0x38, 0x2c,
    0x34, 0x2e, 0x34, 0x34, 0x2d, 0x32, 0x2e, 0x39, 0x34, 0x2c, 0x37, 0x2e, 0x32, 0x31, 0x2d, 0x34,
    0x2e, 0x34, 0x33, 0x2c, 0x39, 0x2d, 0x33, 0x2e, 0x38, 0x36, 0x68, 0x30, 0x41, 0x2e, 0x33, 0x33,
    0x2e, 0x33, 0x33, 0x2c, 0x30, 0x2c, 0x30, 0x2c, 0x30, 0x2c, 0x32, 0x33, 0x2e, 0x35, 0x2c, 0x33,
    0x37, 0x2e, 0x31, 0x35, 0x5a, 0x22, 0x20, 0x73, 0x74, 0x79, 0x6c, 0x65, 0x3d, 0x22, 0x66, 0x69,
    0x6c, 0x6c, 0x3a, 0x23, 0x66, 0x66, 0x66, 0x22, 0x2f, 0x3e, 0x3c, 0x2f, 0x73, 0x76, 0x67, 0x3e,
};
static const size_t main_toolbar_effect_settings_svg_len = 10336;

static const unsigned char main_toolbar_layer_blending_svg[] = {
    0x3c, 0x73, 0x76, 0x67, 0x20, 0x69, 0x64, 0x3d, 0x22, 0x4c, 0x61, 0x79, 0x65, 0x72, 0x5f, 0x31,
    0x22, 0x20, 0x64, 0x61, 0x74, 0x61, 0x2d, 0x6e, 0x61, 0x6d, 0x65, 0x3d, 0x22, 0x4c, 0x61, 0x79,
    0x65, 0x72, 0x20, 0x31, 0x22, 0x20, 0x78, 0x6d, 0x6c, 0x6e, 0x73, 0x3d, 0x22, 0x68, 0x74, 0x74,
    0x70, 0x3a, 0x2f, 0x2f, 0x77, 0x77, 0x77, 0x2e, 0x77, 0x33, 0x2e, 0x6f, 0x72, 0x67, 0x2f, 0x32,
    0x30, 0x30, 0x30, 0x2f, 0x73, 0x76, 0x67, 0x22, 0x20, 0x78, 0x6d, 0x6c, 0x6e, 0x73, 0x3a, 0x78,
    0x6c, 0x69, 0x6e, 0x6b, 0x3d, 0x22, 0x68, 0x74, 0x74, 0x70, 0x3a, 0x2f, 0x2f, 0x77, 0x77, 0x77,
    0x2e, 0x77, 0x33, 0x2e, 0x6f, 0x72, 0x67, 0x2f, 0x31, 0x39, 0x39, 0x39, 0x2f, 0x78, 0x6c, 0x69,
    0x6e, 0x6b, 0x22, 0x20, 0x76, 0x69, 0x65, 0x77, 0x42, 0x6f, 0x78, 0x3d, 0x22, 0x30, 0x20, 0x30,
    0x20, 0x36, 0x34, 0x2e, 0x32, 0x32, 0x20, 0x36, 0x34, 0x2e, 0x32, 0x31, 0x22, 0x3e, 0x3c, 0x64,
    0x65, 0x66, 0x73, 0x3e, 0x3c, 0x6c, 0x69, 0x6e, 0x65, 0x61, 0x72, 0x47, 0x72, 0x61, 0x64, 0x69,
    0x65, 0x6e, 0x74, 0x20, 0x69, 0x64, 0x3d, 0x22, 0x53, 0x70, 0x65, 0x63, 0x74, 0x72, 0x75, 0x6d,
    0x5f, 0x22, 0x20, 0x78, 0x31, 0x3d, 0x22, 0x2d, 0x32, 0x36, 0x32, 0x2e, 0x30, 0x35, 0x22, 0x20,
    0x79, 0x31, 0x3d, 0x22, 0x33, 0x31, 0x2e, 0x31, 0x33, 0x22, 0x20, 0x78, 0x32, 0x3d, 0x22, 0x34,
    0x31, 0x38, 0x2e, 0x39, 0x36, 0x22, 0x20, 0x79, 0x32, 0x3d, 0x22, 0x33, 0x31, 0x2e, 0x31, 0x33,
    0x22, 0x20, 0x67, 0x72, 0x61, 0x64, 0x69, 0x65, 0x6e, 0x74, 0x55, 0x6e, 0x69, 0x74, 0x73, 0x3d,
    0x22, 0x75, 0x73, 0x65, 0x72, 0x53, 0x70, 0x61, 0x63, 0x65, 0x4f, 0x6e, 0x55, 0x73, 0x65, 0x22,
    0x3e, 0x3c, 0x73, 0x74, 0x6f, 0x70, 0x20, 0x6f, 0x66, 0x66, 0x73, 0x65, 0x74, 0x3d, 0x22, 0x30,
    0x22, 0x20, 0x73, 0x74, 0x6f, 0x70, 0x2d, 0x63, 0x6f, 0x6c, 0x6f, 0x72, 0x3d, 0x22, 0x23, 0x30,
    0x30, 0x61, 0x38, 0x64, 0x65, 0x22, 0x2f, 0x3e, 0x3c, 0x73, 0x74, 0x6f, 0x70, 0x20, 0x6f, 0x66,
    0x66, 0x73, 0x65, 0x74, 0x3d, 0x22, 0x30, 0x2e, 0x32, 0x22, 0x20, 0x73, 0x74, 0x6f, 0x70, 0x2d,
    0x63, 0x6f, 0x6c, 0x6f, 0x72, 0x3d, 0x22, 0x23, 0x33, 0x33, 0x33, 0x33, 0x39, 0x31, 0x22, 0x2f,
    0x3e, 0x3c, 0x73, 0x74, 0x6f, 0x70, 0x20, 0x6f, 0x66, 0x66, 0x73, 0x65, 0x74, 0x3d, 0x22, 0x30,
    0x2e, 0x34, 0x22, 0x20, 0x73, 0x74, 0x6f, 0x70, 0x2d, 0x63, 0x6f, 0x6c, 0x6f, 0x72, 0x3d, 0x22,
    0x23, 0x65, 0x39, 0x31, 0x33, 0x38, 0x38, 0x22, 0x2f, 0x3e, 0x3c, 0x73, 0x74, 0x6f, 0x70, 0x20,
    0x6f, 0x66, 0x66, 0x73, 0x65, 0x74, 0x3d, 0x22, 0x30, 0x2e, 0x36, 0x22, 0x20, 0x73, 0x74, 0x6f,
    0x70, 0x2d, 0x63, 0x6f, 0x6c, 0x6f, 0x72, 0x3d, 0x22, 0x23, 0x65, 0x62, 0x32, 0x64, 0x32, 0x65,
    0x22, 0x2f, 0x3e, 0x3c, 0x73, 0x74, 0x6f, 0x70, 0x20, 0x6f, 0x66, 0x66, 0x73, 0x65, 0x74, 0x3d,
    0x22, 0x30, 0x2e, 0x38, 0x22, 0x20, 0x73, 0x74, 0x6f, 0x70, 0x2d, 0x63, 0x6f, 0x6c, 0x6f, 0x72,
    0x3d, 0x22, 0x23, 0x66, 0x64, 0x65, 0x39, 0x32, 0x62, 0x22, 0x2f, 0x3e, 0x3c, 0x73, 0x74, 0x6f,
    0x70, 0x20, 0x6f, 0x66, 0x66, 0x73, 0x65, 0x74, 0x3d, 0x22, 0x31, 0x22, 0x20, 0x73, 0x74, 0x6f,
    0x70, 0x2d, 0x63, 0x6f, 0x6c, 0x6f, 0x72, 0x3d, 0x22, 0x23, 0x30, 0x30, 0x39, 0x65, 0x35, 0x34,
    0x22, 0x2f, 0x3e, 0x3c, 0x2f, 0x6c, 0x69, 0x6e, 0x65, 0x61, 0x72, 0x47, 0x72, 0x61, 0x64, 0x69,
    0x65, 0x6e, 0x74, 0x3e, 0x3c, 0x2f, 0x64, 0x65, 0x66, 0x73, 0x3e, 0x3c, 0x70, 0x61, 0x74, 0x68,
    0x20, 0x64, 0x3d, 0x22, 0x4d, 0x36, 0x33, 0x2e, 0x38, 0x35, 0x2c, 0x32, 0x32, 0x2e, 0x36, 0x35,
    0x73, 0x30, 0x2c, 0x30, 0x2c, 0x30, 0x2c, 0x30, 0x6c, 0x30, 0x2c, 0x30, 0x73, 0x30, 0x2c, 0x30,
    0x2c, 0x30, 0x2c, 0x30, 0x2c, 0x30, 0x2c, 0x30, 0x2c, 0x30, 0x2c, 0x30, 0x6c, 0x30, 0x2c, 0x30,
    0x2c, 0x30, 0x2c, 0x30, 0x73, 0x30, 0x2c, 0x30, 0x2c, 0x30, 0x2c, 0x30, 0x2c, 0x30, 0x2c, 0x30,
    0x2c, 0x30, 0x2c, 0x30, 0x2c, 0x30, 0x2c, 0x30, 0x2c, 0x30, 0x2c, 0x30, 0x6c, 0x30, 0x2c, 0x30,
    0x61, 0x2e, 0x30, 0x38, 0x2e, 0x30, 0x38, 0x2c, 0x30, 0x2c, 0x30, 0x2c, 0x31, 0x2c, 0x30, 0x2c,
    0x30, 0x6c, 0x30, 0x2c, 0x30, 0x2c, 0x30, 0x2c, 0x30, 0x2c, 0x30, 0x2c, 0x30, 0x2c, 0x30, 0x2c,
    0x30, 0x2c, 0x30, 0x2c, 0x30, 0x2c, 0x30, 0x2c, 0x30, 0x2c, 0x30, 0x2c, 0x30, 0x73, 0x30, 0x2c,
    0x30, 0x2c, 0x30, 0x2c, 0x30, 0x2c, 0x30, 0x2c, 0x30, 0x2c, 0x30, 0x2c, 0x30, 0x2c, 0x30, 0x2c,
    0x30, 0x2c, 0x30, 0x2c, 0x30, 0x6c, 0x30, 0x2c, 0x30, 0x61, 0x2e, 0x30, 0x38, 0x2e, 0x30, 0x38,
    0x2c, 0x30, 0x2c, 0x30, 0x2c, 0x31, 0x2c, 0x30, 0x2c, 0x30, 0x6c, 0x30, 0x2c, 0x30, 0x73, 0x30,
    0x2c, 0x30, 0x2c, 0x30, 0x2c, 0x30, 0x61, 0x2e, 0x30, 0x38, 0x2e, 0x30, 0x38, 0x2c, 0x30, 0x2c,
    0x30, 0x2c, 0x30, 0x2c, 0x30, 0x2c, 0x30, 0x6c, 0x30, 0x2c, 0x30, 0x2c, 0x30, 0x2c, 0x30, 0x2c,
    0x30, 0x2c, 0x30, 0x2c, 0x30, 0x2c, 0x30, 0x2c, 0x30, 0x2c, 0x30, 0x73, 0x30, 0x2c, 0x30, 0x2c,
    0x30, 0x2c, 0x30, 0x6c, 0x30, 0x2c, 0x30, 0x2c, 0x30, 0x2c, 0x30, 0x2c, 0x30, 0x2c, 0x30, 0x73,
    0x30, 0x2c, 0x30, 0x2c, 0x30, 0x2c, 0x30, 0x2c, 0x30, 0x2c, 0x30, 0x2c, 0x30, 0x2c, 0x30, 0x6c,
    0x30, 0x2c, 0x30, 0x2c, 0x30, 0x2c, 0x30, 0x2c, 0x30, 0x2c, 0x30, 0x2c, 0x30, 0x2c, 0x30, 0x73,
    0x30, 0x2c, 0x30, 0x2c, 0x30, 0x2c, 0x30, 0x6c, 0x30, 0x2c, 0x30, 0x2c, 0x30, 0x2c, 0x30, 0x73,
    0x30, 0x2c, 0x30, 0x2c, 0x30, 0x2c, 0x30, 0x6c, 0x30, 0x2c, 0x30, 0x2c, 0x30, 0x2c, 0x30, 0x73,
    0x30, 0x2c, 0x30, 0x2c, 0x30, 0x2c, 0x30, 0x2c, 0x30, 0x2c, 0x30, 0x2c, 0x30, 0x2c, 0x30, 0x2c,
    0x30, 0x2c, 0x30, 0x2c, 0x30, 0x2c, 0x30, 0x61, 0x31, 0x2e, 0x31, 0x36, 0x2c, 0x31, 0x2e, 0x31,
    0x36, 0x2c, 0x30, 0x2c, 0x30, 0x2c, 0x30, 0x2d, 0x2e, 0x38, 0x36, 0x2d, 0x2e, 0x33, 0x37, 0x48,
    0x34, 0x33, 0x2e, 0x38, 0x36, 0x56, 0x33, 0x2e, 0x31, 0x36, 0x61, 0x31, 0x2e, 0x32, 0x31, 0x2c,
    0x31, 0x2e, 0x32, 0x31, 0x2c, 0x30, 0x2c, 0x30, 0x2c, 0x30, 0x2d, 0x2e, 0x33, 0x38, 0x2d, 0x2e,
    0x38, 0x37, 0x6c, 0x30, 0x2c, 0x30, 0x2c, 0x30, 0x2c, 0x30, 0x73, 0x30, 0x2c, 0x30, 0x2c, 0x30,
    0x2c, 0x30, 0x6c, 0x30, 0x2c, 0x30, 0x2c, 0x30, 0x2c, 0x30, 0x2c, 0x30, 0x2c, 0x30, 0x2c, 0x30,
    0x2c, 0x30, 0x2c, 0x30, 0x2c, 0x30, 0x2c, 0x30, 0x2c, 0x30, 0x2c, 0x30, 0x2c, 0x30, 0x2c, 0x30,
    0x2c, 0x30, 0x2c, 0x30, 0x2c, 0x30, 0x2c, 0x30, 0x2c, 0x30, 0x2c, 0x30, 0x2c, 0x30, 0x2c, 0x30,
    0x2c, 0x30, 0x2c, 0x30, 0x2c, 0x30, 0x2c, 0x30, 0x2c, 0x30, 0x2c, 0x30, 0x2c, 0x30, 0x2c, 0x30,
    0x2c, 0x30, 0x2c, 0x30, 0x2c, 0x30, 0x2c, 0x30, 0x2c, 0x30, 0x2c, 0x30, 0x2c, 0x30, 0x2c, 0x30,
    0x2c, 0x30, 0x2c, 0x30, 0x2c, 0x30, 0x2c, 0x30, 0x2c, 0x30, 0x2c, 0x30, 0x2c, 0x30, 0x2c, 0x30,
    0x2c, 0x30, 0x2c, 0x30, 0x2c, 0x30, 0x2c, 0x30, 0x2c, 0x30, 0x2c, 0x30, 0x2c, 0x30, 0x2c, 0x30,
    0x2c, 0x30, 0x2c, 0x30, 0x2c, 0x30, 0x2c, 0x30, 0x2c, 0x30, 0x2c, 0x30, 0x2c, 0x30, 0x2c, 0x30,
    0x2c, 0x30, 0x2c, 0x30, 0x2c, 0x30, 0x2c, 0x30, 0x2c, 0x30, 0x2c, 0x30, 0x2c, 0x30, 0x2c, 0x30,
    0x2c, 0x30, 0x2c, 0x30, 0x2c, 0x30, 0x2c, 0x30, 0x2c, 0x30, 0x2c, 0x30, 0x2c, 0x30, 0x2c, 0x30,
    0x2c, 0x30, 0x2c, 0x30, 0x2c, 0x30, 0x2c, 0x30, 0x2c, 0x30, 0x2c, 0x30, 0x2c, 0x30, 0x2c, 0x30,
    0x2c, 0x30, 0x2c, 0x30, 0x2c, 0x30, 0x2c, 0x30, 0x2c, 0x30, 0x2c, 0x30, 0x2c, 0x30, 0x41, 0x31,
    0x2e, 0x31, 0x38, 0x2c, 0x31, 0x2e, 0x31, 0x38, 0x2c, 0x30, 0x2c, 0x30, 0x2c, 0x30, 0x2c, 0x34,
    0x30, 0x2e, 0x37, 0x31, 0x2c, 0x30, 0x48, 0x31, 0x2e, 0x32, 0x31, 0x41, 0x31, 0x2e, 0x32, 0x2c,
    0x31, 0x2e, 0x32, 0x2c, 0x30, 0x2c, 0x30, 0x2c, 0x30, 0x2c, 0x30, 0x2c, 0x31, 0x2e, 0x32, 0x56,
    0x34, 0x30, 0x2e, 0x37, 0x31, 0x61, 0x31, 0x2e, 0x32, 0x2c, 0x31, 0x2e, 0x32, 0x2c, 0x30, 0x2c,
    0x30, 0x2c, 0x30, 0x2c, 0x2e, 0x33, 0x38, 0x2e, 0x38, 0x36, 0x6c, 0x30, 0x2c, 0x30, 0x2c, 0x30,
    0x2c, 0x30, 0x2c, 0x30, 0x2c, 0x30, 0x2c, 0x30, 0x2c, 0x30, 0x2c, 0x30, 0x2c, 0x30, 0x2c, 0x30,
    0x2c, 0x30, 0x2c, 0x30, 0x2c, 0x30, 0x2c, 0x30, 0x2c, 0x30, 0x2c, 0x30, 0x2c, 0x30, 0x2c, 0x30,
    0x2c, 0x30, 0x2c, 0x30, 0x2c, 0x30, 0x2c, 0x30, 0x2c, 0x30, 0x2c, 0x30, 0x2c, 0x30, 0x2c, 0x30,
    0x2c, 0x30, 0x73, 0x30, 0x2c, 0x30, 0x2c, 0x30, 0x2c, 0x30, 0x6c, 0x30, 0x2c, 0x30, 0x2c, 0x30,
    0x2c, 0x30, 0x2c, 0x30, 0x2c, 0x30, 0x2c, 0x30, 0x2c, 0x30, 0x2c, 0x30, 0x2c, 0x30, 0x2c, 0x30,
    0x2c, 0x30, 0x2c, 0x30, 0x2c, 0x30, 0x2c, 0x30, 0x2c, 0x30, 0x2c, 0x30, 0x2c, 0x30, 0x2c, 0x30,
    0x2c, 0x30, 0x2c, 0x30, 0x2c, 0x30, 0x2c, 0x30, 0x2c, 0x30, 0x2c, 0x30, 0x2c, 0x30, 0x2c, 0x30,
    0x2c, 0x30, 0x2c, 0x30, 0x2c, 0x30, 0x2c, 0x30, 0x2c, 0x30, 0x2c, 0x30, 0x2c, 0x30, 0x2c, 0x30,
    0x2c, 0x30, 0x2c, 0x30, 0x2c, 0x30, 0x2c, 0x30, 0x2c, 0x30, 0x61, 0x2e, 0x30, 0x38, 0x2e, 0x30,
    0x38, 0x2c, 0x30, 0x2c, 0x30, 0x2c, 0x30, 0x2c, 0x30, 0x2c, 0x30, 0x6c, 0x30, 0x2c, 0x30, 0x2c,
    0x30, 0x2c, 0x30, 0x2c, 0x30, 0x2c, 0x30, 0x2c, 0x30, 0x2c, 0x30, 0x2c, 0x30, 0x2c, 0x30, 0x2c,
    0x30, 0x2c, 0x30, 0x2c, 0x30, 0x2c, 0x30, 0x2c, 0x30, 0x2c, 0x30, 0x2c, 0x30, 0x2c, 0x30, 0x2c,
    0x30, 0x2c, 0x30, 0x2c, 0x30, 0x2c, 0x30, 0x2c, 0x30, 0x2c, 0x30, 0x2c, 0x30, 0x2c, 0x30, 0x2c,
    0x30, 0x2c, 0x30, 0x61, 0x31, 0x2e, 0x32, 0x2c, 0x31, 0x2e, 0x32, 0x2c, 0x30, 0x2c, 0x30, 0x2c,
    0x30, 0x2c, 0x2e, 0x38, 0x37, 0x2e, 0x33, 0x37, 0x68, 0x31, 0x37, 0x2e, 0x32, 0x76, 0x31, 0x37,
    0x2e, 0x32, 0x61, 0x31, 0x2e, 0x31, 0x39, 0x2c, 0x31, 0x2e, 0x31, 0x39, 0x2c, 0x30, 0x2c, 0x30,
    0x2c, 0x30, 0x2c, 0x2e, 0x33, 0x38, 0x2e, 0x38, 0x36, 0x6c, 0x30, 0x2c, 0x30, 0x2c, 0x30, 0x2c,
    0x30, 0x2c, 0x30, 0x2c, 0x30, 0x2c, 0x30, 0x2c, 0x30, 0x2c, 0x30, 0x2c, 0x30, 0x2c, 0x30, 0x2c,
    0x30, 0x2c, 0x30, 0x2c, 0x30, 0x2c, 0x30, 0x2c, 0x30, 0x2c, 0x30, 0x2c, 0x30, 0x2c, 0x30, 0x2c,
    0x30, 0x61, 0x2e, 0x30, 0x38, 0x2e, 0x30, 0x38, 0x2c, 0x30, 0x2c, 0x30, 0x2c, 0x31, 0x2c, 0x30,
    0x2c, 0x30, 0x73, 0x30, 0x2c, 0x30, 0x2c, 0x30, 0x2c, 0x30, 0x6c, 0x30, 0x2c, 0x30, 0x61, 0x2e,
    0x30, 0x38, 0x2e, 0x30, 0x38, 0x2c, 0x30, 0x2c, 0x30, 0x2c, 0x30, 0x2c, 0x30, 0x2c, 0x30, 0x6c,
    0x30, 0x2c, 0x30, 0x73, 0x30, 0x2c, 0x30, 0x2c, 0x30, 0x2c, 0x30, 0x61, 0x2e, 0x30, 0x38, 0x2e,
    0x30, 0x38, 0x2c, 0x30, 0x2c, 0x30, 0x2c, 0x31, 0x2c, 0x30, 0x2c, 0x30, 0x6c, 0x30, 0x2c, 0x30,
    0x2c, 0x30, 0x2c, 0x30, 0x2c, 0x30, 0x2c, 0x30, 0x2c, 0x30, 0x2c, 0x30, 0x2c, 0x30, 0x2c, 0x30,
    0x2c, 0x30, 0x2c, 0x30, 0x73, 0x30, 0x2c, 0x30, 0x2c, 0x30, 0x2c, 0x30, 0x6c, 0x30, 0x2c, 0x30,
    0x61, 0x2e, 0x30, 0x38, 0x2e, 0x30, 0x38, 0x2c, 0x30, 0x2c, 0x30, 0x2c, 0x30, 0x2c, 0x30, 0x2c,
    0x30, 0x6c, 0x30, 0x2c, 0x30, 0x61, 0x2e, 0x30, 0x38, 0x2e, 0x30, 0x38, 0x2c, 0x30, 0x2c, 0x30,
    0x2c, 0x31, 0x2c, 0x30, 0x2c, 0x30, 0x6c, 0x30, 0x2c, 0x30, 0x2c, 0x30, 0x2c, 0x30, 0x2c, 0x30,
    0x2c, 0x30, 0x2c, 0x30, 0x2c, 0x30, 0x2c, 0x30, 0x2c, 0x30, 0x73, 0x30, 0x2c, 0x30, 0x2c, 0x30,
    0x2c, 0x30, 0x6c, 0x30, 0x2c, 0x30, 0x61, 0x2e, 0x30, 0x38, 0x2e, 0x30, 0x38, 0x2c, 0x30, 0x2c,
    0x30, 0x2c, 0x30, 0x2c, 0x30, 0x2c, 0x30, 0x2c, 0x2e, 0x30, 0x38, 0x2e, 0x30, 0x38, 0x2c, 0x30,
    0x2c, 0x30, 0x2c, 0x30, 0x2c, 0x30, 0x2c, 0x30, 0x6c, 0x30, 0x2c, 0x30, 0x2c, 0x30, 0x2c, 0x30,
    0x2c, 0x30, 0x2c, 0x30, 0x2c, 0x30, 0x2c, 0x30, 0x61, 0x2e, 0x30, 0x38, 0x2e, 0x30, 0x38, 0x2c,
    0x30, 0x2c, 0x30, 0x2c, 0x30, 0x2c, 0x30, 0x2c, 0x30, 0x6c, 0x30, 0x2c, 0x30, 0x2c, 0x30, 0x2c,
    0x30, 0x73, 0x30, 0x2c, 0x30, 0x2c, 0x30, 0x2c, 0x30, 0x6c, 0x30, 0x2c, 0x30, 0x2c, 0x30, 0x2c,
    0x30, 0x2c, 0x30, 0x2c, 0x30, 0x61, 0x2e, 0x30, 0x38, 0x2e, 0x30, 0x38, 0x2c, 0x30, 0x2c, 0x30,
    0x2c, 0x30, 0x2c, 0x30, 0x2c, 0x30, 0x6c, 0x30, 0x2c, 0x30, 0x61, 0x31, 0x2e, 0x32, 0x2c, 0x31,
    0x2e, 0x32, 0x2c, 0x30, 0x2c, 0x30, 0x2c, 0x30, 0x2c, 0x2e, 0x38, 0x37, 0x2e, 0x33, 0x37, 0x48,
    0x36, 0x33, 0x41, 0x31, 0x2e, 0x32, 0x2c, 0x31, 0x2e, 0x32, 0x2c, 0x30, 0x2c, 0x30, 0x2c, 0x30,
    0x2c, 0x36, 0x34, 0x2e, 0x32, 0x32, 0x2c, 0x36, 0x33, 0x56, 0x32, 0x33, 0x2e, 0x35, 0x31, 0x41,
    0x31, 0x2e, 0x31, 0x36, 0x2c, 0x31, 0x2e, 0x31, 0x36, 0x2c, 0x30, 0x2c, 0x30, 0x2c, 0x30, 0x2c,
    0x36, 0x33, 0x2e, 0x38, 0x35, 0x2c, 0x32, 0x32, 0x2e, 0x36, 0x35, 0x5a, 0x22, 0x20, 0x73, 0x74,
    0x79, 0x6c, 0x65, 0x3d, 0x22, 0x66, 0x69, 0x6c, 0x6c, 0x3a, 0x23, 0x35, 0x38, 0x35, 0x39, 0x35,
    0x62, 0x22, 0x2f, 0x3e, 0x3c, 0x70, 0x61, 0x74, 0x68, 0x20, 0x64, 0x3d, 0x22, 0x4d, 0x32, 0x32,
    0x2e, 0x30, 0x39, 0x2c, 0x32, 0x30, 0x2e, 0x38, 0x34, 0x48, 0x34, 0x30, 0x2e, 0x34, 0x38, 0x56,
    0x32, 0x2e, 0x34, 0x36, 0x68, 0x2d, 0x33, 0x38, 0x76, 0x33, 0x38, 0x68, 0x31, 0x38, 0x2e, 0x34,
    0x56, 0x32, 0x32, 0x2e, 0x30, 0x37, 0x61, 0x31, 0x2e, 0x32, 0x33, 0x2c, 0x31, 0x2e, 0x32, 0x33,
    0x2c, 0x30, 0x2c, 0x30, 0x2c, 0x31, 0x2c, 0x31, 0x2e, 0x32, 0x33, 0x2d, 0x31, 0x2e, 0x32, 0x33,
    0x22, 0x20, 0x73, 0x74, 0x79, 0x6c, 0x65, 0x3d, 0x22, 0x66, 0x69, 0x6c, 0x6c, 0x3a, 0x23, 0x66,
    0x66, 0x66, 0x22, 0x2f, 0x3e, 0x3c, 0x70, 0x61, 0x74, 0x68, 0x20, 0x64, 0x3d, 0x22, 0x4d, 0x34,
    0x30, 0x2e, 0x37, 0x31, 0x2c, 0x34, 0x31, 0x2e, 0x39, 0x31, 0x68, 0x2d, 0x31, 0x38, 0x76, 0x31,
    0x38, 0x48, 0x35, 0x39, 0x2e, 0x38, 0x36, 0x56, 0x32, 0x32, 0x2e, 0x37, 0x35, 0x68, 0x2d, 0x31,
    0x38, 0x76, 0x31, 0x38, 0x61, 0x31, 0x2e, 0x32, 0x2c, 0x31, 0x2e, 0x32, 0x2c, 0x30, 0x2c, 0x30,
    0x2c, 0x31, 0x2d, 0x31, 0x2e, 0x32, 0x2c, 0x31, 0x2e, 0x32, 0x22, 0x20, 0x73, 0x74, 0x79, 0x6c,
    0x65, 0x3d, 0x22, 0x66, 0x69, 0x6c, 0x6c, 0x3a, 0x23, 0x66, 0x66, 0x66, 0x22, 0x2f, 0x3e, 0x3c,
    0x70, 0x61, 0x74, 0x68, 0x20, 0x64, 0x3d, 0x22, 0x4d, 0x34, 0x30, 0x2e, 0x34, 0x38, 0x2c, 0x32,
    0x2e, 0x34, 0x36, 0x68, 0x2d, 0x33, 0x38, 0x76, 0x33, 0x38, 0x48, 0x32, 0x30, 0x2e, 0x38, 0x35,
    0x56, 0x32, 0x32, 0x2e, 0x30, 0x37, 0x61, 0x31, 0x2e, 0x32, 0x34, 0x2c, 0x31, 0x2e, 0x32, 0x34,
    0x2c, 0x30, 0x2c, 0x30, 0x2c, 0x31, 0x2c, 0x31, 0x2e, 0x32, 0x33, 0x2d, 0x31, 0x2e, 0x32, 0x33,
    0x68, 0x31, 0x38, 0x2e, 0x34, 0x5a, 0x22, 0x20, 0x73, 0x74, 0x79, 0x6c, 0x65, 0x3d, 0x22, 0x66,
    0x69, 0x6c, 0x6c, 0x3a, 0x6e, 0x6f, 0x6e, 0x65, 0x22, 0x2f, 0x3e, 0x3c, 0x70, 0x61, 0x74, 0x68,
    0x20, 0x64, 0x3d, 0x22, 0x4d, 0x34, 0x31, 0x2e, 0x39, 0x31, 0x2c, 0x34, 0x30, 0x2e, 0x37, 0x31,
    0x61, 0x31, 0x2e, 0x32, 0x2c, 0x31, 0x2e, 0x32, 0x2c, 0x30, 0x2c, 0x30, 0x2c, 0x31, 0x2d, 0x31,
    0x2e, 0x32, 0x2c, 0x31, 0x2e, 0x32, 0x68, 0x2d, 0x31, 0x38, 0x76, 0x31, 0x38, 0x48, 0x35, 0x39,
    0x2e, 0x38, 0x36, 0x56, 0x32, 0x32, 0x2e, 0x37, 0x35, 0x68, 0x2d, 0x31, 0x38, 0x5a, 0x22, 0x20,
    0x73, 0x74, 0x79, 0x6c, 0x65, 0x3d, 0x22, 0x66, 0x69, 0x6c, 0x6c, 0x3a, 0x6e, 0x6f, 0x6e, 0x65,
    0x22, 0x2f, 0x3e, 0x3c, 0x70, 0x61, 0x74, 0x68, 0x20, 0x64, 0x3d, 0x22, 0x4d, 0x36, 0x31, 0x2e,
    0x30, 0x37, 0x2c, 0x32, 0x30, 0x2e, 0x33, 0x36, 0x48, 0x34, 0x31, 0x2e, 0x39, 0x31, 0x56, 0x31,
    0x2e, 0x32, 0x31, 0x41, 0x31, 0x2e, 0x32, 0x2c, 0x31, 0x2e, 0x32, 0x2c, 0x30, 0x2c, 0x30, 0x2c,
    0x30, 0x2c, 0x34, 0x30, 0x2e, 0x37, 0x31, 0x2c, 0x30, 0x48, 0x31, 0x2e, 0x32, 0x31, 0x41, 0x31,
    0x2e, 0x32, 0x2c, 0x31, 0x2e, 0x32, 0x2c, 0x30, 0x2c, 0x30, 0x2c, 0x30, 0x2c, 0x30, 0x2c, 0x31,
    0x2e, 0x32, 0x56, 0x34, 0x30, 0x2e, 0x37, 0x31, 0x41, 0x31, 0x2e, 0x31, 0x39, 0x2c, 0x31, 0x2e,
    0x31, 0x39, 0x2c, 0x30, 0x2c, 0x30, 0x2c, 0x30, 0x2c, 0x31, 0x2e, 0x32, 0x2c, 0x34, 0x31, 0x2e,
    0x39, 0x48, 0x32, 0x30, 0x2e, 0x33, 0x36, 0x56, 0x36, 0x31, 0x2e, 0x30, 0x36, 0x61, 0x31, 0x2e,
    0x32, 0x31, 0x2c, 0x31, 0x2e, 0x32, 0x31, 0x2c, 0x30, 0x2c, 0x30, 0x2c, 0x30, 0x2c, 0x31, 0x2e,
    0x32, 0x31, 0x2c, 0x31, 0x2e, 0x31, 0x39, 0x68, 0x33, 0x39, 0x2e, 0x35, 0x61, 0x31, 0x2e, 0x31,
    0x39, 0x2c, 0x31, 0x2e, 0x31, 0x39, 0x2c, 0x30, 0x2c, 0x30, 0x2c, 0x30, 0x2c, 0x31, 0x2e, 0x32,
    0x2d, 0x31, 0x2e, 0x31, 0x39, 0x56, 0x32, 0x31, 0x2e, 0x35, 0x36, 0x41, 0x31, 0x2e, 0x31, 0x39,
    0x2c, 0x31, 0x2e, 0x31, 0x39, 0x2c, 0x30, 0x2c, 0x30, 0x2c, 0x30, 0x2c, 0x36, 0x31, 0x2e, 0x30,
    0x37, 0x2c, 0x32, 0x30, 0x2e, 0x33, 0x36, 0x5a, 0x4d, 0x32, 0x30, 0x2e, 0x33, 0x36, 0x2c, 0x32,
    0x31, 0x2e, 0x35, 0x35, 0x76, 0x31, 0x38, 0x48, 0x32, 0x2e, 0x34, 0x56, 0x32, 0x2e, 0x34, 0x48,
    0x33, 0x39, 0x2e, 0x35, 0x32, 0x76, 0x31, 0x38, 0x68, 0x2d, 0x31, 0x38, 0x41, 0x31, 0x2e, 0x32,
    0x2c, 0x31, 0x2e, 0x32, 0x2c, 0x30, 0x2c, 0x30, 0x2c, 0x30, 0x2c, 0x32, 0x30, 0x2e, 0x33, 0x36,
    0x2c, 0x32, 0x31, 0x2e, 0x35, 0x35, 0x5a, 0x6d, 0x33, 0x39, 0x2e, 0x35, 0x2c, 0x33, 0x38, 0x2e,
    0x33, 0x32, 0x48, 0x32, 0x32, 0x2e, 0x37, 0x35, 0x76, 0x2d, 0x31, 0x38, 0x68, 0x31, 0x38, 0x61,
    0x31, 0x2e, 0x32, 0x2c, 0x31, 0x2e, 0x32, 0x2c, 0x30, 0x2c, 0x30, 0x2c, 0x30, 0x2c, 0x31, 0x2e,
    0x32, 0x2d, 0x31, 0x2e, 0x32, 0x76, 0x2d, 0x31, 0x38, 0x68, 0x31, 0x38, 0x5a, 0x22, 0x20, 0x73,
    0x74, 0x79, 0x6c, 0x65, 0x3d, 0x22, 0x66, 0x69, 0x6c, 0x6c, 0x3a, 0x75, 0x72, 0x6c, 0x28, 0x23,
    0x53, 0x70, 0x65, 0x63, 0x74, 0x72, 0x75, 0x6d, 0x5f, 0x29, 0x22, 0x2f, 0x3e, 0x3c, 0x2f, 0x73,
    0x76, 0x67, 0x3e,
};
static const size_t main_toolbar_layer_blending_svg_len = 2643;

static const unsigned char main_toolbar_layer_settings_svg[] = {
    0x3c, 0x73, 0x76, 0x67, 0x20, 0x69, 0x64, 0x3d, 0x22, 0x4c, 0x61, 0x79, 0x65, 0x72, 0x5f, 0x31,
    0x22, 0x20, 0x64, 0x61, 0x74, 0x61, 0x2d, 0x6e, 0x61, 0x6d, 0x65, 0x3d, 0x22, 0x4c, 0x61, 0x79,
    0x65, 0x72, 0x20, 0x31, 0x22, 0x20, 0x78, 0x6d, 0x6c, 0x6e, 0x73, 0x3d, 0x22, 0x68, 0x74, 0x74,
    0x70, 0x3a, 0x2f, 0x2f, 0x77, 0x77, 0x77, 0x2e, 0x77, 0x33, 0x2e, 0x6f, 0x72, 0x67, 0x2f, 0x32,
    0x30, 0x30, 0x30, 0x2f, 0x73, 0x76, 0x67, 0x22, 0x20, 0x78, 0x6d, 0x6c, 0x6e, 0x73, 0x3a, 0x78,
    0x6c, 0x69, 0x6e, 0x6b, 0x3d, 0x22, 0x68, 0x74, 0x74, 0x70, 0x3a, 0x2f, 0x2f, 0x77, 0x77, 0x77,
    0x2e, 0x77, 0x33, 0x2e, 0x6f, 0x72, 0x67, 0x2f, 0x31, 0x39, 0x39, 0x39, 0x2f, 0x78, 0x6c, 0x69,
    0x6e, 0x6b, 0x22, 0x20, 0x76, 0x69, 0x65, 0x77, 0x42, 0x6f, 0x78, 0x3d, 0x22, 0x30, 0x20, 0x30,
    0x20, 0x36, 0x34, 0x2e, 0x33, 0x38, 0x20, 0x36, 0x34, 0x2e, 0x32, 0x38, 0x22, 0x3e, 0x3c, 0x64,
    0x65, 0x66, 0x73, 0x3e, 0x3c, 0x6c, 0x69, 0x6e, 0x65, 0x61, 0x72, 0x47, 0x72, 0x61, 0x64, 0x69,
    0x65, 0x6e, 0x74, 0x20, 0x69, 0x64, 0x3d, 0x22, 0x53, 0x70, 0x65, 0x63, 0x74, 0x72, 0x75, 0x6d,
    0x5f, 0x22, 0x20, 0x78, 0x31, 0x3d, 0x22, 0x2d, 0x31, 0x37, 0x33, 0x2e, 0x33, 0x37, 0x22, 0x20,
    0x79, 0x31, 0x3d, 0x22, 0x33, 0x31, 0x2e, 0x31, 0x36, 0x22, 0x20, 0x78, 0x32, 0x3d, 0x22, 0x35,
    0x30, 0x37, 0x2e, 0x36, 0x33, 0x22, 0x20, 0x79, 0x32, 0x3d, 0x22, 0x33, 0x31, 0x2e, 0x31, 0x36,
    0x22, 0x20, 0x67, 0x72, 0x61, 0x64, 0x69, 0x65, 0x6e, 0x74, 0x55, 0x6e, 0x69, 0x74, 0x73, 0x3d,
    0x22, 0x75, 0x73, 0x65, 0x72, 0x53, 0x70, 0x61, 0x63, 0x65, 0x4f, 0x6e, 0x55, 0x73, 0x65, 0x22,
    0x3e, 0x3c, 0x73, 0x74, 0x6f, 0x70, 0x20, 0x6f, 0x66, 0x66, 0x73, 0x65, 0x74, 0x3d, 0x22, 0x30,
    0x22, 0x20, 0x73, 0x74, 0x6f, 0x70, 0x2d, 0x63, 0x6f, 0x6c, 0x6f, 0x72, 0x3d, 0x22, 0x23, 0x30,
    0x30, 0x61, 0x38, 0x64, 0x65, 0x22, 0x2f, 0x3e, 0x3c, 0x73, 0x74, 0x6f, 0x70, 0x20, 0x6f, 0x66,
    0x66, 0x73, 0x65, 0x74, 0x3d, 0x22, 0x30, 0x2e, 0x32, 0x22, 0x20, 0x73, 0x74, 0x6f, 0x70, 0x2d,
    0x63, 0x6f, 0x6c, 0x6f, 0x72, 0x3d, 0x22, 0x23, 0x33, 0x33, 0x33, 0x33, 0x39, 0x31, 0x22, 0x2f,
    0x3e, 0x3c, 0x73, 0x74, 0x6f, 0x70, 0x20, 0x6f, 0x66, 0x66, 0x73, 0x65, 0x74, 0x3d, 0x22, 0x30,
    0x2e, 0x34, 0x22, 0x20, 0x73, 0x74, 0x6f, 0x70, 0x2d, 0x63, 0x6f, 0x6c, 0x6f, 0x72, 0x3d, 0x22,
    0x23, 0x65, 0x39, 0x31, 0x33, 0x38, 0x38, 0x22, 0x2f, 0x3e, 0x3c, 0x73, 0x74, 0x6f, 0x70, 0x20,
    0x6f, 0x66, 0x66, 0x73, 0x65, 0x74, 0x3d, 0x22, 0x30, 0x2e, 0x36, 0x22, 0x20, 0x73, 0x74, 0x6f,
    0x70, 0x2d, 0x63, 0x6f, 0x6c, 0x6f, 0x72, 0x3d, 0x22, 0x23, 0x65, 0x62, 0x32, 0x64, 0x32, 0x65,
    0x22, 0x2f, 0x3e, 0x3c, 0x73, 0x74, 0x6f, 0x70, 0x20, 0x6f, 0x66, 0x66, 0x73, 0x65, 0x74, 0x3d,
    0x22, 0x30, 0x2e, 0x38, 0x22, 0x20, 0x73, 0x74, 0x6f, 0x70, 0x2d, 0x63, 0x6f, 0x6c, 0x6f, 0x72,
    0x3d, 0x22, 0x23, 0x66, 0x64, 0x65, 0x39, 0x32, 0x62, 0x22, 0x2f, 0x3e, 0x3c, 0x73, 0x74, 0x6f,
    0x70, 0x20, 0x6f, 0x66, 0x66, 0x73, 0x65, 0x74, 0x3d, 0x22, 0x31, 0x22, 0x20, 0x73, 0x74, 0x6f,
    0x70, 0x2d, 0x63, 0x6f, 0x6c, 0x6f, 0x72, 0x3d, 0x22, 0x23, 0x30, 0x30, 0x39, 0x65, 0x35, 0x34,
    0x22, 0x2f, 0x3e, 0x3c, 0x2f, 0x6c, 0x69, 0x6e, 0x65, 0x61, 0x72, 0x47, 0x72, 0x61, 0x64, 0x69,
    0x65, 0x6e, 0x74, 0x3e, 0x3c, 0x2f, 0x64, 0x65, 0x66, 0x73, 0x3e, 0x3c, 0x70, 0x61, 0x74, 0x68,
    0x20, 0x64, 0x3d, 0x22, 0x4d, 0x36, 0x34, 0x2c, 0x34, 0x39, 0x73, 0x30, 0x2c, 0x30, 0x2c, 0x30,
    0x2c, 0x30, 0x6c, 0x30, 0x2c, 0x30, 0x2c, 0x30, 0x2c, 0x30, 0x2c, 0x30, 0x2c, 0x30, 0x61, 0x2e,
    0x30, 0x38, 0x2e, 0x30, 0x38, 0x2c, 0x30, 0x2c, 0x30, 0x2c, 0x31, 0x2c, 0x30, 0x2c, 0x30, 0x73,
    0x30, 0x2c, 0x30, 0x2c, 0x30, 0x2c, 0x30, 0x2c, 0x30, 0x2c, 0x30, 0x2c, 0x30, 0x2c, 0x30, 0x6c,
    0x30, 0x2c, 0x30, 0x2c, 0x30, 0x2c, 0x30, 0x61, 0x2e, 0x30, 0x38, 0x2e, 0x30, 0x38, 0x2c, 0x30,
    0x2c, 0x30, 0x2c, 0x31, 0x2c, 0x30, 0x2c, 0x30, 0x6c, 0x30, 0x2c, 0x30, 0x2c, 0x30, 0x2c, 0x30,
    0x2c, 0x30, 0x2c, 0x30, 0x61, 0x2e, 0x30, 0x38, 0x2e, 0x30, 0x38, 0x2c, 0x30, 0x2c, 0x30, 0x2c,
    0x30, 0x2c, 0x30, 0x2c, 0x30, 0x6c, 0x30, 0x2c, 0x30, 0x73, 0x30, 0x2c, 0x30, 0x2c, 0x30, 0x2c,
    0x30, 0x2c, 0x30, 0x2c, 0x30, 0x2c, 0x30, 0x2c, 0x30, 0x6c, 0x30, 0x2c, 0x30, 0x61, 0x2e, 0x30,
    0x38, 0x2e, 0x30, 0x38, 0x2c, 0x30, 0x2c, 0x30, 0x2c, 0x30, 0x2c, 0x30, 0x2c, 0x30, 0x6c, 0x30,
    0x2c, 0x30, 0x2c, 0x30, 0x2c, 0x30, 0x73, 0x30, 0x2c, 0x30, 0x2c, 0x30, 0x2c, 0x30, 0x6c, 0x30,
    0x2c, 0x30, 0x2c, 0x30, 0x2c, 0x30, 0x61, 0x2e, 0x30, 0x38, 0x2e, 0x30, 0x38, 0x2c, 0x30, 0x2c,
    0x30, 0x2c, 0x30, 0x2c, 0x30, 0x2c, 0x30, 0x6c, 0x30, 0x2c, 0x30, 0x2c, 0x30, 0x2c, 0x30, 0x2c,
    0x30, 0x2c, 0x30, 0x73, 0x30, 0x2c, 0x30, 0x2c, 0x30, 0x2c, 0x30, 0x6c, 0x30, 0x2c, 0x30, 0x61,
    0x2e, 0x30, 0x38, 0x2e, 0x30, 0x38, 0x2c, 0x30, 0x2c, 0x30, 0x2c, 0x30, 0x2c, 0x30, 0x2c, 0x30,
    0x6c, 0x30, 0x2c, 0x30, 0x2c, 0x30, 0x2c, 0x30, 0x73, 0x30, 0x2c, 0x30, 0x2c, 0x30, 0x2c, 0x30,
    0x6c, 0x30, 0x2c, 0x30, 0x2c, 0x30, 0x2c, 0x30, 0x2c, 0x30, 0x2c, 0x30, 0x2c, 0x30, 0x2c, 0x30,
    0x73, 0x30, 0x2c, 0x30, 0x2c, 0x30, 0x2c, 0x30, 0x6c, 0x30, 0x2c, 0x30, 0x2c, 0x30, 0x2c, 0x30,
    0x61, 0x2e, 0x30, 0x38, 0x2e, 0x30, 0x38, 0x2c, 0x30, 0x2c, 0x30, 0x2c, 0x30, 0x2c, 0x30, 0x2c,
    0x30, 0x2c, 0x2e, 0x30, 0x38, 0x2e, 0x30, 0x38, 0x2c, 0x30, 0x2c, 0x30, 0x2c, 0x30, 0x2c, 0x30,
    0x2c, 0x30, 0x6c, 0x30, 0x2c, 0x30, 0x61, 0x2e, 0x30, 0x38, 0x2e, 0x30, 0x38, 0x2c, 0x30, 0x2c,
    0x30, 0x2c, 0x31, 0x2c, 0x30, 0x2c, 0x30, 0x73, 0x30, 0x2c, 0x30, 0x2c, 0x30, 0x2c, 0x30, 0x6c,
    0x30, 0x2c, 0x30, 0x2c, 0x30, 0x2c, 0x30, 0x2c, 0x30, 0x2c, 0x30, 0x2c, 0x30, 0x2c, 0x30, 0x61,
    0x31, 0x2e, 0x35, 0x35, 0x2c, 0x31, 0x2e, 0x35, 0x35, 0x2c, 0x30, 0x2c, 0x30, 0x2c, 0x30, 0x2d,
    0x2e, 0x33, 0x39, 0x2d, 0x2e, 0x33, 0x33, 0x6c, 0x2d, 0x31, 0x2e, 0x31, 0x31, 0x2d, 0x2e, 0x36,
    0x35, 0x61, 0x2e, 0x35, 0x39, 0x2e, 0x35, 0x39, 0x2c, 0x30, 0x2c, 0x30, 0x2c, 0x31, 0x2c, 0x30,
    0x2d, 0x2e, 0x31, 0x34, 0x2c, 0x31, 0x36, 0x2e, 0x32, 0x37, 0x2c, 0x31, 0x36, 0x2e, 0x32, 0x37,
    0x2c, 0x30, 0x2c, 0x30, 0x2c, 0x30, 0x2d, 0x2e, 0x30, 0x37, 0x2d, 0x32, 0x2e, 0x34, 0x32, 0x2c,
    0x31, 0x2e, 0x34, 0x38, 0x2c, 0x31, 0x2e, 0x34, 0x38, 0x2c, 0x30, 0x2c, 0x30, 0x2c, 0x31, 0x2c,
    0x2e, 0x36, 0x36, 0x2d, 0x31, 0x2e, 0x34, 0x32, 0x6c, 0x32, 0x2e, 0x33, 0x2d, 0x31, 0x2e, 0x35,
    0x36, 0x41, 0x31, 0x2e, 0x34, 0x2c, 0x31, 0x2e, 0x34, 0x2c, 0x30, 0x2c, 0x30, 0x2c, 0x30, 0x2c,
    0x36, 0x34, 0x2c, 0x33, 0x38, 0x2e, 0x38, 0x35, 0x6c, 0x2d, 0x2e, 0x37, 0x36, 0x2d, 0x31, 0x2e,
    0x36, 0x35, 0x2d, 0x2e, 0x37, 0x35, 0x2d, 0x31, 0x2e, 0x36, 0x35, 0x61, 0x31, 0x2e, 0x34, 0x33,
    0x2c, 0x31, 0x2e, 0x34, 0x33, 0x2c, 0x30, 0x2c, 0x30, 0x2c, 0x30, 0x2d, 0x2e, 0x33, 0x31, 0x2d,
    0x2e, 0x34, 0x32, 0x6c, 0x30, 0x2c, 0x30, 0x2c, 0x30, 0x2c, 0x30, 0x2c, 0x30, 0x2c, 0x30, 0x2c,
    0x30, 0x2c, 0x30, 0x2c, 0x30, 0x2c, 0x30, 0x2c, 0x30, 0x2c, 0x30, 0x2c, 0x30, 0x2c, 0x30, 0x2c,
    0x30, 0x2c, 0x30, 0x2c, 0x30, 0x2c, 0x30, 0x2c, 0x30, 0x2c, 0x30, 0x2c, 0x30, 0x2c, 0x30, 0x2c,
    0x30, 0x2c, 0x30, 0x2c, 0x30, 0x2c, 0x30, 0x2c, 0x30, 0x2c, 0x30, 0x2c, 0x30, 0x2c, 0x30, 0x2c,
    0x30, 0x2c, 0x30, 0x2c, 0x30, 0x2c, 0x30, 0x2c, 0x30, 0x2c, 0x30, 0x2c, 0x30, 0x2c, 0x30, 0x2c,
    0x30, 0x2c, 0x30, 0x2c, 0x30, 0x2c, 0x30, 0x2c, 0x30, 0x2c, 0x30, 0x2c, 0x30, 0x2c, 0x30, 0x2c,
    0x30, 0x2c, 0x30, 0x2c, 0x30, 0x2c, 0x30, 0x2c, 0x30, 0x2c, 0x30, 0x2c, 0x30, 0x2c, 0x30, 0x2c,
    0x30, 0x2c, 0x30, 0x2c, 0x30, 0x2c, 0x30, 0x2c, 0x30, 0x2c, 0x30, 0x2c, 0x30, 0x2c, 0x30, 0x2c,
    0x30, 0x2c, 0x30, 0x2c, 0x30, 0x2c, 0x30, 0x2c, 0x30, 0x2c, 0x30, 0x2c, 0x30, 0x2c, 0x30, 0x2c,
    0x30, 0x2c, 0x30, 0x2c, 0x30, 0x2c, 0x30, 0x2c, 0x30, 0x2c, 0x30, 0x2c, 0x30, 0x2c, 0x30, 0x2c,
    0x30, 0x2c, 0x30, 0x2c, 0x30, 0x2c, 0x30, 0x2c, 0x30, 0x2c, 0x30, 0x73, 0x30, 0x2c, 0x30, 0x2c,
    0x30, 0x2c, 0x30, 0x6c, 0x30, 0x2c, 0x30, 0x2c, 0x30, 0x2c, 0x30, 0x2c, 0x30, 0x2c, 0x30, 0x2c,
    0x30, 0x2c, 0x30, 0x2c, 0x30, 0x2c, 0x30, 0x2c, 0x30, 0x2c, 0x30, 0x2c, 0x30, 0x2c, 0x30, 0x61,
    0x31, 0x2e, 0x34, 0x31, 0x2c, 0x31, 0x2e, 0x34, 0x31, 0x2c, 0x30, 0x2c, 0x30, 0x2c, 0x30, 0x2d,
    0x31, 0x2e, 0x33, 0x36, 0x2d, 0x2e, 0x33, 0x38, 0x6c, 0x2d, 0x31, 0x2e, 0x32, 0x31, 0x2e, 0x33,
    0x34, 0x56, 0x31, 0x33, 0x61, 0x31, 0x2e, 0x32, 0x31, 0x2c, 0x31, 0x2e, 0x32, 0x31, 0x2c, 0x30,
    0x2c, 0x30, 0x2c, 0x30, 0x2d, 0x2e, 0x33, 0x38, 0x2d, 0x2e, 0x38, 0x37, 0x6c, 0x30, 0x2c, 0x30,
    0x2c, 0x30, 0x2c, 0x30, 0x2c, 0x30, 0x2c, 0x30, 0x2c, 0x30, 0x2c, 0x30, 0x2c, 0x30, 0x2c, 0x30,
    0x2c, 0x30, 0x2c, 0x30, 0x2c, 0x30, 0x2c, 0x30, 0x2c, 0x30, 0x2c, 0x30, 0x2c, 0x30, 0x2c, 0x30,
    0x61, 0x2e, 0x30, 0x38, 0x2e, 0x30, 0x38, 0x2c, 0x30, 0x2c, 0x30, 0x2c, 0x31, 0x2c, 0x30, 0x2c,
    0x30, 0x6c, 0x30, 0x2c, 0x30, 0x2c, 0x30, 0x2c, 0x30, 0x73, 0x30, 0x2c, 0x30, 0x2c, 0x30, 0x2c,
    0x30, 0x61, 0x2e, 0x30, 0x38, 0x2e, 0x30, 0x38, 0x2c, 0x30, 0x2c, 0x30, 0x2c, 0x30, 0x2c, 0x30,
    0x2c, 0x30, 0x6c, 0x30, 0x2c, 0x30, 0x61, 0x32, 0x36, 0x35, 0x33, 0x37, 0x37, 0x31, 0x35, 0x33,
    0x30, 0x32, 0x31, 0x35, 0x2e, 0x35, 0x39, 0x2c, 0x32, 0x36, 0x35, 0x33, 0x37, 0x37, 0x31, 0x35,
    0x33, 0x30, 0x32, 0x31, 0x35, 0x2e, 0x35, 0x39, 0x2c, 0x30, 0x2c, 0x30, 0x2c, 0x30, 0x2d, 0x2e,
    0x30, 0x38, 0x2d, 0x2e, 0x30, 0x38, 0x6c, 0x30, 0x2c, 0x30, 0x2c, 0x30, 0x2c, 0x30, 0x2c, 0x30,
    0x2c, 0x30, 0x73, 0x30, 0x2c, 0x30, 0x2c, 0x30, 0x2c, 0x30, 0x6c, 0x30, 0x2c, 0x30, 0x2c, 0x30,
    0x2d, 0x2e, 0x30, 0x35, 0x2c, 0x30, 0x2c, 0x30, 0x73, 0x30, 0x2c, 0x30, 0x2c, 0x30, 0x2c, 0x30,
    0x6c, 0x30, 0x2c, 0x30, 0x2c, 0x30, 0x2c, 0x30, 0x2c, 0x30, 0x2c, 0x30, 0x73, 0x30, 0x2c, 0x30,
    0x2c, 0x30, 0x2c, 0x30, 0x6c, 0x30, 0x2c, 0x30, 0x2c, 0x30, 0x2c, 0x30, 0x2c, 0x30, 0x2c, 0x30,
    0x2c, 0x30, 0x2c, 0x30, 0x2c, 0x30, 0x2c, 0x30, 0x73, 0x30, 0x2c, 0x30, 0x2c, 0x30, 0x2c, 0x30,
    0x2c, 0x30, 0x2c, 0x30, 0x2c, 0x30, 0x2c, 0x30, 0x2c, 0x30, 0x2c, 0x30, 0x2c, 0x30, 0x2c, 0x30,
    0x6c, 0x30, 0x2c, 0x30, 0x2c, 0x30, 0x2c, 0x30, 0x2c, 0x30, 0x2c, 0x30, 0x73, 0x30, 0x2c, 0x30,
    0x2c, 0x30, 0x2c, 0x30, 0x61, 0x2e, 0x30, 0x38, 0x2e, 0x30, 0x38, 0x2c, 0x30, 0x2c, 0x30, 0x2c,
    0x30, 0x2c, 0x30, 0x2c, 0x30, 0x6c, 0x30, 0x2c, 0x30, 0x2c, 0x30, 0x2c, 0x30, 0x2c, 0x30, 0x2c,
    0x30, 0x2c, 0x30, 0x2c, 0x30, 0x2c, 0x30, 0x2c, 0x30, 0x2c, 0x30, 0x2c, 0x30, 0x73, 0x30, 0x2c,
    0x30, 0x2c, 0x30, 0x2c, 0x30, 0x6c, 0x30, 0x2c, 0x30, 0x61, 0x31, 0x2e, 0x32, 0x36, 0x2c, 0x31,
    0x2e, 0x32, 0x36, 0x2c, 0x30, 0x2c, 0x30, 0x2c, 0x30, 0x2d, 0x2e, 0x38, 0x39, 0x2d, 0x2e, 0x33,
    0x38, 0x48, 0x34, 0x34, 0x2e, 0x36, 0x34, 0x56, 0x33, 0x2e, 0x31, 0x38, 0x61, 0x31, 0x2e, 0x31,
    0x38, 0x2c, 0x31, 0x2e, 0x31, 0x38, 0x2c, 0x30, 0x2c, 0x30, 0x2c, 0x30, 0x2d, 0x2e, 0x33, 0x38,
    0x2d, 0x2e, 0x38, 0x38, 0x73, 0x30, 0x2c, 0x30, 0x2c, 0x30, 0x2c, 0x30, 0x6c, 0x30, 0x2c, 0x30,
    0x2c, 0x30, 0x2c, 0x30, 0x73, 0x30, 0x2c, 0x30, 0x2c, 0x30, 0x2c, 0x30, 0x2c, 0x30, 0x2c, 0x30,
    0x2c, 0x30, 0x2c, 0x30, 0x6c, 0x30, 0x2c, 0x30, 0x2c, 0x30, 0x2c, 0x30, 0x2c, 0x30, 0x2c, 0x30,
    0x2c, 0x30, 0x2c, 0x30, 0x2c, 0x30, 0x2c, 0x30, 0x2c, 0x30, 0x2c, 0x30, 0x2c, 0x30, 0x2c, 0x30,
    0x2c, 0x30, 0x2c, 0x30, 0x61, 0x2e, 0x30, 0x38, 0x2e, 0x30, 0x38, 0x2c, 0x30, 0x2c, 0x30, 0x2c,
    0x31, 0x2c, 0x30, 0x2c, 0x30, 0x6c, 0x30, 0x2c, 0x30, 0x73, 0x30, 0x2c, 0x30, 0x2c, 0x30, 0x2c,
    0x30, 0x61, 0x2e, 0x30, 0x38, 0x2e, 0x30, 0x38, 0x2c, 0x30, 0x2c, 0x30, 0x2c, 0x30, 0x2c, 0x30,
    0x2c, 0x30, 0x6c, 0x30, 0x2c, 0x30, 0x2c, 0x30, 0x2c, 0x30, 0x61, 0x2e, 0x30, 0x38, 0x2e, 0x30,
    0x38, 0x2c, 0x30, 0x2c, 0x30, 0x2c, 0x31, 0x2c, 0x30, 0x2c, 0x30, 0x6c, 0x30, 0x2c, 0x30, 0x61,
    0x2e, 0x30, 0x38, 0x2e, 0x30, 0x38, 0x2c, 0x30, 0x2c, 0x30, 0x2c, 0x30, 0x2c, 0x30, 0x2c, 0x30,
    0x6c, 0x30, 0x2c, 0x30, 0x2c, 0x30, 0x2c, 0x30, 0x2c, 0x30, 0x2c, 0x30, 0x61, 0x2e, 0x30, 0x38,
    0x2e, 0x30, 0x38, 0x2c, 0x30, 0x2c, 0x30, 0x2c, 0x31, 0x2c, 0x30, 0x2c, 0x30, 0x6c, 0x30, 0x2c,
    0x30, 0x61, 0x2e, 0x30, 0x38, 0x2e, 0x30, 0x38, 0x2c, 0x30, 0x2c, 0x30, 0x2c, 0x30, 0x2c, 0x30,
    0x2c, 0x30, 0x73, 0x30, 0x2c, 0x30, 0x2c, 0x30, 0x2c, 0x30, 0x2c, 0x30, 0x2c, 0x30, 0x2c, 0x30,
    0x2c, 0x30, 0x6c, 0x30, 0x2c, 0x30, 0x2c, 0x30, 0x2c, 0x30, 0x73, 0x30, 0x2c, 0x30, 0x2c, 0x30,
    0x2c, 0x30, 0x6c, 0x30, 0x2c, 0x30, 0x2c, 0x30, 0x2c, 0x30, 0x2c, 0x30, 0x2c, 0x30, 0x61, 0x2e,
    0x30, 0x38, 0x2e, 0x30, 0x38, 0x2c, 0x30, 0x2c, 0x30, 0x2c, 0x31, 0x2c, 0x30, 0x2c, 0x30, 0x6c,
    0x30, 0x2c, 0x30, 0x2c, 0x30, 0x2c, 0x30, 0x61, 0x2e, 0x30, 0x38, 0x2e, 0x30, 0x38, 0x2c, 0x30,
    0x2c, 0x30, 0x2c, 0x30, 0x2c, 0x30, 0x2c, 0x30, 0x6c, 0x30, 0x2c, 0x30, 0x2c, 0x30, 0x2c, 0x30,
    0x2c, 0x30, 0x2c, 0x30, 0x2c, 0x30, 0x2c, 0x30, 0x2c, 0x30, 0x2c, 0x30, 0x61, 0x2e, 0x30, 0x38,
    0x2e, 0x30, 0x38, 0x2c, 0x30, 0x2c, 0x30, 0x2c, 0x30, 0x2c, 0x30, 0x2c, 0x30, 0x6c, 0x30, 0x2c,
    0x30, 0x2c, 0x30, 0x2c, 0x30, 0x61, 0x2e, 0x30, 0x38, 0x2e, 0x30, 0x38, 0x2c, 0x30, 0x2c, 0x30,
    0x2c, 0x31, 0x2c, 0x30, 0x2c, 0x30, 0x6c, 0x30, 0x2c, 0x30, 0x41, 0x31, 0x2e, 0x32, 0x31, 0x2c,
    0x31, 0x2e, 0x32, 0x31, 0x2c, 0x30, 0x2c, 0x30, 0x2c, 0x30, 0x2c, 0x34, 0x31, 0x2e, 0x34, 0x37,
    0x2c, 0x30, 0x48, 0x31, 0x2e, 0x32, 0x33, 0x41, 0x31, 0x2e, 0x32, 0x32, 0x2c, 0x31, 0x2e, 0x32,
    0x32, 0x2c, 0x30, 0x2c, 0x30, 0x2c, 0x30, 0x2c, 0x30, 0x2c, 0x31, 0x2e, 0x32, 0x32, 0x56, 0x34,
    0x31, 0x2e, 0x34, 0x37, 0x61, 0x31, 0x2e, 0x32, 0x31, 0x2c, 0x31, 0x2e, 0x32, 0x31, 0x2c, 0x30,
    0x2c, 0x30, 0x2c, 0x30, 0x2c, 0x2e, 0x33, 0x38, 0x2e, 0x38, 0x37, 0x6c, 0x30, 0x2c, 0x30, 0x2c,
    0x30, 0x2c, 0x30, 0x2c, 0x30, 0x2c, 0x30, 0x2c, 0x30, 0x2c, 0x30, 0x2c, 0x30, 0x2c, 0x30, 0x2c,
    0x30, 0x2c, 0x30, 0x2c, 0x30, 0x2c, 0x30, 0x2c, 0x30, 0x2c, 0x30, 0x2c, 0x30, 0x2c, 0x30, 0x2c,
    0x30, 0x2c, 0x30, 0x2c, 0x30, 0x2c, 0x30, 0x2c, 0x30, 0x2c, 0x30, 0x2c, 0x30, 0x2c, 0x30, 0x2c,
    0x30, 0x2c, 0x30, 0x2c, 0x30, 0x2c, 0x30, 0x2c, 0x30, 0x2c, 0x30, 0x2c, 0x30, 0x2c, 0x30, 0x2c,
    0x30, 0x2c, 0x30, 0x2c, 0x30, 0x2c, 0x30, 0x2c, 0x30, 0x2c, 0x30, 0x2c, 0x30, 0x2c, 0x30, 0x2c,
    0x30, 0x2c, 0x30, 0x2c, 0x30, 0x2c, 0x30, 0x2c, 0x30, 0x2c, 0x30, 0x2c, 0x30, 0x2c, 0x30, 0x2c,
    0x30, 0x2c, 0x30, 0x2c, 0x30, 0x2c, 0x30, 0x2c, 0x30, 0x2c, 0x30, 0x2c, 0x30, 0x2c, 0x30, 0x73,
    0x30, 0x2c, 0x30, 0x2c, 0x30, 0x2c, 0x30, 0x6c, 0x30, 0x2c, 0x30, 0x2c, 0x30, 0x2c, 0x30, 0x2c,
    0x30, 0x2c, 0x30, 0x2c, 0x30, 0x2c, 0x30, 0x73, 0x30, 0x2c, 0x30, 0x2c, 0x30, 0x2c, 0x30, 0x6c,
    0x30, 0x2c, 0x30, 0x2c, 0x30, 0x2c, 0x30, 0x2c, 0x30, 0x2c, 0x30, 0x2c, 0x30, 0x2c, 0x30, 0x2c,
    0x30, 0x2c, 0x30, 0x2c, 0x30, 0x2c, 0x30, 0x2c, 0x30, 0x2c, 0x30, 0x2c, 0x30, 0x2c, 0x30, 0x2c,
    0x30, 0x2c, 0x30, 0x2c, 0x30, 0x2c, 0x30, 0x2c, 0x30, 0x2c, 0x30, 0x2c, 0x30, 0x2c, 0x30, 0x2c,
    0x30, 0x2c, 0x30, 0x2c, 0x30, 0x2c, 0x30, 0x2c, 0x30, 0x2c, 0x30, 0x61, 0x31, 0x2e, 0x32, 0x33,
    0x2c, 0x31, 0x2e, 0x32, 0x33, 0x2c, 0x30, 0x2c, 0x30, 0x2c, 0x30, 0x2c, 0x2e, 0x38, 0x38, 0x2e,
    0x33, 0x38, 0x48, 0x31, 0x33, 0x56, 0x35, 0x31, 0x2e, 0x33, 0x61, 0x31, 0x2e, 0x31, 0x39, 0x2c,
    0x31, 0x2e, 0x31, 0x39, 0x2c, 0x30, 0x2c, 0x30, 0x2c, 0x30, 0x2c, 0x2e, 0x33, 0x38, 0x2e, 0x38,
    0x37, 0x6c, 0x30, 0x2c, 0x30, 0x61, 0x2e, 0x30, 0x38, 0x2e, 0x30, 0x38, 0x2c, 0x30, 0x2c, 0x30,
    0x2c, 0x30, 0x2c, 0x30, 0x2c, 0x30, 0x6c, 0x30, 0x2c, 0x30, 0x61, 0x2e, 0x30, 0x38, 0x2e, 0x30,
    0x38, 0x2c, 0x30, 0x2c, 0x30, 0x2c, 0x31, 0x2c, 0x30, 0x2c, 0x30, 0x6c, 0x30, 0x2c, 0x30, 0x2c,
    0x30, 0x2c, 0x30, 0x73, 0x30, 0x2c, 0x30, 0x2c, 0x30, 0x2c, 0x30, 0x61, 0x2e, 0x30, 0x38, 0x2e,
    0x30, 0x38, 0x2c, 0x30, 0x2c, 0x30, 0x2c, 0x30, 0x2c, 0x30, 0x2c, 0x30, 0x6c, 0x30, 0x2c, 0x30,
    0x61, 0x32, 0x36, 0x35, 0x33, 0x37, 0x37, 0x31, 0x35, 0x33, 0x30, 0x32, 0x31, 0x39, 0x2e, 0x38,
    0x31, 0x2c, 0x32, 0x36, 0x35, 0x33, 0x37, 0x37, 0x31, 0x35, 0x33, 0x30, 0x32, 0x31, 0x39, 0x2e,
    0x38, 0x31, 0x2c, 0x30, 0x2c, 0x30, 0x2c, 0x30, 0x2c, 0x2e, 0x30, 0x38, 0x2e, 0x30, 0x38, 0x6c,
    0x30, 0x2c, 0x30, 0x2c, 0x30, 0x2c, 0x30, 0x61, 0x2e, 0x30, 0x38, 0x2e, 0x30, 0x38, 0x2c, 0x30,
    0x2c, 0x30, 0x2c, 0x30, 0x2c, 0x30, 0x2c, 0x30, 0x6c, 0x30, 0x2c, 0x30, 0x2c, 0x30, 0x2c, 0x30,
    0x61, 0x2e, 0x30, 0x38, 0x2e, 0x30, 0x38, 0x2c, 0x30, 0x2c, 0x30, 0x2c, 0x31, 0x2c, 0x30, 0x2c,
    0x30, 0x6c, 0x30, 0x2c, 0x30, 0x2c, 0x30, 0x2c, 0x30, 0x61, 0x2e, 0x30, 0x38, 0x2e, 0x30, 0x38,
    0x2c, 0x30, 0x2c, 0x30, 0x2c, 0x30, 0x2c, 0x30, 0x2c, 0x30, 0x6c, 0x30, 0x2c, 0x30, 0x2c, 0x30,
    0x2c, 0x30, 0x2c, 0x30, 0x2c, 0x30, 0x73, 0x30, 0x2c, 0x30, 0x2c, 0x30, 0x2c, 0x30, 0x6c, 0x30,
    0x2c, 0x30, 0x2c, 0x30, 0x2c, 0x30, 0x2c, 0x30, 0x2c, 0x30, 0x2c, 0x30, 0x2c, 0x30, 0x2c, 0x30,
    0x2c, 0x30, 0x2c, 0x30, 0x2c, 0x30, 0x61, 0x2e, 0x30, 0x38, 0x2e, 0x30, 0x38, 0x2c, 0x30, 0x2c,
    0x30, 0x2c, 0x30, 0x2c, 0x30, 0x2c, 0x30, 0x6c, 0x30, 0x2c, 0x30, 0x61, 0x2e, 0x30, 0x38, 0x2e,
    0x30, 0x38, 0x2c, 0x30, 0x2c, 0x30, 0x2c, 0x31, 0x2c, 0x30, 0x2c, 0x30, 0x6c, 0x30, 0x2c, 0x30,
    0x73, 0x30, 0x2c, 0x30, 0x2c, 0x30, 0x2c, 0x30, 0x61, 0x38, 0x38, 0x34, 0x35, 0x39, 0x30, 0x35,
    0x31, 0x30, 0x30, 0x37, 0x32, 0x2e, 0x30, 0x36, 0x2c, 0x38, 0x38, 0x34, 0x35, 0x39, 0x30, 0x35,
    0x31, 0x30, 0x30, 0x37, 0x32, 0x2e, 0x30, 0x36, 0x2c, 0x30, 0x2c, 0x30, 0x2c, 0x31, 0x2c, 0x2e,
    0x30, 0x38, 0x2e, 0x30, 0x38, 0x6c, 0x30, 0x2c, 0x30, 0x61, 0x32, 0x36, 0x35, 0x33, 0x37, 0x37,
    0x31, 0x35, 0x33, 0x30, 0x32, 0x31, 0x38, 0x2e, 0x34, 0x36, 0x2c, 0x32, 0x36, 0x35, 0x33, 0x37,
    0x37, 0x31, 0x35, 0x33, 0x30, 0x32, 0x31, 0x38, 0x2e, 0x34, 0x36, 0x2c, 0x30, 0x2c, 0x30, 0x2c,
    0x31, 0x2c, 0x2e, 0x30, 0x38, 0x2e, 0x30, 0x38, 0x6c, 0x30, 0x2c, 0x30, 0x2c, 0x30, 0x2c, 0x30,
    0x73, 0x30, 0x2c, 0x30, 0x2c, 0x30, 0x2c, 0x30, 0x6c, 0x30, 0x2c, 0x30, 0x2c, 0x30, 0x2c, 0x30,
    0x2c, 0x30, 0x2c, 0x30, 0x73, 0x30, 0x2c, 0x30, 0x2c, 0x30, 0x2c, 0x30, 0x6c, 0x30, 0x2c, 0x30,
    0x2c, 0x30, 0x2c, 0x30, 0x2c, 0x30, 0x2c, 0x30, 0x61, 0x31, 0x2e, 0x32, 0x36, 0x2c, 0x31, 0x2e,
    0x32, 0x36, 0x2c, 0x30, 0x2c, 0x30, 0x2c, 0x30, 0x2c, 0x2e, 0x38, 0x39, 0x2e, 0x33, 0x38, 0x48,
    0x32, 0x37, 0x2e, 0x37, 0x32, 0x6c, 0x30, 0x2c, 0x30, 0x2c, 0x30, 0x2c, 0x30, 0x2c, 0x30, 0x2c,
    0x30, 0x73, 0x30, 0x2c, 0x30, 0x2c, 0x30, 0x2c, 0x30, 0x6c, 0x30, 0x2c, 0x30, 0x2c, 0x30, 0x2c,
    0x30, 0x2c, 0x30, 0x2c, 0x30, 0x2c, 0x30, 0x2c, 0x30, 0x61, 0x2e, 0x30, 0x38, 0x2e, 0x30, 0x38,
    0x2c, 0x30, 0x2c, 0x30, 0x2c, 0x31, 0x2c, 0x30, 0x2c, 0x30, 0x6c, 0x30, 0x2c, 0x30, 0x2c, 0x30,
    0x2c, 0x30, 0x2c, 0x30, 0x2c, 0x30, 0x61, 0x2e, 0x30, 0x38, 0x2e, 0x30, 0x38, 0x2c, 0x30, 0x2c,
    0x30, 0x2c, 0x30, 0x2c, 0x30, 0x2c, 0x30, 0x6c, 0x30, 0x2c, 0x30, 0x2c, 0x30, 0x2c, 0x30, 0x73,
    0x30, 0x2c, 0x30, 0x2c, 0x30, 0x2c, 0x30, 0x2c, 0x30, 0x2c, 0x30, 0x2c, 0x30, 0x2c, 0x30, 0x6c,
    0x30, 0x2c, 0x30, 0x2c, 0x30, 0x2c, 0x30, 0x2c, 0x30, 0x2c, 0x30, 0x61, 0x2e, 0x30, 0x38, 0x2e,
    0x30, 0x38, 0x2c, 0x30, 0x2c, 0x30, 0x2c, 0x31, 0x2c, 0x30, 0x2c, 0x30, 0x73, 0x30, 0x2c, 0x30,
    0x2c, 0x30, 0x2c, 0x30, 0x6c, 0x30, 0x2c, 0x30, 0x2c, 0x30, 0x2c, 0x30, 0x61, 0x31, 0x2e, 0x33,
    0x37, 0x2c, 0x31, 0x2e, 0x33, 0x37, 0x2c, 0x30, 0x2c, 0x30, 0x2c, 0x30, 0x2c, 0x31, 0x2e, 0x33,
    0x35, 0x2e, 0x33, 0x39, 0x6c, 0x32, 0x2e, 0x36, 0x36, 0x2d, 0x2e, 0x37, 0x31, 0x61, 0x31, 0x2e,
    0x35, 0x31, 0x2c, 0x31, 0x2e, 0x35, 0x31, 0x2c, 0x30, 0x2c, 0x30, 0x2c, 0x31, 0x2c, 0x31, 0x2e,
    0x34, 0x34, 0x2e, 0x33, 0x39, 0x68, 0x30, 0x6c, 0x2e, 0x30, 0x38, 0x2e, 0x30, 0x38, 0x2c, 0x30,
    0x2c, 0x30, 0x2c, 0x30, 0x2c, 0x30, 0x61, 0x2e, 0x30, 0x38, 0x2e, 0x30, 0x38, 0x2c, 0x30, 0x2c,
    0x30, 0x2c, 0x30, 0x2c, 0x30, 0x2c, 0x30, 0x2c, 0x2e, 0x30, 0x38, 0x2e, 0x30, 0x38, 0x2c, 0x30,
    0x2c, 0x30, 0x2c, 0x30, 0x2c, 0x30, 0x2c, 0x30, 0x6c, 0x30, 0x2c, 0x30, 0x2c, 0x2e, 0x30, 0x37,
    0x2e, 0x30, 0x37, 0x61, 0x31, 0x2e, 0x34, 0x35, 0x2c, 0x31, 0x2e, 0x34, 0x35, 0x2c, 0x30, 0x2c,
    0x30, 0x2c, 0x31, 0x2c, 0x2e, 0x31, 0x32, 0x2e, 0x39, 0x4c, 0x33, 0x34, 0x2c, 0x35, 0x39, 0x2e,
    0x33, 0x39, 0x61, 0x31, 0x2e, 0x34, 0x32, 0x2c, 0x31, 0x2e, 0x34, 0x32, 0x2c, 0x30, 0x2c, 0x30,
    0x2c, 0x30, 0x2c, 0x2e, 0x34, 0x37, 0x2c, 0x31, 0x2e, 0x33, 0x33, 0x73, 0x30, 0x2c, 0x30, 0x2c,
    0x30, 0x2c, 0x30, 0x6c, 0x30, 0x2c, 0x30, 0x2c, 0x30, 0x2c, 0x30, 0x2c, 0x30, 0x2c, 0x30, 0x2c,
    0x30, 0x2c, 0x30, 0x2c, 0x30, 0x2c, 0x30, 0x2c, 0x30, 0x2c, 0x30, 0x2c, 0x30, 0x2c, 0x30, 0x2c,
    0x30, 0x2c, 0x30, 0x61, 0x2e, 0x30, 0x38, 0x2e, 0x30, 0x38, 0x2c, 0x30, 0x2c, 0x30, 0x2c, 0x30,
    0x2c, 0x30, 0x2c, 0x30, 0x73, 0x30, 0x2c, 0x30, 0x2c, 0x30, 0x2c, 0x30, 0x6c, 0x30, 0x2c, 0x30,
    0x2c, 0x30, 0x2c, 0x30, 0x2c, 0x30, 0x2c, 0x30, 0x61, 0x2e, 0x30, 0x38, 0x2e, 0x30, 0x38, 0x2c,
    0x30, 0x2c, 0x30, 0x2c, 0x30, 0x2c, 0x30, 0x2c, 0x30, 0x6c, 0x30, 0x2c, 0x30, 0x2c, 0x30, 0x2c,
    0x30, 0x2c, 0x30, 0x2c, 0x30, 0x61, 0x2e, 0x30, 0x38, 0x2e, 0x30, 0x38, 0x2c, 0x30, 0x2c, 0x30,
    0x2c, 0x31, 0x2c, 0x30, 0x2c, 0x30, 0x6c, 0x30, 0x2c, 0x30, 0x61, 0x2e, 0x30, 0x38, 0x2e, 0x30,
    0x38, 0x2c, 0x30, 0x2c, 0x30, 0x2c, 0x30, 0x2c, 0x30, 0x2c, 0x30, 0x6c, 0x30, 0x2c, 0x30, 0x73,
    0x30, 0x2c, 0x30, 0x2c, 0x30, 0x2c, 0x30, 0x6c, 0x30, 0x2c, 0x30, 0x61, 0x2e, 0x30, 0x38, 0x2e,
    0x30, 0x38, 0x2c, 0x30, 0x2c, 0x30, 0x2c, 0x31, 0x2c, 0x30, 0x2c, 0x30, 0x6c, 0x30, 0x2c, 0x30,
    0x2c, 0x30, 0x2c, 0x30, 0x2c, 0x30, 0x2c, 0x30, 0x73, 0x30, 0x2c, 0x30, 0x2c, 0x30, 0x2c, 0x30,
    0x6c, 0x30, 0x2c, 0x30, 0x2c, 0x30, 0x2c, 0x30, 0x2c, 0x30, 0x2c, 0x30, 0x61, 0x2e, 0x30, 0x38,
    0x2e, 0x30, 0x38, 0x2c, 0x30, 0x2c, 0x30, 0x2c, 0x30, 0x2c, 0x30, 0x2c, 0x30, 0x6c, 0x30, 0x2c,
    0x30, 0x2c, 0x30, 0x2c, 0x30, 0x2c, 0x30, 0x2c, 0x30, 0x2c, 0x30, 0x2c, 0x30, 0x2c, 0x30, 0x2c,
    0x30, 0x61, 0x2e, 0x30, 0x38, 0x2e, 0x30, 0x38, 0x2c, 0x30, 0x2c, 0x30, 0x2c, 0x30, 0x2c, 0x30,
    0x2c, 0x30, 0x6c, 0x30, 0x2c, 0x30, 0x2c, 0x30, 0x2c, 0x30, 0x61, 0x2e, 0x30, 0x38, 0x2e, 0x30,
    0x38, 0x2c, 0x30, 0x2c, 0x30, 0x2c, 0x31, 0x2c, 0x30, 0x2c, 0x30, 0x6c, 0x30, 0x2c, 0x30, 0x61,
    0x2e, 0x30, 0x38, 0x2e, 0x30, 0x38, 0x2c, 0x30, 0x2c, 0x30, 0x2c, 0x30, 0x2c, 0x30, 0x2c, 0x30,
    0x6c, 0x30, 0x2c, 0x30, 0x73, 0x30, 0x2c, 0x30, 0x2c, 0x30, 0x2c, 0x30, 0x6c, 0x30, 0x2c, 0x30,
    0x61, 0x2e, 0x30, 0x38, 0x2e, 0x30, 0x38, 0x2c, 0x30, 0x2c, 0x30, 0x2c, 0x31, 0x2c, 0x30, 0x2c,
    0x30, 0x6c, 0x30, 0x2c, 0x30, 0x2c, 0x30, 0x2c, 0x30, 0x61, 0x31, 0x2e, 0x32, 0x37, 0x2c, 0x31,
    0x2e, 0x32, 0x37, 0x2c, 0x30, 0x2c, 0x30, 0x2c, 0x30, 0x2c, 0x2e, 0x34, 0x34, 0x2e, 0x32, 0x38,
    0x6c, 0x31, 0x2e, 0x37, 0x31, 0x2e, 0x36, 0x34, 0x2c, 0x31, 0x2e, 0x37, 0x31, 0x2e, 0x36, 0x34,
    0x61, 0x31, 0x2e, 0x34, 0x2c, 0x31, 0x2e, 0x34, 0x2c, 0x30, 0x2c, 0x30, 0x2c, 0x30, 0x2c, 0x31,
    0x2e, 0x37, 0x2d, 0x2e, 0x36, 0x31, 0x6c, 0x31, 0x2e, 0x33, 0x37, 0x2d, 0x32, 0x2e, 0x33, 0x38,
    0x61, 0x31, 0x2e, 0x35, 0x2c, 0x31, 0x2e, 0x35, 0x2c, 0x30, 0x2c, 0x30, 0x2c, 0x31, 0x2c, 0x31,
    0x2e, 0x33, 0x38, 0x2d, 0x2e, 0x37, 0x34, 0x2c, 0x31, 0x36, 0x2e, 0x33, 0x31, 0x2c, 0x31, 0x36,
    0x2e, 0x33, 0x31, 0x2c, 0x30, 0x2c, 0x30, 0x2c, 0x30, 0x2c, 0x32, 0x2e, 0x33, 0x32, 0x2d, 0x2e,
    0x30, 0x38, 0x2c, 0x31, 0x2e, 0x34, 0x35, 0x2c, 0x31, 0x2e, 0x34, 0x35, 0x2c, 0x30, 0x2c, 0x30,
    0x2c, 0x31, 0x2c, 0x2e, 0x33, 0x36, 0x2c, 0x30, 0x6c, 0x2e, 0x36, 0x37, 0x2c, 0x31, 0x61, 0x31,
    0x2e, 0x37, 0x31, 0x2c, 0x31, 0x2e, 0x37, 0x31, 0x2c, 0x30, 0x2c, 0x30, 0x2c, 0x30, 0x2c, 0x2e,
    0x33, 0x35, 0x2e, 0x33, 0x36, 0x6c, 0x30, 0x2c, 0x30, 0x2c, 0x30, 0x2c, 0x30, 0x2c, 0x2e, 0x30,
    0x38, 0x2e, 0x30, 0x38, 0x2c, 0x30, 0x2c, 0x30, 0x73, 0x30, 0x2c, 0x30, 0x2c, 0x30, 0x2c, 0x30,
    0x6c, 0x30, 0x2c, 0x30, 0x73, 0x30, 0x2c, 0x30, 0x2c, 0x30, 0x2c, 0x30, 0x61, 0x2e, 0x35, 0x2e,
    0x35, 0x2c, 0x30, 0x2c, 0x30, 0x2c, 0x31, 0x2c, 0x2e, 0x30, 0x37, 0x2e, 0x30, 0x38, 0x6c, 0x30,
    0x2c, 0x30, 0x61, 0x2e, 0x30, 0x38, 0x2e, 0x30, 0x38, 0x2c, 0x30, 0x2c, 0x30, 0x2c, 0x31, 0x2c,
    0x30, 0x2c, 0x30, 0x6c, 0x30, 0x2c, 0x30, 0x2c, 0x30, 0x2c, 0x30, 0x61, 0x2e, 0x35, 0x2e, 0x35,
    0x2c, 0x30, 0x2c, 0x30, 0x2c, 0x31, 0x2c, 0x2e, 0x30, 0x37, 0x2e, 0x30, 0x38, 0x73, 0x30, 0x2c,
    0x30, 0x2c, 0x30, 0x2c, 0x30, 0x6c, 0x30, 0x2c, 0x30, 0x73, 0x30, 0x2c, 0x30, 0x2c, 0x30, 0x2c,
    0x30, 0x6c, 0x30, 0x2c, 0x30, 0x73, 0x30, 0x2c, 0x30, 0x2c, 0x30, 0x2c, 0x30, 0x6c, 0x2e, 0x30,
    0x37, 0x2e, 0x30, 0x38, 0x2c, 0x30, 0x2c, 0x30, 0x61, 0x2e, 0x30, 0x38, 0x2e, 0x30, 0x38, 0x2c,
    0x30, 0x2c, 0x30, 0x2c, 0x30, 0x2c, 0x30, 0x2c, 0x30, 0x73, 0x30, 0x2c, 0x30, 0x2c, 0x30, 0x2c,
    0x30, 0x6c, 0x30, 0x2c, 0x30, 0x2c, 0x2e, 0x30, 0x37, 0x2e, 0x30, 0x38, 0x2c, 0x30, 0x2c, 0x30,
    0x2c, 0x30, 0x2c, 0x30, 0x2c, 0x30, 0x2c, 0x30, 0x2c, 0x30, 0x2c, 0x30, 0x2c, 0x30, 0x2c, 0x30,
    0x2c, 0x2e, 0x30, 0x38, 0x2e, 0x30, 0x37, 0x73, 0x30, 0x2c, 0x30, 0x2c, 0x30, 0x2c, 0x30, 0x2c,
    0x30, 0x2c, 0x30, 0x2c, 0x30, 0x2c, 0x30, 0x6c, 0x30, 0x2c, 0x30, 0x61, 0x2e, 0x30, 0x38, 0x2e,
    0x30, 0x38, 0x2c, 0x30, 0x2c, 0x30, 0x2c, 0x31, 0x2c, 0x30, 0x2c, 0x30, 0x6c, 0x2e, 0x30, 0x38,
    0x2e, 0x30, 0x37, 0x2c, 0x30, 0x2c, 0x30, 0x2c, 0x30, 0x2c, 0x30, 0x2c, 0x30, 0x2c, 0x30, 0x61,
    0x2e, 0x30, 0x38, 0x2e, 0x30, 0x38, 0x2c, 0x30, 0x2c, 0x30, 0x2c, 0x31, 0x2c, 0x30, 0x2c, 0x30,
    0x6c, 0x2e, 0x30, 0x38, 0x2e, 0x30, 0x37, 0x73, 0x30, 0x2c, 0x30, 0x2c, 0x30, 0x2c, 0x30, 0x6c,
    0x30, 0x2c, 0x30, 0x61, 0x31, 0x2e, 0x33, 0x39, 0x2c, 0x31, 0x2e, 0x33, 0x39, 0x2c, 0x30, 0x2c,
    0x30, 0x2c, 0x30, 0x2c, 0x31, 0x2e, 0x34, 0x33, 0x2e, 0x31, 0x37, 0x6c, 0x31, 0x2e, 0x36, 0x36,
    0x2d, 0x2e, 0x37, 0x36, 0x2c, 0x31, 0x2e, 0x36, 0x35, 0x2d, 0x2e, 0x37, 0x36, 0x61, 0x31, 0x2e,
    0x33, 0x38, 0x2c, 0x31, 0x2e, 0x33, 0x38, 0x2c, 0x30, 0x2c, 0x30, 0x2c, 0x30, 0x2c, 0x2e, 0x37,
    0x36, 0x2d, 0x31, 0x2e, 0x36, 0x32, 0x6c, 0x2d, 0x2e, 0x37, 0x2d, 0x32, 0x2e, 0x36, 0x32, 0x61,
    0x31, 0x2e, 0x35, 0x2c, 0x31, 0x2e, 0x35, 0x2c, 0x30, 0x2c, 0x30, 0x2c, 0x31, 0x2c, 0x2e, 0x34,
    0x36, 0x2d, 0x31, 0x2e, 0x35, 0x32, 0x2c, 0x31, 0x36, 0x2e, 0x33, 0x34, 0x2c, 0x31, 0x36, 0x2e,
    0x33, 0x34, 0x2c, 0x30, 0x2c, 0x30, 0x2c, 0x30, 0x2c, 0x31, 0x2e, 0x36, 0x36, 0x2d, 0x31, 0x2e,
    0x37, 0x36, 0x2c, 0x31, 0x2e, 0x35, 0x35, 0x2c, 0x31, 0x2e, 0x35, 0x35, 0x2c, 0x30, 0x2c, 0x30,
    0x2c, 0x31, 0x2c, 0x31, 0x2e, 0x34, 0x37, 0x2d, 0x2e, 0x35, 0x35, 0x6c, 0x32, 0x2e, 0x37, 0x33,
    0x2e, 0x35, 0x31, 0x41, 0x31, 0x2e, 0x34, 0x2c, 0x31, 0x2e, 0x34, 0x2c, 0x30, 0x2c, 0x30, 0x2c,
    0x30, 0x2c, 0x36, 0x33, 0x2c, 0x35, 0x33, 0x2e, 0x38, 0x36, 0x6c, 0x2e, 0x36, 0x33, 0x2d, 0x31,
    0x2e, 0x37, 0x31, 0x2e, 0x36, 0x34, 0x2d, 0x31, 0x2e, 0x37, 0x41, 0x31, 0x2e, 0x34, 0x37, 0x2c,
    0x31, 0x2e, 0x34, 0x37, 0x2c, 0x30, 0x2c, 0x30, 0x2c, 0x30, 0x2c, 0x36, 0x34, 0x2c, 0x34, 0x39,
    0x5a, 0x22, 0x20, 0x73, 0x74, 0x79, 0x6c, 0x65, 0x3d, 0x22, 0x66, 0x69, 0x6c, 0x6c, 0x3a, 0x23,
    0x35, 0x38, 0x35, 0x39, 0x35, 0x62, 0x22, 0x2f, 0x3e, 0x3c, 0x72, 0x65, 0x63, 0x74, 0x20, 0x78,
    0x3d, 0x22, 0x31, 0x35, 0x2e, 0x34, 0x36, 0x22, 0x20, 0x79, 0x3d, 0x22, 0x31, 0x32, 0x2e, 0x32,
    0x38, 0x22, 0x20, 0x77, 0x69, 0x64, 0x74, 0x68, 0x3d, 0x22, 0x33, 0x37, 0x2e, 0x38, 0x22, 0x20,
    0x68, 0x65, 0x69, 0x67, 0x68, 0x74, 0x3d, 0x22, 0x33, 0x37, 0x2e, 0x38, 0x31, 0x22, 0x20, 0x73,
    0x74, 0x79, 0x6c, 0x65, 0x3d, 0x22, 0x66, 0x69, 0x6c, 0x6c, 0x3a, 0x23, 0x66, 0x66, 0x66, 0x22,
    0x2f, 0x3e, 0x3c, 0x70, 0x61, 0x74, 0x68, 0x20, 0x64, 0x3d, 0x22, 0x4d, 0x36, 0x31, 0x2e, 0x37,
    0x31, 0x2c, 0x34, 0x36, 0x2e, 0x37, 0x38, 0x6c, 0x2d, 0x32, 0x2e, 0x33, 0x33, 0x2d, 0x31, 0x2e,
    0x33, 0x35, 0x41, 0x31, 0x2e, 0x35, 0x33, 0x2c, 0x31, 0x2e, 0x35, 0x33, 0x2c, 0x30, 0x2c, 0x30,
    0x2c, 0x31, 0x2c, 0x35, 0x38, 0x2e, 0x36, 0x33, 0x2c, 0x34, 0x34, 0x61, 0x31, 0x36, 0x2e, 0x32,
    0x37, 0x2c, 0x31, 0x36, 0x2e, 0x32, 0x37, 0x2c, 0x30, 0x2c, 0x30, 0x2c, 0x30, 0x2d, 0x2e, 0x30,
    0x37, 0x2d, 0x32, 0x2e, 0x34, 0x32, 0x2c, 0x31, 0x2e, 0x35, 0x31, 0x2c, 0x31, 0x2e, 0x35, 0x31,
    0x2c, 0x30, 0x2c, 0x30, 0x2c, 0x31, 0x2c, 0x2e, 0x36, 0x36, 0x2d, 0x31, 0x2e, 0x34, 0x33, 0x6c,
    0x32, 0x2e, 0x33, 0x2d, 0x31, 0x2e, 0x35, 0x35, 0x41, 0x31, 0x2e, 0x34, 0x2c, 0x31, 0x2e, 0x34,
    0x2c, 0x30, 0x2c, 0x30, 0x2c, 0x30, 0x2c, 0x36, 0x32, 0x2c, 0x33, 0x36, 0x2e, 0x39, 0x6c, 0x2d,
    0x2e, 0x37, 0x36, 0x2d, 0x31, 0x2e, 0x36, 0x35, 0x2d, 0x2e, 0x37, 0x35, 0x2d, 0x31, 0x2e, 0x36,
    0x35, 0x61, 0x31, 0x2e, 0x34, 0x2c, 0x31, 0x2e, 0x34, 0x2c, 0x30, 0x2c, 0x30, 0x2c, 0x30, 0x2d,
    0x31, 0x2e, 0x36, 0x33, 0x2d, 0x2e, 0x37, 0x36, 0x6c, 0x2d, 0x32, 0x2e, 0x36, 0x2e, 0x37, 0x33,
    0x61, 0x31, 0x2e, 0x35, 0x31, 0x2c, 0x31, 0x2e, 0x35, 0x31, 0x2c, 0x30, 0x2c, 0x30, 0x2c, 0x31,
    0x2d, 0x2e, 0x35, 0x36, 0x2c, 0x30, 0x56, 0x31, 0x31, 0x2e, 0x30, 0x36, 0x61, 0x31, 0x2e, 0x32,
    0x33, 0x2c, 0x31, 0x2e, 0x32, 0x33, 0x2c, 0x30, 0x2c, 0x30, 0x2c, 0x30, 0x2d, 0x31, 0x2e, 0x32,
    0x33, 0x2d, 0x31, 0x2e, 0x32, 0x32, 0x48, 0x34, 0x32, 0x2e, 0x36, 0x39, 0x56, 0x31, 0x2e, 0x32,
    0x33, 0x41, 0x31, 0x2e, 0x32, 0x32, 0x2c, 0x31, 0x2e, 0x32, 0x32, 0x2c, 0x30, 0x2c, 0x30, 0x2c,
    0x30, 0x2c, 0x34, 0x31, 0x2e, 0x34, 0x37, 0x2c, 0x30, 0x48, 0x31, 0x2e, 0x32, 0x33, 0x41, 0x31,
    0x2e, 0x32, 0x32, 0x2c, 0x31, 0x2e, 0x32, 0x32, 0x2c, 0x30, 0x2c, 0x30, 0x2c, 0x30, 0x2c, 0x30,
    0x2c, 0x31, 0x2e, 0x32, 0x32, 0x56, 0x34, 0x31, 0x2e, 0x34, 0x37, 0x61, 0x31, 0x2e, 0x32, 0x32,
    0x2c, 0x31, 0x2e, 0x32, 0x32, 0x2c, 0x30, 0x2c, 0x30, 0x2c, 0x30, 0x2c, 0x31, 0x2e, 0x32, 0x32,
    0x2c, 0x31, 0x2e, 0x32, 0x31, 0x48, 0x31, 0x33, 0x56, 0x35, 0x31, 0x2e, 0x33, 0x61, 0x31, 0x2e,
    0x32, 0x32, 0x2c, 0x31, 0x2e, 0x32, 0x32, 0x2c, 0x30, 0x2c, 0x30, 0x2c, 0x30, 0x2c, 0x31, 0x2e,
    0x32, 0x32, 0x2c, 0x31, 0x2e, 0x32, 0x32, 0x48, 0x32, 0x36, 0x2e, 0x31, 0x37, 0x6c, 0x2e, 0x32,
    0x35, 0x2e, 0x35, 0x34, 0x61, 0x31, 0x2e, 0x34, 0x2c, 0x31, 0x2e, 0x34, 0x2c, 0x30, 0x2c, 0x30,
    0x2c, 0x30, 0x2c, 0x31, 0x2e, 0x36, 0x32, 0x2e, 0x37, 0x37, 0x6c, 0x32, 0x2e, 0x36, 0x36, 0x2d,
    0x2e, 0x37, 0x31, 0x61, 0x31, 0x2e, 0x35, 0x31, 0x2c, 0x31, 0x2e, 0x35, 0x31, 0x2c, 0x30, 0x2c,
    0x30, 0x2c, 0x31, 0x2c, 0x31, 0x2e, 0x35, 0x2e, 0x34, 0x34, 0x41, 0x31, 0x34, 0x2e, 0x39, 0x33,
    0x2c, 0x31, 0x34, 0x2e, 0x39, 0x33, 0x2c, 0x30, 0x2c, 0x30, 0x2c, 0x30, 0x2c, 0x33, 0x34, 0x2c,
    0x35, 0x35, 0x2e, 0x32, 0x33, 0x61, 0x31, 0x2e, 0x35, 0x31, 0x2c, 0x31, 0x2e, 0x35, 0x31, 0x2c,
    0x30, 0x2c, 0x30, 0x2c, 0x31, 0x2c, 0x2e, 0x35, 0x36, 0x2c, 0x31, 0x2e, 0x34, 0x37, 0x4c, 0x33,
    0x34, 0x2c, 0x35, 0x39, 0x2e, 0x33, 0x39, 0x41, 0x31, 0x2e, 0x34, 0x2c, 0x31, 0x2e, 0x34, 0x2c,
    0x30, 0x2c, 0x30, 0x2c, 0x30, 0x2c, 0x33, 0x34, 0x2e, 0x39, 0x31, 0x2c, 0x36, 0x31, 0x6c, 0x31,
    0x2e, 0x37, 0x31, 0x2e, 0x36, 0x34, 0x2c, 0x31, 0x2e, 0x37, 0x31, 0x2e, 0x36, 0x34, 0x41, 0x31,
    0x2e, 0x33, 0x38, 0x2c, 0x31, 0x2e, 0x33, 0x38, 0x2c, 0x30, 0x2c, 0x30, 0x2c, 0x30, 0x2c, 0x34,
    0x30, 0x2c, 0x36, 0x31, 0x2e, 0x36, 0x33, 0x6c, 0x31, 0x2e, 0x33, 0x38, 0x2d, 0x32, 0x2e, 0x33,
    0x38, 0x61, 0x31, 0x2e, 0x35, 0x2c, 0x31, 0x2e, 0x35, 0x2c, 0x30, 0x2c, 0x30, 0x2c, 0x31, 0x2c,
    0x31, 0x2e, 0x33, 0x38, 0x2d, 0x2e, 0x37, 0x34, 0x2c, 0x31, 0x36, 0x2e, 0x33, 0x31, 0x2c, 0x31,
    0x36, 0x2e, 0x33, 0x31, 0x2c, 0x30, 0x2c, 0x30, 0x2c, 0x30, 0x2c, 0x32, 0x2e, 0x33, 0x32, 0x2d,
    0x2e, 0x30, 0x38, 0x2c, 0x31, 0x2e, 0x35, 0x32, 0x2c, 0x31, 0x2e, 0x35, 0x32, 0x2c, 0x30, 0x2c,
    0x30, 0x2c, 0x31, 0x2c, 0x31, 0x2e, 0x34, 0x34, 0x2e, 0x36, 0x35, 0x6c, 0x31, 0x2e, 0x35, 0x34,
    0x2c, 0x32, 0x2e, 0x33, 0x61, 0x31, 0x2e, 0x33, 0x39, 0x2c, 0x31, 0x2e, 0x33, 0x39, 0x2c, 0x30,
    0x2c, 0x30, 0x2c, 0x30, 0x2c, 0x31, 0x2e, 0x37, 0x34, 0x2e, 0x34, 0x38, 0x6c, 0x31, 0x2e, 0x36,
    0x36, 0x2d, 0x2e, 0x37, 0x35, 0x2c, 0x31, 0x2e, 0x36, 0x35, 0x2d, 0x2e, 0x37, 0x36, 0x61, 0x31,
    0x2e, 0x33, 0x39, 0x2c, 0x31, 0x2e, 0x33, 0x39, 0x2c, 0x30, 0x2c, 0x30, 0x2c, 0x30, 0x2c, 0x2e,
    0x37, 0x36, 0x2d, 0x31, 0x2e, 0x36, 0x32, 0x6c, 0x2d, 0x2e, 0x37, 0x31, 0x2d, 0x32, 0x2e, 0x36,
    0x32, 0x61, 0x31, 0x2e, 0x35, 0x34, 0x2c, 0x31, 0x2e, 0x35, 0x34, 0x2c, 0x30, 0x2c, 0x30, 0x2c,
    0x31, 0x2c, 0x2e, 0x34, 0x36, 0x2d, 0x31, 0x2e, 0x35, 0x32, 0x2c, 0x31, 0x35, 0x2e, 0x34, 0x39,
    0x2c, 0x31, 0x35, 0x2e, 0x34, 0x39, 0x2c, 0x30, 0x2c, 0x30, 0x2c, 0x30, 0x2c, 0x31, 0x2e, 0x36,
    0x37, 0x2d, 0x31, 0x2e, 0x37, 0x36, 0x2c, 0x31, 0x2e, 0x35, 0x35, 0x2c, 0x31, 0x2e, 0x35, 0x35,
    0x2c, 0x30, 0x2c, 0x30, 0x2c, 0x31, 0x2c, 0x31, 0x2e, 0x34, 0x37, 0x2d, 0x2e, 0x35, 0x35, 0x6c,
    0x32, 0x2e, 0x37, 0x33, 0x2e, 0x35, 0x31, 0x61, 0x31, 0x2e, 0x34, 0x2c, 0x31, 0x2e, 0x34, 0x2c,
    0x30, 0x2c, 0x30, 0x2c, 0x30, 0x2c, 0x31, 0x2e, 0x35, 0x37, 0x2d, 0x2e, 0x38, 0x38, 0x6c, 0x2e,
    0x36, 0x33, 0x2d, 0x31, 0x2e, 0x37, 0x31, 0x2e, 0x36, 0x34, 0x2d, 0x31, 0x2e, 0x37, 0x41, 0x31,
    0x2e, 0x34, 0x35, 0x2c, 0x31, 0x2e, 0x34, 0x35, 0x2c, 0x30, 0x2c, 0x30, 0x2c, 0x30, 0x2c, 0x36,
    0x31, 0x2e, 0x37, 0x31, 0x2c, 0x34, 0x36, 0x2e, 0x37, 0x38, 0x5a, 0x4d, 0x34, 0x39, 0x2e, 0x36,
    0x36, 0x2c, 0x34, 0x35, 0x2e, 0x35, 0x32, 0x61, 0x36, 0x2e, 0x36, 0x32, 0x2c, 0x36, 0x2e, 0x36,
    0x32, 0x2c, 0x30, 0x2c, 0x31, 0x2c, 0x31, 0x2d, 0x34, 0x2d, 0x38, 0x2e, 0x34, 0x37, 0x41, 0x36,
    0x2e, 0x36, 0x31, 0x2c, 0x36, 0x2e, 0x36, 0x31, 0x2c, 0x30, 0x2c, 0x30, 0x2c, 0x31, 0x2c, 0x34,
    0x39, 0x2e, 0x36, 0x36, 0x2c, 0x34, 0x35, 0x2e, 0x35, 0x32, 0x5a, 0x6d, 0x33, 0x2e, 0x36, 0x2d,
    0x31, 0x33, 0x2e, 0x38, 0x4c, 0x35, 0x33, 0x2c, 0x33, 0x31, 0x2e, 0x34, 0x38, 0x41, 0x31, 0x2e,
    0x35, 0x35, 0x2c, 0x31, 0x2e, 0x35, 0x35, 0x2c, 0x30, 0x2c, 0x30, 0x2c, 0x31, 0x2c, 0x35, 0x32,
    0x2e, 0x34, 0x31, 0x2c, 0x33, 0x30, 0x6c, 0x2e, 0x35, 0x32, 0x2d, 0x32, 0x2e, 0x37, 0x34, 0x41,
    0x31, 0x2e, 0x33, 0x39, 0x2c, 0x31, 0x2e, 0x33, 0x39, 0x2c, 0x30, 0x2c, 0x30, 0x2c, 0x30, 0x2c,
    0x35, 0x32, 0x2c, 0x32, 0x35, 0x2e, 0x37, 0x31, 0x6c, 0x2d, 0x31, 0x2e, 0x37, 0x2d, 0x2e, 0x36,
    0x34, 0x2d, 0x31, 0x2e, 0x37, 0x2d, 0x2e, 0x36, 0x34, 0x61, 0x31, 0x2e, 0x34, 0x31, 0x2c, 0x31,
    0x2e, 0x34, 0x31, 0x2c, 0x30, 0x2c, 0x30, 0x2c, 0x30, 0x2d, 0x31, 0x2e, 0x37, 0x31, 0x2e, 0x36,
    0x6c, 0x2d, 0x31, 0x2e, 0x33, 0x34, 0x2c, 0x32, 0x2e, 0x33, 0x34, 0x61, 0x31, 0x2e, 0x35, 0x32,
    0x2c, 0x31, 0x2e, 0x35, 0x32, 0x2c, 0x30, 0x2c, 0x30, 0x2c, 0x31, 0x2d, 0x31, 0x2e, 0x34, 0x31,
    0x2e, 0x37, 0x34, 0x2c, 0x31, 0x34, 0x2e, 0x38, 0x31, 0x2c, 0x31, 0x34, 0x2e, 0x38, 0x31, 0x2c,
    0x30, 0x2c, 0x30, 0x2c, 0x30, 0x2d, 0x31, 0x2e, 0x34, 0x39, 0x2c, 0x30, 0x63, 0x2d, 0x2e, 0x33,
    0x34, 0x2c, 0x30, 0x2d, 0x2e, 0x36, 0x38, 0x2c, 0x30, 0x2d, 0x31, 0x2c, 0x2e, 0x30, 0x39, 0x61,
    0x31, 0x2e, 0x35, 0x33, 0x2c, 0x31, 0x2e, 0x35, 0x33, 0x2c, 0x30, 0x2c, 0x30, 0x2c, 0x31, 0x2d,
    0x31, 0x2e, 0x34, 0x34, 0x2d, 0x2e, 0x36, 0x34, 0x6c, 0x2d, 0x31, 0x2e, 0x35, 0x34, 0x2d, 0x32,
    0x2e, 0x32, 0x37, 0x41, 0x31, 0x2e, 0x33, 0x36, 0x2c, 0x31, 0x2e, 0x33, 0x36, 0x2c, 0x30, 0x2c,
    0x30, 0x2c, 0x30, 0x2c, 0x33, 0x37, 0x2c, 0x32, 0x34, 0x2e, 0x38, 0x6c, 0x2d, 0x31, 0x2e, 0x36,
    0x35, 0x2e, 0x37, 0x35, 0x2d, 0x31, 0x2e, 0x36, 0x36, 0x2e, 0x37, 0x37, 0x61, 0x31, 0x2e, 0x33,
    0x38, 0x2c, 0x31, 0x2e, 0x33, 0x38, 0x2c, 0x30, 0x2c, 0x30, 0x2c, 0x30, 0x2d, 0x2e, 0x37, 0x36,
    0x2c, 0x31, 0x2e, 0x36, 0x32, 0x6c, 0x2e, 0x37, 0x31, 0x2c, 0x32, 0x2e, 0x36, 0x35, 0x61, 0x31,
    0x2e, 0x35, 0x32, 0x2c, 0x31, 0x2e, 0x35, 0x32, 0x2c, 0x30, 0x2c, 0x30, 0x2c, 0x31, 0x2d, 0x2e,
    0x34, 0x35, 0x2c, 0x31, 0x2e, 0x35, 0x31, 0x2c, 0x31, 0x34, 0x2e, 0x37, 0x36, 0x2c, 0x31, 0x34,
    0x2e, 0x37, 0x36, 0x2c, 0x30, 0x2c, 0x30, 0x2c, 0x30, 0x2d, 0x31, 0x2e, 0x36, 0x36, 0x2c, 0x31,
    0x2e, 0x37, 0x38, 0x2c, 0x31, 0x2e, 0x35, 0x31, 0x2c, 0x31, 0x2e, 0x35, 0x31, 0x2c, 0x30, 0x2c,
    0x30, 0x2c, 0x31, 0x2d, 0x31, 0x2e, 0x34, 0x37, 0x2e, 0x35, 0x36, 0x6c, 0x2d, 0x32, 0x2e, 0x36,
    0x39, 0x2d, 0x2e, 0x35, 0x31, 0x61, 0x31, 0x2e, 0x34, 0x35, 0x2c, 0x31, 0x2e, 0x34, 0x35, 0x2c,
    0x30, 0x2c, 0x30, 0x2c, 0x30, 0x2d, 0x31, 0x2e, 0x35, 0x39, 0x2e, 0x38, 0x34, 0x6c, 0x2d, 0x2e,
    0x36, 0x34, 0x2c, 0x31, 0x2e, 0x37, 0x31, 0x2d, 0x2e, 0x36, 0x33, 0x2c, 0x31, 0x2e, 0x37, 0x31,
    0x61, 0x31, 0x2e, 0x34, 0x2c, 0x31, 0x2e, 0x34, 0x2c, 0x30, 0x2c, 0x30, 0x2c, 0x30, 0x2c, 0x2e,
    0x36, 0x31, 0x2c, 0x31, 0x2e, 0x37, 0x31, 0x6c, 0x32, 0x2e, 0x33, 0x37, 0x2c, 0x31, 0x2e, 0x33,
    0x37, 0x61, 0x31, 0x2e, 0x34, 0x38, 0x2c, 0x31, 0x2e, 0x34, 0x38, 0x2c, 0x30, 0x2c, 0x30, 0x2c,
    0x31, 0x2c, 0x2e, 0x37, 0x34, 0x2c, 0x31, 0x2e, 0x33, 0x38, 0x76, 0x30, 0x61, 0x31, 0x35, 0x2e,
    0x38, 0x33, 0x2c, 0x31, 0x35, 0x2e, 0x38, 0x33, 0x2c, 0x30, 0x2c, 0x30, 0x2c, 0x30, 0x2c, 0x2e,
    0x30, 0x38, 0x2c, 0x32, 0x2e, 0x33, 0x39, 0x2c, 0x31, 0x2e, 0x35, 0x33, 0x2c, 0x31, 0x2e, 0x35,
    0x33, 0x2c, 0x30, 0x2c, 0x30, 0x2c, 0x31, 0x2d, 0x2e, 0x36, 0x33, 0x2c, 0x31, 0x2e, 0x34, 0x33,
    0x4c, 0x32, 0x35, 0x2e, 0x33, 0x38, 0x2c, 0x34, 0x38, 0x61, 0x31, 0x2e, 0x33, 0x39, 0x2c, 0x31,
    0x2e, 0x33, 0x39, 0x2c, 0x30, 0x2c, 0x30, 0x2c, 0x30, 0x2d, 0x2e, 0x34, 0x38, 0x2c, 0x31, 0x2e,
    0x37, 0x33, 0x6c, 0x2e, 0x31, 0x35, 0x2e, 0x33, 0x33, 0x68, 0x2d, 0x39, 0x2e, 0x36, 0x56, 0x31,
    0x32, 0x2e, 0x32, 0x38, 0x68, 0x33, 0x37, 0x2e, 0x38, 0x5a, 0x22, 0x20, 0x73, 0x74, 0x79, 0x6c,
    0x65, 0x3d, 0x22, 0x66, 0x69, 0x6c, 0x6c, 0x3a, 0x75, 0x72, 0x6c, 0x28, 0x23, 0x53, 0x70, 0x65,
    0x63, 0x74, 0x72, 0x75, 0x6d, 0x5f, 0x29, 0x22, 0x2f, 0x3e, 0x3c, 0x2f, 0x73, 0x76, 0x67, 0x3e,
};
static const size_t main_toolbar_layer_settings_svg_len = 5952;

static const unsigned char main_toolbar_ac_on_svg[] = {
    0x3c, 0x73, 0x76, 0x67, 0x20, 0x69, 0x64, 0x3d, 0x22, 0x4c, 0x61, 0x79, 0x65, 0x72, 0x5f, 0x31,
    0x22, 0x20, 0x64, 0x61, 0x74, 0x61, 0x2d, 0x6e, 0x61, 0x6d, 0x65, 0x3d, 0x22, 0x4c, 0x61, 0x79,
    0x65, 0x72, 0x20, 0x31, 0x22, 0x20, 0x78, 0x6d, 0x6c, 0x6e, 0x73, 0x3d, 0x22, 0x68, 0x74, 0x74,
    0x70, 0x3a, 0x2f, 0x2f, 0x77, 0x77, 0x77, 0x2e, 0x77, 0x33, 0x2e, 0x6f, 0x72, 0x67, 0x2f, 0x32,
    0x30, 0x30, 0x30, 0x2f, 0x73, 0x76, 0x67, 0x22, 0x20, 0x78, 0x6d, 0x6c, 0x6e, 0x73, 0x3a, 0x78,
    0x6c, 0x69, 0x6e, 0x6b, 0x3d, 0x22, 0x68, 0x74, 0x74, 0x70, 0x3a, 0x2f, 0x2f, 0x77, 0x77, 0x77,
    0x2e, 0x77, 0x33, 0x2e, 0x6f, 0x72, 0x67, 0x2f, 0x31, 0x39, 0x39, 0x39, 0x2f, 0x78, 0x6c, 0x69,
    0x6e, 0x6b, 0x22, 0x20, 0x76, 0x69, 0x65, 0x77, 0x42, 0x6f, 0x78, 0x3d, 0x22, 0x30, 0x20, 0x30,
    0x20, 0x35, 0x39, 0x2e, 0x33, 0x34, 0x20, 0x35, 0x39, 0x2e, 0x34, 0x22, 0x3e, 0x3c, 0x64, 0x65,
    0x66, 0x73, 0x3e, 0x3c, 0x6c, 0x69, 0x6e, 0x65, 0x61, 0x72, 0x47, 0x72, 0x61, 0x64, 0x69, 0x65,
    0x6e, 0x74, 0x20, 0x69, 0x64, 0x3d, 0x22, 0x53, 0x75, 0x6d, 0x6d, 0x65, 0x72, 0x5f, 0x4d, 0x75,
    0x6c, 0x74, 0x69, 0x63, 0x6f, 0x6c, 0x6f, 0x72, 0x22, 0x20, 0x78, 0x31, 0x3d, 0x22, 0x2d, 0x32,
    0x33, 0x34, 0x2e, 0x31, 0x39, 0x22, 0x20, 0x79, 0x31, 0x3d, 0x22, 0x32, 0x38, 0x2e, 0x37, 0x37,
    0x22, 0x20, 0x78, 0x32, 0x3d, 0x22, 0x38, 0x30, 0x39, 0x2e, 0x33, 0x36, 0x22, 0x20, 0x79, 0x32,
    0x3d, 0x22, 0x32, 0x38, 0x2e, 0x37, 0x37, 0x22, 0x20, 0x67, 0x72, 0x61, 0x64, 0x69, 0x65, 0x6e,
    0x74, 0x55, 0x6e, 0x69, 0x74, 0x73, 0x3d, 0x22, 0x75, 0x73, 0x65, 0x72, 0x53, 0x70, 0x61, 0x63,
    0x65, 0x4f, 0x6e, 0x55, 0x73, 0x65, 0x22, 0x3e, 0x3c, 0x73, 0x74, 0x6f, 0x70, 0x20, 0x6f, 0x66,
    0x66, 0x73, 0x65, 0x74, 0x3d, 0x22, 0x30, 0x2e, 0x31, 0x31, 0x22, 0x20, 0x73, 0x74, 0x6f, 0x70,
    0x2d, 0x63, 0x6f, 0x6c, 0x6f, 0x72, 0x3d, 0x22, 0x23, 0x66, 0x30, 0x63, 0x38, 0x33, 0x62, 0x22,
    0x2f, 0x3e, 0x3c, 0x73, 0x74, 0x6f, 0x70, 0x20, 0x6f, 0x66, 0x66, 0x73, 0x65, 0x74, 0x3d, 0x22,
    0x30, 0x2e, 0x32, 0x34, 0x22, 0x20, 0x73, 0x74, 0x6f, 0x70, 0x2d, 0x63, 0x6f, 0x6c, 0x6f, 0x72,
    0x3d, 0x22, 0x23, 0x66, 0x31, 0x35, 0x36, 0x33, 0x63, 0x22, 0x2f, 0x3e, 0x3c, 0x73, 0x74, 0x6f,
    0x70, 0x20, 0x6f, 0x66, 0x66, 0x73, 0x65, 0x74, 0x3d, 0x22, 0x30, 0x2e, 0x32, 0x37, 0x22, 0x20,
    0x73, 0x74, 0x6f, 0x70, 0x2d, 0x63, 0x6f, 0x6c, 0x6f, 0x72, 0x3d, 0x22, 0x23, 0x65, 0x36, 0x35,
    0x33, 0x35, 0x32, 0x22, 0x2f, 0x3e, 0x3c, 0x73, 0x74, 0x6f, 0x70, 0x20, 0x6f, 0x66, 0x66, 0x73,
    0x65, 0x74, 0x3d, 0x22, 0x30, 0x2e, 0x33, 0x32, 0x22, 0x20, 0x73, 0x74, 0x6f, 0x70, 0x2d, 0x63,
    0x6f, 0x6c, 0x6f, 0x72, 0x3d, 0x22, 0x23, 0x64, 0x33, 0x34, 0x66, 0x37, 0x61, 0x22, 0x2f, 0x3e,
    0x3c, 0x73, 0x74, 0x6f, 0x70, 0x20, 0x6f, 0x66, 0x66, 0x73, 0x65, 0x74, 0x3d, 0x22, 0x30, 0x2e,
    0x33, 0x37, 0x22, 0x20, 0x73, 0x74, 0x6f, 0x70, 0x2d, 0x63, 0x6f, 0x6c, 0x6f, 0x72, 0x3d, 0x22,
    0x23, 0x63, 0x37, 0x34, 0x63, 0x39, 0x32, 0x22, 0x2f, 0x3e, 0x3c, 0x73, 0x74, 0x6f, 0x70, 0x20,
    0x6f, 0x66, 0x66, 0x73, 0x65, 0x74, 0x3d, 0x22, 0x30, 0x2e, 0x33, 0x39, 0x22, 0x20, 0x73, 0x74,
    0x6f, 0x70, 0x2d, 0x63, 0x6f, 0x6c, 0x6f, 0x72, 0x3d, 0x22, 0x23, 0x63, 0x33, 0x34, 0x62, 0x39,
    0x62, 0x22, 0x2f, 0x3e, 0x3c, 0x73, 0x74, 0x6f, 0x70, 0x20, 0x6f, 0x66, 0x66, 0x73, 0x65, 0x74,
    0x3d, 0x22, 0x30, 0x2e, 0x37, 0x39, 0x22, 0x20, 0x73, 0x74, 0x6f, 0x70, 0x2d, 0x63, 0x6f, 0x6c,
    0x6f, 0x72, 0x3d, 0x22, 0x23, 0x30, 0x30, 0x62, 0x33, 0x63, 0x31, 0x22, 0x2f, 0x3e, 0x3c, 0x73,
    0x74, 0x6f, 0x70, 0x20, 0x6f, 0x66, 0x66, 0x73, 0x65, 0x74, 0x3d, 0x22, 0x30, 0x2e, 0x38, 0x31,
    0x22, 0x20, 0x73, 0x74, 0x6f, 0x70, 0x2d, 0x63, 0x6f, 0x6c, 0x6f, 0x72, 0x3d, 0x22, 0x23, 0x30,
    0x30, 0x62, 0x33, 0x36, 0x63, 0x22, 0x2f, 0x3e, 0x3c, 0x73, 0x74, 0x6f, 0x70, 0x20, 0x6f, 0x66,
    0x66, 0x73, 0x65, 0x74, 0x3d, 0x22, 0x31, 0x22, 0x20, 0x73, 0x74, 0x6f, 0x70, 0x2d, 0x63, 0x6f,
    0x6c, 0x6f, 0x72, 0x3d, 0x22, 0x23, 0x30, 0x30, 0x62, 0x33, 0x63, 0x31, 0x22, 0x2f, 0x3e, 0x3c,
    0x2f, 0x6c, 0x69, 0x6e, 0x65, 0x61, 0x72, 0x47, 0x72, 0x61, 0x64, 0x69, 0x65, 0x6e, 0x74, 0x3e,
    0x3c, 0x2f, 0x64, 0x65, 0x66, 0x73, 0x3e, 0x3c, 0x70, 0x61, 0x74, 0x68, 0x20, 0x64, 0x3d, 0x22,
    0x4d, 0x35, 0x38, 0x2e, 0x38, 0x34, 0x2c, 0x32, 0x2e, 0x33, 0x32, 0x6c, 0x30, 0x2c, 0x30, 0x2c,
    0x30, 0x2c, 0x30, 0x2c, 0x30, 0x2c, 0x30, 0x2c, 0x30, 0x2c, 0x30, 0x2c, 0x30, 0x2c, 0x30, 0x2c,
    0x30, 0x2c, 0x30, 0x2c, 0x30, 0x2c, 0x30, 0x2c, 0x30, 0x2c, 0x30, 0x2c, 0x30, 0x2c, 0x30, 0x2c,
    0x30, 0x2c, 0x30, 0x2c, 0x30, 0x2c, 0x30, 0x2c, 0x30, 0x2c, 0x30, 0x2c, 0x30, 0x2c, 0x30, 0x2c,
    0x30, 0x2c, 0x30, 0x2c, 0x30, 0x2c, 0x30, 0x2c, 0x30, 0x2c, 0x30, 0x2c, 0x30, 0x2c, 0x30, 0x2c,
    0x30, 0x2c, 0x30, 0x2c, 0x30, 0x2c, 0x30, 0x2c, 0x30, 0x2c, 0x30, 0x2c, 0x30, 0x2c, 0x30, 0x2c,
    0x30, 0x2c, 0x30, 0x2c, 0x30, 0x2c, 0x30, 0x2c, 0x30, 0x2c, 0x30, 0x2c, 0x30, 0x2c, 0x30, 0x2c,
    0x30, 0x2c, 0x30, 0x2c, 0x30, 0x2c, 0x30, 0x2c, 0x30, 0x2c, 0x30, 0x2c, 0x30, 0x2c, 0x30, 0x2c,
    0x30, 0x2c, 0x30, 0x61, 0x2e, 0x30, 0x38, 0x2e, 0x30, 0x38, 0x2c, 0x30, 0x2c, 0x30, 0x2c, 0x30,
    0x2c, 0x30, 0x2c, 0x30, 0x6c, 0x30, 0x2c, 0x30, 0x61, 0x2e, 0x30, 0x38, 0x2e, 0x30, 0x38, 0x2c,
    0x30, 0x2c, 0x30, 0x2c, 0x30, 0x2c, 0x30, 0x2c, 0x30, 0x6c, 0x30, 0x2c, 0x30, 0x2c, 0x30, 0x2c,
    0x30, 0x2c, 0x30, 0x2c, 0x30, 0x73, 0x30, 0x2c, 0x30, 0x2c, 0x30, 0x2c, 0x30, 0x6c, 0x30, 0x2c,
    0x30, 0x73, 0x30, 0x2c, 0x30, 0x2c, 0x30, 0x2c, 0x30, 0x6c, 0x30, 0x2c, 0x30, 0x2c, 0x30, 0x2c,
    0x30, 0x2c, 0x30, 0x2c, 0x30, 0x2c, 0x30, 0x2c, 0x30, 0x2c, 0x30, 0x2c, 0x30, 0x2c, 0x30, 0x2c,
    0x30, 0x2c, 0x30, 0x2c, 0x30, 0x2c, 0x30, 0x2c, 0x30, 0x2c, 0x30, 0x2c, 0x30, 0x2c, 0x30, 0x2c,
    0x30, 0x2c, 0x30, 0x2c, 0x30, 0x61, 0x31, 0x2e, 0x36, 0x34, 0x2c, 0x31, 0x2e, 0x36, 0x34, 0x2c,
    0x30, 0x2c, 0x30, 0x2c, 0x30, 0x2d, 0x31, 0x2e, 0x31, 0x38, 0x2d, 0x2e, 0x35, 0x48, 0x31, 0x2e,
    0x36, 0x35, 0x41, 0x31, 0x2e, 0x36, 0x36, 0x2c, 0x31, 0x2e, 0x36, 0x36, 0x2c, 0x30, 0x2c, 0x30,
    0x2c, 0x30, 0x2c, 0x30, 0x2c, 0x31, 0x2e, 0x37, 0x56, 0x35, 0x36, 0x61, 0x31, 0x2e, 0x36, 0x33,
    0x2c, 0x31, 0x2e, 0x36, 0x33, 0x2c, 0x30, 0x2c, 0x30, 0x2c, 0x30, 0x2c, 0x2e, 0x35, 0x2c, 0x31,
    0x2e, 0x31, 0x37, 0x6c, 0x30, 0x2c, 0x30, 0x2c, 0x30, 0x2c, 0x30, 0x2c, 0x30, 0x2c, 0x30, 0x2c,
    0x30, 0x2c, 0x30, 0x2c, 0x30, 0x2c, 0x30, 0x2c, 0x30, 0x2c, 0x30, 0x2c, 0x30, 0x2c, 0x30, 0x2c,
    0x30, 0x2c, 0x30, 0x2c, 0x30, 0x2c, 0x30, 0x2c, 0x30, 0x2c, 0x30, 0x2c, 0x30, 0x2c, 0x30, 0x2c,
    0x30, 0x2c, 0x30, 0x2c, 0x30, 0x2c, 0x30, 0x2c, 0x30, 0x2c, 0x30, 0x2c, 0x30, 0x2c, 0x30, 0x2c,
    0x30, 0x2c, 0x30, 0x2c, 0x30, 0x2c, 0x30, 0x2c, 0x30, 0x2c, 0x30, 0x2c, 0x30, 0x2c, 0x30, 0x2c,
    0x30, 0x2c, 0x30, 0x2c, 0x30, 0x2c, 0x30, 0x61, 0x2e, 0x30, 0x38, 0x2e, 0x30, 0x38, 0x2c, 0x30,
    0x2c, 0x30, 0x2c, 0x30, 0x2c, 0x30, 0x2c, 0x30, 0x6c, 0x30, 0x2c, 0x30, 0x2c, 0x30, 0x2c, 0x30,
    0x2c, 0x30, 0x2c, 0x30, 0x2c, 0x30, 0x2c, 0x30, 0x2c, 0x30, 0x2c, 0x30, 0x2c, 0x30, 0x2c, 0x30,
    0x2c, 0x30, 0x2c, 0x30, 0x2c, 0x30, 0x2c, 0x30, 0x2c, 0x30, 0x2c, 0x30, 0x2c, 0x30, 0x2c, 0x30,
    0x2c, 0x30, 0x2c, 0x30, 0x2c, 0x30, 0x2c, 0x30, 0x2c, 0x30, 0x2c, 0x30, 0x2c, 0x30, 0x2c, 0x30,
    0x2c, 0x30, 0x2c, 0x30, 0x2c, 0x30, 0x2c, 0x30, 0x2c, 0x30, 0x2c, 0x30, 0x2c, 0x30, 0x2c, 0x30,
    0x2c, 0x30, 0x2c, 0x30, 0x2c, 0x30, 0x2c, 0x30, 0x2c, 0x30, 0x2c, 0x30, 0x2c, 0x30, 0x2c, 0x30,
    0x2c, 0x30, 0x2c, 0x30, 0x2c, 0x30, 0x2c, 0x30, 0x2c, 0x30, 0x2c, 0x30, 0x2c, 0x30, 0x2c, 0x30,
    0x2c, 0x30, 0x2c, 0x30, 0x2c, 0x30, 0x2c, 0x30, 0x61, 0x31, 0x2e, 0x36, 0x34, 0x2c, 0x31, 0x2e,
    0x36, 0x34, 0x2c, 0x30, 0x2c, 0x30, 0x2c, 0x30, 0x2c, 0x31, 0x2e, 0x31, 0x38, 0x2e, 0x35, 0x6c,
    0x35, 0x34, 0x2e, 0x32, 0x35, 0x2c, 0x30, 0x61, 0x31, 0x2e, 0x36, 0x35, 0x2c, 0x31, 0x2e, 0x36,
    0x35, 0x2c, 0x30, 0x2c, 0x30, 0x2c, 0x30, 0x2c, 0x31, 0x2e, 0x36, 0x35, 0x2d, 0x31, 0x2e, 0x36,
    0x34, 0x56, 0x33, 0x2e, 0x35, 0x41, 0x31, 0x2e, 0x36, 0x34, 0x2c, 0x31, 0x2e, 0x36, 0x34, 0x2c,
    0x30, 0x2c, 0x30, 0x2c, 0x30, 0x2c, 0x35, 0x38, 0x2e, 0x38, 0x34, 0x2c, 0x32, 0x2e, 0x33, 0x32,
    0x5a, 0x22, 0x20, 0x73, 0x74, 0x79, 0x6c, 0x65, 0x3d, 0x22, 0x66, 0x69, 0x6c, 0x6c, 0x3a, 0x23,
    0x35, 0x38, 0x35, 0x39, 0x35, 0x62, 0x22, 0x2f, 0x3e, 0x3c, 0x70, 0x61, 0x74, 0x68, 0x20, 0x64,
    0x3d, 0x22, 0x4d, 0x35, 0x37, 0x2e, 0x35, 0x34, 0x2c, 0x35, 0x35, 0x2e, 0x39, 0x31, 0x56, 0x31,
    0x2e, 0x36, 0x35, 0x41, 0x31, 0x2e, 0x36, 0x34, 0x2c, 0x31, 0x2e, 0x36, 0x34, 0x2c, 0x30, 0x2c,
    0x30, 0x2c, 0x30, 0x2c, 0x35, 0x35, 0x2e, 0x39, 0x31, 0x2c, 0x30, 0x48, 0x31, 0x2e, 0x36, 0x35,
    0x41, 0x31, 0x2e, 0x36, 0x36, 0x2c, 0x31, 0x2e, 0x36, 0x36, 0x2c, 0x30, 0x2c, 0x30, 0x2c, 0x30,
    0x2c, 0x30, 0x2c, 0x31, 0x2e, 0x36, 0x35, 0x56, 0x35, 0x35, 0x2e, 0x39, 0x61, 0x31, 0x2e, 0x36,
    0x35, 0x2c, 0x31, 0x2e, 0x36, 0x35, 0x2c, 0x30, 0x2c, 0x30, 0x2c, 0x30, 0x2c, 0x31, 0x2e, 0x36,
    0x34, 0x2c, 0x31, 0x2e, 0x36, 0x34, 0x48, 0x35, 0x35, 0x2e, 0x39, 0x6d, 0x30, 0x2c, 0x30, 0x61,
    0x31, 0x2e, 0x36, 0x35, 0x2c, 0x31, 0x2e, 0x36, 0x35, 0x2c, 0x30, 0x2c, 0x30, 0x2c, 0x30, 0x2c,
    0x31, 0x2e, 0x36, 0x34, 0x2d, 0x31, 0x2e, 0x36, 0x34, 0x22, 0x20, 0x73, 0x74, 0x79, 0x6c, 0x65,
    0x3d, 0x22, 0x66, 0x69, 0x6c, 0x6c, 0x3a, 0x75, 0x72, 0x6c, 0x28, 0x23, 0x53, 0x75, 0x6d, 0x6d,
    0x65, 0x72, 0x5f, 0x4d, 0x75, 0x6c, 0x74, 0x69, 0x63, 0x6f, 0x6c, 0x6f, 0x72, 0x29, 0x22, 0x2f,
    0x3e, 0x3c, 0x72, 0x65, 0x63, 0x74, 0x20, 0x78, 0x3d, 0x22, 0x33, 0x2e, 0x32, 0x39, 0x22, 0x20,
    0x79, 0x3d, 0x22, 0x33, 0x2e, 0x32, 0x39, 0x22, 0x20, 0x77, 0x69, 0x64, 0x74, 0x68, 0x3d, 0x22,
    0x35, 0x30, 0x2e, 0x39, 0x36, 0x22, 0x20, 0x68, 0x65, 0x69, 0x67, 0x68, 0x74, 0x3d, 0x22, 0x35,
    0x30, 0x2e, 0x39, 0x37, 0x22, 0x20, 0x73, 0x74, 0x79, 0x6c, 0x65, 0x3d, 0x22, 0x66, 0x69, 0x6c,
    0x6c, 0x3a, 0x23, 0x66, 0x66, 0x66, 0x22, 0x2f, 0x3e, 0x3c, 0x2f, 0x73, 0x76, 0x67, 0x3e,
};
static const size_t main_toolbar_ac_on_svg_len = 1583;

static const unsigned char main_toolbar_ac_off_svg[] = {
    0x3c, 0x73, 0x76, 0x67, 0x20, 0x69, 0x64, 0x3d, 0x22, 0x4c, 0x61, 0x79, 0x65, 0x72, 0x5f, 0x31,
    0x22, 0x20, 0x64, 0x61, 0x74, 0x61, 0x2d, 0x6e, 0x61, 0x6d, 0x65, 0x3d, 0x22, 0x4c, 0x61, 0x79,
    0x65, 0x72, 0x20, 0x31, 0x22, 0x20, 0x78, 0x6d, 0x6c, 0x6e, 0x73, 0x3d, 0x22, 0x68, 0x74, 0x74,
    0x70, 0x3a, 0x2f, 0x2f, 0x77, 0x77, 0x77, 0x2e, 0x77, 0x33, 0x2e, 0x6f, 0x72, 0x67, 0x2f, 0x32,
    0x30, 0x30, 0x30, 0x2f, 0x73, 0x76, 0x67, 0x22, 0x20, 0x78, 0x6d, 0x6c, 0x6e, 0x73, 0x3a, 0x78,
    0x6c, 0x69, 0x6e, 0x6b, 0x3d, 0x22, 0x68, 0x74, 0x74, 0x70, 0x3a, 0x2f, 0x2f, 0x77, 0x77, 0x77,
    0x2e, 0x77, 0x33, 0x2e, 0x6f, 0x72, 0x67, 0x2f, 0x31, 0x39, 0x39, 0x39, 0x2f, 0x78, 0x6c, 0x69,
    0x6e, 0x6b, 0x22, 0x20, 0x76, 0x69, 0x65, 0x77, 0x42, 0x6f, 0x78, 0x3d, 0x22, 0x30, 0x20, 0x30,
    0x20, 0x35, 0x39, 0x2e, 0x34, 0x36, 0x20, 0x35, 0x39, 0x2e, 0x34, 0x35, 0x22, 0x3e, 0x3c, 0x64,
    0x65, 0x66, 0x73, 0x3e, 0x3c, 0x6c, 0x69, 0x6e, 0x65, 0x61, 0x72, 0x47, 0x72, 0x61, 0x64, 0x69,
    0x65, 0x6e, 0x74, 0x20, 0x69, 0x64, 0x3d, 0x22, 0x53, 0x75, 0x6d, 0x6d, 0x65, 0x72, 0x5f, 0x4d,
    0x75, 0x6c, 0x74, 0x69, 0x63, 0x6f, 0x6c, 0x6f, 0x72, 0x22, 0x20, 0x78, 0x31, 0x3d, 0x22, 0x2d,
    0x31, 0x35, 0x34, 0x2e, 0x36, 0x38, 0x22, 0x20, 0x79, 0x31, 0x3d, 0x22, 0x32, 0x38, 0x2e, 0x38,
    0x33, 0x22, 0x20, 0x78, 0x32, 0x3d, 0x22, 0x38, 0x38, 0x38, 0x2e, 0x38, 0x36, 0x22, 0x20, 0x79,
    0x32, 0x3d, 0x22, 0x32, 0x38, 0x2e, 0x38, 0x33, 0x22, 0x20, 0x67, 0x72, 0x61, 0x64, 0x69, 0x65,
    0x6e, 0x74, 0x55, 0x6e, 0x69, 0x74, 0x73, 0x3d, 0x22, 0x75, 0x73, 0x65, 0x72, 0x53, 0x70, 0x61,
    0x63, 0x65, 0x4f, 0x6e, 0x55, 0x73, 0x65, 0x22, 0x3e, 0x3c, 0x73, 0x74, 0x6f, 0x70, 0x20, 0x6f,
    0x66, 0x66, 0x73, 0x65, 0x74, 0x3d, 0x22, 0x30, 0x2e, 0x31, 0x31, 0x22, 0x20, 0x73, 0x74, 0x6f,
    0x70, 0x2d, 0x63, 0x6f, 0x6c, 0x6f, 0x72, 0x3d, 0x22, 0x23, 0x66, 0x30, 0x63, 0x38, 0x33, 0x62,
    0x22, 0x2f, 0x3e, 0x3c, 0x73, 0x74, 0x6f, 0x70, 0x20, 0x6f, 0x66, 0x66, 0x73, 0x65, 0x74, 0x3d,
    0x22, 0x30, 0x2e, 0x32, 0x34, 0x22, 0x20, 0x73, 0x74, 0x6f, 0x70, 0x2d, 0x63, 0x6f, 0x6c, 0x6f,
    0x72, 0x3d, 0x22, 0x23, 0x66, 0x31, 0x35, 0x36, 0x33, 0x63, 0x22, 0x2f, 0x3e, 0x3c, 0x73, 0x74,
    0x6f, 0x70, 0x20, 0x6f, 0x66, 0x66, 0x73, 0x65, 0x74, 0x3d, 0x22, 0x30, 0x2e, 0x32, 0x37, 0x22,
    0x20, 0x73, 0x74, 0x6f, 0x70, 0x2d, 0x63, 0x6f, 0x6c, 0x6f, 0x72, 0x3d, 0x22, 0x23, 0x65, 0x36,
    0x35, 0x33, 0x35, 0x32, 0x22, 0x2f, 0x3e, 0x3c, 0x73, 0x74, 0x6f, 0x70, 0x20, 0x6f, 0x66, 0x66,
    0x73, 0x65, 0x74, 0x3d, 0x22, 0x30, 0x2e, 0x33, 0x32, 0x22, 0x20, 0x73, 0x74, 0x6f, 0x70, 0x2d,
    0x63, 0x6f, 0x6c, 0x6f, 0x72, 0x3d, 0x22, 0x23, 0x64, 0x33, 0x34, 0x66, 0x37, 0x61, 0x22, 0x2f,
    0x3e, 0x3c, 0x73, 0x74, 0x6f, 0x70, 0x20, 0x6f, 0x66, 0x66, 0x73, 0x65, 0x74, 0x3d, 0x22, 0x30,
    0x2e, 0x33, 0x37, 0x22, 0x20, 0x73, 0x74, 0x6f, 0x70, 0x2d, 0x63, 0x6f, 0x6c, 0x6f, 0x72, 0x3d,
    0x22, 0x23, 0x63, 0x37, 0x34, 0x63, 0x39, 0x32, 0x22, 0x2f, 0x3e, 0x3c, 0x73, 0x74, 0x6f, 0x70,
    0x20, 0x6f, 0x66, 0x66, 0x73, 0x65, 0x74, 0x3d, 0x22, 0x30, 0x2e, 0x33, 0x39, 0x22, 0x20, 0x73,
    0x74, 0x6f, 0x70, 0x2d, 0x63, 0x6f, 0x6c, 0x6f, 0x72, 0x3d, 0x22, 0x23, 0x63, 0x33, 0x34, 0x62,
    0x39, 0x62, 0x22, 0x2f, 0x3e, 0x3c, 0x73, 0x74, 0x6f, 0x70, 0x20, 0x6f, 0x66, 0x66, 0x73, 0x65,
    0x74, 0x3d, 0x22, 0x30, 0x2e, 0x37, 0x39, 0x22, 0x20, 0x73, 0x74, 0x6f, 0x70, 0x2d, 0x63, 0x6f,
    0x6c, 0x6f, 0x72, 0x3d, 0x22, 0x23, 0x30, 0x30, 0x62, 0x33, 0x63, 0x31, 0x22, 0x2f, 0x3e, 0x3c,
    0x73, 0x74, 0x6f, 0x70, 0x20, 0x6f, 0x66, 0x66, 0x73, 0x65, 0x74, 0x3d, 0x22, 0x30, 0x2e, 0x38,
    0x31, 0x22, 0x20, 0x73, 0x74, 0x6f, 0x70, 0x2d, 0x63, 0x6f, 0x6c, 0x6f, 0x72, 0x3d, 0x22, 0x23,
    0x30, 0x30, 0x62, 0x33, 0x36, 0x63, 0x22, 0x2f, 0x3e, 0x3c, 0x73, 0x74, 0x6f, 0x70, 0x20, 0x6f,
    0x66, 0x66, 0x73, 0x65, 0x74, 0x3d, 0x22, 0x31, 0x22, 0x20, 0x73, 0x74, 0x6f, 0x70, 0x2d, 0x63,
    0x6f, 0x6c, 0x6f, 0x72, 0x3d, 0x22, 0x23, 0x30, 0x30, 0x62, 0x33, 0x63, 0x31, 0x22, 0x2f, 0x3e,
    0x3c, 0x2f, 0x6c, 0x69, 0x6e, 0x65, 0x61, 0x72, 0x47, 0x72, 0x61, 0x64, 0x69, 0x65, 0x6e, 0x74,
    0x3e, 0x3c, 0x2f, 0x64, 0x65, 0x66, 0x73, 0x3e, 0x3c, 0x70, 0x61, 0x74, 0x68, 0x20, 0x64, 0x3d,
    0x22, 0x4d, 0x35, 0x39, 0x2c, 0x32, 0x2e, 0x32, 0x37, 0x6c, 0x30, 0x2c, 0x30, 0x2c, 0x30, 0x2c,
    0x30, 0x2c, 0x30, 0x2c, 0x30, 0x2c, 0x30, 0x2c, 0x30, 0x2c, 0x30, 0x2c, 0x30, 0x2c, 0x30, 0x2c,
    0x30, 0x2c, 0x30, 0x2c, 0x30, 0x2c, 0x30, 0x2c, 0x30, 0x2c, 0x30, 0x2c, 0x30, 0x2c, 0x30, 0x2c,
    0x30, 0x2c, 0x30, 0x2c, 0x30, 0x2c, 0x30, 0x2c, 0x30, 0x2c, 0x30, 0x2c, 0x30, 0x2c, 0x30, 0x2c,
    0x30, 0x2c, 0x30, 0x2c, 0x30, 0x2c, 0x30, 0x2c, 0x30, 0x2c, 0x30, 0x2c, 0x30, 0x2c, 0x30, 0x2c,
    0x30, 0x2c, 0x30, 0x2c, 0x30, 0x2c, 0x30, 0x2c, 0x30, 0x2c, 0x30, 0x2c, 0x30, 0x2c, 0x30, 0x2c,
    0x30, 0x2c, 0x30, 0x2c, 0x30, 0x2c, 0x30, 0x2c, 0x30, 0x2c, 0x30, 0x2c, 0x30, 0x2c, 0x30, 0x2c,
    0x30, 0x2c, 0x30, 0x2c, 0x30, 0x2c, 0x30, 0x2c, 0x30, 0x2c, 0x30, 0x2c, 0x30, 0x2c, 0x30, 0x2c,
    0x30, 0x2c, 0x30, 0x2c, 0x30, 0x2c, 0x30, 0x2c, 0x30, 0x2c, 0x30, 0x2c, 0x30, 0x2c, 0x30, 0x2c,
    0x30, 0x2c, 0x30, 0x2c, 0x30, 0x2c, 0x30, 0x2c, 0x30, 0x2c, 0x30, 0x2c, 0x30, 0x2c, 0x30, 0x2c,
    0x30, 0x2c, 0x30, 0x2c, 0x30, 0x2c, 0x30, 0x2c, 0x30, 0x2c, 0x30, 0x2c, 0x30, 0x2c, 0x30, 0x2c,
    0x30, 0x2c, 0x30, 0x2c, 0x30, 0x2c, 0x30, 0x2c, 0x30, 0x2c, 0x30, 0x2c, 0x30, 0x2c, 0x30, 0x2c,
    0x30, 0x2c, 0x30, 0x2c, 0x30, 0x2c, 0x30, 0x2c, 0x30, 0x2c, 0x30, 0x2c, 0x30, 0x2c, 0x30, 0x2c,
    0x30, 0x41, 0x31, 0x2e, 0x36, 0x34, 0x2c, 0x31, 0x2e, 0x36, 0x34, 0x2c, 0x30, 0x2c, 0x30, 0x2c,
    0x30, 0x2c, 0x35, 0x36, 0x2c, 0x30, 0x48, 0x31, 0x2e, 0x36, 0x36, 0x41, 0x31, 0x2e, 0x36, 0x35,
    0x2c, 0x31, 0x2e, 0x36, 0x35, 0x2c, 0x30, 0x2c, 0x30, 0x2c, 0x30, 0x2c, 0x30, 0x2c, 0x31, 0x2e,
    0x36, 0x35, 0x56, 0x35, 0x36, 0x61, 0x31, 0x2e, 0x36, 0x33, 0x2c, 0x31, 0x2e, 0x36, 0x33, 0x2c,
    0x30, 0x2c, 0x30, 0x2c, 0x30, 0x2c, 0x2e, 0x35, 0x31, 0x2c, 0x31, 0x2e, 0x31, 0x38, 0x6c, 0x30,
    0x2c, 0x30, 0x2c, 0x30, 0x2c, 0x30, 0x2c, 0x30, 0x2c, 0x30, 0x2c, 0x30, 0x2c, 0x30, 0x2c, 0x30,
    0x2c, 0x30, 0x2c, 0x30, 0x2c, 0x30, 0x2c, 0x30, 0x2c, 0x30, 0x2c, 0x30, 0x2c, 0x30, 0x2c, 0x30,
    0x2c, 0x30, 0x2c, 0x30, 0x2c, 0x30, 0x2c, 0x30, 0x2c, 0x30, 0x2c, 0x30, 0x2c, 0x30, 0x2c, 0x30,
    0x2c, 0x30, 0x2c, 0x30, 0x2c, 0x30, 0x2c, 0x30, 0x2c, 0x30, 0x2c, 0x30, 0x2c, 0x30, 0x2c, 0x30,
    0x2c, 0x30, 0x2c, 0x30, 0x2c, 0x30, 0x2c, 0x30, 0x2c, 0x30, 0x61, 0x2e, 0x30, 0x38, 0x2e, 0x30,
    0x38, 0x2c, 0x30, 0x2c, 0x30, 0x2c, 0x31, 0x2c, 0x30, 0x2c, 0x30, 0x6c, 0x30, 0x2c, 0x30, 0x2c,
    0x30, 0x2c, 0x30, 0x2c, 0x30, 0x2c, 0x30, 0x61, 0x2e, 0x30, 0x38, 0x2e, 0x30, 0x38, 0x2c, 0x30,
    0x2c, 0x30, 0x2c, 0x31, 0x2c, 0x30, 0x2c, 0x30, 0x6c, 0x30, 0x2c, 0x30, 0x61, 0x2e, 0x30, 0x38,
    0x2e, 0x30, 0x38, 0x2c, 0x30, 0x2c, 0x30, 0x2c, 0x31, 0x2c, 0x30, 0x2c, 0x30, 0x6c, 0x30, 0x2c,
    0x30, 0x2c, 0x30, 0x2c, 0x30, 0x2c, 0x30, 0x2c, 0x30, 0x2c, 0x30, 0x2c, 0x30, 0x2c, 0x30, 0x2c,
    0x30, 0x2c, 0x30, 0x2c, 0x30, 0x2c, 0x30, 0x2c, 0x30, 0x2c, 0x30, 0x2c, 0x30, 0x2c, 0x30, 0x2c,
    0x30, 0x2c, 0x30, 0x2c, 0x30, 0x2c, 0x30, 0x2c, 0x30, 0x2c, 0x30, 0x2c, 0x30, 0x2c, 0x30, 0x2c,
    0x30, 0x2c, 0x30, 0x2c, 0x30, 0x2c, 0x30, 0x2c, 0x30, 0x2c, 0x30, 0x2c, 0x30, 0x2c, 0x30, 0x2c,
    0x30, 0x2c, 0x30, 0x2c, 0x30, 0x2c, 0x30, 0x2c, 0x30, 0x2c, 0x30, 0x2c, 0x30, 0x2c, 0x30, 0x2c,
    0x30, 0x2c, 0x30, 0x2c, 0x30, 0x2c, 0x30, 0x2c, 0x30, 0x2c, 0x30, 0x2c, 0x30, 0x61, 0x31, 0x2e,
    0x36, 0x34, 0x2c, 0x31, 0x2e, 0x36, 0x34, 0x2c, 0x30, 0x2c, 0x30, 0x2c, 0x30, 0x2c, 0x31, 0x2e,
    0x31, 0x39, 0x2e, 0x35, 0x48, 0x35, 0x37, 0x2e, 0x38, 0x61, 0x31, 0x2e, 0x36, 0x35, 0x2c, 0x31,
    0x2e, 0x36, 0x35, 0x2c, 0x30, 0x2c, 0x30, 0x2c, 0x30, 0x2c, 0x31, 0x2e, 0x36, 0x35, 0x2d, 0x31,
    0x2e, 0x36, 0x34, 0x56, 0x33, 0x2e, 0x34, 0x35, 0x41, 0x31, 0x2e, 0x36, 0x34, 0x2c, 0x31, 0x2e,
    0x36, 0x34, 0x2c, 0x30, 0x2c, 0x30, 0x2c, 0x30, 0x2c, 0x35, 0x39, 0x2c, 0x32, 0x2e, 0x32, 0x37,
    0x5a, 0x22, 0x20, 0x73, 0x74, 0x79, 0x6c, 0x65, 0x3d, 0x22, 0x66, 0x69, 0x6c, 0x6c, 0x3a, 0x23,
    0x35, 0x38, 0x35, 0x39, 0x35, 0x62, 0x22, 0x2f, 0x3e, 0x3c, 0x70, 0x61, 0x74, 0x68, 0x20, 0x64,
    0x3d, 0x22, 0x4d, 0x35, 0x37, 0x2e, 0x36, 0x35, 0x2c, 0x35, 0x36, 0x6c, 0x30, 0x2d, 0x35, 0x34,
    0x2e, 0x33, 0x35, 0x41, 0x31, 0x2e, 0x36, 0x35, 0x2c, 0x31, 0x2e, 0x36, 0x35, 0x2c, 0x30, 0x2c,
    0x30, 0x2c, 0x30, 0x2c, 0x35, 0x36, 0x2c, 0x30, 0x48, 0x31, 0x2e, 0x36, 0x36, 0x41, 0x31, 0x2e,
    0x36, 0x35, 0x2c, 0x31, 0x2e, 0x36, 0x35, 0x2c, 0x30, 0x2c, 0x30, 0x2c, 0x30, 0x2c, 0x30, 0x2c,
    0x31, 0x2e, 0x36, 0x35, 0x56, 0x35, 0x36, 0x61, 0x31, 0x2e, 0x36, 0x36, 0x2c, 0x31, 0x2e, 0x36,
    0x36, 0x2c, 0x30, 0x2c, 0x30, 0x2c, 0x30, 0x2c, 0x31, 0x2e, 0x36, 0x35, 0x2c, 0x31, 0x2e, 0x36,
    0x35, 0x48, 0x35, 0x36, 0x6d, 0x30, 0x2d, 0x2e, 0x31, 0x31, 0x61, 0x31, 0x2e, 0x36, 0x34, 0x2c,
    0x31, 0x2e, 0x36, 0x34, 0x2c, 0x30, 0x2c, 0x30, 0x2c, 0x30, 0x2c, 0x31, 0x2e, 0x36, 0x34, 0x2d,
    0x31, 0x2e, 0x36, 0x34, 0x22, 0x20, 0x73, 0x74, 0x79, 0x6c, 0x65, 0x3d, 0x22, 0x66, 0x69, 0x6c,
    0x6c, 0x3a, 0x75, 0x72, 0x6c, 0x28, 0x23, 0x53, 0x75, 0x6d, 0x6d, 0x65, 0x72, 0x5f, 0x4d, 0x75,
    0x6c, 0x74, 0x69, 0x63, 0x6f, 0x6c, 0x6f, 0x72, 0x29, 0x22, 0x2f, 0x3e, 0x3c, 0x2f, 0x73, 0x76,
    0x67, 0x3e,
};
static const size_t main_toolbar_ac_off_svg_len = 1490;

static const unsigned char main_toolbar_ac_select_svg[] = {
    0x3c, 0x73, 0x76, 0x67, 0x20, 0x69, 0x64, 0x3d, 0x22, 0x4c, 0x61, 0x79, 0x65, 0x72, 0x5f, 0x31,
    0x22, 0x20, 0x64, 0x61, 0x74, 0x61, 0x2d, 0x6e, 0x61, 0x6d, 0x65, 0x3d, 0x22, 0x4c, 0x61, 0x79,
    0x65, 0x72, 0x20, 0x31, 0x22, 0x20, 0x78, 0x6d, 0x6c, 0x6e, 0x73, 0x3d, 0x22, 0x68, 0x74, 0x74,
    0x70, 0x3a, 0x2f, 0x2f, 0x77, 0x77, 0x77, 0x2e, 0x77, 0x33, 0x2e, 0x6f, 0x72, 0x67, 0x2f, 0x32,
    0x30, 0x30, 0x30, 0x2f, 0x73, 0x76, 0x67, 0x22, 0x20, 0x78, 0x6d, 0x6c, 0x6e, 0x73, 0x3a, 0x78,
    0x6c, 0x69, 0x6e, 0x6b, 0x3d, 0x22, 0x68, 0x74, 0x74, 0x70, 0x3a, 0x2f, 0x2f, 0x77, 0x77, 0x77,
    0x2e, 0x77, 0x33, 0x2e, 0x6f, 0x72, 0x67, 0x2f, 0x31, 0x39, 0x39, 0x39, 0x2f, 0x78, 0x6c, 0x69,
    0x6e, 0x6b, 0x22, 0x20, 0x76, 0x69, 0x65, 0x77, 0x42, 0x6f, 0x78, 0x3d, 0x22, 0x30, 0x20, 0x30,
    0x20, 0x34, 0x34, 0x2e, 0x37, 0x35, 0x20, 0x35, 0x39, 0x2e, 0x30, 0x37, 0x22, 0x3e, 0x3c, 0x64,
    0x65, 0x66, 0x73, 0x3e, 0x3c, 0x6c, 0x69, 0x6e, 0x65, 0x61, 0x72, 0x47, 0x72, 0x61, 0x64, 0x69,
    0x65, 0x6e, 0x74, 0x20, 0x69, 0x64, 0x3d, 0x22, 0x53, 0x75, 0x6d, 0x6d, 0x65, 0x72, 0x5f, 0x4d,
    0x75, 0x6c, 0x74, 0x69, 0x63, 0x6f, 0x6c, 0x6f, 0x72, 0x22, 0x20, 0x78, 0x31, 0x3d, 0x22, 0x2d,
    0x38, 0x37, 0x2e, 0x38, 0x37, 0x22, 0x20, 0x79, 0x31, 0x3d, 0x22, 0x33, 0x37, 0x22, 0x20, 0x78,
    0x32, 0x3d, 0x22, 0x39, 0x35, 0x35, 0x2e, 0x36, 0x39, 0x22, 0x20, 0x79, 0x32, 0x3d, 0x22, 0x33,
    0x37, 0x22, 0x20, 0x67, 0x72, 0x61, 0x64, 0x69, 0x65, 0x6e, 0x74, 0x55, 0x6e, 0x69, 0x74, 0x73,
    0x3d, 0x22, 0x75, 0x73, 0x65, 0x72, 0x53, 0x70, 0x61, 0x63, 0x65, 0x4f, 0x6e, 0x55, 0x73, 0x65,
    0x22, 0x3e, 0x3c, 0x73, 0x74, 0x6f, 0x70, 0x20, 0x6f, 0x66, 0x66, 0x73, 0x65, 0x74, 0x3d, 0x22,
    0x30, 0x2e, 0x31, 0x31, 0x22, 0x20, 0x73, 0x74, 0x6f, 0x70, 0x2d, 0x63, 0x6f, 0x6c, 0x6f, 0x72,
    0x3d, 0x22, 0x23, 0x66, 0x30, 0x63, 0x38, 0x33, 0x62, 0x22, 0x2f, 0x3e, 0x3c, 0x73, 0x74, 0x6f,
    0x70, 0x20, 0x6f, 0x66, 0x66, 0x73, 0x65, 0x74, 0x3d, 0x22, 0x30, 0x2e, 0x32, 0x34, 0x22, 0x20,
    0x73, 0x74, 0x6f, 0x70, 0x2d, 0x63, 0x6f, 0x6c, 0x6f, 0x72, 0x3d, 0x22, 0x23, 0x66, 0x31, 0x35,
    0x36, 0x33, 0x63, 0x22, 0x2f, 0x3e, 0x3c, 0x73, 0x74, 0x6f, 0x70, 0x20, 0x6f, 0x66, 0x66, 0x73,
    0x65, 0x74, 0x3d, 0x22, 0x30, 0x2e, 0x32, 0x37, 0x22, 0x20, 0x73, 0x74, 0x6f, 0x70, 0x2d, 0x63,
    0x6f, 0x6c, 0x6f, 0x72, 0x3d, 0x22, 0x23, 0x65, 0x36, 0x35, 0x33, 0x35, 0x32, 0x22, 0x2f, 0x3e,
    0x3c, 0x73, 0x74, 0x6f, 0x70, 0x20, 0x6f, 0x66, 0x66, 0x73, 0x65, 0x74, 0x3d, 0x22, 0x30, 0x2e,
    0x33, 0x32, 0x22, 0x20, 0x73, 0x74, 0x6f, 0x70, 0x2d, 0x63, 0x6f, 0x6c, 0x6f, 0x72, 0x3d, 0x22,
    0x23, 0x64, 0x33, 0x34, 0x66, 0x37, 0x61, 0x22, 0x2f, 0x3e, 0x3c, 0x73, 0x74, 0x6f, 0x70, 0x20,
    0x6f, 0x66, 0x66, 0x73, 0x65, 0x74, 0x3d, 0x22, 0x30, 0x2e, 0x33, 0x37, 0x22, 0x20, 0x73, 0x74,
    0x6f, 0x70, 0x2d, 0x63, 0x6f, 0x6c, 0x6f, 0x72, 0x3d, 0x22, 0x23, 0x63, 0x37, 0x34, 0x63, 0x39,
    0x32, 0x22, 0x2f, 0x3e, 0x3c, 0x73, 0x74, 0x6f, 0x70, 0x20, 0x6f, 0x66, 0x66, 0x73, 0x65, 0x74,
    0x3d, 0x22, 0x30, 0x2e, 0x33, 0x39, 0x22, 0x20, 0x73, 0x74, 0x6f, 0x70, 0x2d, 0x63, 0x6f, 0x6c,
    0x6f, 0x72, 0x3d, 0x22, 0x23, 0x63, 0x33, 0x34, 0x62, 0x39, 0x62, 0x22, 0x2f, 0x3e, 0x3c, 0x73,
    0x74, 0x6f, 0x70, 0x20, 0x6f, 0x66, 0x66, 0x73, 0x65, 0x74, 0x3d, 0x22, 0x30, 0x2e, 0x37, 0x39,
    0x22, 0x20, 0x73, 0x74, 0x6f, 0x70, 0x2d, 0x63, 0x6f, 0x6c, 0x6f, 0x72, 0x3d, 0x22, 0x23, 0x30,
    0x30, 0x62, 0x33, 0x63, 0x31, 0x22, 0x2f, 0x3e, 0x3c, 0x73, 0x74, 0x6f, 0x70, 0x20, 0x6f, 0x66,
    0x66, 0x73, 0x65, 0x74, 0x3d, 0x22, 0x30, 0x2e, 0x38, 0x31, 0x22, 0x20, 0x73, 0x74, 0x6f, 0x70,
    0x2d, 0x63, 0x6f, 0x6c, 0x6f, 0x72, 0x3d, 0x22, 0x23, 0x30, 0x30, 0x62, 0x33, 0x36, 0x63, 0x22,
    0x2f, 0x3e, 0x3c, 0x73, 0x74, 0x6f, 0x70, 0x20, 0x6f, 0x66, 0x66, 0x73, 0x65, 0x74, 0x3d, 0x22,
    0x31, 0x22, 0x20, 0x73, 0x74, 0x6f, 0x70, 0x2d, 0x63, 0x6f, 0x6c, 0x6f, 0x72, 0x3d, 0x22, 0x23,
    0x30, 0x30, 0x62, 0x33, 0x63, 0x31, 0x22, 0x2f, 0x3e, 0x3c, 0x2f, 0x6c, 0x69, 0x6e, 0x65, 0x61,
    0x72, 0x47, 0x72, 0x61, 0x64, 0x69, 0x65, 0x6e, 0x74, 0x3e, 0x3c, 0x6c, 0x69, 0x6e, 0x65, 0x61,
    0x72, 0x47, 0x72, 0x61, 0x64, 0x69, 0x65, 0x6e, 0x74, 0x20, 0x69, 0x64, 0x3d, 0x22, 0x53, 0x75,
    0x6d, 0x6d, 0x65, 0x72, 0x5f, 0x4d, 0x75, 0x6c, 0x74, 0x69, 0x63, 0x6f, 0x6c, 0x6f, 0x72, 0x2d,
    0x32, 0x22, 0x20, 0x78, 0x31, 0x3d, 0x22, 0x2d, 0x38, 0x37, 0x2e, 0x38, 0x38, 0x22, 0x20, 0x79,
    0x31, 0x3d, 0x22, 0x34, 0x2e, 0x37, 0x38, 0x22, 0x20, 0x78, 0x32, 0x3d, 0x22, 0x39, 0x35, 0x35,
    0x2e, 0x37, 0x22, 0x20, 0x79, 0x32, 0x3d, 0x22, 0x34, 0x2e, 0x37, 0x38, 0x22, 0x20, 0x78, 0x6c,
    0x69, 0x6e, 0x6b, 0x3a, 0x68, 0x72, 0x65, 0x66, 0x3d, 0x22, 0x23, 0x53, 0x75, 0x6d, 0x6d, 0x65,
    0x72, 0x5f, 0x4d, 0x75, 0x6c, 0x74, 0x69, 0x63, 0x6f, 0x6c, 0x6f, 0x72, 0x22, 0x2f, 0x3e, 0x3c,
    0x6c, 0x69, 0x6e, 0x65, 0x61, 0x72, 0x47, 0x72, 0x61, 0x64, 0x69, 0x65, 0x6e, 0x74, 0x20, 0x69,
    0x64, 0x3d, 0x22, 0x53, 0x75, 0x6d, 0x6d, 0x65, 0x72, 0x5f, 0x4d, 0x75, 0x6c, 0x74, 0x69, 0x63,
    0x6f, 0x6c, 0x6f, 0x72, 0x2d, 0x33, 0x22, 0x20, 0x78, 0x31, 0x3d, 0x22, 0x2d, 0x38, 0x37, 0x2e,
    0x38, 0x37, 0x22, 0x20, 0x79, 0x31, 0x3d, 0x22, 0x31, 0x37, 0x2e, 0x39, 0x22, 0x20, 0x78, 0x32,
    0x3d, 0x22, 0x39, 0x35, 0x35, 0x2e, 0x36, 0x37, 0x22, 0x20, 0x79, 0x32, 0x3d, 0x22, 0x31, 0x37,
    0x2e, 0x39, 0x22, 0x20, 0x78, 0x6c, 0x69, 0x6e, 0x6b, 0x3a, 0x68, 0x72, 0x65, 0x66, 0x3d, 0x22,
    0x23, 0x53, 0x75, 0x6d, 0x6d, 0x65, 0x72, 0x5f, 0x4d, 0x75, 0x6c, 0x74, 0x69, 0x63, 0x6f, 0x6c,
    0x6f, 0x72, 0x22, 0x2f, 0x3e, 0x3c, 0x6c, 0x69, 0x6e, 0x65, 0x61, 0x72, 0x47, 0x72, 0x61, 0x64,
    0x69, 0x65, 0x6e, 0x74, 0x20, 0x69, 0x64, 0x3d, 0x22, 0x53, 0x75, 0x6d, 0x6d, 0x65, 0x72, 0x5f,
    0x4d, 0x75, 0x6c, 0x74, 0x69, 0x63, 0x6f, 0x6c, 0x6f, 0x72, 0x2d, 0x34, 0x22, 0x20, 0x78, 0x31,
    0x3d, 0x22, 0x2d, 0x38, 0x37, 0x2e, 0x38, 0x37, 0x22, 0x20, 0x79, 0x31, 0x3d, 0x22, 0x31, 0x37,
    0x2e, 0x39, 0x22, 0x20, 0x78, 0x32, 0x3d, 0x22, 0x39, 0x35, 0x35, 0x2e, 0x36, 0x38, 0x22, 0x20,
    0x79, 0x32, 0x3d, 0x22, 0x31, 0x37, 0x2e, 0x39, 0x22, 0x20, 0x78, 0x6c, 0x69, 0x6e, 0x6b, 0x3a,
    0x68, 0x72, 0x65, 0x66, 0x3d, 0x22, 0x23, 0x53, 0x75, 0x6d, 0x6d, 0x65, 0x72, 0x5f, 0x4d, 0x75,
    0x6c, 0x74, 0x69, 0x63, 0x6f, 0x6c, 0x6f, 0x72, 0x22, 0x2f, 0x3e, 0x3c, 0x6c, 0x69, 0x6e, 0x65,
    0x61, 0x72, 0x47, 0x72, 0x61, 0x64, 0x69, 0x65, 0x6e, 0x74, 0x20, 0x69, 0x64, 0x3d, 0x22, 0x53,
    0x75, 0x6d, 0x6d, 0x65, 0x72, 0x5f, 0x4d, 0x75, 0x6c, 0x74, 0x69, 0x63, 0x6f, 0x6c, 0x6f, 0x72,
    0x2d, 0x35, 0x22, 0x20, 0x78, 0x31, 0x3d, 0x22, 0x2d, 0x38, 0x37, 0x2e, 0x38, 0x37, 0x22, 0x20,
    0x79, 0x31, 0x3d, 0x22, 0x38, 0x2e, 0x36, 0x32, 0x22, 0x20, 0x78, 0x32, 0x3d, 0x22, 0x39, 0x35,
    0x35, 0x2e, 0x36, 0x37, 0x22, 0x20, 0x79, 0x32, 0x3d, 0x22, 0x38, 0x2e, 0x36, 0x32, 0x22, 0x20,
    0x78, 0x6c, 0x69, 0x6e, 0x6b, 0x3a, 0x68, 0x72, 0x65, 0x66, 0x3d, 0x22, 0x23, 0x53, 0x75, 0x6d,
    0x6d, 0x65, 0x72, 0x5f, 0x4d, 0x75, 0x6c, 0x74, 0x69, 0x63, 0x6f, 0x6c, 0x6f, 0x72, 0x22, 0x2f,
    0x3e, 0x3c, 0x6c, 0x69, 0x6e, 0x65, 0x61, 0x72, 0x47, 0x72, 0x61, 0x64, 0x69, 0x65, 0x6e, 0x74,
    0x20, 0x69, 0x64, 0x3d, 0x22, 0x53, 0x75, 0x6d, 0x6d, 0x65, 0x72, 0x5f, 0x4d, 0x75, 0x6c, 0x74,
    0x69, 0x63, 0x6f, 0x6c, 0x6f, 0x72, 0x2d, 0x36, 0x22, 0x20, 0x78, 0x31, 0x3d, 0x22, 0x2d, 0x38,
    0x37, 0x2e, 0x38, 0x37, 0x22, 0x20, 0x79, 0x31, 0x3d, 0x22, 0x32, 0x37, 0x2e, 0x31, 0x39, 0x22,
    0x20, 0x78, 0x32, 0x3d, 0x22, 0x39, 0x35, 0x35, 0x2e, 0x36, 0x34, 0x22, 0x20, 0x79, 0x32, 0x3d,
    0x22, 0x32, 0x37, 0x2e, 0x31, 0x39, 0x22, 0x20, 0x78, 0x6c, 0x69, 0x6e, 0x6b, 0x3a, 0x68, 0x72,
    0x65, 0x66, 0x3d, 0x22, 0x23, 0x53, 0x75, 0x6d, 0x6d, 0x65, 0x72, 0x5f, 0x4d, 0x75, 0x6c, 0x74,
    0x69, 0x63, 0x6f, 0x6c, 0x6f, 0x72, 0x22, 0x2f, 0x3e, 0x3c, 0x6c, 0x69, 0x6e, 0x65, 0x61, 0x72,
    0x47, 0x72, 0x61, 0x64, 0x69, 0x65, 0x6e, 0x74, 0x20, 0x69, 0x64, 0x3d, 0x22, 0x53, 0x75, 0x6d,
    0x6d, 0x65, 0x72, 0x5f, 0x4d, 0x75, 0x6c, 0x74, 0x69, 0x63, 0x6f, 0x6c, 0x6f, 0x72, 0x2d, 0x37,
    0x22, 0x20, 0x78, 0x31, 0x3d, 0x22, 0x2d, 0x38, 0x37, 0x2e, 0x38, 0x38, 0x22, 0x20, 0x79, 0x31,
    0x3d, 0x22, 0x38, 0x2e, 0x36, 0x32, 0x22, 0x20, 0x78, 0x32, 0x3d, 0x22, 0x39, 0x35, 0x35, 0x2e,
    0x37, 0x33, 0x22, 0x20, 0x79, 0x32, 0x3d, 0x22, 0x38, 0x2e, 0x36, 0x32, 0x22, 0x20, 0x78, 0x6c,
    0x69, 0x6e, 0x6b, 0x3a, 0x68, 0x72, 0x65, 0x66, 0x3d, 0x22, 0x23, 0x53, 0x75, 0x6d, 0x6d, 0x65,
    0x72, 0x5f, 0x4d, 0x75, 0x6c, 0x74, 0x69, 0x63, 0x6f, 0x6c, 0x6f, 0x72, 0x22, 0x2f, 0x3e, 0x3c,
    0x2f, 0x64, 0x65, 0x66, 0x73, 0x3e, 0x3c, 0x70, 0x61, 0x74, 0x68, 0x20, 0x64, 0x3d, 0x22, 0x4d,
    0x31, 0x37, 0x2e, 0x30, 0x37, 0x2c, 0x39, 0x2e, 0x32, 0x31, 0x6c, 0x30, 0x2c, 0x30, 0x2c, 0x30,
    0x2c, 0x30, 0x2c, 0x30, 0x2c, 0x30, 0x2c, 0x30, 0x2c, 0x30, 0x2c, 0x30, 0x2c, 0x30, 0x2c, 0x30,
    0x2c, 0x30, 0x2c, 0x30, 0x2c, 0x30, 0x2c, 0x30, 0x2c, 0x30, 0x2c, 0x30, 0x2c, 0x30, 0x2c, 0x30,
    0x2c, 0x30, 0x2c, 0x30, 0x2c, 0x30, 0x2c, 0x30, 0x2c, 0x30, 0x2c, 0x30, 0x2c, 0x30, 0x2c, 0x30,
    0x2c, 0x30, 0x2c, 0x30, 0x2c, 0x30, 0x2c, 0x30, 0x2c, 0x30, 0x2c, 0x30, 0x2c, 0x30, 0x2c, 0x30,
    0x2c, 0x30, 0x2c, 0x30, 0x2c, 0x30, 0x2c, 0x30, 0x2c, 0x30, 0x2c, 0x30, 0x2c, 0x30, 0x2c, 0x30,
    0x2c, 0x30, 0x2c, 0x30, 0x2c, 0x30, 0x2c, 0x30, 0x2c, 0x30, 0x2c, 0x30, 0x2c, 0x30, 0x2c, 0x30,
    0x2c, 0x30, 0x2c, 0x30, 0x2c, 0x30, 0x2c, 0x30, 0x2c, 0x30, 0x2c, 0x30, 0x2c, 0x30, 0x2c, 0x30,
    0x2c, 0x30, 0x2c, 0x30, 0x2c, 0x30, 0x2c, 0x30, 0x2c, 0x30, 0x2c, 0x30, 0x2c, 0x30, 0x2c, 0x30,
    0x2c, 0x30, 0x2c, 0x30, 0x2c, 0x30, 0x2c, 0x30, 0x2c, 0x30, 0x2c, 0x30, 0x2c, 0x30, 0x2c, 0x30,
    0x2c, 0x30, 0x2c, 0x30, 0x2c, 0x30, 0x2c, 0x30, 0x2c, 0x30, 0x2c, 0x30, 0x2c, 0x30, 0x2c, 0x30,
    0x2c, 0x30, 0x2c, 0x30, 0x2c, 0x30, 0x2c, 0x30, 0x2c, 0x30, 0x2c, 0x30, 0x2c, 0x30, 0x2c, 0x30,
    0x2c, 0x30, 0x2c, 0x30, 0x2c, 0x30, 0x2c, 0x30, 0x2c, 0x30, 0x2c, 0x30, 0x2c, 0x30, 0x2c, 0x30,
    0x2c, 0x30, 0x61, 0x31, 0x2e, 0x31, 0x39, 0x2c, 0x31, 0x2e, 0x31, 0x39, 0x2c, 0x30, 0x2c, 0x30,
    0x2c, 0x30, 0x2c, 0x32, 0x2e, 0x30, 0x35, 0x2d, 0x2e, 0x38, 0x32, 0x56, 0x33, 0x61, 0x31, 0x2e,
    0x31, 0x39, 0x2c, 0x31, 0x2e, 0x31, 0x39, 0x2c, 0x30, 0x2c, 0x30, 0x2c, 0x30, 0x2d, 0x2e, 0x33,
    0x37, 0x2d, 0x2e, 0x38, 0x36, 0x6c, 0x30, 0x2c, 0x30, 0x2c, 0x30, 0x2c, 0x30, 0x2c, 0x30, 0x2c,
    0x30, 0x2c, 0x30, 0x2c, 0x30, 0x2c, 0x30, 0x2c, 0x30, 0x2c, 0x30, 0x2c, 0x30, 0x2c, 0x30, 0x2c,
    0x30, 0x2c, 0x30, 0x2c, 0x30, 0x2c, 0x30, 0x2c, 0x30, 0x2c, 0x30, 0x2c, 0x30, 0x2c, 0x30, 0x2c,
    0x30, 0x2c, 0x30, 0x2c, 0x30, 0x2c, 0x30, 0x2c, 0x30, 0x2c, 0x30, 0x2c, 0x30, 0x2c, 0x30, 0x2c,
    0x30, 0x2c, 0x30, 0x2c, 0x30, 0x2c, 0x30, 0x2c, 0x30, 0x2c, 0x30, 0x2c, 0x30, 0x2c, 0x30, 0x2c,
    0x30, 0x2c, 0x30, 0x2c, 0x30, 0x2c, 0x30, 0x2c, 0x30, 0x2c, 0x30, 0x2c, 0x30, 0x61, 0x2e, 0x30,
    0x38, 0x2e, 0x30, 0x38, 0x2c, 0x30, 0x2c, 0x30, 0x2c, 0x30, 0x2c, 0x30, 0x2c, 0x30, 0x6c, 0x30,
    0x2c, 0x30, 0x2c, 0x30, 0x2c, 0x30, 0x2c, 0x30, 0x2c, 0x30, 0x2c, 0x30, 0x2c, 0x30, 0x2c, 0x30,
    0x2c, 0x30, 0x61, 0x2e, 0x30, 0x38, 0x2e, 0x30, 0x38, 0x2c, 0x30, 0x2c, 0x30, 0x2c, 0x30, 0x2c,
    0x30, 0x2c, 0x30, 0x6c, 0x30, 0x2c, 0x30, 0x61, 0x2e, 0x30, 0x38, 0x2e, 0x30, 0x38, 0x2c, 0x30,
    0x2c, 0x30, 0x2c, 0x30, 0x2c, 0x30, 0x2c, 0x30, 0x6c, 0x30, 0x2c, 0x30, 0x61, 0x2e, 0x30, 0x38,
    0x2e, 0x30, 0x38, 0x2c, 0x30, 0x2c, 0x30, 0x2c, 0x30, 0x2c, 0x30, 0x2c, 0x30, 0x6c, 0x30, 0x2c,
    0x30, 0x2c, 0x30, 0x2c, 0x30, 0x2c, 0x30, 0x2c, 0x30, 0x2c, 0x30, 0x2c, 0x30, 0x2c, 0x30, 0x2c,
    0x30, 0x2c, 0x30, 0x2c, 0x30, 0x2c, 0x30, 0x2c, 0x30, 0x2c, 0x30, 0x2c, 0x30, 0x2c, 0x30, 0x2c,
    0x30, 0x2c, 0x30, 0x2c, 0x30, 0x2c, 0x30, 0x2c, 0x30, 0x2c, 0x30, 0x2c, 0x30, 0x2c, 0x30, 0x2c,
    0x30, 0x2c, 0x30, 0x2c, 0x30, 0x2c, 0x30, 0x2c, 0x30, 0x2c, 0x30, 0x2c, 0x30, 0x2c, 0x30, 0x2c,
    0x30, 0x61, 0x31, 0x2e, 0x32, 0x2c, 0x31, 0x2e, 0x32, 0x2c, 0x30, 0x2c, 0x30, 0x2c, 0x30, 0x2d,
    0x32, 0x2e, 0x30, 0x36, 0x2e, 0x38, 0x33, 0x56, 0x38, 0x2e, 0x33, 0x36, 0x41, 0x31, 0x2e, 0x31,
    0x38, 0x2c, 0x31, 0x2e, 0x31, 0x38, 0x2c, 0x30, 0x2c, 0x30, 0x2c, 0x30, 0x2c, 0x31, 0x37, 0x2e,
    0x30, 0x37, 0x2c, 0x39, 0x2e, 0x32, 0x31, 0x5a, 0x22, 0x20, 0x73, 0x74, 0x79, 0x6c, 0x65, 0x3d,
    0x22, 0x66, 0x69, 0x6c, 0x6c, 0x3a, 0x23, 0x35, 0x38, 0x35, 0x39, 0x35, 0x62, 0x22, 0x2f, 0x3e,
    0x3c, 0x70, 0x61, 0x74, 0x68, 0x20, 0x64, 0x3d, 0x22, 0x4d, 0x32, 0x36, 0x2e, 0x32, 0x36, 0x2c,
    0x31, 0x37, 0x2e, 0x39, 0x61, 0x31, 0x2e, 0x32, 0x31, 0x2c, 0x31, 0x2e, 0x32, 0x31, 0x2c, 0x30,
    0x2c, 0x30, 0x2c, 0x30, 0x2c, 0x2e, 0x33, 0x36, 0x2e, 0x38, 0x36, 0x6c, 0x30, 0x2c, 0x30, 0x2c,
    0x30, 0x2c, 0x30, 0x2c, 0x30, 0x2c, 0x30, 0x61, 0x2e, 0x30, 0x38, 0x2e, 0x30, 0x38, 0x2c, 0x30,
    0x2c, 0x30, 0x2c, 0x30, 0x2c, 0x30, 0x2c, 0x30, 0x6c, 0x30, 0x2c, 0x30, 0x2c, 0x30, 0x2c, 0x30,
    0x2c, 0x30, 0x2c, 0x30, 0x61, 0x2e, 0x30, 0x38, 0x2e, 0x30, 0x38, 0x2c, 0x30, 0x2c, 0x30, 0x2c,
    0x30, 0x2c, 0x30, 0x2c, 0x30, 0x6c, 0x30, 0x2c, 0x30, 0x61, 0x2e, 0x30, 0x38, 0x2e, 0x30, 0x38,
    0x2c, 0x30, 0x2c, 0x30, 0x2c, 0x30, 0x2c, 0x30, 0x2c, 0x30, 0x6c, 0x30, 0x2c, 0x30, 0x61, 0x2e,
    0x30, 0x38, 0x2e, 0x30, 0x38, 0x2c, 0x30, 0x2c, 0x30, 0x2c, 0x30, 0x2c, 0x30, 0x2c, 0x30, 0x6c,
    0x30, 0x2c, 0x30, 0x2c, 0x30, 0x2c, 0x30, 0x2c, 0x30, 0x2c, 0x30, 0x2c, 0x30, 0x2c, 0x30, 0x2c,
    0x30, 0x2c, 0x30, 0x2c, 0x30, 0x2c, 0x30, 0x2c, 0x30, 0x2c, 0x30, 0x2c, 0x30, 0x2c, 0x30, 0x2c,
    0x30, 0x2c, 0x30, 0x2c, 0x30, 0x2c, 0x30, 0x2c, 0x30, 0x2c, 0x30, 0x2c, 0x30, 0x2c, 0x30, 0x2c,
    0x30, 0x2c, 0x30, 0x2c, 0x30, 0x2c, 0x30, 0x2c, 0x30, 0x2c, 0x30, 0x2c, 0x30, 0x2c, 0x30, 0x2c,
    0x30, 0x2c, 0x30, 0x2c, 0x30, 0x2c, 0x30, 0x2c, 0x30, 0x2c, 0x30, 0x2c, 0x30, 0x2c, 0x30, 0x2c,
    0x30, 0x2c, 0x30, 0x2c, 0x30, 0x2c, 0x30, 0x2c, 0x30, 0x2c, 0x30, 0x2c, 0x30, 0x2c, 0x30, 0x61,
    0x2e, 0x30, 0x38, 0x2e, 0x30, 0x38, 0x2c, 0x30, 0x2c, 0x30, 0x2c, 0x30, 0x2c, 0x30, 0x2c, 0x30,
    0x6c, 0x30, 0x2c, 0x30, 0x2c, 0x30, 0x2c, 0x30, 0x2c, 0x30, 0x2c, 0x30, 0x61, 0x2e, 0x30, 0x38,
    0x2e, 0x30, 0x38, 0x2c, 0x30, 0x2c, 0x30, 0x2c, 0x30, 0x2c, 0x30, 0x2c, 0x30, 0x6c, 0x30, 0x2c,
    0x30, 0x61, 0x2e, 0x30, 0x38, 0x2e, 0x30, 0x38, 0x2c, 0x30, 0x2c, 0x30, 0x2c, 0x30, 0x2c, 0x30,
    0x2c, 0x30, 0x6c, 0x30, 0x2c, 0x30, 0x2c, 0x30, 0x2c, 0x30, 0x2c, 0x30, 0x2c, 0x30, 0x2c, 0x30,
    0x2c, 0x30, 0x2c, 0x30, 0x2c, 0x30, 0x2c, 0x30, 0x2c, 0x30, 0x2c, 0x30, 0x2c, 0x30, 0x61, 0x31,
    0x2e, 0x32, 0x2c, 0x31, 0x2e, 0x32, 0x2c, 0x30, 0x2c, 0x30, 0x2c, 0x30, 0x2c, 0x2e, 0x38, 0x35,
    0x2e, 0x33, 0x36, 0x68, 0x37, 0x2e, 0x31, 0x36, 0x61, 0x31, 0x2e, 0x31, 0x38, 0x2c, 0x31, 0x2e,
    0x31, 0x38, 0x2c, 0x30, 0x2c, 0x30, 0x2c, 0x30, 0x2c, 0x2e, 0x38, 0x33, 0x2d, 0x32, 0x6c, 0x30,
    0x2c, 0x30, 0x2c, 0x30, 0x2c, 0x30, 0x2c, 0x30, 0x2c, 0x30, 0x2c, 0x30, 0x2c, 0x30, 0x2c, 0x30,
    0x2c, 0x30, 0x2c, 0x30, 0x2c, 0x30, 0x2c, 0x30, 0x2c, 0x30, 0x2c, 0x30, 0x2c, 0x30, 0x2c, 0x30,
    0x2c, 0x30, 0x2c, 0x30, 0x2c, 0x30, 0x2c, 0x30, 0x2c, 0x30, 0x2c, 0x30, 0x2c, 0x30, 0x2c, 0x30,
    0x2c, 0x30, 0x2c, 0x30, 0x2c, 0x30, 0x2c, 0x30, 0x2c, 0x30, 0x2c, 0x30, 0x2c, 0x30, 0x2c, 0x30,
    0x2c, 0x30, 0x2c, 0x30, 0x2c, 0x30, 0x2c, 0x30, 0x2c, 0x30, 0x2c, 0x30, 0x2c, 0x30, 0x2c, 0x30,
    0x2c, 0x30, 0x2c, 0x30, 0x2c, 0x30, 0x2c, 0x30, 0x2c, 0x30, 0x2c, 0x30, 0x2c, 0x30, 0x2c, 0x30,
    0x2c, 0x30, 0x2c, 0x30, 0x2c, 0x30, 0x2c, 0x30, 0x2c, 0x30, 0x2c, 0x30, 0x2c, 0x30, 0x2c, 0x30,
    0x2c, 0x30, 0x2c, 0x30, 0x2c, 0x30, 0x2c, 0x30, 0x2c, 0x30, 0x2c, 0x30, 0x2c, 0x30, 0x2c, 0x30,
    0x2c, 0x30, 0x2c, 0x30, 0x2c, 0x30, 0x2c, 0x30, 0x2c, 0x30, 0x2c, 0x30, 0x2c, 0x30, 0x2c, 0x30,
    0x2c, 0x30, 0x2c, 0x30, 0x2c, 0x30, 0x2c, 0x30, 0x2c, 0x30, 0x2c, 0x30, 0x2c, 0x30, 0x2c, 0x30,
    0x2c, 0x30, 0x2c, 0x30, 0x2c, 0x30, 0x2c, 0x30, 0x2c, 0x30, 0x2c, 0x30, 0x2c, 0x30, 0x2c, 0x30,
    0x2c, 0x30, 0x2c, 0x30, 0x2c, 0x30, 0x2c, 0x30, 0x2c, 0x30, 0x2c, 0x30, 0x2c, 0x30, 0x2c, 0x30,
    0x2c, 0x30, 0x2c, 0x30, 0x2c, 0x30, 0x61, 0x31, 0x2e, 0x31, 0x38, 0x2c, 0x31, 0x2e, 0x31, 0x38,
    0x2c, 0x30, 0x2c, 0x30, 0x2c, 0x30, 0x2d, 0x2e, 0x38, 0x36, 0x2d, 0x2e, 0x33, 0x37, 0x48, 0x32,
    0x37, 0x2e, 0x34, 0x34, 0x41, 0x31, 0x2e, 0x31, 0x38, 0x2c, 0x31, 0x2e, 0x31, 0x38, 0x2c, 0x30,
    0x2c, 0x30, 0x2c, 0x30, 0x2c, 0x32, 0x36, 0x2e, 0x32, 0x36, 0x2c, 0x31, 0x37, 0x2e, 0x39, 0x5a,
    0x22, 0x20, 0x73, 0x74, 0x79, 0x6c, 0x65, 0x3d, 0x22, 0x66, 0x69, 0x6c, 0x6c, 0x3a, 0x23, 0x35,
    0x38, 0x35, 0x39, 0x35, 0x62, 0x22, 0x2f, 0x3e, 0x3c, 0x70, 0x61, 0x74, 0x68, 0x20, 0x64, 0x3d,
    0x22, 0x4d, 0x32, 0x33, 0x2e, 0x38, 0x32, 0x2c, 0x31, 0x32, 0x73, 0x30, 0x2c, 0x30, 0x2c, 0x30,
    0x2c, 0x30, 0x6c, 0x30, 0x2c, 0x30, 0x76, 0x30, 0x68, 0x30, 0x73, 0x30, 0x2c, 0x30, 0x2c, 0x30,
    0x2c, 0x30, 0x6c, 0x30, 0x2c, 0x30, 0x61, 0x30, 0x2c, 0x30, 0x2c, 0x30, 0x2c, 0x30, 0x2c, 0x30,
    0x2c, 0x30, 0x2c, 0x30, 0x68, 0x30, 0x73, 0x30, 0x2c, 0x30, 0x2c, 0x30, 0x2c, 0x30, 0x6c, 0x30,
    0x2c, 0x30, 0x61, 0x30, 0x2c, 0x30, 0x2c, 0x30, 0x2c, 0x30, 0x2c, 0x31, 0x2c, 0x30, 0x2c, 0x30,
    0x68, 0x30, 0x73, 0x30, 0x2c, 0x30, 0x2c, 0x30, 0x2c, 0x30, 0x6c, 0x30, 0x2c, 0x30, 0x76, 0x30,
    0x68, 0x30, 0x73, 0x30, 0x2c, 0x30, 0x2c, 0x30, 0x2c, 0x30, 0x6c, 0x30, 0x2c, 0x30, 0x76, 0x30,
    0x68, 0x30, 0x73, 0x30, 0x2c, 0x30, 0x2c, 0x30, 0x2c, 0x30, 0x6c, 0x30, 0x2c, 0x30, 0x76, 0x30,
    0x68, 0x30, 0x6c, 0x30, 0x2c, 0x30, 0x73, 0x30, 0x2c, 0x30, 0x2c, 0x30, 0x2c, 0x30, 0x76, 0x30,
    0x68, 0x30, 0x6c, 0x30, 0x2c, 0x30, 0x68, 0x30, 0x76, 0x30, 0x68, 0x30, 0x6c, 0x30, 0x2c, 0x30,
    0x68, 0x30, 0x73, 0x30, 0x2c, 0x30, 0x2c, 0x30, 0x2c, 0x30, 0x68, 0x30, 0x6c, 0x30, 0x2c, 0x30,
    0x68, 0x30, 0x76, 0x30, 0x68, 0x30, 0x6c, 0x30, 0x2c, 0x30, 0x68, 0x30, 0x76, 0x30, 0x68, 0x30,
    0x61, 0x30, 0x2c, 0x30, 0x2c, 0x30, 0x2c, 0x30, 0x2c, 0x30, 0x2c, 0x30, 0x2c, 0x30, 0x68, 0x30,
    0x76, 0x30, 0x6c, 0x30, 0x2c, 0x30, 0x76, 0x30, 0x68, 0x30, 0x76, 0x30, 0x6c, 0x30, 0x2c, 0x30,
    0x76, 0x30, 0x68, 0x30, 0x6c, 0x30, 0x2c, 0x30, 0x2c, 0x30, 0x2c, 0x30, 0x76, 0x30, 0x68, 0x30,
    0x6c, 0x30, 0x2c, 0x30, 0x2c, 0x30, 0x2c, 0x30, 0x76, 0x30, 0x68, 0x30, 0x6c, 0x30, 0x2c, 0x30,
    0x73, 0x30, 0x2c, 0x30, 0x2c, 0x30, 0x2c, 0x30, 0x76, 0x30, 0x68, 0x30, 0x73, 0x30, 0x2c, 0x30,
    0x2c, 0x30, 0x2c, 0x30, 0x6c, 0x30, 0x2c, 0x30, 0x76, 0x30, 0x68, 0x30, 0x73, 0x30, 0x2c, 0x30,
    0x2c, 0x30, 0x2c, 0x30, 0x6c, 0x30, 0x2c, 0x30, 0x76, 0x30, 0x68, 0x30, 0x73, 0x30, 0x2c, 0x30,
    0x2c, 0x30, 0x2c, 0x30, 0x6c, 0x30, 0x2c, 0x30, 0x76, 0x30, 0x68, 0x30, 0x73, 0x30, 0x2c, 0x30,
    0x2c, 0x30, 0x2c, 0x30, 0x6c, 0x30, 0x2c, 0x30, 0x76, 0x30, 0x68, 0x30, 0x73, 0x30, 0x2c, 0x30,
    0x2c, 0x30, 0x2c, 0x30, 0x6c, 0x30, 0x2c, 0x30, 0x76, 0x30, 0x68, 0x30, 0x6c, 0x30, 0x2c, 0x30,
    0x73, 0x30, 0x2c, 0x30, 0x2c, 0x30, 0x2c, 0x30, 0x76, 0x30, 0x68, 0x30, 0x6c, 0x30, 0x2c, 0x30,
    0x2c, 0x30, 0x2c, 0x30, 0x76, 0x30, 0x68, 0x30, 0x6c, 0x30, 0x2c, 0x30, 0x68, 0x30, 0x76, 0x30,
    0x68, 0x30, 0x6c, 0x30, 0x2c, 0x30, 0x68, 0x30, 0x76, 0x30, 0x61, 0x31, 0x2e, 0x32, 0x32, 0x2c,
    0x31, 0x2e, 0x32, 0x32, 0x2c, 0x30, 0x2c, 0x30, 0x2c, 0x30, 0x2c, 0x2e, 0x38, 0x35, 0x2e, 0x33,
    0x35, 0x2c, 0x31, 0x2e, 0x32, 0x2c, 0x31, 0x2e, 0x32, 0x2c, 0x30, 0x2c, 0x30, 0x2c, 0x30, 0x2c,
    0x2e, 0x38, 0x34, 0x2d, 0x2e, 0x33, 0x35, 0x6c, 0x35, 0x2e, 0x30, 0x36, 0x2d, 0x35, 0x2e, 0x30,
    0x36, 0x61, 0x31, 0x2e, 0x31, 0x39, 0x2c, 0x31, 0x2e, 0x31, 0x39, 0x2c, 0x30, 0x2c, 0x30, 0x2c,
    0x30, 0x2c, 0x30, 0x2d, 0x31, 0x2e, 0x36, 0x39, 0x68, 0x30, 0x61, 0x30, 0x2c, 0x30, 0x2c, 0x30,
    0x2c, 0x30, 0x2c, 0x30, 0x2c, 0x30, 0x2c, 0x30, 0x6c, 0x30, 0x2c, 0x30, 0x2c, 0x30, 0x2c, 0x30,
    0x68, 0x30, 0x76, 0x30, 0x6c, 0x30, 0x2c, 0x30, 0x2c, 0x30, 0x2c, 0x30, 0x73, 0x30, 0x2c, 0x30,
    0x2c, 0x30, 0x2c, 0x30, 0x61, 0x30, 0x2c, 0x30, 0x2c, 0x30, 0x2c, 0x30, 0x2c, 0x31, 0x2c, 0x30,
    0x2c, 0x30, 0x73, 0x30, 0x2c, 0x30, 0x2c, 0x30, 0x2c, 0x30, 0x6c, 0x30, 0x2c, 0x30, 0x68, 0x30,
    0x61, 0x30, 0x2c, 0x30, 0x2c, 0x30, 0x2c, 0x30, 0x2c, 0x31, 0x2c, 0x30, 0x2c, 0x30, 0x68, 0x30,
    0x6c, 0x30, 0x2c, 0x30, 0x68, 0x30, 0x61, 0x30, 0x2c, 0x30, 0x2c, 0x30, 0x2c, 0x30, 0x2c, 0x31,
    0x2c, 0x30, 0x2c, 0x30, 0x68, 0x30, 0x6c, 0x30, 0x2c, 0x30, 0x73, 0x30, 0x2c, 0x30, 0x2c, 0x30,
    0x2c, 0x30, 0x61, 0x30, 0x2c, 0x30, 0x2c, 0x30, 0x2c, 0x30, 0x2c, 0x31, 0x2c, 0x30, 0x2c, 0x30,
    0x68, 0x30, 0x73, 0x30, 0x2c, 0x30, 0x2c, 0x30, 0x2c, 0x30, 0x6c, 0x30, 0x2c, 0x30, 0x73, 0x30,
    0x2c, 0x30, 0x2c, 0x30, 0x2c, 0x30, 0x68, 0x30, 0x73, 0x30, 0x2c, 0x30, 0x2c, 0x30, 0x2c, 0x30,
    0x6c, 0x30, 0x2c, 0x30, 0x73, 0x30, 0x2c, 0x30, 0x2c, 0x30, 0x2c, 0x30, 0x68, 0x30, 0x73, 0x30,
    0x2c, 0x30, 0x2c, 0x30, 0x2c, 0x30, 0x6c, 0x30, 0x2c, 0x30, 0x73, 0x30, 0x2c, 0x30, 0x2c, 0x30,
    0x2c, 0x30, 0x68, 0x30, 0x73, 0x30, 0x2c, 0x30, 0x2c, 0x30, 0x2c, 0x30, 0x2c, 0x30, 0x2c, 0x30,
    0x2c, 0x30, 0x2c, 0x30, 0x2c, 0x30, 0x2c, 0x30, 0x2c, 0x30, 0x2c, 0x30, 0x68, 0x30, 0x73, 0x30,
    0x2c, 0x30, 0x2c, 0x30, 0x2c, 0x30, 0x6c, 0x30, 0x2c, 0x30, 0x73, 0x30, 0x2c, 0x30, 0x2c, 0x30,
    0x2c, 0x30, 0x68, 0x30, 0x73, 0x30, 0x2c, 0x30, 0x2c, 0x30, 0x2c, 0x30, 0x6c, 0x30, 0x2c, 0x30,
    0x73, 0x30, 0x2c, 0x30, 0x2c, 0x30, 0x2c, 0x30, 0x68, 0x30, 0x76, 0x30, 0x73, 0x30, 0x2c, 0x30,
    0x2c, 0x30, 0x2c, 0x30, 0x2c, 0x30, 0x2c, 0x30, 0x2c, 0x30, 0x2c, 0x30, 0x68, 0x30, 0x61, 0x30,
    0x2c, 0x30, 0x2c, 0x30, 0x2c, 0x30, 0x2c, 0x30, 0x2c, 0x30, 0x2c, 0x30, 0x6c, 0x30, 0x2c, 0x30,
    0x73, 0x30, 0x2c, 0x30, 0x2c, 0x30, 0x2c, 0x30, 0x68, 0x30, 0x76, 0x30, 0x6c, 0x30, 0x2c, 0x30,
    0x73, 0x30, 0x2c, 0x30, 0x2c, 0x30, 0x2c, 0x30, 0x68, 0x30, 0x56, 0x36, 0x73, 0x30, 0x2c, 0x30,
    0x2c, 0x30, 0x2c, 0x30, 0x6c, 0x30, 0x2c, 0x30, 0x68, 0x30, 0x61, 0x30, 0x2c, 0x30, 0x2c, 0x30,
    0x2c, 0x30, 0x2c, 0x30, 0x2c, 0x30, 0x2c, 0x30, 0x6c, 0x30, 0x2c, 0x30, 0x2c, 0x30, 0x2c, 0x30,
    0x68, 0x30, 0x76, 0x30, 0x6c, 0x30, 0x2c, 0x30, 0x2c, 0x30, 0x2c, 0x30, 0x68, 0x30, 0x76, 0x30,
    0x6c, 0x30, 0x2c, 0x30, 0x2c, 0x30, 0x2c, 0x30, 0x68, 0x30, 0x61, 0x30, 0x2c, 0x30, 0x2c, 0x30,
    0x2c, 0x30, 0x2c, 0x31, 0x2c, 0x30, 0x2c, 0x30, 0x68, 0x30, 0x6c, 0x30, 0x2c, 0x30, 0x68, 0x30,
    0x61, 0x30, 0x2c, 0x30, 0x2c, 0x30, 0x2c, 0x30, 0x2c, 0x31, 0x2c, 0x30, 0x2c, 0x30, 0x68, 0x30,
    0x6c, 0x30, 0x2c, 0x30, 0x68, 0x30, 0x61, 0x30, 0x2c, 0x30, 0x2c, 0x30, 0x2c, 0x30, 0x2c, 0x31,
    0x2c, 0x30, 0x2c, 0x30, 0x68, 0x30, 0x6c, 0x30, 0x2c, 0x30, 0x73, 0x30, 0x2c, 0x30, 0x2c, 0x30,
    0x2c, 0x30, 0x61, 0x30, 0x2c, 0x30, 0x2c, 0x30, 0x2c, 0x30, 0x2c, 0x31, 0x2c, 0x30, 0x2c, 0x30,
    0x68, 0x30, 0x73, 0x30, 0x2c, 0x30, 0x2c, 0x30, 0x2c, 0x30, 0x6c, 0x30, 0x2c, 0x30, 0x73, 0x30,
    0x2c, 0x30, 0x2c, 0x30, 0x2c, 0x30, 0x68, 0x30, 0x73, 0x30, 0x2c, 0x30, 0x2c, 0x30, 0x2c, 0x30,
    0x6c, 0x30, 0x2c, 0x30, 0x73, 0x30, 0x2c, 0x30, 0x2c, 0x30, 0x2c, 0x30, 0x68, 0x30, 0x73, 0x30,
    0x2c, 0x30, 0x2c, 0x30, 0x2c, 0x30, 0x6c, 0x30, 0x2c, 0x30, 0x2c, 0x30, 0x2c, 0x30, 0x68, 0x30,
    0x73, 0x30, 0x2c, 0x30, 0x2c, 0x30, 0x2c, 0x30, 0x61, 0x31, 0x2e, 0x31, 0x39, 0x2c, 0x31, 0x2e,
    0x31, 0x39, 0x2c, 0x30, 0x2c, 0x30, 0x2c, 0x30, 0x2d, 0x31, 0x2e, 0x36, 0x39, 0x2c, 0x30, 0x4c,
    0x32, 0x33, 0x2e, 0x38, 0x2c, 0x31, 0x30, 0x2e, 0x33, 0x31, 0x61, 0x31, 0x2e, 0x32, 0x31, 0x2c,
    0x31, 0x2e, 0x32, 0x31, 0x2c, 0x30, 0x2c, 0x30, 0x2c, 0x30, 0x2c, 0x30, 0x2c, 0x31, 0x2e, 0x36,
    0x39, 0x5a, 0x22, 0x20, 0x73, 0x74, 0x79, 0x6c, 0x65, 0x3d, 0x22, 0x66, 0x69, 0x6c, 0x6c, 0x3a,
    0x23, 0x35, 0x38, 0x35, 0x39, 0x35, 0x62, 0x22, 0x2f, 0x3e, 0x3c, 0x70, 0x61, 0x74, 0x68, 0x20,
    0x64, 0x3d, 0x22, 0x4d, 0x34, 0x34, 0x2e, 0x34, 0x2c, 0x34, 0x32, 0x2e, 0x37, 0x32, 0x2c, 0x32,
    0x30, 0x2e, 0x35, 0x34, 0x2c, 0x31, 0x38, 0x2e, 0x38, 0x35, 0x68, 0x30, 0x6c, 0x30, 0x2c, 0x30,
    0x68, 0x30, 0x6c, 0x30, 0x2c, 0x30, 0x68, 0x30, 0x6c, 0x30, 0x2c, 0x30, 0x68, 0x30, 0x6c, 0x30,
    0x2c, 0x30, 0x68, 0x30, 0x6c, 0x30, 0x2c, 0x30, 0x68, 0x30, 0x6c, 0x30, 0x2c, 0x30, 0x68, 0x30,
    0x6c, 0x30, 0x2c, 0x30, 0x68, 0x30, 0x6c, 0x30, 0x2c, 0x30, 0x68, 0x30, 0x6c, 0x30, 0x2c, 0x30,
    0x68, 0x30, 0x6c, 0x30, 0x2c, 0x30, 0x68, 0x30, 0x6c, 0x30, 0x2c, 0x30, 0x68, 0x30, 0x6c, 0x30,
    0x2c, 0x30, 0x68, 0x30, 0x6c, 0x30, 0x2c, 0x30, 0x68, 0x30, 0x6c, 0x30, 0x2c, 0x30, 0x68, 0x30,
    0x6c, 0x30, 0x2c, 0x30, 0x68, 0x30, 0x6c, 0x30, 0x2c, 0x30, 0x68, 0x30, 0x6c, 0x30, 0x2c, 0x30,
    0x68, 0x30, 0x6c, 0x30, 0x2c, 0x30, 0x68, 0x30, 0x6c, 0x30, 0x2c, 0x30, 0x68, 0x30, 0x6c, 0x30,
    0x2c, 0x30, 0x68, 0x30, 0x6c, 0x30, 0x2c, 0x30, 0x68, 0x30, 0x6c, 0x30, 0x2c, 0x30, 0x68, 0x30,
    0x6c, 0x30, 0x2c, 0x30, 0x68, 0x30, 0x6c, 0x30, 0x2c, 0x30, 0x68, 0x30, 0x6c, 0x30, 0x2c, 0x30,
    0x68, 0x30, 0x6c, 0x30, 0x2c, 0x30, 0x68, 0x30, 0x6c, 0x30, 0x2c, 0x30, 0x68, 0x30, 0x6c, 0x30,
    0x2c, 0x30, 0x68, 0x30, 0x6c, 0x30, 0x2c, 0x30, 0x68, 0x30, 0x6c, 0x30, 0x2c, 0x30, 0x68, 0x30,
    0x6c, 0x30, 0x2c, 0x30, 0x68, 0x30, 0x6c, 0x30, 0x2c, 0x30, 0x68, 0x30, 0x6c, 0x30, 0x2c, 0x30,
    0x68, 0x30, 0x6c, 0x30, 0x2c, 0x30, 0x68, 0x30, 0x6c, 0x30, 0x2c, 0x30, 0x68, 0x30, 0x6c, 0x30,
    0x2c, 0x30, 0x68, 0x30, 0x6c, 0x30, 0x2c, 0x30, 0x68, 0x30, 0x6c, 0x30, 0x2c, 0x30, 0x68, 0x30,
    0x6c, 0x30, 0x2c, 0x30, 0x68, 0x30, 0x6c, 0x30, 0x2c, 0x30, 0x68, 0x30, 0x6c, 0x30, 0x2c, 0x30,
    0x68, 0x30, 0x6c, 0x30, 0x2c, 0x30, 0x68, 0x30, 0x6c, 0x30, 0x2c, 0x30, 0x68, 0x30, 0x6c, 0x30,
    0x2c, 0x30, 0x68, 0x30, 0x6c, 0x30, 0x2c, 0x30, 0x68, 0x30, 0x6c, 0x30, 0x2c, 0x30, 0x68, 0x30,
    0x6c, 0x30, 0x2c, 0x30, 0x68, 0x30, 0x6c, 0x30, 0x2c, 0x30, 0x68, 0x30, 0x6c, 0x30, 0x2c, 0x30,
    0x68, 0x30, 0x6c, 0x30, 0x2c, 0x30, 0x68, 0x30, 0x6c, 0x30, 0x2c, 0x30, 0x61, 0x31, 0x2e, 0x31,
    0x39, 0x2c, 0x31, 0x2e, 0x31, 0x39, 0x2c, 0x30, 0x2c, 0x30, 0x2c, 0x30, 0x2d, 0x32, 0x2c, 0x2e,
    0x38, 0x35, 0x56, 0x35, 0x31, 0x61, 0x31, 0x2e, 0x31, 0x37, 0x2c, 0x31, 0x2e, 0x31, 0x37, 0x2c,
    0x30, 0x2c, 0x30, 0x2c, 0x30, 0x2c, 0x2e, 0x34, 0x31, 0x2e, 0x38, 0x39, 0x6c, 0x30, 0x2c, 0x30,
    0x2c, 0x30, 0x2c, 0x30, 0x2c, 0x30, 0x2c, 0x30, 0x73, 0x30, 0x2c, 0x30, 0x2c, 0x30, 0x2c, 0x30,
    0x6c, 0x30, 0x2c, 0x30, 0x2c, 0x30, 0x2c, 0x30, 0x2c, 0x30, 0x2c, 0x30, 0x73, 0x30, 0x2c, 0x30,
    0x2c, 0x30, 0x2c, 0x30, 0x6c, 0x30, 0x2c, 0x30, 0x2c, 0x30, 0x2c, 0x30, 0x2c, 0x30, 0x2c, 0x30,
    0x61, 0x2e, 0x30, 0x38, 0x2e, 0x30, 0x38, 0x2c, 0x30, 0x2c, 0x30, 0x2c, 0x30, 0x2c, 0x30, 0x2c,
    0x30, 0x6c, 0x30, 0x2c, 0x30, 0x61, 0x2e, 0x30, 0x38, 0x2e, 0x30, 0x38, 0x2c, 0x30, 0x2c, 0x30,
    0x2c, 0x30, 0x2c, 0x30, 0x2c, 0x30, 0x6c, 0x30, 0x2c, 0x30, 0x73, 0x30, 0x2c, 0x30, 0x2c, 0x30,
    0x2c, 0x30, 0x6c, 0x30, 0x2c, 0x30, 0x2c, 0x30, 0x2c, 0x30, 0x2c, 0x30, 0x2c, 0x30, 0x2c, 0x30,
    0x2c, 0x30, 0x2c, 0x30, 0x2c, 0x30, 0x2c, 0x30, 0x2c, 0x30, 0x2c, 0x30, 0x2c, 0x30, 0x2c, 0x30,
    0x2c, 0x30, 0x2c, 0x30, 0x2c, 0x30, 0x2c, 0x30, 0x2c, 0x30, 0x2c, 0x30, 0x2c, 0x30, 0x2c, 0x30,
    0x2c, 0x30, 0x2c, 0x30, 0x2c, 0x30, 0x2c, 0x30, 0x2c, 0x30, 0x73, 0x30, 0x2c, 0x30, 0x2c, 0x30,
    0x2c, 0x30, 0x6c, 0x30, 0x2c, 0x30, 0x2c, 0x30, 0x2c, 0x30, 0x2c, 0x30, 0x2c, 0x30, 0x73, 0x30,
    0x2c, 0x30, 0x2c, 0x30, 0x2c, 0x30, 0x6c, 0x30, 0x2c, 0x30, 0x73, 0x30, 0x2c, 0x30, 0x2c, 0x30,
    0x2c, 0x30, 0x6c, 0x30, 0x2c, 0x30, 0x73, 0x30, 0x2c, 0x30, 0x2c, 0x30, 0x2c, 0x30, 0x6c, 0x30,
    0x2c, 0x30, 0x2c, 0x30, 0x2c, 0x30, 0x2c, 0x30, 0x2c, 0x30, 0x73, 0x30, 0x2c, 0x30, 0x2c, 0x30,
    0x2c, 0x30, 0x6c, 0x30, 0x2c, 0x30, 0x2c, 0x30, 0x2c, 0x30, 0x2c, 0x30, 0x2c, 0x30, 0x2c, 0x30,
    0x2c, 0x30, 0x2c, 0x30, 0x2c, 0x30, 0x2c, 0x30, 0x2c, 0x30, 0x2c, 0x30, 0x2c, 0x30, 0x61, 0x31,
    0x2e, 0x32, 0x39, 0x2c, 0x31, 0x2e, 0x32, 0x39, 0x2c, 0x30, 0x2c, 0x30, 0x2c, 0x30, 0x2c, 0x2e,
    0x33, 0x2e, 0x32, 0x32, 0x2c, 0x31, 0x2e, 0x32, 0x2c, 0x31, 0x2e, 0x32, 0x2c, 0x30, 0x2c, 0x30,
    0x2c, 0x30, 0x2c, 0x31, 0x2e, 0x32, 0x36, 0x2d, 0x2e, 0x31, 0x33, 0x6c, 0x35, 0x2e, 0x35, 0x2d,
    0x34, 0x2e, 0x33, 0x4c, 0x33, 0x30, 0x2c, 0x35, 0x36, 0x2e, 0x36, 0x37, 0x61, 0x31, 0x2e, 0x32,
    0x31, 0x2c, 0x31, 0x2e, 0x32, 0x31, 0x2c, 0x30, 0x2c, 0x30, 0x2c, 0x30, 0x2c, 0x2e, 0x32, 0x31,
    0x2e, 0x32, 0x38, 0x6c, 0x30, 0x2c, 0x30, 0x2c, 0x30, 0x2c, 0x30, 0x2c, 0x30, 0x2c, 0x30, 0x2c,
    0x30, 0x2c, 0x30, 0x2c, 0x30, 0x2c, 0x30, 0x2c, 0x30, 0x2c, 0x30, 0x2c, 0x30, 0x2c, 0x30, 0x61,
    0x2e, 0x30, 0x38, 0x2e, 0x30, 0x38, 0x2c, 0x30, 0x2c, 0x30, 0x2c, 0x30, 0x2c, 0x30, 0x2c, 0x30,
    0x6c, 0x30, 0x2c, 0x30, 0x61, 0x2e, 0x30, 0x38, 0x2e, 0x30, 0x38, 0x2c, 0x30, 0x2c, 0x30, 0x2c,
    0x30, 0x2c, 0x30, 0x2c, 0x30, 0x6c, 0x30, 0x2c, 0x30, 0x61, 0x2e, 0x30, 0x38, 0x2e, 0x30, 0x38,
    0x2c, 0x30, 0x2c, 0x30, 0x2c, 0x30, 0x2c, 0x30, 0x2c, 0x30, 0x6c, 0x30, 0x2c, 0x30, 0x61, 0x2e,
    0x30, 0x38, 0x2e, 0x30, 0x38, 0x2c, 0x30, 0x2c, 0x30, 0x2c, 0x30, 0x2c, 0x30, 0x2c, 0x30, 0x6c,
    0x30, 0x2c, 0x30, 0x2c, 0x30, 0x2c, 0x30, 0x2c, 0x30, 0x2c, 0x30, 0x2c, 0x30, 0x2c, 0x30, 0x2c,
    0x30, 0x2c, 0x30, 0x2c, 0x30, 0x2c, 0x30, 0x2c, 0x30, 0x2c, 0x30, 0x2c, 0x30, 0x2c, 0x30, 0x2c,
    0x30, 0x2c, 0x30, 0x2c, 0x30, 0x2c, 0x30, 0x2c, 0x30, 0x2c, 0x30, 0x2c, 0x30, 0x2c, 0x30, 0x2c,
    0x30, 0x2c, 0x30, 0x2c, 0x30, 0x2c, 0x30, 0x2c, 0x30, 0x2c, 0x30, 0x2c, 0x30, 0x2c, 0x30, 0x2c,
    0x30, 0x2c, 0x30, 0x2c, 0x30, 0x2c, 0x30, 0x2c, 0x30, 0x2c, 0x30, 0x2c, 0x30, 0x2c, 0x30, 0x2c,
    0x30, 0x2c, 0x30, 0x2c, 0x30, 0x2c, 0x30, 0x2c, 0x30, 0x2c, 0x30, 0x2c, 0x30, 0x2c, 0x30, 0x2c,
    0x30, 0x2c, 0x30, 0x2c, 0x30, 0x2c, 0x30, 0x2c, 0x30, 0x2c, 0x30, 0x2c, 0x30, 0x2c, 0x30, 0x61,
    0x2e, 0x30, 0x38, 0x2e, 0x30, 0x38, 0x2c, 0x30, 0x2c, 0x30, 0x2c, 0x30, 0x2c, 0x30, 0x2c, 0x30,
    0x6c, 0x30, 0x2c, 0x30, 0x2c, 0x30, 0x2c, 0x30, 0x2c, 0x30, 0x2c, 0x30, 0x2c, 0x30, 0x2c, 0x30,
    0x2c, 0x30, 0x2c, 0x30, 0x2c, 0x30, 0x2c, 0x30, 0x2c, 0x30, 0x2c, 0x30, 0x61, 0x31, 0x2e, 0x32,
    0x32, 0x2c, 0x31, 0x2e, 0x32, 0x32, 0x2c, 0x30, 0x2c, 0x30, 0x2c, 0x30, 0x2c, 0x2e, 0x38, 0x36,
    0x2e, 0x33, 0x36, 0x2c, 0x31, 0x2e, 0x31, 0x33, 0x2c, 0x31, 0x2e, 0x31, 0x33, 0x2c, 0x30, 0x2c,
    0x30, 0x2c, 0x30, 0x2c, 0x2e, 0x35, 0x34, 0x2d, 0x2e, 0x31, 0x33, 0x6c, 0x37, 0x2e, 0x31, 0x36,
    0x2d, 0x33, 0x2e, 0x35, 0x38, 0x61, 0x31, 0x2e, 0x31, 0x39, 0x2c, 0x31, 0x2e, 0x31, 0x39, 0x2c,
    0x30, 0x2c, 0x30, 0x2c, 0x30, 0x2c, 0x2e, 0x36, 0x31, 0x2d, 0x2e, 0x37, 0x31, 0x2c, 0x31, 0x2e,
    0x32, 0x31, 0x2c, 0x31, 0x2e, 0x32, 0x31, 0x2c, 0x30, 0x2c, 0x30, 0x2c, 0x30, 0x2d, 0x2e, 0x31,
    0x2d, 0x2e, 0x39, 0x33, 0x6c, 0x2d, 0x35, 0x2d, 0x39, 0x68, 0x37, 0x2e, 0x35, 0x33, 0x61, 0x31,
    0x2e, 0x32, 0x32, 0x2c, 0x31, 0x2e, 0x32, 0x32, 0x2c, 0x30, 0x2c, 0x30, 0x2c, 0x30, 0x2c, 0x31,
    0x2e, 0x31, 0x2d, 0x2e, 0x37, 0x34, 0x41, 0x31, 0x2e, 0x32, 0x2c, 0x31, 0x2e, 0x32, 0x2c, 0x30,
    0x2c, 0x30, 0x2c, 0x30, 0x2c, 0x34, 0x34, 0x2e, 0x34, 0x2c, 0x34, 0x32, 0x2e, 0x37, 0x32, 0x5a,
    0x22, 0x20, 0x73, 0x74, 0x79, 0x6c, 0x65, 0x3d, 0x22, 0x66, 0x69, 0x6c, 0x6c, 0x3a, 0x23, 0x35,
    0x38, 0x35, 0x39, 0x35, 0x62, 0x22, 0x2f, 0x3e, 0x3c, 0x70, 0x61, 0x74, 0x68, 0x20, 0x64, 0x3d,
    0x22, 0x4d, 0x31, 0x31, 0x2e, 0x33, 0x34, 0x2c, 0x31, 0x39, 0x2e, 0x37, 0x61, 0x31, 0x2e, 0x32,
    0x2c, 0x31, 0x2e, 0x32, 0x2c, 0x30, 0x2c, 0x30, 0x2c, 0x30, 0x2d, 0x2e, 0x33, 0x37, 0x2d, 0x2e,
    0x38, 0x36, 0x6c, 0x30, 0x2c, 0x30, 0x2c, 0x30, 0x2c, 0x30, 0x2c, 0x30, 0x2c, 0x30, 0x2c, 0x30,
    0x2c, 0x30, 0x2c, 0x30, 0x2c, 0x30, 0x2c, 0x30, 0x2c, 0x30, 0x2c, 0x30, 0x2c, 0x30, 0x2c, 0x30,
    0x2c, 0x30, 0x2c, 0x30, 0x2c, 0x30, 0x2c, 0x30, 0x2c, 0x30, 0x2c, 0x30, 0x2c, 0x30, 0x2c, 0x30,
    0x2c, 0x30, 0x2c, 0x30, 0x2c, 0x30, 0x2c, 0x30, 0x2c, 0x30, 0x2c, 0x30, 0x2c, 0x30, 0x2c, 0x30,
    0x2c, 0x30, 0x2c, 0x30, 0x2c, 0x30, 0x2c, 0x30, 0x2c, 0x30, 0x2c, 0x30, 0x2c, 0x30, 0x2c, 0x30,
    0x2c, 0x30, 0x2c, 0x30, 0x2c, 0x30, 0x73, 0x30, 0x2c, 0x30, 0x2c, 0x30, 0x2c, 0x30, 0x6c, 0x30,
    0x2c, 0x30, 0x2c, 0x30, 0x2c, 0x30, 0x2c, 0x30, 0x2c, 0x30, 0x2c, 0x30, 0x2c, 0x30, 0x2c, 0x30,
    0x2c, 0x30, 0x2c, 0x30, 0x2c, 0x30, 0x2c, 0x30, 0x2c, 0x30, 0x2c, 0x30, 0x2c, 0x30, 0x2c, 0x30,
    0x2c, 0x30, 0x2c, 0x30, 0x2c, 0x30, 0x2c, 0x30, 0x2c, 0x30, 0x2c, 0x30, 0x2c, 0x30, 0x2c, 0x30,
    0x2c, 0x30, 0x2c, 0x30, 0x2c, 0x30, 0x2c, 0x30, 0x2c, 0x30, 0x2c, 0x30, 0x2c, 0x30, 0x2c, 0x30,
    0x2c, 0x30, 0x2c, 0x30, 0x2c, 0x30, 0x2c, 0x30, 0x2c, 0x30, 0x2c, 0x30, 0x2c, 0x30, 0x2c, 0x30,
    0x2c, 0x30, 0x2c, 0x30, 0x2c, 0x30, 0x2c, 0x30, 0x2c, 0x30, 0x2c, 0x30, 0x2c, 0x30, 0x2c, 0x30,
    0x2c, 0x30, 0x2c, 0x30, 0x2c, 0x30, 0x2c, 0x30, 0x2c, 0x30, 0x2c, 0x30, 0x2c, 0x30, 0x61, 0x31,
    0x2e, 0x31, 0x38, 0x2c, 0x31, 0x2e, 0x31, 0x38, 0x2c, 0x30, 0x2c, 0x30, 0x2c, 0x30, 0x2d, 0x2e,
    0x38, 0x36, 0x2d, 0x2e, 0x33, 0x37, 0x48, 0x31, 0x2e, 0x32, 0x41, 0x31, 0x2e, 0x31, 0x39, 0x2c,
    0x31, 0x2e, 0x31, 0x39, 0x2c, 0x30, 0x2c, 0x30, 0x2c, 0x30, 0x2c, 0x30, 0x2c, 0x31, 0x37, 0x2e,
    0x39, 0x61, 0x31, 0x2e, 0x31, 0x38, 0x2c, 0x31, 0x2e, 0x31, 0x38, 0x2c, 0x30, 0x2c, 0x30, 0x2c,
    0x30, 0x2c, 0x2e, 0x33, 0x37, 0x2e, 0x38, 0x36, 0x6c, 0x30, 0x2c, 0x30, 0x2c, 0x30, 0x2c, 0x30,
    0x2c, 0x30, 0x2c, 0x30, 0x2c, 0x30, 0x2c, 0x30, 0x2c, 0x30, 0x2c, 0x30, 0x2c, 0x30, 0x2c, 0x30,
    0x2c, 0x30, 0x2c, 0x30, 0x2c, 0x30, 0x2c, 0x30, 0x2c, 0x30, 0x2c, 0x30, 0x2c, 0x30, 0x2c, 0x30,
    0x2c, 0x30, 0x2c, 0x30, 0x2c, 0x30, 0x2c, 0x30, 0x2c, 0x30, 0x2c, 0x30, 0x2c, 0x30, 0x2c, 0x30,
    0x2c, 0x30, 0x2c, 0x30, 0x2c, 0x30, 0x2c, 0x30, 0x2c, 0x30, 0x2c, 0x30, 0x2c, 0x30, 0x2c, 0x30,
    0x2c, 0x30, 0x2c, 0x30, 0x2c, 0x30, 0x2c, 0x30, 0x2c, 0x30, 0x2c, 0x30, 0x2c, 0x30, 0x2c, 0x30,
    0x2c, 0x30, 0x2c, 0x30, 0x2c, 0x30, 0x2c, 0x30, 0x2c, 0x30, 0x2c, 0x30, 0x2c, 0x30, 0x2c, 0x30,
    0x2c, 0x30, 0x2c, 0x30, 0x2c, 0x30, 0x2c, 0x30, 0x2c, 0x30, 0x2c, 0x30, 0x2c, 0x30, 0x2c, 0x30,
    0x2c, 0x30, 0x2c, 0x30, 0x2c, 0x30, 0x2c, 0x30, 0x2c, 0x30, 0x2c, 0x30, 0x2c, 0x30, 0x2c, 0x30,
    0x2c, 0x30, 0x2c, 0x30, 0x2c, 0x30, 0x2c, 0x30, 0x2c, 0x30, 0x2c, 0x30, 0x2c, 0x30, 0x2c, 0x30,
    0x2c, 0x30, 0x2c, 0x30, 0x2c, 0x30, 0x2c, 0x30, 0x2c, 0x30, 0x2c, 0x30, 0x2c, 0x30, 0x2c, 0x30,
    0x2c, 0x30, 0x2c, 0x30, 0x2c, 0x30, 0x2c, 0x30, 0x2c, 0x30, 0x2c, 0x30, 0x2c, 0x30, 0x2c, 0x30,
    0x2c, 0x30, 0x2c, 0x30, 0x2c, 0x30, 0x2c, 0x30, 0x2c, 0x30, 0x2c, 0x30, 0x2c, 0x30, 0x2c, 0x30,
    0x61, 0x31, 0x2e, 0x32, 0x31, 0x2c, 0x31, 0x2e, 0x32, 0x31, 0x2c, 0x30, 0x2c, 0x30, 0x2c, 0x30,
    0x2c, 0x2e, 0x38, 0x36, 0x2e, 0x33, 0x36, 0x68, 0x37, 0x2e, 0x31, 0x35, 0x41, 0x31, 0x2e, 0x31,
    0x39, 0x2c, 0x31, 0x2e, 0x31, 0x39, 0x2c, 0x30, 0x2c, 0x30, 0x2c, 0x30, 0x2c, 0x31, 0x31, 0x2e,
    0x33, 0x34, 0x2c, 0x31, 0x39, 0x2e, 0x37, 0x5a, 0x22, 0x20, 0x73, 0x74, 0x79, 0x6c, 0x65, 0x3d,
    0x22, 0x66, 0x69, 0x6c, 0x6c, 0x3a, 0x23, 0x35, 0x38, 0x35, 0x39, 0x35, 0x62, 0x22, 0x2f, 0x3e,
    0x3c, 0x70, 0x61, 0x74, 0x68, 0x20, 0x64, 0x3d, 0x22, 0x4d, 0x38, 0x2e, 0x37, 0x32, 0x2c, 0x37,
    0x68, 0x30, 0x6c, 0x30, 0x2c, 0x30, 0x68, 0x30, 0x6c, 0x30, 0x2c, 0x30, 0x68, 0x30, 0x6c, 0x30,
    0x2c, 0x30, 0x68, 0x30, 0x6c, 0x30, 0x2c, 0x30, 0x68, 0x30, 0x6c, 0x30, 0x2c, 0x30, 0x68, 0x30,
    0x6c, 0x30, 0x2c, 0x30, 0x68, 0x30, 0x6c, 0x30, 0x2c, 0x30, 0x68, 0x30, 0x6c, 0x30, 0x2c, 0x30,
    0x68, 0x30, 0x6c, 0x30, 0x2c, 0x30, 0x68, 0x30, 0x6c, 0x30, 0x2c, 0x30, 0x68, 0x30, 0x6c, 0x30,
    0x2c, 0x30, 0x68, 0x30, 0x6c, 0x30, 0x2c, 0x30, 0x68, 0x30, 0x6c, 0x30, 0x2c, 0x30, 0x68, 0x30,
    0x6c, 0x30, 0x2c, 0x30, 0x68, 0x30, 0x6c, 0x30, 0x2c, 0x30, 0x68, 0x30, 0x6c, 0x30, 0x2c, 0x30,
    0x68, 0x30, 0x6c, 0x30, 0x2c, 0x30, 0x68, 0x30, 0x6c, 0x30, 0x2c, 0x30, 0x68, 0x30, 0x6c, 0x30,
    0x2c, 0x30, 0x68, 0x30, 0x6c, 0x30, 0x2c, 0x30, 0x48, 0x38, 0x6c, 0x30, 0x2c, 0x30, 0x48, 0x38,
    0x6c, 0x30, 0x2c, 0x30, 0x48, 0x38, 0x6c, 0x30, 0x2c, 0x30, 0x68, 0x30, 0x6c, 0x30, 0x2c, 0x30,
    0x68, 0x30, 0x6c, 0x30, 0x2c, 0x30, 0x68, 0x30, 0x6c, 0x30, 0x2c, 0x30, 0x68, 0x30, 0x6c, 0x30,
    0x2c, 0x30, 0x68, 0x30, 0x6c, 0x30, 0x2c, 0x30, 0x68, 0x30, 0x6c, 0x30, 0x2c, 0x30, 0x68, 0x30,
    0x6c, 0x30, 0x2c, 0x30, 0x68, 0x30, 0x6c, 0x30, 0x2c, 0x30, 0x68, 0x30, 0x6c, 0x30, 0x2c, 0x30,
    0x68, 0x30, 0x6c, 0x30, 0x2c, 0x30, 0x68, 0x30, 0x6c, 0x30, 0x2c, 0x30, 0x68, 0x30, 0x6c, 0x30,
    0x2c, 0x30, 0x68, 0x30, 0x6c, 0x30, 0x2c, 0x30, 0x68, 0x30, 0x6c, 0x30, 0x2c, 0x30, 0x68, 0x30,
    0x6c, 0x30, 0x2c, 0x30, 0x68, 0x30, 0x6c, 0x30, 0x2c, 0x30, 0x68, 0x30, 0x6c, 0x30, 0x2c, 0x30,
    0x68, 0x30, 0x6c, 0x30, 0x2c, 0x30, 0x68, 0x30, 0x6c, 0x30, 0x2c, 0x30, 0x68, 0x30, 0x6c, 0x30,
    0x2c, 0x30, 0x68, 0x30, 0x6c, 0x30, 0x2c, 0x30, 0x68, 0x30, 0x6c, 0x30, 0x2c, 0x30, 0x68, 0x30,
    0x6c, 0x30, 0x2c, 0x30, 0x68, 0x30, 0x6c, 0x30, 0x2c, 0x30, 0x68, 0x30, 0x6c, 0x30, 0x2c, 0x30,
    0x48, 0x37, 0x6c, 0x30, 0x2c, 0x30, 0x48, 0x37, 0x6c, 0x30, 0x2c, 0x30, 0x48, 0x37, 0x6c, 0x30,
    0x2c, 0x30, 0x61, 0x31, 0x2e, 0x31, 0x39, 0x2c, 0x31, 0x2e, 0x31, 0x39, 0x2c, 0x30, 0x2c, 0x30,
    0x2c, 0x30, 0x2d, 0x31, 0x2e, 0x36, 0x39, 0x2c, 0x30, 0x2c, 0x31, 0x2e, 0x32, 0x31, 0x2c, 0x31,
    0x2e, 0x32, 0x31, 0x2c, 0x30, 0x2c, 0x30, 0x2c, 0x30, 0x2c, 0x30, 0x2c, 0x31, 0x2e, 0x36, 0x39,
    0x6c, 0x30, 0x2c, 0x30, 0x68, 0x30, 0x6c, 0x30, 0x2c, 0x30, 0x68, 0x30, 0x6c, 0x30, 0x2c, 0x30,
    0x68, 0x30, 0x6c, 0x30, 0x2c, 0x30, 0x68, 0x30, 0x6c, 0x30, 0x2c, 0x30, 0x68, 0x30, 0x6c, 0x30,
    0x2c, 0x30, 0x68, 0x30, 0x6c, 0x30, 0x2c, 0x30, 0x68, 0x30, 0x6c, 0x30, 0x2c, 0x30, 0x68, 0x30,
    0x6c, 0x30, 0x2c, 0x30, 0x68, 0x30, 0x6c, 0x30, 0x2c, 0x30, 0x68, 0x30, 0x6c, 0x30, 0x2c, 0x30,
    0x68, 0x30, 0x6c, 0x30, 0x2c, 0x30, 0x68, 0x30, 0x6c, 0x30, 0x2c, 0x30, 0x68, 0x30, 0x6c, 0x30,
    0x2c, 0x30, 0x68, 0x30, 0x6c, 0x30, 0x2c, 0x30, 0x68, 0x30, 0x6c, 0x30, 0x2c, 0x30, 0x68, 0x30,
    0x6c, 0x30, 0x2c, 0x30, 0x68, 0x30, 0x6c, 0x30, 0x2c, 0x30, 0x68, 0x30, 0x6c, 0x30, 0x2c, 0x30,
    0x68, 0x30, 0x6c, 0x30, 0x2c, 0x30, 0x48, 0x36, 0x6c, 0x30, 0x2c, 0x30, 0x48, 0x36, 0x6c, 0x30,
    0x2c, 0x30, 0x48, 0x36, 0x6c, 0x30, 0x2c, 0x30, 0x68, 0x30, 0x6c, 0x30, 0x2c, 0x30, 0x68, 0x30,
    0x6c, 0x30, 0x2c, 0x30, 0x68, 0x30, 0x6c, 0x30, 0x2c, 0x30, 0x68, 0x30, 0x6c, 0x30, 0x2c, 0x30,
    0x68, 0x30, 0x6c, 0x30, 0x2c, 0x30, 0x68, 0x30, 0x6c, 0x30, 0x2c, 0x30, 0x68, 0x30, 0x6c, 0x30,
    0x2c, 0x30, 0x68, 0x30, 0x6c, 0x30, 0x2c, 0x30, 0x68, 0x30, 0x6c, 0x30, 0x2c, 0x30, 0x68, 0x30,
    0x6c, 0x30, 0x2c, 0x30, 0x68, 0x30, 0x6c, 0x30, 0x2c, 0x30, 0x68, 0x30, 0x6c, 0x30, 0x2c, 0x30,
    0x68, 0x30, 0x6c, 0x30, 0x2c, 0x30, 0x68, 0x30, 0x6c, 0x30, 0x2c, 0x30, 0x68, 0x30, 0x6c, 0x30,
    0x2c, 0x30, 0x68, 0x30, 0x6c, 0x30, 0x2c, 0x30, 0x68, 0x30, 0x6c, 0x30, 0x2c, 0x30, 0x68, 0x30,
    0x6c, 0x30, 0x2c, 0x30, 0x68, 0x30, 0x6c, 0x30, 0x2c, 0x30, 0x68, 0x30, 0x6c, 0x30, 0x2c, 0x30,
    0x68, 0x30, 0x6c, 0x30, 0x2c, 0x30, 0x68, 0x30, 0x6c, 0x30, 0x2c, 0x30, 0x68, 0x30, 0x6c, 0x30,
    0x2c, 0x30, 0x68, 0x30, 0x6c, 0x30, 0x2c, 0x30, 0x68, 0x30, 0x6c, 0x30, 0x2c, 0x30, 0x68, 0x30,
    0x6c, 0x30, 0x2c, 0x30, 0x48, 0x37, 0x6c, 0x30, 0x2c, 0x30, 0x48, 0x37, 0x6c, 0x30, 0x2c, 0x30,
    0x48, 0x37, 0x6c, 0x35, 0x2e, 0x30, 0x36, 0x2c, 0x35, 0x2e, 0x30, 0x36, 0x61, 0x31, 0x2e, 0x31,
    0x38, 0x2c, 0x31, 0x2e, 0x31, 0x38, 0x2c, 0x30, 0x2c, 0x30, 0x2c, 0x30, 0x2c, 0x2e, 0x38, 0x34,
    0x2e, 0x33, 0x35, 0x2c, 0x31, 0x2e, 0x31, 0x36, 0x2c, 0x31, 0x2e, 0x31, 0x36, 0x2c, 0x30, 0x2c,
    0x30, 0x2c, 0x30, 0x2c, 0x2e, 0x38, 0x34, 0x2d, 0x2e, 0x33, 0x35, 0x2c, 0x31, 0x2e, 0x31, 0x39,
    0x2c, 0x31, 0x2e, 0x31, 0x39, 0x2c, 0x30, 0x2c, 0x30, 0x2c, 0x30, 0x2c, 0x30, 0x2d, 0x31, 0x2e,
    0x36, 0x39, 0x5a, 0x22, 0x20, 0x73, 0x74, 0x79, 0x6c, 0x65, 0x3d, 0x22, 0x66, 0x69, 0x6c, 0x6c,
    0x3a, 0x23, 0x35, 0x38, 0x35, 0x39, 0x35, 0x62, 0x22, 0x2f, 0x3e, 0x3c, 0x70, 0x61, 0x74, 0x68,
    0x20, 0x64, 0x3d, 0x22, 0x4d, 0x31, 0x33, 0x2e, 0x37, 0x36, 0x2c, 0x32, 0x35, 0x2e, 0x35, 0x38,
    0x61, 0x30, 0x2c, 0x30, 0x2c, 0x30, 0x2c, 0x30, 0x2c, 0x31, 0x2c, 0x30, 0x2c, 0x30, 0x68, 0x30,
    0x6c, 0x30, 0x2c, 0x30, 0x73, 0x30, 0x2c, 0x30, 0x2c, 0x30, 0x2c, 0x30, 0x61, 0x30, 0x2c, 0x30,
    0x2c, 0x30, 0x2c, 0x30, 0x2c, 0x31, 0x2c, 0x30, 0x2c, 0x30, 0x68, 0x30, 0x6c, 0x30, 0x2c, 0x30,
    0x73, 0x30, 0x2c, 0x30, 0x2c, 0x30, 0x2c, 0x30, 0x76, 0x30, 0x68, 0x30, 0x6c, 0x30, 0x2c, 0x30,
    0x73, 0x30, 0x2c, 0x30, 0x2c, 0x30, 0x2c, 0x30, 0x2c, 0x30, 0x2c, 0x30, 0x2c, 0x30, 0x2c, 0x30,
    0x68, 0x30, 0x6c, 0x30, 0x2c, 0x30, 0x73, 0x30, 0x2c, 0x30, 0x2c, 0x30, 0x2c, 0x30, 0x2c, 0x30,
    0x2c, 0x30, 0x2c, 0x30, 0x2c, 0x30, 0x68, 0x30, 0x6c, 0x30, 0x2c, 0x30, 0x73, 0x30, 0x2c, 0x30,
    0x2c, 0x30, 0x2c, 0x30, 0x2c, 0x30, 0x2c, 0x30, 0x2c, 0x30, 0x2c, 0x30, 0x68, 0x30, 0x6c, 0x30,
    0x2c, 0x30, 0x2c, 0x30, 0x2c, 0x30, 0x73, 0x30, 0x2c, 0x30, 0x2c, 0x30, 0x2c, 0x30, 0x68, 0x30,
    0x73, 0x30, 0x2c, 0x30, 0x2c, 0x30, 0x2c, 0x30, 0x6c, 0x30, 0x2c, 0x30, 0x73, 0x30, 0x2c, 0x30,
    0x2c, 0x30, 0x2c, 0x30, 0x68, 0x30, 0x73, 0x30, 0x2c, 0x30, 0x2c, 0x30, 0x2c, 0x30, 0x6c, 0x30,
    0x2c, 0x30, 0x73, 0x30, 0x2c, 0x30, 0x2c, 0x30, 0x2c, 0x30, 0x68, 0x30, 0x73, 0x30, 0x2c, 0x30,
    0x2c, 0x30, 0x2c, 0x30, 0x6c, 0x30, 0x2c, 0x30, 0x73, 0x30, 0x2c, 0x30, 0x2c, 0x30, 0x2c, 0x30,
    0x68, 0x30, 0x61, 0x30, 0x2c, 0x30, 0x2c, 0x30, 0x2c, 0x30, 0x2c, 0x30, 0x2c, 0x30, 0x2c, 0x30,
    0x68, 0x30, 0x6c, 0x30, 0x2c, 0x30, 0x68, 0x30, 0x61, 0x30, 0x2c, 0x30, 0x2c, 0x30, 0x2c, 0x30,
    0x2c, 0x30, 0x2c, 0x30, 0x2c, 0x30, 0x68, 0x30, 0x6c, 0x30, 0x2c, 0x30, 0x68, 0x30, 0x61, 0x30,
    0x2c, 0x30, 0x2c, 0x30, 0x2c, 0x30, 0x2c, 0x30, 0x2c, 0x30, 0x2c, 0x30, 0x73, 0x30, 0x2c, 0x30,
    0x2c, 0x30, 0x2c, 0x30, 0x6c, 0x30, 0x2c, 0x30, 0x2c, 0x30, 0x2c, 0x30, 0x76, 0x30, 0x68, 0x30,
    0x6c, 0x30, 0x2c, 0x30, 0x2c, 0x30, 0x2c, 0x30, 0x76, 0x30, 0x68, 0x30, 0x73, 0x30, 0x2c, 0x30,
    0x2c, 0x30, 0x2c, 0x30, 0x6c, 0x30, 0x2c, 0x30, 0x61, 0x30, 0x2c, 0x30, 0x2c, 0x30, 0x2c, 0x30,
    0x2c, 0x31, 0x2c, 0x30, 0x2c, 0x30, 0x68, 0x30, 0x6c, 0x30, 0x2c, 0x30, 0x73, 0x30, 0x2c, 0x30,
    0x2c, 0x30, 0x2c, 0x30, 0x61, 0x30, 0x2c, 0x30, 0x2c, 0x30, 0x2c, 0x30, 0x2c, 0x31, 0x2c, 0x30,
    0x2c, 0x30, 0x68, 0x30, 0x73, 0x30, 0x2c, 0x30, 0x2c, 0x30, 0x2c, 0x30, 0x2c, 0x30, 0x2c, 0x30,
    0x2c, 0x30, 0x2c, 0x30, 0x61, 0x30, 0x2c, 0x30, 0x2c, 0x30, 0x2c, 0x30, 0x2c, 0x31, 0x2c, 0x30,
    0x2c, 0x30, 0x68, 0x30, 0x73, 0x30, 0x2c, 0x30, 0x2c, 0x30, 0x2c, 0x30, 0x2c, 0x30, 0x2c, 0x30,
    0x2c, 0x30, 0x2c, 0x30, 0x61, 0x30, 0x2c, 0x30, 0x2c, 0x30, 0x2c, 0x30, 0x2c, 0x31, 0x2c, 0x30,
    0x2c, 0x30, 0x68, 0x30, 0x73, 0x30, 0x2c, 0x30, 0x2c, 0x30, 0x2c, 0x30, 0x2c, 0x30, 0x2c, 0x30,
    0x2c, 0x30, 0x2c, 0x30, 0x2c, 0x30, 0x2c, 0x30, 0x2c, 0x30, 0x2c, 0x30, 0x68, 0x30, 0x73, 0x30,
    0x2c, 0x30, 0x2c, 0x30, 0x2c, 0x30, 0x2c, 0x30, 0x2c, 0x30, 0x2c, 0x30, 0x2c, 0x30, 0x2c, 0x30,
    0x2c, 0x30, 0x2c, 0x30, 0x2c, 0x30, 0x68, 0x30, 0x73, 0x30, 0x2c, 0x30, 0x2c, 0x30, 0x2c, 0x30,
    0x2c, 0x30, 0x2c, 0x30, 0x2c, 0x30, 0x2c, 0x30, 0x2c, 0x30, 0x2c, 0x30, 0x2c, 0x30, 0x2c, 0x30,
    0x68, 0x30, 0x73, 0x30, 0x2c, 0x30, 0x2c, 0x30, 0x2c, 0x30, 0x2c, 0x30, 0x2c, 0x30, 0x2c, 0x30,
    0x2c, 0x30, 0x2c, 0x30, 0x2c, 0x30, 0x2c, 0x30, 0x2c, 0x30, 0x68, 0x30, 0x73, 0x30, 0x2c, 0x30,
    0x2c, 0x30, 0x2c, 0x30, 0x6c, 0x30, 0x2c, 0x30, 0x73, 0x30, 0x2c, 0x30, 0x2c, 0x30, 0x2c, 0x30,
    0x68, 0x30, 0x73, 0x30, 0x2c, 0x30, 0x2c, 0x30, 0x2c, 0x30, 0x6c, 0x30, 0x2c, 0x30, 0x73, 0x30,
    0x2c, 0x30, 0x2c, 0x30, 0x2c, 0x30, 0x68, 0x30, 0x73, 0x30, 0x2c, 0x30, 0x2c, 0x30, 0x2c, 0x30,
    0x6c, 0x30, 0x2c, 0x30, 0x73, 0x30, 0x2c, 0x30, 0x2c, 0x30, 0x2c, 0x30, 0x68, 0x30, 0x61, 0x30,
    0x2c, 0x30, 0x2c, 0x30, 0x2c, 0x30, 0x2c, 0x30, 0x2c, 0x30, 0x2c, 0x30, 0x2c, 0x31, 0x2e, 0x32,
    0x2c, 0x31, 0x2e, 0x32, 0x2c, 0x30, 0x2c, 0x30, 0x2c, 0x30, 0x2d, 0x31, 0x2e, 0x36, 0x38, 0x2c,
    0x30, 0x4c, 0x35, 0x2e, 0x32, 0x34, 0x2c, 0x32, 0x38, 0x2e, 0x38, 0x37, 0x61, 0x31, 0x2e, 0x32,
    0x31, 0x2c, 0x31, 0x2e, 0x32, 0x31, 0x2c, 0x30, 0x2c, 0x30, 0x2c, 0x30, 0x2c, 0x30, 0x2c, 0x31,
    0x2e, 0x36, 0x39, 0x68, 0x30, 0x73, 0x30, 0x2c, 0x30, 0x2c, 0x30, 0x2c, 0x30, 0x2c, 0x30, 0x2c,
    0x30, 0x2c, 0x30, 0x2c, 0x30, 0x76, 0x30, 0x68, 0x30, 0x73, 0x30, 0x2c, 0x30, 0x2c, 0x30, 0x2c,
    0x30, 0x2c, 0x30, 0x2c, 0x30, 0x2c, 0x30, 0x2c, 0x30, 0x76, 0x30, 0x68, 0x30, 0x73, 0x30, 0x2c,
    0x30, 0x2c, 0x30, 0x2c, 0x30, 0x6c, 0x30, 0x2c, 0x30, 0x76, 0x30, 0x68, 0x30, 0x6c, 0x30, 0x2c,
    0x30, 0x2c, 0x30, 0x2c, 0x30, 0x73, 0x30, 0x2c, 0x30, 0x2c, 0x30, 0x2c, 0x30, 0x68, 0x30, 0x6c,
    0x30, 0x2c, 0x30, 0x68, 0x30, 0x73, 0x30, 0x2c, 0x30, 0x2c, 0x30, 0x2c, 0x30, 0x68, 0x30, 0x6c,
    0x30, 0x2c, 0x30, 0x68, 0x30, 0x73, 0x30, 0x2c, 0x30, 0x2c, 0x30, 0x2c, 0x30, 0x68, 0x30, 0x6c,
    0x30, 0x2c, 0x30, 0x68, 0x30, 0x73, 0x30, 0x2c, 0x30, 0x2c, 0x30, 0x2c, 0x30, 0x68, 0x30, 0x6c,
    0x30, 0x2c, 0x30, 0x68, 0x30, 0x73, 0x30, 0x2c, 0x30, 0x2c, 0x30, 0x2c, 0x30, 0x2c, 0x30, 0x2c,
    0x30, 0x2c, 0x30, 0x2c, 0x30, 0x6c, 0x30, 0x2c, 0x30, 0x68, 0x30, 0x61, 0x30, 0x2c, 0x30, 0x2c,
    0x30, 0x2c, 0x30, 0x2c, 0x31, 0x2c, 0x30, 0x2c, 0x30, 0x6c, 0x30, 0x2c, 0x30, 0x76, 0x30, 0x68,
    0x30, 0x61, 0x30, 0x2c, 0x30, 0x2c, 0x30, 0x2c, 0x30, 0x2c, 0x31, 0x2c, 0x30, 0x2c, 0x30, 0x6c,
    0x30, 0x2c, 0x30, 0x76, 0x30, 0x48, 0x36, 0x76, 0x30, 0x6c, 0x30, 0x2c, 0x30, 0x76, 0x30, 0x68,
    0x30, 0x6c, 0x30, 0x2c, 0x30, 0x73, 0x30, 0x2c, 0x30, 0x2c, 0x30, 0x2c, 0x30, 0x76, 0x30, 0x68,
    0x30, 0x6c, 0x30, 0x2c, 0x30, 0x73, 0x30, 0x2c, 0x30, 0x2c, 0x30, 0x2c, 0x30, 0x61, 0x30, 0x2c,
    0x30, 0x2c, 0x30, 0x2c, 0x30, 0x2c, 0x30, 0x2c, 0x30, 0x2c, 0x30, 0x68, 0x30, 0x73, 0x30, 0x2c,
    0x30, 0x2c, 0x30, 0x2c, 0x30, 0x2c, 0x30, 0x2c, 0x30, 0x2c, 0x30, 0x2c, 0x30, 0x61, 0x30, 0x2c,
    0x30, 0x2c, 0x30, 0x2c, 0x30, 0x2c, 0x30, 0x2c, 0x30, 0x2c, 0x30, 0x68, 0x30, 0x6c, 0x30, 0x2c,
    0x30, 0x73, 0x30, 0x2c, 0x30, 0x2c, 0x30, 0x2c, 0x30, 0x76, 0x30, 0x68, 0x30, 0x6c, 0x30, 0x2c,
    0x30, 0x73, 0x30, 0x2c, 0x30, 0x2c, 0x30, 0x2c, 0x30, 0x76, 0x30, 0x68, 0x30, 0x73, 0x30, 0x2c,
    0x30, 0x2c, 0x30, 0x2c, 0x30, 0x2c, 0x30, 0x2c, 0x30, 0x2c, 0x30, 0x2c, 0x30, 0x76, 0x30, 0x68,
    0x30, 0x6c, 0x30, 0x2c, 0x30, 0x2c, 0x30, 0x2c, 0x30, 0x76, 0x30, 0x68, 0x30, 0x6c, 0x30, 0x2c,
    0x30, 0x2c, 0x30, 0x2c, 0x30, 0x76, 0x30, 0x68, 0x30, 0x6c, 0x30, 0x2c, 0x30, 0x68, 0x30, 0x73,
    0x30, 0x2c, 0x30, 0x2c, 0x30, 0x2c, 0x30, 0x68, 0x30, 0x6c, 0x30, 0x2c, 0x30, 0x68, 0x30, 0x73,
    0x30, 0x2c, 0x30, 0x2c, 0x30, 0x2c, 0x30, 0x68, 0x30, 0x6c, 0x30, 0x2c, 0x30, 0x68, 0x30, 0x76,
    0x30, 0x68, 0x30, 0x6c, 0x30, 0x2c, 0x30, 0x68, 0x30, 0x76, 0x30, 0x6c, 0x30, 0x2c, 0x30, 0x2c,
    0x30, 0x2c, 0x30, 0x48, 0x37, 0x76, 0x30, 0x6c, 0x30, 0x2c, 0x30, 0x61, 0x30, 0x2c, 0x30, 0x2c,
    0x30, 0x2c, 0x30, 0x2c, 0x30, 0x2c, 0x30, 0x2c, 0x30, 0x48, 0x37, 0x76, 0x30, 0x61, 0x31, 0x2e,
    0x32, 0x32, 0x2c, 0x31, 0x2e, 0x32, 0x32, 0x2c, 0x30, 0x2c, 0x30, 0x2c, 0x30, 0x2c, 0x2e, 0x38,
    0x35, 0x2e, 0x33, 0x35, 0x2c, 0x31, 0x2e, 0x32, 0x2c, 0x31, 0x2e, 0x32, 0x2c, 0x30, 0x2c, 0x30,
    0x2c, 0x30, 0x2c, 0x2e, 0x38, 0x34, 0x2d, 0x2e, 0x33, 0x35, 0x6c, 0x35, 0x2e, 0x30, 0x36, 0x2d,
    0x35, 0x2e, 0x30, 0x36, 0x61, 0x31, 0x2e, 0x31, 0x39, 0x2c, 0x31, 0x2e, 0x31, 0x39, 0x2c, 0x30,
    0x2c, 0x30, 0x2c, 0x30, 0x2c, 0x30, 0x2d, 0x31, 0x2e, 0x36, 0x39, 0x53, 0x31, 0x33, 0x2e, 0x37,
    0x37, 0x2c, 0x32, 0x35, 0x2e, 0x35, 0x39, 0x2c, 0x31, 0x33, 0x2e, 0x37, 0x36, 0x2c, 0x32, 0x35,
    0x2e, 0x35, 0x38, 0x5a, 0x22, 0x20, 0x73, 0x74, 0x79, 0x6c, 0x65, 0x3d, 0x22, 0x66, 0x69, 0x6c,
    0x6c, 0x3a, 0x23, 0x35, 0x38, 0x35, 0x39, 0x35, 0x62, 0x22, 0x2f, 0x3e, 0x3c, 0x70, 0x61, 0x74,
    0x68, 0x20, 0x64, 0x3d, 0x22, 0x4d, 0x33, 0x31, 0x2c, 0x35, 0x37, 0x2e, 0x32, 0x38, 0x61, 0x31,
    0x2e, 0x31, 0x36, 0x2c, 0x31, 0x2e, 0x31, 0x36, 0x2c, 0x30, 0x2c, 0x30, 0x2c, 0x31, 0x2d, 0x31,
    0x2d, 0x2e, 0x36, 0x31, 0x4c, 0x32, 0x34, 0x2e, 0x37, 0x2c, 0x34, 0x37, 0x2e, 0x31, 0x35, 0x6c,
    0x2d, 0x36, 0x2e, 0x30, 0x37, 0x2c, 0x34, 0x2e, 0x37, 0x34, 0x61, 0x31, 0x2e, 0x31, 0x38, 0x2c,
    0x31, 0x2e, 0x31, 0x38, 0x2c, 0x30, 0x2c, 0x30, 0x2c, 0x31, 0x2d, 0x31, 0x2e, 0x32, 0x35, 0x2e,
    0x31, 0x33, 0x41, 0x31, 0x2e, 0x32, 0x2c, 0x31, 0x2e, 0x32, 0x2c, 0x30, 0x2c, 0x30, 0x2c, 0x31,
    0x2c, 0x31, 0x36, 0x2e, 0x37, 0x31, 0x2c, 0x35, 0x31, 0x76, 0x2d, 0x33, 0x33, 0x61, 0x31, 0x2e,
    0x32, 0x2c, 0x31, 0x2e, 0x32, 0x2c, 0x30, 0x2c, 0x30, 0x2c, 0x31, 0x2c, 0x32, 0x2d, 0x2e, 0x38,
    0x35, 0x4c, 0x34, 0x32, 0x2e, 0x36, 0x31, 0x2c, 0x34, 0x30, 0x2e, 0x39, 0x33, 0x61, 0x31, 0x2e,
    0x31, 0x39, 0x2c, 0x31, 0x2e, 0x31, 0x39, 0x2c, 0x30, 0x2c, 0x30, 0x2c, 0x31, 0x2d, 0x2e, 0x38,
    0x34, 0x2c, 0x32, 0x48, 0x33, 0x34, 0x2e, 0x32, 0x34, 0x6c, 0x35, 0x2c, 0x39, 0x61, 0x31, 0x2e,
    0x32, 0x31, 0x2c, 0x31, 0x2e, 0x32, 0x31, 0x2c, 0x30, 0x2c, 0x30, 0x2c, 0x31, 0x2c, 0x2e, 0x31,
    0x31, 0x2e, 0x39, 0x33, 0x2c, 0x31, 0x2e, 0x32, 0x33, 0x2c, 0x31, 0x2e, 0x32, 0x33, 0x2c, 0x30,
    0x2c, 0x30, 0x2c, 0x31, 0x2d, 0x2e, 0x36, 0x31, 0x2e, 0x37, 0x31, 0x6c, 0x2d, 0x37, 0x2e, 0x31,
    0x37, 0x2c, 0x33, 0x2e, 0x35, 0x38, 0x61, 0x31, 0x2e, 0x30, 0x39, 0x2c, 0x31, 0x2e, 0x30, 0x39,
    0x2c, 0x30, 0x2c, 0x30, 0x2c, 0x31, 0x2d, 0x2e, 0x35, 0x33, 0x2e, 0x31, 0x33, 0x22, 0x20, 0x73,
    0x74, 0x79, 0x6c, 0x65, 0x3d, 0x22, 0x66, 0x69, 0x6c, 0x6c, 0x3a, 0x75, 0x72, 0x6c, 0x28, 0x23,
    0x53, 0x75, 0x6d, 0x6d, 0x65, 0x72, 0x5f, 0x4d, 0x75, 0x6c, 0x74, 0x69, 0x63, 0x6f, 0x6c, 0x6f,
    0x72, 0x29, 0x22, 0x2f, 0x3e, 0x3c, 0x70, 0x61, 0x74, 0x68, 0x20, 0x64, 0x3d, 0x22, 0x4d, 0x31,
    0x37, 0x2e, 0x38, 0x39, 0x2c, 0x39, 0x2e, 0x35, 0x35, 0x41, 0x31, 0x2e, 0x31, 0x39, 0x2c, 0x31,
    0x2e, 0x31, 0x39, 0x2c, 0x30, 0x2c, 0x30, 0x2c, 0x31, 0x2c, 0x31, 0x36, 0x2e, 0x37, 0x2c, 0x38,
    0x2e, 0x33, 0x36, 0x56, 0x31, 0x2e, 0x32, 0x61, 0x31, 0x2e, 0x32, 0x2c, 0x31, 0x2e, 0x32, 0x2c,
    0x30, 0x2c, 0x31, 0x2c, 0x31, 0x2c, 0x32, 0x2e, 0x33, 0x39, 0x2c, 0x30, 0x56, 0x38, 0x2e, 0x33,
    0x36, 0x61, 0x31, 0x2e, 0x31, 0x39, 0x2c, 0x31, 0x2e, 0x31, 0x39, 0x2c, 0x30, 0x2c, 0x30, 0x2c,
    0x31, 0x2d, 0x31, 0x2e, 0x32, 0x2c, 0x31, 0x2e, 0x31, 0x39, 0x22, 0x20, 0x73, 0x74, 0x79, 0x6c,
    0x65, 0x3d, 0x22, 0x66, 0x69, 0x6c, 0x6c, 0x3a, 0x75, 0x72, 0x6c, 0x28, 0x23, 0x53, 0x75, 0x6d,
    0x6d, 0x65, 0x72, 0x5f, 0x4d, 0x75, 0x6c, 0x74, 0x69, 0x63, 0x6f, 0x6c, 0x6f, 0x72, 0x2d, 0x32,
    0x29, 0x22, 0x2f, 0x3e, 0x3c, 0x70, 0x61, 0x74, 0x68, 0x20, 0x64, 0x3d, 0x22, 0x4d, 0x38, 0x2e,
    0x33, 0x35, 0x2c, 0x31, 0x39, 0x2e, 0x30, 0x39, 0x48, 0x31, 0x2e, 0x32, 0x61, 0x31, 0x2e, 0x31,
    0x39, 0x2c, 0x31, 0x2e, 0x31, 0x39, 0x2c, 0x30, 0x2c, 0x31, 0x2c, 0x31, 0x2c, 0x30, 0x2d, 0x32,
    0x2e, 0x33, 0x38, 0x48, 0x38, 0x2e, 0x33, 0x35, 0x61, 0x31, 0x2e, 0x31, 0x39, 0x2c, 0x31, 0x2e,
    0x31, 0x39, 0x2c, 0x30, 0x2c, 0x31, 0x2c, 0x31, 0x2c, 0x30, 0x2c, 0x32, 0x2e, 0x33, 0x38, 0x22,
    0x20, 0x73, 0x74, 0x79, 0x6c, 0x65, 0x3d, 0x22, 0x66, 0x69, 0x6c, 0x6c, 0x3a, 0x75, 0x72, 0x6c,
    0x28, 0x23, 0x53, 0x75, 0x6d, 0x6d, 0x65, 0x72, 0x5f, 0x4d, 0x75, 0x6c, 0x74, 0x69, 0x63, 0x6f,
    0x6c, 0x6f, 0x72, 0x2d, 0x33, 0x29, 0x22, 0x2f, 0x3e, 0x3c, 0x70, 0x61, 0x74, 0x68, 0x20, 0x64,
    0x3d, 0x22, 0x4d, 0x33, 0x34, 0x2e, 0x36, 0x2c, 0x31, 0x39, 0x2e, 0x30, 0x39, 0x48, 0x32, 0x37,
    0x2e, 0x34, 0x34, 0x61, 0x31, 0x2e, 0x31, 0x39, 0x2c, 0x31, 0x2e, 0x31, 0x39, 0x2c, 0x30, 0x2c,
    0x30, 0x2c, 0x31, 0x2c, 0x30, 0x2d, 0x32, 0x2e, 0x33, 0x38, 0x48, 0x33, 0x34, 0x2e, 0x36, 0x61,
    0x31, 0x2e, 0x31, 0x39, 0x2c, 0x31, 0x2e, 0x31, 0x39, 0x2c, 0x30, 0x2c, 0x31, 0x2c, 0x31, 0x2c,
    0x30, 0x2c, 0x32, 0x2e, 0x33, 0x38, 0x22, 0x20, 0x73, 0x74, 0x79, 0x6c, 0x65, 0x3d, 0x22, 0x66,
    0x69, 0x6c, 0x6c, 0x3a, 0x75, 0x72, 0x6c, 0x28, 0x23, 0x53, 0x75, 0x6d, 0x6d, 0x65, 0x72, 0x5f,
    0x4d, 0x75, 0x6c, 0x74, 0x69, 0x63, 0x6f, 0x6c, 0x6f, 0x72, 0x2d, 0x34, 0x29, 0x22, 0x2f, 0x3e,
    0x3c, 0x70, 0x61, 0x74, 0x68, 0x20, 0x64, 0x3d, 0x22, 0x4d, 0x31, 0x31, 0x2e, 0x31, 0x35, 0x2c,
    0x31, 0x32, 0x2e, 0x33, 0x35, 0x61, 0x31, 0x2e, 0x31, 0x38, 0x2c, 0x31, 0x2e, 0x31, 0x38, 0x2c,
    0x30, 0x2c, 0x30, 0x2c, 0x31, 0x2d, 0x2e, 0x38, 0x34, 0x2d, 0x2e, 0x33, 0x35, 0x4c, 0x35, 0x2e,
    0x32, 0x34, 0x2c, 0x36, 0x2e, 0x39, 0x34, 0x41, 0x31, 0x2e, 0x32, 0x2c, 0x31, 0x2e, 0x32, 0x2c,
    0x30, 0x2c, 0x30, 0x2c, 0x31, 0x2c, 0x36, 0x2e, 0x39, 0x33, 0x2c, 0x35, 0x2e, 0x32, 0x35, 0x4c,
    0x31, 0x32, 0x2c, 0x31, 0x30, 0x2e, 0x33, 0x31, 0x61, 0x31, 0x2e, 0x32, 0x2c, 0x31, 0x2e, 0x32,
    0x2c, 0x30, 0x2c, 0x30, 0x2c, 0x31, 0x2d, 0x2e, 0x38, 0x34, 0x2c, 0x32, 0x22, 0x20, 0x73, 0x74,
    0x79, 0x6c, 0x65, 0x3d, 0x22, 0x66, 0x69, 0x6c, 0x6c, 0x3a, 0x75, 0x72, 0x6c, 0x28, 0x23, 0x53,
    0x75, 0x6d, 0x6d, 0x65, 0x72, 0x5f, 0x4d, 0x75, 0x6c, 0x74, 0x69, 0x63, 0x6f, 0x6c, 0x6f, 0x72,
    0x2d, 0x35, 0x29, 0x22, 0x2f, 0x3e, 0x3c, 0x70, 0x61, 0x74, 0x68, 0x20, 0x64, 0x3d, 0x22, 0x4d,
    0x36, 0x2e, 0x30, 0x38, 0x2c, 0x33, 0x30, 0x2e, 0x39, 0x31, 0x61, 0x31, 0x2e, 0x32, 0x2c, 0x31,
    0x2e, 0x32, 0x2c, 0x30, 0x2c, 0x30, 0x2c, 0x31, 0x2d, 0x2e, 0x38, 0x34, 0x2d, 0x32, 0x6c, 0x35,
    0x2e, 0x30, 0x37, 0x2d, 0x35, 0x2e, 0x30, 0x36, 0x41, 0x31, 0x2e, 0x31, 0x39, 0x2c, 0x31, 0x2e,
    0x31, 0x39, 0x2c, 0x30, 0x2c, 0x30, 0x2c, 0x31, 0x2c, 0x31, 0x32, 0x2c, 0x32, 0x35, 0x2e, 0x35,
    0x4c, 0x36, 0x2e, 0x39, 0x33, 0x2c, 0x33, 0x30, 0x2e, 0x35, 0x36, 0x61, 0x31, 0x2e, 0x32, 0x2c,
    0x31, 0x2e, 0x32, 0x2c, 0x30, 0x2c, 0x30, 0x2c, 0x31, 0x2d, 0x2e, 0x38, 0x35, 0x2e, 0x33, 0x35,
    0x22, 0x20, 0x73, 0x74, 0x79, 0x6c, 0x65, 0x3d, 0x22, 0x66, 0x69, 0x6c, 0x6c, 0x3a, 0x75, 0x72,
    0x6c, 0x28, 0x23, 0x53, 0x75, 0x6d, 0x6d, 0x65, 0x72, 0x5f, 0x4d, 0x75, 0x6c, 0x74, 0x69, 0x63,
    0x6f, 0x6c, 0x6f, 0x72, 0x2d, 0x36, 0x29, 0x22, 0x2f, 0x3e, 0x3c, 0x70, 0x61, 0x74, 0x68, 0x20,
    0x64, 0x3d, 0x22, 0x4d, 0x32, 0x34, 0x2e, 0x36, 0x34, 0x2c, 0x31, 0x32, 0x2e, 0x33, 0x35, 0x61,
    0x31, 0x2e, 0x32, 0x2c, 0x31, 0x2e, 0x32, 0x2c, 0x30, 0x2c, 0x30, 0x2c, 0x31, 0x2d, 0x2e, 0x38,
    0x34, 0x2d, 0x32, 0x6c, 0x35, 0x2e, 0x30, 0x36, 0x2d, 0x35, 0x2e, 0x30, 0x36, 0x61, 0x31, 0x2e,
    0x32, 0x2c, 0x31, 0x2e, 0x32, 0x2c, 0x30, 0x2c, 0x30, 0x2c, 0x31, 0x2c, 0x31, 0x2e, 0x36, 0x39,
    0x2c, 0x31, 0x2e, 0x36, 0x39, 0x4c, 0x32, 0x35, 0x2e, 0x34, 0x39, 0x2c, 0x31, 0x32, 0x61, 0x31,
    0x2e, 0x32, 0x2c, 0x31, 0x2e, 0x32, 0x2c, 0x30, 0x2c, 0x30, 0x2c, 0x31, 0x2d, 0x2e, 0x38, 0x35,
    0x2e, 0x33, 0x35, 0x22, 0x20, 0x73, 0x74, 0x79, 0x6c, 0x65, 0x3d, 0x22, 0x66, 0x69, 0x6c, 0x6c,
    0x3a, 0x75, 0x72, 0x6c, 0x28, 0x23, 0x53, 0x75, 0x6d, 0x6d, 0x65, 0x72, 0x5f, 0x4d, 0x75, 0x6c,
    0x74, 0x69, 0x63, 0x6f, 0x6c, 0x6f, 0x72, 0x2d, 0x37, 0x29, 0x22, 0x2f, 0x3e, 0x3c, 0x2f, 0x73,
    0x76, 0x67, 0x3e,
};
static const size_t main_toolbar_ac_select_svg_len = 8691;

static const unsigned char main_toolbar_ac_shimmer_svg[] = {
    0x3c, 0x73, 0x76, 0x67, 0x20, 0x69, 0x64, 0x3d, 0x22, 0x4c, 0x61, 0x79, 0x65, 0x72, 0x5f, 0x31,
    0x22, 0x20, 0x64, 0x61, 0x74, 0x61, 0x2d, 0x6e, 0x61, 0x6d, 0x65, 0x3d, 0x22, 0x4c, 0x61, 0x79,
    0x65, 0x72, 0x20, 0x31, 0x22, 0x20, 0x78, 0x6d, 0x6c, 0x6e, 0x73, 0x3d, 0x22, 0x68, 0x74, 0x74,
    0x70, 0x3a, 0x2f, 0x2f, 0x77, 0x77, 0x77, 0x2e, 0x77, 0x33, 0x2e, 0x6f, 0x72, 0x67, 0x2f, 0x32,
    0x30, 0x30, 0x30, 0x2f, 0x73, 0x76, 0x67, 0x22, 0x20, 0x78, 0x6d, 0x6c, 0x6e, 0x73, 0x3a, 0x78,
    0x6c, 0x69, 0x6e, 0x6b, 0x3d, 0x22, 0x68, 0x74, 0x74, 0x70, 0x3a, 0x2f, 0x2f, 0x77, 0x77, 0x77,
    0x2e, 0x77, 0x33, 0x2e, 0x6f, 0x72, 0x67, 0x2f, 0x31, 0x39, 0x39, 0x39, 0x2f, 0x78, 0x6c, 0x69,
    0x6e, 0x6b, 0x22, 0x20, 0x76, 0x69, 0x65, 0x77, 0x42, 0x6f, 0x78, 0x3d, 0x22, 0x30, 0x20, 0x30,
    0x20, 0x35, 0x39, 0x2e, 0x32, 0x35, 0x20, 0x35, 0x33, 0x2e, 0x30, 0x32, 0x22, 0x3e, 0x3c, 0x64,
    0x65, 0x66, 0x73, 0x3e, 0x3c, 0x6c, 0x69, 0x6e, 0x65, 0x61, 0x72, 0x47, 0x72, 0x61, 0x64, 0x69,
    0x65, 0x6e, 0x74, 0x20, 0x69, 0x64, 0x3d, 0x22, 0x53, 0x75, 0x6d, 0x6d, 0x65, 0x72, 0x5f, 0x4d,
    0x75, 0x6c, 0x74, 0x69, 0x63, 0x6f, 0x6c, 0x6f, 0x72, 0x22, 0x20, 0x78, 0x31, 0x3d, 0x22, 0x2d,
    0x33, 0x30, 0x32, 0x2e, 0x38, 0x39, 0x22, 0x20, 0x79, 0x31, 0x3d, 0x22, 0x34, 0x32, 0x2e, 0x30,
    0x33, 0x22, 0x20, 0x78, 0x32, 0x3d, 0x22, 0x37, 0x34, 0x30, 0x2e, 0x36, 0x37, 0x22, 0x20, 0x79,
    0x32, 0x3d, 0x22, 0x34, 0x32, 0x2e, 0x30, 0x33, 0x22, 0x20, 0x67, 0x72, 0x61, 0x64, 0x69, 0x65,
    0x6e, 0x74, 0x55, 0x6e, 0x69, 0x74, 0x73, 0x3d, 0x22, 0x75, 0x73, 0x65, 0x72, 0x53, 0x70, 0x61,
    0x63, 0x65, 0x4f, 0x6e, 0x55, 0x73, 0x65, 0x22, 0x3e, 0x3c, 0x73, 0x74, 0x6f, 0x70, 0x20, 0x6f,
    0x66, 0x66, 0x73, 0x65, 0x74, 0x3d, 0x22, 0x30, 0x2e, 0x31, 0x31, 0x22, 0x20, 0x73, 0x74, 0x6f,
    0x70, 0x2d, 0x63, 0x6f, 0x6c, 0x6f, 0x72, 0x3d, 0x22, 0x23, 0x66, 0x30, 0x63, 0x38, 0x33, 0x62,
    0x22, 0x2f, 0x3e, 0x3c, 0x73, 0x74, 0x6f, 0x70, 0x20, 0x6f, 0x66, 0x66, 0x73, 0x65, 0x74, 0x3d,
    0x22, 0x30, 0x2e, 0x32, 0x34, 0x22, 0x20, 0x73, 0x74, 0x6f, 0x70, 0x2d, 0x63, 0x6f, 0x6c, 0x6f,
    0x72, 0x3d, 0x22, 0x23, 0x66, 0x31, 0x35, 0x36, 0x33, 0x63, 0x22, 0x2f, 0x3e, 0x3c, 0x73, 0x74,
    0x6f, 0x70, 0x20, 0x6f, 0x66, 0x66, 0x73, 0x65, 0x74, 0x3d, 0x22, 0x30, 0x2e, 0x32, 0x37, 0x22,
    0x20, 0x73, 0x74, 0x6f, 0x70, 0x2d, 0x63, 0x6f, 0x6c, 0x6f, 0x72, 0x3d, 0x22, 0x23, 0x65, 0x36,
    0x35, 0x33, 0x35, 0x32, 0x22, 0x2f, 0x3e, 0x3c, 0x73, 0x74, 0x6f, 0x70, 0x20, 0x6f, 0x66, 0x66,
    0x73, 0x65, 0x74, 0x3d, 0x22, 0x30, 0x2e, 0x33, 0x32, 0x22, 0x20, 0x73, 0x74, 0x6f, 0x70, 0x2d,
    0x63, 0x6f, 0x6c, 0x6f, 0x72, 0x3d, 0x22, 0x23, 0x64, 0x33, 0x34, 0x66, 0x37, 0x61, 0x22, 0x2f,
    0x3e, 0x3c, 0x73, 0x74, 0x6f, 0x70, 0x20, 0x6f, 0x66, 0x66, 0x73, 0x65, 0x74, 0x3d, 0x22, 0x30,
    0x2e, 0x33, 0x37, 0x22, 0x20, 0x73, 0x74, 0x6f, 0x70, 0x2d, 0x63, 0x6f, 0x6c, 0x6f, 0x72, 0x3d,
    0x22, 0x23, 0x63, 0x37, 0x34, 0x63, 0x39, 0x32, 0x22, 0x2f, 0x3e, 0x3c, 0x73, 0x74, 0x6f, 0x70,
    0x20, 0x6f, 0x66, 0x66, 0x73, 0x65, 0x74, 0x3d, 0x22, 0x30, 0x2e, 0x33, 0x39, 0x22, 0x20, 0x73,
    0x74, 0x6f, 0x70, 0x2d, 0x63, 0x6f, 0x6c, 0x6f, 0x72, 0x3d, 0x22, 0x23, 0x63, 0x33, 0x34, 0x62,
    0x39, 0x62, 0x22, 0x2f, 0x3e, 0x3c, 0x73, 0x74, 0x6f, 0x70, 0x20, 0x6f, 0x66, 0x66, 0x73, 0x65,
    0x74, 0x3d, 0x22, 0x30, 0x2e, 0x37, 0x39, 0x22, 0x20, 0x73, 0x74, 0x6f, 0x70, 0x2d, 0x63, 0x6f,
    0x6c, 0x6f, 0x72, 0x3d, 0x22, 0x23, 0x30, 0x30, 0x62, 0x33, 0x63, 0x31, 0x22, 0x2f, 0x3e, 0x3c,
    0x73, 0x74, 0x6f, 0x70, 0x20, 0x6f, 0x66, 0x66, 0x73, 0x65, 0x74, 0x3d, 0x22, 0x30, 0x2e, 0x38,
    0x31, 0x22, 0x20, 0x73, 0x74, 0x6f, 0x70, 0x2d, 0x63, 0x6f, 0x6c, 0x6f, 0x72, 0x3d, 0x22, 0x23,
    0x30, 0x30, 0x62, 0x33, 0x36, 0x63, 0x22, 0x2f, 0x3e, 0x3c, 0x73, 0x74, 0x6f, 0x70, 0x20, 0x6f,
    0x66, 0x66, 0x73, 0x65, 0x74, 0x3d, 0x22, 0x31, 0x22, 0x20, 0x73, 0x74, 0x6f, 0x70, 0x2d, 0x63,
    0x6f, 0x6c, 0x6f, 0x72, 0x3d, 0x22, 0x23, 0x30, 0x30, 0x62, 0x33, 0x63, 0x31, 0x22, 0x2f, 0x3e,
    0x3c, 0x2f, 0x6c, 0x69, 0x6e, 0x65, 0x61, 0x72, 0x47, 0x72, 0x61, 0x64, 0x69, 0x65, 0x6e, 0x74,
    0x3e, 0x3c, 0x6c, 0x69, 0x6e, 0x65, 0x61, 0x72, 0x47, 0x72, 0x61, 0x64, 0x69, 0x65, 0x6e, 0x74,
    0x20, 0x69, 0x64, 0x3d, 0x22, 0x53, 0x75, 0x6d, 0x6d, 0x65, 0x72, 0x5f, 0x4d, 0x75, 0x6c, 0x74,
    0x69, 0x63, 0x6f, 0x6c, 0x6f, 0x72, 0x2d, 0x32, 0x22, 0x20, 0x78, 0x31, 0x3d, 0x22, 0x2d, 0x33,
    0x30, 0x32, 0x2e, 0x38, 0x39, 0x22, 0x20, 0x79, 0x31, 0x3d, 0x22, 0x32, 0x35, 0x2e, 0x36, 0x22,
    0x20, 0x78, 0x32, 0x3d, 0x22, 0x37, 0x34, 0x30, 0x2e, 0x36, 0x37, 0x22, 0x20, 0x79, 0x32, 0x3d,
    0x22, 0x32, 0x35, 0x2e, 0x36, 0x22, 0x20, 0x78, 0x6c, 0x69, 0x6e, 0x6b, 0x3a, 0x68, 0x72, 0x65,
    0x66, 0x3d, 0x22, 0x23, 0x53, 0x75, 0x6d, 0x6d, 0x65, 0x72, 0x5f, 0x4d, 0x75, 0x6c, 0x74, 0x69,
    0x63, 0x6f, 0x6c, 0x6f, 0x72, 0x22, 0x2f, 0x3e, 0x3c, 0x6c, 0x69, 0x6e, 0x65, 0x61, 0x72, 0x47,
    0x72, 0x61, 0x64, 0x69, 0x65, 0x6e, 0x74, 0x20, 0x69, 0x64, 0x3d, 0x22, 0x53, 0x75, 0x6d, 0x6d,
    0x65, 0x72, 0x5f, 0x4d, 0x75, 0x6c, 0x74, 0x69, 0x63, 0x6f, 0x6c, 0x6f, 0x72, 0x2d, 0x33, 0x22,
    0x20, 0x78, 0x31, 0x3d, 0x22, 0x2d, 0x33, 0x30, 0x32, 0x2e, 0x38, 0x39, 0x22, 0x20, 0x79, 0x31,
    0x3d, 0x22, 0x39, 0x2e, 0x31, 0x39, 0x22, 0x20, 0x78, 0x32, 0x3d, 0x22, 0x37, 0x34, 0x30, 0x2e,
    0x36, 0x37, 0x22, 0x20, 0x79, 0x32, 0x3d, 0x22, 0x39, 0x2e, 0x31, 0x39, 0x22, 0x20, 0x78, 0x6c,
    0x69, 0x6e, 0x6b, 0x3a, 0x68, 0x72, 0x65, 0x66, 0x3d, 0x22, 0x23, 0x53, 0x75, 0x6d, 0x6d, 0x65,
    0x72, 0x5f, 0x4d, 0x75, 0x6c, 0x74, 0x69, 0x63, 0x6f, 0x6c, 0x6f, 0x72, 0x22, 0x2f, 0x3e, 0x3c,
    0x2f, 0x64, 0x65, 0x66, 0x73, 0x3e, 0x3c, 0x70, 0x61, 0x74, 0x68, 0x20, 0x64, 0x3d, 0x22, 0x4d,
    0x31, 0x2e, 0x32, 0x32, 0x2c, 0x31, 0x32, 0x2e, 0x31, 0x6c, 0x30, 0x2c, 0x30, 0x73, 0x30, 0x2c,
    0x30, 0x2c, 0x30, 0x2c, 0x30, 0x76, 0x30, 0x68, 0x30, 0x6c, 0x30, 0x2c, 0x30, 0x2c, 0x30, 0x2c,
    0x30, 0x76, 0x30, 0x68, 0x30, 0x6c, 0x30, 0x2c, 0x30, 0x2c, 0x30, 0x2c, 0x30, 0x61, 0x30, 0x2c,
    0x30, 0x2c, 0x30, 0x2c, 0x30, 0x2c, 0x31, 0x2c, 0x30, 0x2c, 0x30, 0x68, 0x30, 0x6c, 0x30, 0x2c,
    0x30, 0x2c, 0x30, 0x2c, 0x30, 0x76, 0x30, 0x68, 0x30, 0x6c, 0x30, 0x2c, 0x30, 0x2c, 0x30, 0x2c,
    0x30, 0x76, 0x30, 0x68, 0x30, 0x6c, 0x30, 0x2c, 0x30, 0x2c, 0x30, 0x2c, 0x30, 0x76, 0x30, 0x68,
    0x30, 0x6c, 0x30, 0x2c, 0x30, 0x2c, 0x30, 0x2c, 0x30, 0x76, 0x30, 0x68, 0x30, 0x6c, 0x30, 0x2c,
    0x30, 0x2c, 0x30, 0x2c, 0x30, 0x2c, 0x30, 0x2c, 0x30, 0x68, 0x30, 0x6c, 0x30, 0x2c, 0x30, 0x2c,
    0x30, 0x2c, 0x30, 0x73, 0x30, 0x2c, 0x30, 0x2c, 0x30, 0x2c, 0x30, 0x68, 0x30, 0x73, 0x30, 0x2c,
    0x30, 0x2c, 0x30, 0x2c, 0x30, 0x6c, 0x30, 0x2c, 0x30, 0x2c, 0x30, 0x2c, 0x30, 0x68, 0x30, 0x76,
    0x30, 0x6c, 0x30, 0x2c, 0x30, 0x2c, 0x30, 0x2c, 0x30, 0x48, 0x32, 0x61, 0x30, 0x2c, 0x30, 0x2c,
    0x30, 0x2c, 0x30, 0x2c, 0x30, 0x2c, 0x30, 0x2c, 0x30, 0x6c, 0x30, 0x2c, 0x30, 0x2c, 0x30, 0x2c,
    0x30, 0x68, 0x30, 0x76, 0x30, 0x6c, 0x30, 0x2c, 0x30, 0x2c, 0x30, 0x2c, 0x30, 0x68, 0x30, 0x76,
    0x30, 0x73, 0x30, 0x2c, 0x30, 0x2c, 0x30, 0x2c, 0x30, 0x6c, 0x30, 0x2c, 0x30, 0x68, 0x30, 0x76,
    0x30, 0x6c, 0x30, 0x2c, 0x30, 0x2c, 0x30, 0x2c, 0x30, 0x68, 0x30, 0x76, 0x30, 0x6c, 0x30, 0x2c,
    0x30, 0x2c, 0x30, 0x2c, 0x30, 0x2c, 0x30, 0x2c, 0x30, 0x68, 0x30, 0x6c, 0x30, 0x2c, 0x30, 0x2c,
    0x30, 0x2c, 0x30, 0x2c, 0x30, 0x2c, 0x30, 0x76, 0x30, 0x68, 0x30, 0x6c, 0x30, 0x2c, 0x30, 0x2c,
    0x30, 0x2c, 0x30, 0x76, 0x30, 0x68, 0x30, 0x6c, 0x30, 0x2c, 0x30, 0x2c, 0x30, 0x2c, 0x30, 0x61,
    0x30, 0x2c, 0x30, 0x2c, 0x30, 0x2c, 0x30, 0x2c, 0x31, 0x2c, 0x30, 0x2c, 0x30, 0x68, 0x30, 0x6c,
    0x30, 0x2c, 0x30, 0x2c, 0x30, 0x2c, 0x30, 0x76, 0x30, 0x68, 0x30, 0x73, 0x30, 0x2c, 0x30, 0x2c,
    0x30, 0x2c, 0x30, 0x6c, 0x30, 0x2c, 0x30, 0x76, 0x30, 0x68, 0x30, 0x6c, 0x30, 0x2c, 0x30, 0x2c,
    0x30, 0x2c, 0x30, 0x76, 0x30, 0x68, 0x30, 0x6c, 0x30, 0x2c, 0x30, 0x2c, 0x30, 0x2c, 0x30, 0x2c,
    0x30, 0x2c, 0x30, 0x68, 0x30, 0x6c, 0x30, 0x2c, 0x30, 0x2c, 0x30, 0x2c, 0x30, 0x2c, 0x30, 0x2c,
    0x30, 0x68, 0x30, 0x6c, 0x30, 0x2c, 0x30, 0x2c, 0x30, 0x2c, 0x30, 0x73, 0x30, 0x2c, 0x30, 0x2c,
    0x30, 0x2c, 0x30, 0x61, 0x34, 0x2e, 0x31, 0x33, 0x2c, 0x34, 0x2e, 0x31, 0x33, 0x2c, 0x30, 0x2c,
    0x30, 0x2c, 0x30, 0x2c, 0x35, 0x2e, 0x38, 0x31, 0x2c, 0x30, 0x2c, 0x31, 0x33, 0x2e, 0x33, 0x33,
    0x2c, 0x31, 0x33, 0x2e, 0x33, 0x33, 0x2c, 0x30, 0x2c, 0x30, 0x2c, 0x31, 0x2c, 0x31, 0x38, 0x2e,
    0x38, 0x32, 0x2c, 0x30, 0x2c, 0x32, 0x31, 0x2e, 0x34, 0x37, 0x2c, 0x32, 0x31, 0x2e, 0x34, 0x37,
    0x2c, 0x30, 0x2c, 0x30, 0x2c, 0x30, 0x2c, 0x31, 0x35, 0x2e, 0x32, 0x31, 0x2c, 0x36, 0x2e, 0x32,
    0x39, 0x2c, 0x32, 0x31, 0x2e, 0x34, 0x39, 0x2c, 0x32, 0x31, 0x2e, 0x34, 0x39, 0x2c, 0x30, 0x2c,
    0x30, 0x2c, 0x30, 0x2c, 0x31, 0x35, 0x2e, 0x32, 0x31, 0x2d, 0x36, 0x2e, 0x32, 0x39, 0x2c, 0x34,
    0x2e, 0x31, 0x2c, 0x34, 0x2e, 0x31, 0x2c, 0x30, 0x2c, 0x30, 0x2c, 0x30, 0x2c, 0x30, 0x2d, 0x35,
    0x2e, 0x38, 0x68, 0x30, 0x76, 0x30, 0x6c, 0x30, 0x2c, 0x30, 0x2c, 0x30, 0x2c, 0x30, 0x68, 0x30,
    0x56, 0x38, 0x6c, 0x30, 0x2c, 0x30, 0x76, 0x30, 0x68, 0x30, 0x76, 0x30, 0x73, 0x30, 0x2c, 0x30,
    0x2c, 0x30, 0x2c, 0x30, 0x6c, 0x30, 0x2c, 0x30, 0x68, 0x30, 0x61, 0x30, 0x2c, 0x30, 0x2c, 0x30,
    0x2c, 0x30, 0x2c, 0x30, 0x2c, 0x30, 0x2c, 0x30, 0x6c, 0x30, 0x2c, 0x30, 0x2c, 0x30, 0x2c, 0x30,
    0x68, 0x30, 0x76, 0x30, 0x6c, 0x30, 0x2c, 0x30, 0x76, 0x30, 0x68, 0x30, 0x73, 0x30, 0x2c, 0x30,
    0x2c, 0x30, 0x2c, 0x30, 0x2c, 0x30, 0x2c, 0x30, 0x2c, 0x30, 0x2c, 0x30, 0x6c, 0x30, 0x2c, 0x30,
    0x68, 0x30, 0x73, 0x30, 0x2c, 0x30, 0x2c, 0x30, 0x2c, 0x30, 0x76, 0x30, 0x6c, 0x30, 0x2c, 0x30,
    0x68, 0x30, 0x6c, 0x30, 0x2c, 0x30, 0x2c, 0x30, 0x2c, 0x30, 0x76, 0x30, 0x68, 0x30, 0x6c, 0x30,
    0x2c, 0x30, 0x76, 0x30, 0x6c, 0x30, 0x2c, 0x30, 0x2c, 0x30, 0x2c, 0x30, 0x68, 0x30, 0x6c, 0x30,
    0x2c, 0x30, 0x73, 0x30, 0x2c, 0x30, 0x2c, 0x30, 0x2c, 0x30, 0x68, 0x30, 0x6c, 0x30, 0x2c, 0x30,
    0x2c, 0x30, 0x2c, 0x30, 0x73, 0x30, 0x2c, 0x30, 0x2c, 0x30, 0x2c, 0x30, 0x6c, 0x30, 0x2c, 0x30,
    0x68, 0x30, 0x73, 0x30, 0x2c, 0x30, 0x2c, 0x30, 0x2c, 0x30, 0x76, 0x30, 0x73, 0x30, 0x2c, 0x30,
    0x2c, 0x30, 0x2c, 0x30, 0x6c, 0x30, 0x2c, 0x30, 0x68, 0x30, 0x73, 0x30, 0x2c, 0x30, 0x2c, 0x30,
    0x2c, 0x30, 0x6c, 0x30, 0x2c, 0x30, 0x2c, 0x30, 0x2c, 0x30, 0x68, 0x30, 0x76, 0x30, 0x6c, 0x30,
    0x2c, 0x30, 0x2c, 0x30, 0x2c, 0x30, 0x68, 0x30, 0x56, 0x37, 0x6c, 0x30, 0x2c, 0x30, 0x2c, 0x30,
    0x2c, 0x30, 0x68, 0x30, 0x61, 0x30, 0x2c, 0x30, 0x2c, 0x30, 0x2c, 0x30, 0x2c, 0x30, 0x2c, 0x30,
    0x2c, 0x30, 0x6c, 0x30, 0x2c, 0x30, 0x73, 0x30, 0x2c, 0x30, 0x2c, 0x30, 0x2c, 0x30, 0x68, 0x30,
    0x76, 0x30, 0x6c, 0x30, 0x2c, 0x30, 0x73, 0x30, 0x2c, 0x30, 0x2c, 0x30, 0x2c, 0x30, 0x68, 0x30,
    0x76, 0x30, 0x6c, 0x30, 0x2c, 0x30, 0x2c, 0x30, 0x2c, 0x30, 0x68, 0x30, 0x76, 0x30, 0x6c, 0x30,
    0x2c, 0x30, 0x73, 0x30, 0x2c, 0x30, 0x2c, 0x30, 0x2c, 0x30, 0x68, 0x30, 0x76, 0x30, 0x6c, 0x30,
    0x2c, 0x30, 0x73, 0x30, 0x2c, 0x30, 0x2c, 0x30, 0x2c, 0x30, 0x6c, 0x30, 0x2c, 0x30, 0x68, 0x30,
    0x73, 0x30, 0x2c, 0x30, 0x2c, 0x30, 0x2c, 0x30, 0x2c, 0x30, 0x2c, 0x30, 0x2c, 0x30, 0x2c, 0x30,
    0x68, 0x30, 0x6c, 0x30, 0x2c, 0x30, 0x73, 0x30, 0x2c, 0x30, 0x2c, 0x30, 0x2c, 0x30, 0x6c, 0x30,
    0x2c, 0x30, 0x68, 0x30, 0x6c, 0x30, 0x2c, 0x30, 0x76, 0x30, 0x6c, 0x30, 0x2c, 0x30, 0x2c, 0x30,
    0x2c, 0x30, 0x68, 0x30, 0x73, 0x30, 0x2c, 0x30, 0x2c, 0x30, 0x2c, 0x30, 0x76, 0x30, 0x68, 0x30,
    0x6c, 0x30, 0x2c, 0x30, 0x2c, 0x30, 0x2c, 0x30, 0x76, 0x30, 0x61, 0x34, 0x2e, 0x31, 0x2c, 0x34,
    0x2e, 0x31, 0x2c, 0x30, 0x2c, 0x30, 0x2c, 0x30, 0x2d, 0x35, 0x2e, 0x38, 0x2c, 0x30, 0x2c, 0x31,
    0x33, 0x2e, 0x33, 0x35, 0x2c, 0x31, 0x33, 0x2e, 0x33, 0x35, 0x2c, 0x30, 0x2c, 0x30, 0x2c, 0x31,
    0x2d, 0x31, 0x38, 0x2e, 0x38, 0x33, 0x2c, 0x30, 0x2c, 0x32, 0x31, 0x2e, 0x35, 0x34, 0x2c, 0x32,
    0x31, 0x2e, 0x35, 0x34, 0x2c, 0x30, 0x2c, 0x30, 0x2c, 0x30, 0x2d, 0x33, 0x30, 0x2e, 0x34, 0x33,
    0x2c, 0x30, 0x2c, 0x34, 0x2e, 0x30, 0x39, 0x2c, 0x34, 0x2e, 0x30, 0x39, 0x2c, 0x30, 0x2c, 0x30,
    0x2c, 0x30, 0x2c, 0x30, 0x2c, 0x35, 0x2e, 0x37, 0x39, 0x5a, 0x22, 0x20, 0x73, 0x74, 0x79, 0x6c,
    0x65, 0x3d, 0x22, 0x66, 0x69, 0x6c, 0x6c, 0x3a, 0x23, 0x35, 0x38, 0x35, 0x39, 0x35, 0x62, 0x22,
    0x2f, 0x3e, 0x3c, 0x70, 0x61, 0x74, 0x68, 0x20, 0x64, 0x3d, 0x22, 0x4d, 0x35, 0x38, 0x2c, 0x34,
    0x30, 0x2e, 0x39, 0x76, 0x30, 0x6c, 0x30, 0x2c, 0x30, 0x2c, 0x30, 0x2c, 0x30, 0x73, 0x30, 0x2c,
    0x30, 0x2c, 0x30, 0x2c, 0x30, 0x76, 0x30, 0x6c, 0x30, 0x2c, 0x30, 0x76, 0x30, 0x68, 0x30, 0x76,
    0x30, 0x6c, 0x30, 0x2c, 0x30, 0x2c, 0x30, 0x2c, 0x30, 0x2c, 0x30, 0x2c, 0x30, 0x68, 0x30, 0x6c,
    0x30, 0x2c, 0x30, 0x2c, 0x30, 0x2c, 0x30, 0x2c, 0x30, 0x2c, 0x30, 0x76, 0x30, 0x68, 0x30, 0x76,
    0x30, 0x6c, 0x30, 0x2c, 0x30, 0x2c, 0x30, 0x2c, 0x30, 0x61, 0x30, 0x2c, 0x30, 0x2c, 0x30, 0x2c,
    0x30, 0x2c, 0x31, 0x2c, 0x30, 0x2c, 0x30, 0x6c, 0x30, 0x2c, 0x30, 0x2c, 0x30, 0x2c, 0x30, 0x2c,
    0x30, 0x2c, 0x30, 0x68, 0x30, 0x6c, 0x30, 0x2c, 0x30, 0x2c, 0x30, 0x2c, 0x30, 0x2c, 0x30, 0x2c,
    0x30, 0x68, 0x30, 0x76, 0x30, 0x6c, 0x30, 0x2c, 0x30, 0x2c, 0x30, 0x2c, 0x30, 0x68, 0x30, 0x6c,
    0x30, 0x2c, 0x30, 0x2c, 0x30, 0x2c, 0x30, 0x2c, 0x30, 0x2c, 0x30, 0x68, 0x30, 0x76, 0x30, 0x6c,
    0x30, 0x2c, 0x30, 0x2c, 0x30, 0x2c, 0x30, 0x68, 0x30, 0x76, 0x30, 0x73, 0x30, 0x2c, 0x30, 0x2c,
    0x30, 0x2c, 0x30, 0x6c, 0x30, 0x2c, 0x30, 0x68, 0x30, 0x76, 0x30, 0x73, 0x30, 0x2c, 0x30, 0x2c,
    0x30, 0x2c, 0x30, 0x6c, 0x30, 0x2c, 0x30, 0x68, 0x30, 0x61, 0x30, 0x2c, 0x30, 0x2c, 0x30, 0x2c,
    0x30, 0x2c, 0x30, 0x2c, 0x30, 0x2c, 0x30, 0x73, 0x30, 0x2c, 0x30, 0x2c, 0x30, 0x2c, 0x30, 0x6c,
    0x30, 0x2c, 0x30, 0x68, 0x30, 0x61, 0x30, 0x2c, 0x30, 0x2c, 0x30, 0x2c, 0x30, 0x2c, 0x30, 0x2c,
    0x30, 0x2c, 0x30, 0x73, 0x30, 0x2c, 0x30, 0x2c, 0x30, 0x2c, 0x30, 0x6c, 0x30, 0x2c, 0x30, 0x68,
    0x30, 0x61, 0x30, 0x2c, 0x30, 0x2c, 0x30, 0x2c, 0x30, 0x2c, 0x30, 0x2c, 0x30, 0x2c, 0x30, 0x6c,
    0x30, 0x2c, 0x30, 0x2c, 0x30, 0x2c, 0x30, 0x68, 0x30, 0x61, 0x30, 0x2c, 0x30, 0x2c, 0x30, 0x2c,
    0x30, 0x2c, 0x30, 0x2c, 0x30, 0x2c, 0x30, 0x6c, 0x30, 0x2c, 0x30, 0x2c, 0x30, 0x2c, 0x30, 0x68,
    0x30, 0x61, 0x30, 0x2c, 0x30, 0x2c, 0x30, 0x2c, 0x30, 0x2c, 0x30, 0x2c, 0x30, 0x2c, 0x30, 0x6c,
    0x30, 0x2c, 0x30, 0x2c, 0x30, 0x2c, 0x30, 0x2c, 0x30, 0x2c, 0x30, 0x68, 0x30, 0x6c, 0x30, 0x2c,
    0x30, 0x2c, 0x30, 0x2c, 0x30, 0x2c, 0x30, 0x2c, 0x30, 0x68, 0x30, 0x6c, 0x30, 0x2c, 0x30, 0x2c,
    0x30, 0x2c, 0x30, 0x68, 0x30, 0x76, 0x30, 0x68, 0x30, 0x6c, 0x30, 0x2c, 0x30, 0x2c, 0x30, 0x2c,
    0x30, 0x2c, 0x30, 0x2c, 0x30, 0x68, 0x30, 0x6c, 0x30, 0x2c, 0x30, 0x68, 0x30, 0x6c, 0x30, 0x2c,
    0x30, 0x68, 0x30, 0x6c, 0x30, 0x2c, 0x30, 0x2c, 0x30, 0x2c, 0x30, 0x73, 0x30, 0x2c, 0x30, 0x2c,
    0x30, 0x2c, 0x30, 0x68, 0x30, 0x6c, 0x30, 0x2c, 0x30, 0x2c, 0x30, 0x2c, 0x30, 0x2c, 0x30, 0x2c,
    0x30, 0x68, 0x30, 0x73, 0x30, 0x2c, 0x30, 0x2c, 0x30, 0x2c, 0x30, 0x6c, 0x30, 0x2c, 0x30, 0x2c,
    0x30, 0x2c, 0x30, 0x68, 0x30, 0x76, 0x30, 0x61, 0x34, 0x2e, 0x30, 0x39, 0x2c, 0x34, 0x2e, 0x30,
    0x39, 0x2c, 0x30, 0x2c, 0x30, 0x2c, 0x30, 0x2d, 0x35, 0x2e, 0x38, 0x2c, 0x30, 0x2c, 0x31, 0x33,
    0x2e, 0x33, 0x33, 0x2c, 0x31, 0x33, 0x2e, 0x33, 0x33, 0x2c, 0x30, 0x2c, 0x30, 0x2c, 0x31, 0x2d,
    0x31, 0x38, 0x2e, 0x38, 0x33, 0x2c, 0x30, 0x2c, 0x32, 0x31, 0x2e, 0x35, 0x38, 0x2c, 0x32, 0x31,
    0x2e, 0x35, 0x38, 0x2c, 0x30, 0x2c, 0x30, 0x2c, 0x30, 0x2d, 0x33, 0x30, 0x2e, 0x34, 0x33, 0x2c,
    0x30, 0x2c, 0x34, 0x2e, 0x31, 0x32, 0x2c, 0x34, 0x2e, 0x31, 0x32, 0x2c, 0x30, 0x2c, 0x30, 0x2c,
    0x30, 0x2c, 0x30, 0x2c, 0x35, 0x2e, 0x38, 0x31, 0x73, 0x30, 0x2c, 0x30, 0x2c, 0x30, 0x2c, 0x30,
    0x6c, 0x30, 0x2c, 0x30, 0x68, 0x30, 0x61, 0x30, 0x2c, 0x30, 0x2c, 0x30, 0x2c, 0x30, 0x2c, 0x30,
    0x2c, 0x30, 0x2c, 0x30, 0x73, 0x30, 0x2c, 0x30, 0x2c, 0x30, 0x2c, 0x30, 0x6c, 0x30, 0x2c, 0x30,
    0x68, 0x30, 0x61, 0x30, 0x2c, 0x30, 0x2c, 0x30, 0x2c, 0x30, 0x2c, 0x30, 0x2c, 0x30, 0x2c, 0x30,
    0x73, 0x30, 0x2c, 0x30, 0x2c, 0x30, 0x2c, 0x30, 0x6c, 0x30, 0x2c, 0x30, 0x68, 0x30, 0x61, 0x30,
    0x2c, 0x30, 0x2c, 0x30, 0x2c, 0x30, 0x2c, 0x30, 0x2c, 0x30, 0x2c, 0x30, 0x6c, 0x30, 0x2c, 0x30,
    0x73, 0x30, 0x2c, 0x30, 0x2c, 0x30, 0x2c, 0x30, 0x68, 0x30, 0x61, 0x30, 0x2c, 0x30, 0x2c, 0x30,
    0x2c, 0x30, 0x2c, 0x30, 0x2c, 0x30, 0x2c, 0x30, 0x6c, 0x30, 0x2c, 0x30, 0x2c, 0x30, 0x2c, 0x30,
    0x68, 0x30, 0x61, 0x30, 0x2c, 0x30, 0x2c, 0x30, 0x2c, 0x30, 0x2c, 0x30, 0x2c, 0x30, 0x2c, 0x30,
    0x6c, 0x30, 0x2c, 0x30, 0x2c, 0x30, 0x2c, 0x30, 0x68, 0x30, 0x61, 0x30, 0x2c, 0x30, 0x2c, 0x30,
    0x2c, 0x30, 0x2c, 0x30, 0x2c, 0x30, 0x2c, 0x30, 0x6c, 0x30, 0x2c, 0x30, 0x2c, 0x30, 0x2c, 0x30,
    0x68, 0x30, 0x61, 0x30, 0x2c, 0x30, 0x2c, 0x30, 0x2c, 0x30, 0x2c, 0x31, 0x2c, 0x30, 0x2c, 0x30,
    0x6c, 0x30, 0x2c, 0x30, 0x2c, 0x30, 0x2c, 0x30, 0x2c, 0x30, 0x2c, 0x30, 0x68, 0x30, 0x76, 0x30,
    0x6c, 0x30, 0x2c, 0x30, 0x2c, 0x30, 0x2c, 0x30, 0x68, 0x30, 0x6c, 0x30, 0x2c, 0x30, 0x73, 0x30,
    0x2c, 0x30, 0x2c, 0x30, 0x2c, 0x30, 0x6c, 0x30, 0x2c, 0x30, 0x68, 0x30, 0x6c, 0x30, 0x2c, 0x30,
    0x73, 0x30, 0x2c, 0x30, 0x2c, 0x30, 0x2c, 0x30, 0x6c, 0x30, 0x2c, 0x30, 0x73, 0x30, 0x2c, 0x30,
    0x2c, 0x30, 0x2c, 0x30, 0x48, 0x32, 0x73, 0x30, 0x2c, 0x30, 0x2c, 0x30, 0x2c, 0x30, 0x6c, 0x30,
    0x2c, 0x30, 0x73, 0x30, 0x2c, 0x30, 0x2c, 0x30, 0x2c, 0x30, 0x68, 0x30, 0x73, 0x30, 0x2c, 0x30,
    0x2c, 0x30, 0x2c, 0x30, 0x6c, 0x30, 0x2c, 0x30, 0x2c, 0x30, 0x2c, 0x30, 0x68, 0x30, 0x73, 0x30,
    0x2c, 0x30, 0x2c, 0x30, 0x2c, 0x30, 0x6c, 0x30, 0x2c, 0x30, 0x73, 0x30, 0x2c, 0x30, 0x2c, 0x30,
    0x2c, 0x30, 0x68, 0x30, 0x76, 0x30, 0x6c, 0x30, 0x2c, 0x30, 0x73, 0x30, 0x2c, 0x30, 0x2c, 0x30,
    0x2c, 0x30, 0x68, 0x30, 0x76, 0x30, 0x6c, 0x30, 0x2c, 0x30, 0x2c, 0x30, 0x2c, 0x30, 0x68, 0x30,
    0x76, 0x30, 0x6c, 0x30, 0x2c, 0x30, 0x73, 0x30, 0x2c, 0x30, 0x2c, 0x30, 0x2c, 0x30, 0x68, 0x30,
    0x76, 0x30, 0x6c, 0x30, 0x2c, 0x30, 0x2c, 0x30, 0x2c, 0x30, 0x68, 0x30, 0x76, 0x30, 0x6c, 0x30,
    0x2c, 0x30, 0x2c, 0x30, 0x2c, 0x30, 0x68, 0x30, 0x76, 0x30, 0x6c, 0x30, 0x2c, 0x30, 0x73, 0x30,
    0x2c, 0x30, 0x2c, 0x30, 0x2c, 0x30, 0x68, 0x30, 0x76, 0x30, 0x6c, 0x30, 0x2c, 0x30, 0x2c, 0x30,
    0x2c, 0x30, 0x68, 0x30, 0x76, 0x30, 0x6c, 0x30, 0x2c, 0x30, 0x2c, 0x30, 0x2c, 0x30, 0x68, 0x30,
    0x76, 0x30, 0x6c, 0x30, 0x2c, 0x30, 0x2c, 0x30, 0x2c, 0x30, 0x68, 0x30, 0x6c, 0x30, 0x2c, 0x30,
    0x73, 0x30, 0x2c, 0x30, 0x2c, 0x30, 0x2c, 0x30, 0x6c, 0x30, 0x2c, 0x30, 0x2c, 0x30, 0x2c, 0x30,
    0x68, 0x30, 0x73, 0x30, 0x2c, 0x30, 0x2c, 0x30, 0x2c, 0x30, 0x6c, 0x30, 0x2c, 0x30, 0x2c, 0x30,
    0x2c, 0x30, 0x48, 0x33, 0x61, 0x34, 0x2e, 0x31, 0x2c, 0x34, 0x2e, 0x31, 0x2c, 0x30, 0x2c, 0x30,
    0x2c, 0x30, 0x2c, 0x35, 0x2e, 0x38, 0x31, 0x2c, 0x30, 0x2c, 0x31, 0x33, 0x2e, 0x33, 0x32, 0x2c,
    0x31, 0x33, 0x2e, 0x33, 0x32, 0x2c, 0x30, 0x2c, 0x30, 0x2c, 0x31, 0x2c, 0x31, 0x38, 0x2e, 0x38,
    0x32, 0x2c, 0x30, 0x2c, 0x32, 0x31, 0x2e, 0x35, 0x31, 0x2c, 0x32, 0x31, 0x2e, 0x35, 0x31, 0x2c,
    0x30, 0x2c, 0x30, 0x2c, 0x30, 0x2c, 0x33, 0x30, 0x2e, 0x34, 0x32, 0x2c, 0x30, 0x2c, 0x34, 0x2e,
    0x31, 0x32, 0x2c, 0x34, 0x2e, 0x31, 0x32, 0x2c, 0x30, 0x2c, 0x30, 0x2c, 0x30, 0x2c, 0x30, 0x2d,
    0x35, 0x2e, 0x38, 0x31, 0x5a, 0x22, 0x20, 0x73, 0x74, 0x79, 0x6c, 0x65, 0x3d, 0x22, 0x66, 0x69,
    0x6c, 0x6c, 0x3a, 0x23, 0x35, 0x38, 0x35, 0x39, 0x35, 0x62, 0x22, 0x2f, 0x3e, 0x3c, 0x70, 0x61,
    0x74, 0x68, 0x20, 0x64, 0x3d, 0x22, 0x4d, 0x35, 0x38, 0x2c, 0x32, 0x34, 0x2e, 0x34, 0x38, 0x73,
    0x30, 0x2c, 0x30, 0x2c, 0x30, 0x2c, 0x30, 0x6c, 0x30, 0x2c, 0x30, 0x2c, 0x30, 0x2c, 0x30, 0x68,
    0x30, 0x61, 0x30, 0x2c, 0x30, 0x2c, 0x30, 0x2c, 0x30, 0x2c, 0x30, 0x2c, 0x30, 0x2c, 0x30, 0x6c,
    0x30, 0x2c, 0x30, 0x76, 0x30, 0x68, 0x30, 0x76, 0x30, 0x6c, 0x30, 0x2c, 0x30, 0x73, 0x30, 0x2c,
    0x30, 0x2c, 0x30, 0x2c, 0x30, 0x68, 0x30, 0x76, 0x30, 0x6c, 0x30, 0x2c, 0x30, 0x2c, 0x30, 0x2c,
    0x30, 0x68, 0x30, 0x76, 0x30, 0x6c, 0x30, 0x2c, 0x30, 0x76, 0x30, 0x68, 0x30, 0x73, 0x30, 0x2c,
    0x30, 0x2c, 0x30, 0x2c, 0x30, 0x2c, 0x30, 0x2c, 0x30, 0x2c, 0x30, 0x2c, 0x30, 0x6c, 0x30, 0x2c,
    0x30, 0x68, 0x30, 0x6c, 0x30, 0x2c, 0x30, 0x73, 0x30, 0x2c, 0x30, 0x2c, 0x30, 0x2c, 0x30, 0x2c,
    0x30, 0x2c, 0x30, 0x2c, 0x30, 0x2c, 0x30, 0x68, 0x30, 0x6c, 0x30, 0x2c, 0x30, 0x2c, 0x30, 0x2c,
    0x30, 0x76, 0x30, 0x68, 0x30, 0x73, 0x30, 0x2c, 0x30, 0x2c, 0x30, 0x2c, 0x30, 0x76, 0x30, 0x6c,
    0x30, 0x2c, 0x30, 0x68, 0x30, 0x73, 0x30, 0x2c, 0x30, 0x2c, 0x30, 0x2c, 0x30, 0x6c, 0x30, 0x2c,
    0x30, 0x73, 0x30, 0x2c, 0x30, 0x2c, 0x30, 0x2c, 0x30, 0x68, 0x30, 0x6c, 0x30, 0x2c, 0x30, 0x73,
    0x30, 0x2c, 0x30, 0x2c, 0x30, 0x2c, 0x30, 0x2c, 0x30, 0x2c, 0x30, 0x2c, 0x30, 0x2c, 0x30, 0x2c,
    0x30, 0x2c, 0x30, 0x2c, 0x30, 0x2c, 0x30, 0x68, 0x30, 0x73, 0x30, 0x2c, 0x30, 0x2c, 0x30, 0x2c,
    0x30, 0x76, 0x30, 0x73, 0x30, 0x2c, 0x30, 0x2c, 0x30, 0x2c, 0x30, 0x2c, 0x30, 0x2c, 0x30, 0x2c,
    0x30, 0x2c, 0x30, 0x68, 0x30, 0x73, 0x30, 0x2c, 0x30, 0x2c, 0x30, 0x2c, 0x30, 0x2c, 0x30, 0x2c,
    0x30, 0x2c, 0x30, 0x2c, 0x30, 0x2c, 0x30, 0x2c, 0x30, 0x2c, 0x30, 0x2c, 0x30, 0x68, 0x30, 0x76,
    0x30, 0x73, 0x30, 0x2c, 0x30, 0x2c, 0x30, 0x2c, 0x30, 0x6c, 0x30, 0x2c, 0x30, 0x68, 0x30, 0x73,
    0x30, 0x2c, 0x30, 0x2c, 0x30, 0x2c, 0x30, 0x6c, 0x30, 0x2c, 0x30, 0x2c, 0x30, 0x2c, 0x30, 0x68,
    0x30, 0x73, 0x30, 0x2c, 0x30, 0x2c, 0x30, 0x2c, 0x30, 0x6c, 0x30, 0x2c, 0x30, 0x73, 0x30, 0x2c,
    0x30, 0x2c, 0x30, 0x2c, 0x30, 0x68, 0x30, 0x76, 0x30, 0x6c, 0x30, 0x2c, 0x30, 0x73, 0x30, 0x2c,
    0x30, 0x2c, 0x30, 0x2c, 0x30, 0x68, 0x30, 0x76, 0x30, 0x6c, 0x30, 0x2c, 0x30, 0x2c, 0x30, 0x2c,
    0x30, 0x68, 0x30, 0x76, 0x30, 0x6c, 0x30, 0x2c, 0x30, 0x73, 0x30, 0x2c, 0x30, 0x2c, 0x30, 0x2c,
    0x30, 0x68, 0x30, 0x76, 0x30, 0x6c, 0x30, 0x2c, 0x30, 0x73, 0x30, 0x2c, 0x30, 0x2c, 0x30, 0x2c,
    0x30, 0x2c, 0x30, 0x2c, 0x30, 0x2c, 0x30, 0x2c, 0x30, 0x68, 0x30, 0x73, 0x30, 0x2c, 0x30, 0x2c,
    0x30, 0x2c, 0x30, 0x2c, 0x30, 0x2c, 0x30, 0x2c, 0x30, 0x2c, 0x30, 0x68, 0x30, 0x6c, 0x30, 0x2c,
    0x30, 0x73, 0x30, 0x2c, 0x30, 0x2c, 0x30, 0x2c, 0x30, 0x2c, 0x30, 0x2c, 0x30, 0x2c, 0x30, 0x2c,
    0x30, 0x68, 0x30, 0x6c, 0x30, 0x2c, 0x30, 0x76, 0x30, 0x6c, 0x30, 0x2c, 0x30, 0x2c, 0x30, 0x2c,
    0x30, 0x68, 0x30, 0x6c, 0x30, 0x2c, 0x30, 0x73, 0x30, 0x2c, 0x30, 0x2c, 0x30, 0x2c, 0x30, 0x68,
    0x30, 0x6c, 0x30, 0x2c, 0x30, 0x2c, 0x30, 0x2c, 0x30, 0x73, 0x30, 0x2c, 0x30, 0x2c, 0x30, 0x2c,
    0x30, 0x61, 0x34, 0x2e, 0x31, 0x2c, 0x34, 0x2e, 0x31, 0x2c, 0x30, 0x2c, 0x30, 0x2c, 0x30, 0x2d,
    0x35, 0x2e, 0x38, 0x2c, 0x30, 0x2c, 0x31, 0x33, 0x2e, 0x33, 0x33, 0x2c, 0x31, 0x33, 0x2e, 0x33,
    0x33, 0x2c, 0x30, 0x2c, 0x30, 0x2c, 0x31, 0x2d, 0x31, 0x38, 0x2e, 0x38, 0x33, 0x2c, 0x30, 0x2c,
    0x32, 0x31, 0x2e, 0x35, 0x36, 0x2c, 0x32, 0x31, 0x2e, 0x35, 0x36, 0x2c, 0x30, 0x2c, 0x30, 0x2c,
    0x30, 0x2d, 0x33, 0x30, 0x2e, 0x34, 0x33, 0x2c, 0x30, 0x2c, 0x34, 0x2e, 0x31, 0x33, 0x2c, 0x34,
    0x2e, 0x31, 0x33, 0x2c, 0x30, 0x2c, 0x30, 0x2c, 0x30, 0x2c, 0x30, 0x2c, 0x35, 0x2e, 0x38, 0x32,
    0x68, 0x30, 0x6c, 0x30, 0x2c, 0x30, 0x2c, 0x30, 0x2c, 0x30, 0x61, 0x30, 0x2c, 0x30, 0x2c, 0x30,
    0x2c, 0x30, 0x2c, 0x31, 0x2c, 0x30, 0x2c, 0x30, 0x68, 0x30, 0x73, 0x30, 0x2c, 0x30, 0x2c, 0x30,
    0x2c, 0x30, 0x6c, 0x30, 0x2c, 0x30, 0x61, 0x30, 0x2c, 0x30, 0x2c, 0x30, 0x2c, 0x30, 0x2c, 0x31,
    0x2c, 0x30, 0x2c, 0x30, 0x68, 0x30, 0x6c, 0x30, 0x2c, 0x30, 0x2c, 0x30, 0x2c, 0x30, 0x61, 0x30,
    0x2c, 0x30, 0x2c, 0x30, 0x2c, 0x30, 0x2c, 0x31, 0x2c, 0x30, 0x2c, 0x30, 0x68, 0x30, 0x6c, 0x30,
    0x2c, 0x30, 0x2c, 0x30, 0x2c, 0x30, 0x61, 0x30, 0x2c, 0x30, 0x2c, 0x30, 0x2c, 0x30, 0x2c, 0x31,
    0x2c, 0x30, 0x2c, 0x30, 0x68, 0x30, 0x6c, 0x30, 0x2c, 0x30, 0x2c, 0x30, 0x2c, 0x30, 0x61, 0x30,
    0x2c, 0x30, 0x2c, 0x30, 0x2c, 0x30, 0x2c, 0x31, 0x2c, 0x30, 0x2c, 0x30, 0x68, 0x30, 0x6c, 0x30,
    0x2c, 0x30, 0x2c, 0x30, 0x2c, 0x30, 0x61, 0x30, 0x2c, 0x30, 0x2c, 0x30, 0x2c, 0x30, 0x2c, 0x31,
    0x2c, 0x30, 0x2c, 0x30, 0x68, 0x30, 0x6c, 0x30, 0x2c, 0x30, 0x2c, 0x30, 0x2c, 0x30, 0x76, 0x30,
    0x68, 0x30, 0x6c, 0x30, 0x2c, 0x30, 0x2c, 0x30, 0x2c, 0x30, 0x2c, 0x30, 0x2c, 0x30, 0x68, 0x30,
    0x6c, 0x30, 0x2c, 0x30, 0x2c, 0x30, 0x2c, 0x30, 0x2c, 0x30, 0x2c, 0x30, 0x73, 0x30, 0x2c, 0x30,
    0x2c, 0x30, 0x2c, 0x30, 0x76, 0x30, 0x6c, 0x30, 0x2c, 0x30, 0x2c, 0x30, 0x2c, 0x30, 0x73, 0x30,
    0x2c, 0x30, 0x2c, 0x30, 0x2c, 0x30, 0x76, 0x30, 0x6c, 0x30, 0x2c, 0x30, 0x2c, 0x30, 0x2c, 0x30,
    0x73, 0x30, 0x2c, 0x30, 0x2c, 0x30, 0x2c, 0x30, 0x48, 0x32, 0x73, 0x30, 0x2c, 0x30, 0x2c, 0x30,
    0x2c, 0x30, 0x6c, 0x30, 0x2c, 0x30, 0x73, 0x30, 0x2c, 0x30, 0x2c, 0x30, 0x2c, 0x30, 0x76, 0x30,
    0x73, 0x30, 0x2c, 0x30, 0x2c, 0x30, 0x2c, 0x30, 0x6c, 0x30, 0x2c, 0x30, 0x73, 0x30, 0x2c, 0x30,
    0x2c, 0x30, 0x2c, 0x30, 0x76, 0x30, 0x68, 0x30, 0x6c, 0x30, 0x2c, 0x30, 0x73, 0x30, 0x2c, 0x30,
    0x2c, 0x30, 0x2c, 0x30, 0x76, 0x30, 0x68, 0x30, 0x6c, 0x30, 0x2c, 0x30, 0x2c, 0x30, 0x2c, 0x30,
    0x76, 0x30, 0x68, 0x30, 0x6c, 0x30, 0x2c, 0x30, 0x2c, 0x30, 0x2c, 0x30, 0x76, 0x30, 0x68, 0x30,
    0x6c, 0x30, 0x2c, 0x30, 0x2c, 0x30, 0x2c, 0x30, 0x61, 0x30, 0x2c, 0x30, 0x2c, 0x30, 0x2c, 0x30,
    0x2c, 0x31, 0x2c, 0x30, 0x2c, 0x30, 0x68, 0x30, 0x73, 0x30, 0x2c, 0x30, 0x2c, 0x30, 0x2c, 0x30,
    0x6c, 0x30, 0x2c, 0x30, 0x61, 0x30, 0x2c, 0x30, 0x2c, 0x30, 0x2c, 0x30, 0x2c, 0x31, 0x2c, 0x30,
    0x2c, 0x30, 0x68, 0x30, 0x6c, 0x30, 0x2c, 0x30, 0x2c, 0x30, 0x2c, 0x30, 0x61, 0x30, 0x2c, 0x30,
    0x2c, 0x30, 0x2c, 0x30, 0x2c, 0x31, 0x2c, 0x30, 0x2c, 0x30, 0x68, 0x30, 0x73, 0x30, 0x2c, 0x30,
    0x2c, 0x30, 0x2c, 0x30, 0x6c, 0x30, 0x2c, 0x30, 0x61, 0x30, 0x2c, 0x30, 0x2c, 0x30, 0x2c, 0x30,
    0x2c, 0x31, 0x2c, 0x30, 0x2c, 0x30, 0x68, 0x30, 0x73, 0x30, 0x2c, 0x30, 0x2c, 0x30, 0x2c, 0x30,
    0x6c, 0x30, 0x2c, 0x30, 0x61, 0x30, 0x2c, 0x30, 0x2c, 0x30, 0x2c, 0x30, 0x2c, 0x31, 0x2c, 0x30,
    0x2c, 0x30, 0x68, 0x30, 0x6c, 0x30, 0x2c, 0x30, 0x2c, 0x30, 0x2c, 0x30, 0x61, 0x30, 0x2c, 0x30,
    0x2c, 0x30, 0x2c, 0x30, 0x2c, 0x31, 0x2c, 0x30, 0x2c, 0x30, 0x68, 0x30, 0x6c, 0x30, 0x2c, 0x30,
    0x2c, 0x30, 0x2c, 0x30, 0x2c, 0x30, 0x2c, 0x30, 0x68, 0x30, 0x73, 0x30, 0x2c, 0x30, 0x2c, 0x30,
    0x2c, 0x30, 0x6c, 0x30, 0x2c, 0x30, 0x2c, 0x30, 0x2c, 0x30, 0x68, 0x30, 0x6c, 0x30, 0x2c, 0x30,
    0x2c, 0x30, 0x2c, 0x30, 0x2c, 0x30, 0x2c, 0x30, 0x61, 0x34, 0x2e, 0x31, 0x32, 0x2c, 0x34, 0x2e,
    0x31, 0x32, 0x2c, 0x30, 0x2c, 0x30, 0x2c, 0x30, 0x2c, 0x35, 0x2e, 0x38, 0x31, 0x2c, 0x30, 0x2c,
    0x31, 0x33, 0x2e, 0x33, 0x32, 0x2c, 0x31, 0x33, 0x2e, 0x33, 0x32, 0x2c, 0x30, 0x2c, 0x30, 0x2c,
    0x31, 0x2c, 0x31, 0x38, 0x2e, 0x38, 0x32, 0x2c, 0x30, 0x2c, 0x32, 0x31, 0x2e, 0x35, 0x38, 0x2c,
    0x32, 0x31, 0x2e, 0x35, 0x38, 0x2c, 0x30, 0x2c, 0x30, 0x2c, 0x30, 0x2c, 0x33, 0x30, 0x2e, 0x34,
    0x32, 0x2c, 0x30, 0x2c, 0x34, 0x2e, 0x31, 0x33, 0x2c, 0x34, 0x2e, 0x31, 0x33, 0x2c, 0x30, 0x2c,
    0x30, 0x2c, 0x30, 0x2c, 0x30, 0x2d, 0x35, 0x2e, 0x38, 0x32, 0x5a, 0x22, 0x20, 0x73, 0x74, 0x79,
    0x6c, 0x65, 0x3d, 0x22, 0x66, 0x69, 0x6c, 0x6c, 0x3a, 0x23, 0x35, 0x38, 0x35, 0x39, 0x35, 0x62,
    0x22, 0x2f, 0x3e, 0x3c, 0x70, 0x61, 0x74, 0x68, 0x20, 0x64, 0x3d, 0x22, 0x4d, 0x34, 0x31, 0x2e,
    0x30, 0x35, 0x2c, 0x35, 0x31, 0x2e, 0x32, 0x32, 0x61, 0x32, 0x31, 0x2e, 0x34, 0x37, 0x2c, 0x32,
    0x31, 0x2e, 0x34, 0x37, 0x2c, 0x30, 0x2c, 0x30, 0x2c, 0x31, 0x2d, 0x31, 0x35, 0x2e, 0x32, 0x32,
    0x2d, 0x36, 0x2e, 0x32, 0x39, 0x41, 0x31, 0x33, 0x2e, 0x33, 0x2c, 0x31, 0x33, 0x2e, 0x33, 0x2c,
    0x30, 0x2c, 0x30, 0x2c, 0x30, 0x2c, 0x37, 0x2c, 0x34, 0x34, 0x2e, 0x39, 0x33, 0x2c, 0x34, 0x2e,
    0x31, 0x31, 0x2c, 0x34, 0x2e, 0x31, 0x31, 0x2c, 0x30, 0x2c, 0x30, 0x2c, 0x31, 0x2c, 0x31, 0x2e,
    0x32, 0x2c, 0x33, 0x39, 0x2e, 0x31, 0x32, 0x61, 0x32, 0x31, 0x2e, 0x35, 0x38, 0x2c, 0x32, 0x31,
    0x2e, 0x35, 0x38, 0x2c, 0x30, 0x2c, 0x30, 0x2c, 0x31, 0x2c, 0x33, 0x30, 0x2e, 0x34, 0x33, 0x2c,
    0x30, 0x2c, 0x31, 0x33, 0x2e, 0x33, 0x33, 0x2c, 0x31, 0x33, 0x2e, 0x33, 0x33, 0x2c, 0x30, 0x2c,
    0x30, 0x2c, 0x30, 0x2c, 0x31, 0x38, 0x2e, 0x38, 0x33, 0x2c, 0x30, 0x2c, 0x34, 0x2e, 0x31, 0x2c,
    0x34, 0x2e, 0x31, 0x2c, 0x30, 0x2c, 0x30, 0x2c, 0x31, 0x2c, 0x35, 0x2e, 0x38, 0x2c, 0x35, 0x2e,
    0x38, 0x31, 0x2c, 0x32, 0x31, 0x2e, 0x34, 0x37, 0x2c, 0x32, 0x31, 0x2e, 0x34, 0x37, 0x2c, 0x30,
    0x2c, 0x30, 0x2c, 0x31, 0x2d, 0x31, 0x35, 0x2e, 0x32, 0x31, 0x2c, 0x36, 0x2e, 0x32, 0x39, 0x22,
    0x20, 0x73, 0x74, 0x79, 0x6c, 0x65, 0x3d, 0x22, 0x66, 0x69, 0x6c, 0x6c, 0x3a, 0x75, 0x72, 0x6c,
    0x28, 0x23, 0x53, 0x75, 0x6d, 0x6d, 0x65, 0x72, 0x5f, 0x4d, 0x75, 0x6c, 0x74, 0x69, 0x63, 0x6f,
    0x6c, 0x6f, 0x72, 0x29, 0x22, 0x2f, 0x3e, 0x3c, 0x70, 0x61, 0x74, 0x68, 0x20, 0x64, 0x3d, 0x22,
    0x4d, 0x34, 0x31, 0x2e, 0x30, 0x35, 0x2c, 0x33, 0x34, 0x2e, 0x37, 0x39, 0x61, 0x32, 0x31, 0x2e,
    0x34, 0x39, 0x2c, 0x32, 0x31, 0x2e, 0x34, 0x39, 0x2c, 0x30, 0x2c, 0x30, 0x2c, 0x31, 0x2d, 0x31,
    0x35, 0x2e, 0x32, 0x32, 0x2d, 0x36, 0x2e, 0x32, 0x37, 0x41, 0x31, 0x33, 0x2e, 0x33, 0x2c, 0x31,
    0x33, 0x2e, 0x33, 0x2c, 0x30, 0x2c, 0x30, 0x2c, 0x30, 0x2c, 0x37, 0x2c, 0x32, 0x38, 0x2e, 0x35,
    0x32, 0x2c, 0x34, 0x2e, 0x31, 0x31, 0x2c, 0x34, 0x2e, 0x31, 0x31, 0x2c, 0x30, 0x2c, 0x30, 0x2c,
    0x31, 0x2c, 0x31, 0x2e, 0x32, 0x2c, 0x32, 0x32, 0x2e, 0x37, 0x61, 0x32, 0x31, 0x2e, 0x35, 0x36,
    0x2c, 0x32, 0x31, 0x2e, 0x35, 0x36, 0x2c, 0x30, 0x2c, 0x30, 0x2c, 0x31, 0x2c, 0x33, 0x30, 0x2e,
    0x34, 0x33, 0x2c, 0x30, 0x2c, 0x31, 0x33, 0x2e, 0x33, 0x33, 0x2c, 0x31, 0x33, 0x2e, 0x33, 0x33,
    0x2c, 0x30, 0x2c, 0x30, 0x2c, 0x30, 0x2c, 0x31, 0x38, 0x2e, 0x38, 0x33, 0x2c, 0x30, 0x2c, 0x34,
    0x2e, 0x31, 0x31, 0x2c, 0x34, 0x2e, 0x31, 0x31, 0x2c, 0x30, 0x2c, 0x31, 0x2c, 0x31, 0x2c, 0x35,
    0x2e, 0x38, 0x2c, 0x35, 0x2e, 0x38, 0x32, 0x2c, 0x32, 0x31, 0x2e, 0x34, 0x39, 0x2c, 0x32, 0x31,
    0x2e, 0x34, 0x39, 0x2c, 0x30, 0x2c, 0x30, 0x2c, 0x31, 0x2d, 0x31, 0x35, 0x2e, 0x32, 0x31, 0x2c,
    0x36, 0x2e, 0x32, 0x37, 0x22, 0x20, 0x73, 0x74, 0x79, 0x6c, 0x65, 0x3d, 0x22, 0x66, 0x69, 0x6c,
    0x6c, 0x3a, 0x75, 0x72, 0x6c, 0x28, 0x23, 0x53, 0x75, 0x6d, 0x6d, 0x65, 0x72, 0x5f, 0x4d, 0x75,
    0x6c, 0x74, 0x69, 0x63, 0x6f, 0x6c, 0x6f, 0x72, 0x2d, 0x32, 0x29, 0x22, 0x2f, 0x3e, 0x3c, 0x70,
    0x61, 0x74, 0x68, 0x20, 0x64, 0x3d, 0x22, 0x4d, 0x34, 0x31, 0x2e, 0x30, 0x35, 0x2c, 0x31, 0x38,
    0x2e, 0x33, 0x37, 0x61, 0x32, 0x31, 0x2e, 0x34, 0x37, 0x2c, 0x32, 0x31, 0x2e, 0x34, 0x37, 0x2c,
    0x30, 0x2c, 0x30, 0x2c, 0x31, 0x2d, 0x31, 0x35, 0x2e, 0x32, 0x32, 0x2d, 0x36, 0x2e, 0x32, 0x39,
    0x41, 0x31, 0x33, 0x2e, 0x33, 0x34, 0x2c, 0x31, 0x33, 0x2e, 0x33, 0x34, 0x2c, 0x30, 0x2c, 0x30,
    0x2c, 0x30, 0x2c, 0x37, 0x2c, 0x31, 0x32, 0x2e, 0x30, 0x38, 0x2c, 0x34, 0x2e, 0x31, 0x2c, 0x34,
    0x2e, 0x31, 0x2c, 0x30, 0x2c, 0x30, 0x2c, 0x31, 0x2c, 0x31, 0x2e, 0x32, 0x2c, 0x36, 0x2e, 0x32,
    0x39, 0x61, 0x32, 0x31, 0x2e, 0x35, 0x34, 0x2c, 0x32, 0x31, 0x2e, 0x35, 0x34, 0x2c, 0x30, 0x2c,
    0x30, 0x2c, 0x31, 0x2c, 0x33, 0x30, 0x2e, 0x34, 0x33, 0x2c, 0x30, 0x2c, 0x31, 0x33, 0x2e, 0x33,
    0x35, 0x2c, 0x31, 0x33, 0x2e, 0x33, 0x35, 0x2c, 0x30, 0x2c, 0x30, 0x2c, 0x30, 0x2c, 0x31, 0x38,
    0x2e, 0x38, 0x33, 0x2c, 0x30, 0x2c, 0x34, 0x2e, 0x31, 0x2c, 0x34, 0x2e, 0x31, 0x2c, 0x30, 0x2c,
    0x31, 0x2c, 0x31, 0x2c, 0x35, 0x2e, 0x38, 0x2c, 0x35, 0x2e, 0x37, 0x39, 0x2c, 0x32, 0x31, 0x2e,
    0x34, 0x37, 0x2c, 0x32, 0x31, 0x2e, 0x34, 0x37, 0x2c, 0x30, 0x2c, 0x30, 0x2c, 0x31, 0x2d, 0x31,
    0x35, 0x2e, 0x32, 0x31, 0x2c, 0x36, 0x2e, 0x32, 0x39, 0x22, 0x20, 0x73, 0x74, 0x79, 0x6c, 0x65,
    0x3d, 0x22, 0x66, 0x69, 0x6c, 0x6c, 0x3a, 0x75, 0x72, 0x6c, 0x28, 0x23, 0x53, 0x75, 0x6d, 0x6d,
    0x65, 0x72, 0x5f, 0x4d, 0x75, 0x6c, 0x74, 0x69, 0x63, 0x6f, 0x6c, 0x6f, 0x72, 0x2d, 0x33, 0x29,
    0x22, 0x2f, 0x3e, 0x3c, 0x2f, 0x73, 0x76, 0x67, 0x3e,
};
static const size_t main_toolbar_ac_shimmer_svg_len = 5049;

static const unsigned char main_toolbar_ac_twinkle_svg[] = {
    0x3c, 0x73, 0x76, 0x67, 0x20, 0x69, 0x64, 0x3d, 0x22, 0x4c, 0x61, 0x79, 0x65, 0x72, 0x5f, 0x31,
    0x22, 0x20, 0x64, 0x61, 0x74, 0x61, 0x2d, 0x6e, 0x61, 0x6d, 0x65, 0x3d, 0x22, 0x4c, 0x61, 0x79,
    0x65, 0x72, 0x20, 0x31, 0x22, 0x20, 0x78, 0x6d, 0x6c, 0x6e, 0x73, 0x3d, 0x22, 0x68, 0x74, 0x74,
    0x70, 0x3a, 0x2f, 0x2f, 0x77, 0x77, 0x77, 0x2e, 0x77, 0x33, 0x2e, 0x6f, 0x72, 0x67, 0x2f, 0x32,
    0x30, 0x30, 0x30, 0x2f, 0x73, 0x76, 0x67, 0x22, 0x20, 0x78, 0x6d, 0x6c, 0x6e, 0x73, 0x3a, 0x78,
    0x6c, 0x69, 0x6e, 0x6b, 0x3d, 0x22, 0x68, 0x74, 0x74, 0x70, 0x3a, 0x2f, 0x2f, 0x77, 0x77, 0x77,
    0x2e, 0x77, 0x33, 0x2e, 0x6f, 0x72, 0x67, 0x2f, 0x31, 0x39, 0x39, 0x39, 0x2f, 0x78, 0x6c, 0x69,
    0x6e, 0x6b, 0x22, 0x20, 0x76, 0x69, 0x65, 0x77, 0x42, 0x6f, 0x78, 0x3d, 0x22, 0x30, 0x20, 0x30,
    0x20, 0x35, 0x38, 0x2e, 0x39, 0x37, 0x20, 0x35, 0x37, 0x2e, 0x30, 0x39, 0x22, 0x3e, 0x3c, 0x64,
    0x65, 0x66, 0x73, 0x3e, 0x3c, 0x6c, 0x69, 0x6e, 0x65, 0x61, 0x72, 0x47, 0x72, 0x61, 0x64, 0x69,
    0x65, 0x6e, 0x74, 0x20, 0x69, 0x64, 0x3d, 0x22, 0x53, 0x75, 0x6d, 0x6d, 0x65, 0x72, 0x5f, 0x4d,
    0x75, 0x6c, 0x74, 0x69, 0x63, 0x6f, 0x6c, 0x6f, 0x72, 0x22, 0x20, 0x78, 0x31, 0x3d, 0x22, 0x2d,
    0x33, 0x37, 0x32, 0x2e, 0x33, 0x36, 0x22, 0x20, 0x79, 0x31, 0x3d, 0x22, 0x32, 0x31, 0x2e, 0x30,
    0x34, 0x22, 0x20, 0x78, 0x32, 0x3d, 0x22, 0x36, 0x37, 0x31, 0x2e, 0x31, 0x39, 0x22, 0x20, 0x79,
    0x32, 0x3d, 0x22, 0x32, 0x31, 0x2e, 0x30, 0x34, 0x22, 0x20, 0x67, 0x72, 0x61, 0x64, 0x69, 0x65,
    0x6e, 0x74, 0x55, 0x6e, 0x69, 0x74, 0x73, 0x3d, 0x22, 0x75, 0x73, 0x65, 0x72, 0x53, 0x70, 0x61,
    0x63, 0x65, 0x4f, 0x6e, 0x55, 0x73, 0x65, 0x22, 0x3e, 0x3c, 0x73, 0x74, 0x6f, 0x70, 0x20, 0x6f,
    0x66, 0x66, 0x73, 0x65, 0x74, 0x3d, 0x22, 0x30, 0x2e, 0x31, 0x31, 0x22, 0x20, 0x73, 0x74, 0x6f,
    0x70, 0x2d, 0x63, 0x6f, 0x6c, 0x6f, 0x72, 0x3d, 0x22, 0x23, 0x66, 0x30, 0x63, 0x38, 0x33, 0x62,
    0x22, 0x2f, 0x3e, 0x3c, 0x73, 0x74, 0x6f, 0x70, 0x20, 0x6f, 0x66, 0x66, 0x73, 0x65, 0x74, 0x3d,
    0x22, 0x30, 0x2e, 0x32, 0x34, 0x22, 0x20, 0x73, 0x74, 0x6f, 0x70, 0x2d, 0x63, 0x6f, 0x6c, 0x6f,
    0x72, 0x3d, 0x22, 0x23, 0x66, 0x31, 0x35, 0x36, 0x33, 0x63, 0x22, 0x2f, 0x3e, 0x3c, 0x73, 0x74,
    0x6f, 0x70, 0x20, 0x6f, 0x66, 0x66, 0x73, 0x65, 0x74, 0x3d, 0x22, 0x30, 0x2e, 0x32, 0x37, 0x22,
    0x20, 0x73, 0x74, 0x6f, 0x70, 0x2d, 0x63, 0x6f, 0x6c, 0x6f, 0x72, 0x3d, 0x22, 0x23, 0x65, 0x36,
    0x35, 0x33, 0x35, 0x32, 0x22, 0x2f, 0x3e, 0x3c, 0x73, 0x74, 0x6f, 0x70, 0x20, 0x6f, 0x66, 0x66,
    0x73, 0x65, 0x74, 0x3d, 0x22, 0x30, 0x2e, 0x33, 0x32, 0x22, 0x20, 0x73, 0x74, 0x6f, 0x70, 0x2d,
    0x63, 0x6f, 0x6c, 0x6f, 0x72, 0x3d, 0x22, 0x23, 0x64, 0x33, 0x34, 0x66, 0x37, 0x61, 0x22, 0x2f,
    0x3e, 0x3c, 0x73, 0x74, 0x6f, 0x70, 0x20, 0x6f, 0x66, 0x66, 0x73, 0x65, 0x74, 0x3d, 0x22, 0x30,
    0x2e, 0x33, 0x37, 0x22, 0x20, 0x73, 0x74, 0x6f, 0x70, 0x2d, 0x63, 0x6f, 0x6c, 0x6f, 0x72, 0x3d,
    0x22, 0x23, 0x63, 0x37, 0x34, 0x63, 0x39, 0x32, 0x22, 0x2f, 0x3e, 0x3c, 0x73, 0x74, 0x6f, 0x70,
    0x20, 0x6f, 0x66, 0x66, 0x73, 0x65, 0x74, 0x3d, 0x22, 0x30, 0x2e, 0x33, 0x39, 0x22, 0x20, 0x73,
    0x74, 0x6f, 0x70, 0x2d, 0x63, 0x6f, 0x6c, 0x6f, 0x72, 0x3d, 0x22, 0x23, 0x63, 0x33, 0x34, 0x62,
    0x39, 0x62, 0x22, 0x2f, 0x3e, 0x3c, 0x73, 0x74, 0x6f, 0x70, 0x20, 0x6f, 0x66, 0x66, 0x73, 0x65,
    0x74, 0x3d, 0x22, 0x30, 0x2e, 0x37, 0x39, 0x22, 0x20, 0x73, 0x74, 0x6f, 0x70, 0x2d, 0x63, 0x6f,
    0x6c, 0x6f, 0x72, 0x3d, 0x22, 0x23, 0x30, 0x30, 0x62, 0x33, 0x63, 0x31, 0x22, 0x2f, 0x3e, 0x3c,
    0x73, 0x74, 0x6f, 0x70, 0x20, 0x6f, 0x66, 0x66, 0x73, 0x65, 0x74, 0x3d, 0x22, 0x30, 0x2e, 0x38,
    0x31, 0x22, 0x20, 0x73, 0x74, 0x6f, 0x70, 0x2d, 0x63, 0x6f, 0x6c, 0x6f, 0x72, 0x3d, 0x22, 0x23,
    0x30, 0x30, 0x62, 0x33, 0x36, 0x63, 0x22, 0x2f, 0x3e, 0x3c, 0x73, 0x74, 0x6f, 0x70, 0x20, 0x6f,
    0x66, 0x66, 0x73, 0x65, 0x74, 0x3d, 0x22, 0x31, 0x22, 0x20, 0x73, 0x74, 0x6f, 0x70, 0x2d, 0x63,
    0x6f, 0x6c, 0x6f, 0x72, 0x3d, 0x22, 0x23, 0x30, 0x30, 0x62, 0x33, 0x63, 0x31, 0x22, 0x2f, 0x3e,
    0x3c, 0x2f, 0x6c, 0x69, 0x6e, 0x65, 0x61, 0x72, 0x47, 0x72, 0x61, 0x64, 0x69, 0x65, 0x6e, 0x74,
    0x3e, 0x3c, 0x6c, 0x69, 0x6e, 0x65, 0x61, 0x72, 0x47, 0x72, 0x61, 0x64, 0x69, 0x65, 0x6e, 0x74,
    0x20, 0x69, 0x64, 0x3d, 0x22, 0x53, 0x75, 0x6d, 0x6d, 0x65, 0x72, 0x5f, 0x4d, 0x75, 0x6c, 0x74,
    0x69, 0x63, 0x6f, 0x6c, 0x6f, 0x72, 0x2d, 0x32, 0x22, 0x20, 0x78, 0x31, 0x3d, 0x22, 0x2d, 0x33,
    0x37, 0x32, 0x2e, 0x33, 0x36, 0x22, 0x20, 0x79, 0x31, 0x3d, 0x22, 0x34, 0x30, 0x2e, 0x33, 0x34,
    0x22, 0x20, 0x78, 0x32, 0x3d, 0x22, 0x36, 0x37, 0x31, 0x2e, 0x31, 0x39, 0x22, 0x20, 0x79, 0x32,
    0x3d, 0x22, 0x34, 0x30, 0x2e, 0x33, 0x34, 0x22, 0x20, 0x78, 0x6c, 0x69, 0x6e, 0x6b, 0x3a, 0x68,
    0x72, 0x65, 0x66, 0x3d, 0x22, 0x23, 0x53, 0x75, 0x6d, 0x6d, 0x65, 0x72, 0x5f, 0x4d, 0x75, 0x6c,
    0x74, 0x69, 0x63, 0x6f, 0x6c, 0x6f, 0x72, 0x22, 0x2f, 0x3e, 0x3c, 0x6c, 0x69, 0x6e, 0x65, 0x61,
    0x72, 0x47, 0x72, 0x61, 0x64, 0x69, 0x65, 0x6e, 0x74, 0x20, 0x69, 0x64, 0x3d, 0x22, 0x53, 0x75,
    0x6d, 0x6d, 0x65, 0x72, 0x5f, 0x4d, 0x75, 0x6c, 0x74, 0x69, 0x63, 0x6f, 0x6c, 0x6f, 0x72, 0x2d,
    0x33, 0x22, 0x20, 0x78, 0x31, 0x3d, 0x22, 0x2d, 0x33, 0x37, 0x32, 0x2e, 0x33, 0x36, 0x22, 0x20,
    0x79, 0x31, 0x3d, 0x22, 0x32, 0x38, 0x2e, 0x33, 0x35, 0x22, 0x20, 0x78, 0x32, 0x3d, 0x22, 0x36,
    0x37, 0x31, 0x2e, 0x31, 0x39, 0x22, 0x20, 0x79, 0x32, 0x3d, 0x22, 0x32, 0x38, 0x2e, 0x33, 0x35,
    0x22, 0x20, 0x78, 0x6c, 0x69, 0x6e, 0x6b, 0x3a, 0x68, 0x72, 0x65, 0x66, 0x3d, 0x22, 0x23, 0x53,
    0x75, 0x6d, 0x6d, 0x65, 0x72, 0x5f, 0x4d, 0x75, 0x6c, 0x74, 0x69, 0x63, 0x6f, 0x6c, 0x6f, 0x72,
    0x22, 0x2f, 0x3e, 0x3c, 0x6c, 0x69, 0x6e, 0x65, 0x61, 0x72, 0x47, 0x72, 0x61, 0x64, 0x69, 0x65,
    0x6e, 0x74, 0x20, 0x69, 0x64, 0x3d, 0x22, 0x53, 0x75, 0x6d, 0x6d, 0x65, 0x72, 0x5f, 0x4d, 0x75,
    0x6c, 0x74, 0x69, 0x63, 0x6f, 0x6c, 0x6f, 0x72, 0x2d, 0x34, 0x22, 0x20, 0x78, 0x31, 0x3d, 0x22,
    0x2d, 0x33, 0x37, 0x32, 0x2e, 0x33, 0x36, 0x22, 0x20, 0x79, 0x31, 0x3d, 0x22, 0x39, 0x2e, 0x36,
    0x22, 0x20, 0x78, 0x32, 0x3d, 0x22, 0x36, 0x37, 0x31, 0x2e, 0x31, 0x39, 0x22, 0x20, 0x79, 0x32,
    0x3d, 0x22, 0x39, 0x2e, 0x36, 0x22, 0x20, 0x78, 0x6c, 0x69, 0x6e, 0x6b, 0x3a, 0x68, 0x72, 0x65,
    0x66, 0x3d, 0x22, 0x23, 0x53, 0x75, 0x6d, 0x6d, 0x65, 0x72, 0x5f, 0x4d, 0x75, 0x6c, 0x74, 0x69,
    0x63, 0x6f, 0x6c, 0x6f, 0x72, 0x22, 0x2f, 0x3e, 0x3c, 0x2f, 0x64, 0x65, 0x66, 0x73, 0x3e, 0x3c,
    0x70, 0x61, 0x74, 0x68, 0x20, 0x64, 0x3d, 0x22, 0x4d, 0x32, 0x33, 0x2e, 0x37, 0x33, 0x2c, 0x31,
    0x31, 0x76, 0x30, 0x6c, 0x30, 0x2c, 0x30, 0x76, 0x30, 0x68, 0x30, 0x76, 0x30, 0x6c, 0x30, 0x2c,
    0x30, 0x76, 0x30, 0x68, 0x30, 0x76, 0x30, 0x68, 0x30, 0x76, 0x30, 0x68, 0x30, 0x76, 0x30, 0x68,
    0x30, 0x76, 0x30, 0x68, 0x30, 0x76, 0x30, 0x68, 0x30, 0x76, 0x30, 0x68, 0x30, 0x76, 0x30, 0x68,
    0x30, 0x76, 0x30, 0x68, 0x30, 0x76, 0x30, 0x68, 0x30, 0x76, 0x30, 0x68, 0x30, 0x76, 0x30, 0x68,
    0x30, 0x76, 0x30, 0x68, 0x30, 0x76, 0x30, 0x68, 0x30, 0x76, 0x30, 0x68, 0x30, 0x76, 0x30, 0x68,
    0x30, 0x76, 0x30, 0x68, 0x30, 0x76, 0x30, 0x68, 0x30, 0x76, 0x30, 0x6c, 0x30, 0x2c, 0x30, 0x76,
    0x30, 0x68, 0x30, 0x76, 0x30, 0x6c, 0x30, 0x2c, 0x30, 0x76, 0x30, 0x68, 0x30, 0x76, 0x30, 0x6c,
    0x30, 0x2c, 0x30, 0x76, 0x30, 0x68, 0x30, 0x76, 0x30, 0x6c, 0x30, 0x2c, 0x30, 0x76, 0x30, 0x68,
    0x30, 0x76, 0x30, 0x6c, 0x30, 0x2c, 0x30, 0x76, 0x30, 0x68, 0x30, 0x76, 0x30, 0x6c, 0x30, 0x2c,
    0x30, 0x76, 0x30, 0x68, 0x30, 0x76, 0x30, 0x6c, 0x30, 0x2c, 0x30, 0x76, 0x30, 0x68, 0x30, 0x76,
    0x30, 0x6c, 0x30, 0x2c, 0x30, 0x76, 0x30, 0x68, 0x30, 0x76, 0x30, 0x68, 0x30, 0x76, 0x30, 0x68,
    0x30, 0x76, 0x30, 0x68, 0x30, 0x76, 0x30, 0x68, 0x30, 0x76, 0x30, 0x68, 0x30, 0x76, 0x30, 0x68,
    0x30, 0x76, 0x30, 0x68, 0x30, 0x76, 0x30, 0x68, 0x30, 0x76, 0x30, 0x68, 0x30, 0x76, 0x30, 0x68,
    0x30, 0x76, 0x30, 0x68, 0x30, 0x76, 0x30, 0x68, 0x30, 0x76, 0x30, 0x68, 0x30, 0x76, 0x30, 0x4c,
    0x32, 0x39, 0x2c, 0x31, 0x34, 0x2e, 0x30, 0x38, 0x61, 0x36, 0x2e, 0x31, 0x2c, 0x36, 0x2e, 0x31,
    0x2c, 0x30, 0x2c, 0x30, 0x2c, 0x31, 0x2c, 0x31, 0x2c, 0x2e, 0x34, 0x37, 0x2c, 0x35, 0x2e, 0x38,
    0x33, 0x2c, 0x35, 0x2e, 0x38, 0x33, 0x2c, 0x30, 0x2c, 0x30, 0x2c, 0x31, 0x2c, 0x2e, 0x34, 0x38,
    0x2c, 0x31, 0x4c, 0x33, 0x31, 0x2e, 0x33, 0x34, 0x2c, 0x31, 0x38, 0x2c, 0x33, 0x32, 0x2c, 0x31,
    0x39, 0x2e, 0x31, 0x39, 0x68, 0x30, 0x6c, 0x30, 0x2c, 0x30, 0x68, 0x30, 0x76, 0x30, 0x68, 0x30,
    0x6c, 0x30, 0x2c, 0x30, 0x68, 0x30, 0x76, 0x30, 0x68, 0x30, 0x6c, 0x30, 0x2c, 0x30, 0x68, 0x30,
    0x76, 0x30, 0x68, 0x30, 0x6c, 0x30, 0x2c, 0x30, 0x68, 0x30, 0x76, 0x30, 0x68, 0x30, 0x6c, 0x30,
    0x2c, 0x30, 0x68, 0x30, 0x6c, 0x30, 0x2c, 0x30, 0x68, 0x30, 0x6c, 0x30, 0x2c, 0x30, 0x68, 0x30,
    0x6c, 0x30, 0x2c, 0x30, 0x68, 0x30, 0x6c, 0x30, 0x2c, 0x30, 0x68, 0x30, 0x6c, 0x30, 0x2c, 0x30,
    0x68, 0x30, 0x6c, 0x30, 0x2c, 0x30, 0x68, 0x30, 0x6c, 0x30, 0x2c, 0x30, 0x68, 0x30, 0x6c, 0x30,
    0x2c, 0x30, 0x68, 0x30, 0x6c, 0x30, 0x2c, 0x30, 0x68, 0x30, 0x6c, 0x30, 0x2c, 0x30, 0x68, 0x30,
    0x6c, 0x30, 0x2c, 0x30, 0x68, 0x30, 0x6c, 0x30, 0x2c, 0x30, 0x68, 0x30, 0x6c, 0x30, 0x2c, 0x30,
    0x68, 0x30, 0x76, 0x30, 0x68, 0x30, 0x6c, 0x30, 0x2c, 0x30, 0x68, 0x30, 0x76, 0x30, 0x68, 0x30,
    0x6c, 0x30, 0x2c, 0x30, 0x68, 0x30, 0x76, 0x30, 0x68, 0x30, 0x6c, 0x30, 0x2c, 0x30, 0x68, 0x30,
    0x76, 0x30, 0x68, 0x30, 0x6c, 0x30, 0x2c, 0x30, 0x68, 0x30, 0x76, 0x30, 0x68, 0x30, 0x6c, 0x30,
    0x2c, 0x30, 0x68, 0x30, 0x76, 0x30, 0x68, 0x30, 0x6c, 0x30, 0x2c, 0x30, 0x68, 0x30, 0x76, 0x30,
    0x68, 0x30, 0x6c, 0x30, 0x2c, 0x30, 0x68, 0x30, 0x76, 0x30, 0x68, 0x30, 0x6c, 0x30, 0x2c, 0x30,
    0x68, 0x30, 0x76, 0x30, 0x68, 0x30, 0x6c, 0x30, 0x2c, 0x30, 0x68, 0x30, 0x76, 0x30, 0x68, 0x30,
    0x6c, 0x30, 0x2c, 0x30, 0x68, 0x30, 0x6c, 0x30, 0x2c, 0x30, 0x68, 0x30, 0x6c, 0x30, 0x2c, 0x30,
    0x68, 0x30, 0x6c, 0x30, 0x2c, 0x30, 0x68, 0x30, 0x6c, 0x30, 0x2c, 0x30, 0x68, 0x30, 0x6c, 0x30,
    0x2c, 0x30, 0x68, 0x30, 0x6c, 0x30, 0x2c, 0x30, 0x68, 0x30, 0x6c, 0x30, 0x2c, 0x30, 0x68, 0x30,
    0x6c, 0x30, 0x2c, 0x30, 0x68, 0x30, 0x6c, 0x30, 0x2c, 0x30, 0x68, 0x31, 0x2e, 0x31, 0x37, 0x6c,
    0x31, 0x2e, 0x34, 0x2d, 0x2e, 0x31, 0x35, 0x2c, 0x31, 0x2e, 0x32, 0x39, 0x2d, 0x33, 0x2e, 0x35,
    0x32, 0x61, 0x35, 0x2e, 0x34, 0x34, 0x2c, 0x35, 0x2e, 0x34, 0x34, 0x2c, 0x30, 0x2c, 0x30, 0x2c,
    0x31, 0x2c, 0x33, 0x2e, 0x32, 0x34, 0x2d, 0x33, 0x2e, 0x32, 0x34, 0x6c, 0x32, 0x2e, 0x33, 0x35,
    0x2d, 0x2e, 0x38, 0x37, 0x61, 0x31, 0x2e, 0x38, 0x39, 0x2c, 0x31, 0x2e, 0x38, 0x39, 0x2c, 0x30,
    0x2c, 0x30, 0x2c, 0x30, 0x2c, 0x31, 0x2e, 0x33, 0x32, 0x2d, 0x31, 0x2e, 0x38, 0x32, 0x4c, 0x34,
    0x34, 0x2e, 0x33, 0x38, 0x2c, 0x31, 0x30, 0x68, 0x30, 0x76, 0x30, 0x68, 0x30, 0x76, 0x30, 0x68,
    0x30, 0x76, 0x30, 0x68, 0x30, 0x76, 0x30, 0x68, 0x30, 0x76, 0x30, 0x68, 0x30, 0x76, 0x30, 0x68,
    0x30, 0x76, 0x30, 0x68, 0x30, 0x76, 0x30, 0x68, 0x30, 0x76, 0x30, 0x6c, 0x30, 0x2c, 0x30, 0x76,
    0x30, 0x68, 0x30, 0x76, 0x30, 0x68, 0x30, 0x76, 0x30, 0x68, 0x30, 0x76, 0x30, 0x6c, 0x30, 0x2c,
    0x30, 0x76, 0x30, 0x68, 0x30, 0x76, 0x30, 0x6c, 0x30, 0x2c, 0x30, 0x76, 0x30, 0x68, 0x30, 0x76,
    0x30, 0x6c, 0x30, 0x2c, 0x30, 0x76, 0x30, 0x68, 0x30, 0x76, 0x30, 0x6c, 0x30, 0x2c, 0x30, 0x76,
    0x30, 0x68, 0x30, 0x76, 0x30, 0x6c, 0x30, 0x2c, 0x30, 0x76, 0x30, 0x68, 0x30, 0x76, 0x30, 0x6c,
    0x30, 0x2c, 0x30, 0x76, 0x30, 0x68, 0x30, 0x76, 0x30, 0x68, 0x30, 0x76, 0x30, 0x68, 0x30, 0x76,
    0x30, 0x68, 0x30, 0x56, 0x39, 0x68, 0x30, 0x56, 0x39, 0x68, 0x30, 0x56, 0x39, 0x68, 0x30, 0x76,
    0x30, 0x68, 0x30, 0x76, 0x30, 0x68, 0x30, 0x76, 0x30, 0x68, 0x30, 0x76, 0x30, 0x68, 0x30, 0x76,
    0x30, 0x68, 0x30, 0x76, 0x30, 0x68, 0x30, 0x76, 0x30, 0x68, 0x30, 0x76, 0x30, 0x68, 0x30, 0x76,
    0x30, 0x68, 0x30, 0x76, 0x30, 0x68, 0x30, 0x76, 0x30, 0x68, 0x30, 0x76, 0x30, 0x68, 0x30, 0x76,
    0x30, 0x68, 0x30, 0x76, 0x30, 0x6c, 0x30, 0x2c, 0x30, 0x76, 0x30, 0x68, 0x30, 0x76, 0x30, 0x6c,
    0x30, 0x2c, 0x30, 0x76, 0x30, 0x68, 0x30, 0x76, 0x30, 0x6c, 0x30, 0x2c, 0x30, 0x76, 0x30, 0x68,
    0x30, 0x76, 0x30, 0x6c, 0x30, 0x2c, 0x30, 0x76, 0x30, 0x6c, 0x2d, 0x33, 0x2e, 0x35, 0x33, 0x2d,
    0x31, 0x2e, 0x33, 0x61, 0x35, 0x2e, 0x37, 0x39, 0x2c, 0x35, 0x2e, 0x37, 0x39, 0x2c, 0x30, 0x2c,
    0x30, 0x2c, 0x31, 0x2d, 0x31, 0x2d, 0x2e, 0x34, 0x37, 0x2c, 0x35, 0x2e, 0x31, 0x2c, 0x35, 0x2e,
    0x31, 0x2c, 0x30, 0x2c, 0x30, 0x2c, 0x31, 0x2d, 0x2e, 0x34, 0x37, 0x2d, 0x31, 0x4c, 0x33, 0x36,
    0x2e, 0x37, 0x2c, 0x33, 0x61, 0x32, 0x2c, 0x32, 0x2c, 0x30, 0x2c, 0x30, 0x2c, 0x30, 0x2d, 0x2e,
    0x33, 0x33, 0x2d, 0x2e, 0x35, 0x32, 0x6c, 0x30, 0x2c, 0x30, 0x61, 0x2e, 0x30, 0x38, 0x2e, 0x30,
    0x38, 0x2c, 0x30, 0x2c, 0x30, 0x2c, 0x31, 0x2c, 0x30, 0x2c, 0x30, 0x6c, 0x30, 0x2c, 0x30, 0x2c,
    0x30, 0x2c, 0x30, 0x2c, 0x30, 0x2c, 0x30, 0x2c, 0x30, 0x2c, 0x30, 0x2c, 0x30, 0x2c, 0x30, 0x61,
    0x2e, 0x30, 0x38, 0x2e, 0x30, 0x38, 0x2c, 0x30, 0x2c, 0x30, 0x2c, 0x31, 0x2c, 0x30, 0x2c, 0x30,
    0x6c, 0x30, 0x2c, 0x30, 0x2c, 0x30, 0x2c, 0x30, 0x2c, 0x30, 0x2c, 0x30, 0x2c, 0x30, 0x2c, 0x30,
    0x2c, 0x30, 0x2c, 0x30, 0x2c, 0x30, 0x2c, 0x30, 0x2c, 0x30, 0x2c, 0x30, 0x2c, 0x30, 0x2c, 0x30,
    0x2c, 0x30, 0x2c, 0x30, 0x2c, 0x30, 0x2c, 0x30, 0x2c, 0x30, 0x2c, 0x30, 0x2c, 0x30, 0x2c, 0x30,
    0x2c, 0x30, 0x2c, 0x30, 0x2c, 0x30, 0x2c, 0x30, 0x2c, 0x30, 0x2c, 0x30, 0x2c, 0x30, 0x2c, 0x30,
    0x2c, 0x30, 0x2c, 0x30, 0x2c, 0x30, 0x2c, 0x30, 0x2c, 0x30, 0x2c, 0x30, 0x2c, 0x30, 0x2c, 0x30,
    0x2c, 0x30, 0x2c, 0x30, 0x2c, 0x30, 0x2c, 0x30, 0x61, 0x2e, 0x30, 0x38, 0x2e, 0x30, 0x38, 0x2c,
    0x30, 0x2c, 0x30, 0x2c, 0x31, 0x2c, 0x30, 0x2c, 0x30, 0x6c, 0x30, 0x2c, 0x30, 0x2c, 0x30, 0x2c,
    0x30, 0x2c, 0x30, 0x2c, 0x30, 0x61, 0x2e, 0x30, 0x38, 0x2e, 0x30, 0x38, 0x2c, 0x30, 0x2c, 0x30,
    0x2c, 0x31, 0x2c, 0x30, 0x2c, 0x30, 0x73, 0x30, 0x2c, 0x30, 0x2c, 0x30, 0x2c, 0x30, 0x61, 0x2e,
    0x30, 0x38, 0x2e, 0x30, 0x38, 0x2c, 0x30, 0x2c, 0x30, 0x2c, 0x31, 0x2c, 0x30, 0x2c, 0x30, 0x6c,
    0x30, 0x2c, 0x30, 0x2c, 0x30, 0x2c, 0x30, 0x2c, 0x30, 0x2c, 0x30, 0x2c, 0x30, 0x2c, 0x30, 0x2c,
    0x30, 0x2c, 0x30, 0x2c, 0x30, 0x2c, 0x30, 0x2c, 0x30, 0x2c, 0x30, 0x2c, 0x30, 0x2c, 0x30, 0x2c,
    0x30, 0x2c, 0x30, 0x2c, 0x30, 0x2c, 0x30, 0x2c, 0x30, 0x2c, 0x30, 0x2c, 0x30, 0x2c, 0x30, 0x2c,
    0x30, 0x2c, 0x30, 0x41, 0x31, 0x2e, 0x39, 0x2c, 0x31, 0x2e, 0x39, 0x2c, 0x30, 0x2c, 0x30, 0x2c,
    0x30, 0x2c, 0x33, 0x33, 0x2e, 0x31, 0x34, 0x2c, 0x30, 0x6c, 0x2d, 0x31, 0x2e, 0x34, 0x2e, 0x31,
    0x35, 0x4c, 0x33, 0x30, 0x2e, 0x34, 0x36, 0x2c, 0x33, 0x2e, 0x36, 0x37, 0x61, 0x35, 0x2e, 0x34,
    0x36, 0x2c, 0x35, 0x2e, 0x34, 0x36, 0x2c, 0x30, 0x2c, 0x30, 0x2c, 0x31, 0x2d, 0x33, 0x2e, 0x32,
    0x34, 0x2c, 0x33, 0x2e, 0x32, 0x34, 0x6c, 0x2d, 0x32, 0x2e, 0x34, 0x31, 0x2e, 0x38, 0x39, 0x61,
    0x31, 0x2e, 0x39, 0x32, 0x2c, 0x31, 0x2e, 0x39, 0x32, 0x2c, 0x30, 0x2c, 0x30, 0x2c, 0x30, 0x2d,
    0x31, 0x2e, 0x32, 0x37, 0x2c, 0x31, 0x2e, 0x38, 0x4c, 0x32, 0x33, 0x2e, 0x37, 0x2c, 0x31, 0x31,
    0x5a, 0x22, 0x20, 0x73, 0x74, 0x79, 0x6c, 0x65, 0x3d, 0x22, 0x66, 0x69, 0x6c, 0x6c, 0x3a, 0x23,
    0x35, 0x38, 0x35, 0x39, 0x35, 0x62, 0x22, 0x2f, 0x3e, 0x3c, 0x70, 0x61, 0x74, 0x68, 0x20, 0x64,
    0x3d, 0x22, 0x4d, 0x31, 0x32, 0x2e, 0x33, 0x37, 0x2c, 0x33, 0x34, 0x2e, 0x31, 0x35, 0x6c, 0x30,
    0x2c, 0x30, 0x2c, 0x30, 0x2c, 0x30, 0x73, 0x30, 0x2c, 0x30, 0x2c, 0x30, 0x2c, 0x30, 0x6c, 0x30,
    0x2c, 0x30, 0x2c, 0x30, 0x2c, 0x30, 0x2c, 0x30, 0x2c, 0x30, 0x73, 0x30, 0x2c, 0x30, 0x2c, 0x30,
    0x2c, 0x30, 0x6c, 0x30, 0x2c, 0x30, 0x73, 0x30, 0x2c, 0x30, 0x2c, 0x30, 0x2c, 0x30, 0x6c, 0x30,
    0x2c, 0x30, 0x2c, 0x30, 0x2c, 0x30, 0x2c, 0x30, 0x2c, 0x30, 0x61, 0x32, 0x2c, 0x32, 0x2c, 0x30,
    0x2c, 0x30, 0x2c, 0x30, 0x2c, 0x31, 0x2e, 0x35, 0x39, 0x2e, 0x37, 0x38, 0x41, 0x32, 0x2c, 0x32,
    0x2c, 0x30, 0x2c, 0x30, 0x2c, 0x30, 0x2c, 0x31, 0x36, 0x2e, 0x32, 0x35, 0x2c, 0x33, 0x34, 0x6c,
    0x31, 0x2e, 0x32, 0x33, 0x2d, 0x33, 0x2e, 0x33, 0x33, 0x61, 0x38, 0x2e, 0x31, 0x36, 0x2c, 0x38,
    0x2e, 0x31, 0x36, 0x2c, 0x30, 0x2c, 0x30, 0x2c, 0x31, 0x2c, 0x34, 0x2e, 0x38, 0x33, 0x2d, 0x34,
    0x2e, 0x38, 0x34, 0x6c, 0x33, 0x2e, 0x33, 0x33, 0x2d, 0x31, 0x2e, 0x32, 0x33, 0x61, 0x32, 0x2c,
    0x32, 0x2c, 0x30, 0x2c, 0x30, 0x2c, 0x30, 0x2c, 0x2e, 0x37, 0x33, 0x2d, 0x33, 0x2e, 0x32, 0x39,
    0x6c, 0x30, 0x2c, 0x30, 0x61, 0x2e, 0x30, 0x38, 0x2e, 0x30, 0x38, 0x2c, 0x30, 0x2c, 0x30, 0x2c,
    0x31, 0x2c, 0x30, 0x2c, 0x30, 0x6c, 0x30, 0x2c, 0x30, 0x2c, 0x30, 0x2c, 0x30, 0x2c, 0x30, 0x2c,
    0x30, 0x2c, 0x30, 0x2c, 0x30, 0x2c, 0x30, 0x2c, 0x30, 0x2c, 0x30, 0x2c, 0x30, 0x2c, 0x30, 0x2c,
    0x30, 0x2c, 0x30, 0x2c, 0x30, 0x2c, 0x30, 0x2c, 0x30, 0x2c, 0x30, 0x2c, 0x30, 0x2c, 0x30, 0x2c,
    0x30, 0x2c, 0x30, 0x2c, 0x30, 0x2c, 0x30, 0x2c, 0x30, 0x2c, 0x30, 0x2c, 0x30, 0x2c, 0x30, 0x2c,
    0x30, 0x2c, 0x30, 0x2c, 0x30, 0x2c, 0x30, 0x2c, 0x30, 0x2c, 0x30, 0x2c, 0x30, 0x2c, 0x30, 0x2c,
    0x30, 0x61, 0x2e, 0x30, 0x38, 0x2e, 0x30, 0x38, 0x2c, 0x30, 0x2c, 0x30, 0x2c, 0x30, 0x2c, 0x30,
    0x2c, 0x30, 0x6c, 0x30, 0x2c, 0x30, 0x2c, 0x30, 0x2c, 0x30, 0x2c, 0x30, 0x2c, 0x30, 0x2c, 0x30,
    0x2c, 0x30, 0x2c, 0x30, 0x2c, 0x30, 0x2c, 0x30, 0x2c, 0x30, 0x2c, 0x30, 0x2c, 0x30, 0x2c, 0x30,
    0x2c, 0x30, 0x2c, 0x30, 0x2c, 0x30, 0x2c, 0x30, 0x2c, 0x30, 0x2c, 0x30, 0x2c, 0x30, 0x2c, 0x30,
    0x2c, 0x30, 0x73, 0x30, 0x2c, 0x30, 0x2c, 0x30, 0x2c, 0x30, 0x6c, 0x30, 0x2c, 0x30, 0x61, 0x2e,
    0x30, 0x38, 0x2e, 0x30, 0x38, 0x2c, 0x30, 0x2c, 0x30, 0x2c, 0x31, 0x2c, 0x30, 0x2c, 0x30, 0x6c,
    0x30, 0x2c, 0x30, 0x2c, 0x30, 0x2c, 0x30, 0x2c, 0x30, 0x2c, 0x30, 0x2c, 0x30, 0x2c, 0x30, 0x2c,
    0x30, 0x2c, 0x30, 0x2c, 0x30, 0x2c, 0x30, 0x2c, 0x30, 0x2c, 0x30, 0x2c, 0x30, 0x2c, 0x30, 0x2c,
    0x30, 0x2c, 0x30, 0x2c, 0x30, 0x2c, 0x30, 0x2c, 0x30, 0x2c, 0x30, 0x2c, 0x30, 0x2c, 0x30, 0x2c,
    0x30, 0x2c, 0x30, 0x61, 0x31, 0x2e, 0x37, 0x39, 0x2c, 0x31, 0x2e, 0x37, 0x39, 0x2c, 0x30, 0x2c,
    0x30, 0x2c, 0x30, 0x2d, 0x2e, 0x37, 0x36, 0x2d, 0x2e, 0x34, 0x38, 0x6c, 0x2d, 0x33, 0x2e, 0x33,
    0x33, 0x2d, 0x31, 0x2e, 0x32, 0x34, 0x61, 0x38, 0x2c, 0x38, 0x2c, 0x30, 0x2c, 0x30, 0x2c, 0x31,
    0x2d, 0x32, 0x2d, 0x31, 0x2e, 0x30, 0x37, 0x2c, 0x38, 0x2e, 0x33, 0x34, 0x2c, 0x38, 0x2e, 0x33,
    0x34, 0x2c, 0x30, 0x2c, 0x30, 0x2c, 0x31, 0x2d, 0x31, 0x2e, 0x30, 0x37, 0x2d, 0x32, 0x4c, 0x31,
    0x36, 0x2e, 0x32, 0x35, 0x2c, 0x31, 0x31, 0x2e, 0x35, 0x61, 0x31, 0x2e, 0x35, 0x37, 0x2c, 0x31,
    0x2e, 0x35, 0x37, 0x2c, 0x30, 0x2c, 0x30, 0x2c, 0x30, 0x2d, 0x2e, 0x33, 0x33, 0x2d, 0x2e, 0x35,
    0x34, 0x6c, 0x30, 0x2c, 0x30, 0x2c, 0x30, 0x2c, 0x30, 0x2c, 0x30, 0x2c, 0x30, 0x2c, 0x30, 0x2c,
    0x30, 0x2c, 0x30, 0x2c, 0x30, 0x2c, 0x30, 0x2c, 0x30, 0x2c, 0x30, 0x2c, 0x30, 0x73, 0x30, 0x2c,
    0x30, 0x2c, 0x30, 0x2c, 0x30, 0x6c, 0x30, 0x2c, 0x30, 0x2c, 0x30, 0x2c, 0x30, 0x2c, 0x30, 0x2c,
    0x30, 0x2c, 0x30, 0x2c, 0x30, 0x2c, 0x30, 0x2c, 0x30, 0x2c, 0x30, 0x2c, 0x30, 0x2c, 0x30, 0x2c,
    0x30, 0x2c, 0x30, 0x2c, 0x30, 0x2c, 0x30, 0x2c, 0x30, 0x2c, 0x30, 0x2c, 0x30, 0x2c, 0x30, 0x2c,
    0x30, 0x2c, 0x30, 0x2c, 0x30, 0x2c, 0x30, 0x2c, 0x30, 0x2c, 0x30, 0x2c, 0x30, 0x2c, 0x30, 0x2c,
    0x30, 0x2c, 0x30, 0x2c, 0x30, 0x2c, 0x30, 0x2c, 0x30, 0x2c, 0x30, 0x2c, 0x30, 0x2c, 0x30, 0x2c,
    0x30, 0x2c, 0x30, 0x2c, 0x30, 0x73, 0x30, 0x2c, 0x30, 0x2c, 0x30, 0x2c, 0x30, 0x6c, 0x30, 0x2c,
    0x30, 0x73, 0x30, 0x2c, 0x30, 0x2c, 0x30, 0x2c, 0x30, 0x6c, 0x30, 0x2c, 0x30, 0x2c, 0x30, 0x2c,
    0x30, 0x2c, 0x30, 0x2c, 0x30, 0x2c, 0x30, 0x2c, 0x30, 0x2c, 0x30, 0x2c, 0x30, 0x2c, 0x30, 0x2c,
    0x30, 0x2c, 0x30, 0x2c, 0x30, 0x2c, 0x30, 0x2c, 0x30, 0x2c, 0x30, 0x2c, 0x30, 0x2c, 0x30, 0x2c,
    0x30, 0x2c, 0x30, 0x2c, 0x30, 0x2c, 0x30, 0x2c, 0x30, 0x2c, 0x30, 0x2c, 0x30, 0x2c, 0x30, 0x2c,
    0x30, 0x2c, 0x30, 0x2c, 0x30, 0x2c, 0x30, 0x2c, 0x30, 0x2c, 0x30, 0x2c, 0x30, 0x2c, 0x30, 0x2c,
    0x30, 0x2c, 0x30, 0x2c, 0x30, 0x61, 0x32, 0x2e, 0x31, 0x31, 0x2c, 0x32, 0x2e, 0x31, 0x31, 0x2c,
    0x30, 0x2c, 0x30, 0x2c, 0x30, 0x2d, 0x33, 0x2e, 0x34, 0x35, 0x2e, 0x35, 0x4c, 0x39, 0x2e, 0x34,
    0x38, 0x2c, 0x31, 0x33, 0x61, 0x38, 0x2e, 0x31, 0x37, 0x2c, 0x38, 0x2e, 0x31, 0x37, 0x2c, 0x30,
    0x2c, 0x30, 0x2c, 0x31, 0x2d, 0x34, 0x2e, 0x38, 0x33, 0x2c, 0x34, 0x2e, 0x38, 0x33, 0x4c, 0x31,
    0x2e, 0x33, 0x39, 0x2c, 0x31, 0x39, 0x2e, 0x30, 0x38, 0x41, 0x32, 0x2c, 0x32, 0x2c, 0x30, 0x2c,
    0x30, 0x2c, 0x30, 0x2c, 0x30, 0x2c, 0x32, 0x31, 0x61, 0x32, 0x2c, 0x32, 0x2c, 0x30, 0x2c, 0x30,
    0x2c, 0x30, 0x2c, 0x2e, 0x37, 0x38, 0x2c, 0x31, 0x2e, 0x35, 0x38, 0x6c, 0x30, 0x2c, 0x30, 0x2c,
    0x30, 0x2c, 0x30, 0x2c, 0x30, 0x2c, 0x30, 0x2c, 0x30, 0x2c, 0x30, 0x2c, 0x30, 0x2c, 0x30, 0x73,
    0x30, 0x2c, 0x30, 0x2c, 0x30, 0x2c, 0x30, 0x6c, 0x30, 0x2c, 0x30, 0x73, 0x30, 0x2c, 0x30, 0x2c,
    0x30, 0x2c, 0x30, 0x6c, 0x30, 0x2c, 0x30, 0x2c, 0x30, 0x2c, 0x30, 0x2c, 0x30, 0x2c, 0x30, 0x73,
    0x30, 0x2c, 0x30, 0x2c, 0x30, 0x2c, 0x30, 0x6c, 0x30, 0x2c, 0x30, 0x2c, 0x30, 0x2c, 0x30, 0x2c,
    0x30, 0x2c, 0x30, 0x2c, 0x30, 0x2c, 0x30, 0x2c, 0x30, 0x2c, 0x30, 0x2c, 0x30, 0x2c, 0x30, 0x2c,
    0x30, 0x2c, 0x30, 0x2c, 0x30, 0x2c, 0x30, 0x2c, 0x30, 0x2c, 0x30, 0x2c, 0x30, 0x2c, 0x30, 0x2c,
    0x30, 0x2c, 0x30, 0x2c, 0x30, 0x2c, 0x30, 0x73, 0x30, 0x2c, 0x30, 0x2c, 0x30, 0x2c, 0x30, 0x6c,
    0x30, 0x2c, 0x30, 0x73, 0x30, 0x2c, 0x30, 0x2c, 0x30, 0x2c, 0x30, 0x6c, 0x30, 0x2c, 0x30, 0x2c,
    0x30, 0x2c, 0x30, 0x2c, 0x30, 0x2c, 0x30, 0x2c, 0x30, 0x2c, 0x30, 0x2c, 0x30, 0x2c, 0x30, 0x2c,
    0x30, 0x2c, 0x30, 0x2c, 0x30, 0x2c, 0x30, 0x2c, 0x30, 0x2c, 0x30, 0x2c, 0x30, 0x2c, 0x30, 0x73,
    0x30, 0x2c, 0x30, 0x2c, 0x30, 0x2c, 0x30, 0x6c, 0x30, 0x2c, 0x30, 0x73, 0x30, 0x2c, 0x30, 0x2c,
    0x30, 0x2c, 0x30, 0x6c, 0x30, 0x2c, 0x30, 0x73, 0x30, 0x2c, 0x30, 0x2c, 0x30, 0x2c, 0x30, 0x6c,
    0x30, 0x2c, 0x30, 0x2c, 0x30, 0x2c, 0x30, 0x2c, 0x30, 0x2c, 0x30, 0x2c, 0x30, 0x2c, 0x30, 0x2c,
    0x30, 0x2c, 0x30, 0x73, 0x30, 0x2c, 0x30, 0x2c, 0x30, 0x2c, 0x30, 0x6c, 0x30, 0x2c, 0x30, 0x2c,
    0x30, 0x2c, 0x30, 0x2c, 0x30, 0x2c, 0x30, 0x61, 0x31, 0x2e, 0x36, 0x36, 0x2c, 0x31, 0x2e, 0x36,
    0x36, 0x2c, 0x30, 0x2c, 0x30, 0x2c, 0x30, 0x2c, 0x2e, 0x35, 0x36, 0x2e, 0x33, 0x33, 0x6c, 0x33,
    0x2e, 0x33, 0x34, 0x2c, 0x31, 0x2e, 0x32, 0x33, 0x61, 0x38, 0x2e, 0x33, 0x34, 0x2c, 0x38, 0x2e,
    0x33, 0x34, 0x2c, 0x30, 0x2c, 0x30, 0x2c, 0x31, 0x2c, 0x32, 0x2c, 0x31, 0x2e, 0x30, 0x37, 0x2c,
    0x38, 0x2e, 0x33, 0x34, 0x2c, 0x38, 0x2e, 0x33, 0x34, 0x2c, 0x30, 0x2c, 0x30, 0x2c, 0x31, 0x2c,
    0x31, 0x2e, 0x30, 0x37, 0x2c, 0x32, 0x6c, 0x31, 0x2e, 0x32, 0x33, 0x2c, 0x33, 0x2e, 0x33, 0x34,
    0x61, 0x31, 0x2e, 0x36, 0x36, 0x2c, 0x31, 0x2e, 0x36, 0x36, 0x2c, 0x30, 0x2c, 0x30, 0x2c, 0x30,
    0x2c, 0x2e, 0x33, 0x33, 0x2e, 0x35, 0x36, 0x6c, 0x30, 0x2c, 0x30, 0x73, 0x30, 0x2c, 0x30, 0x2c,
    0x30, 0x2c, 0x30, 0x6c, 0x30, 0x2c, 0x30, 0x2c, 0x30, 0x2c, 0x30, 0x2c, 0x30, 0x2c, 0x30, 0x73,
    0x30, 0x2c, 0x30, 0x2c, 0x30, 0x2c, 0x30, 0x6c, 0x30, 0x2c, 0x30, 0x73, 0x30, 0x2c, 0x30, 0x2c,
    0x30, 0x2c, 0x30, 0x6c, 0x30, 0x2c, 0x30, 0x73, 0x30, 0x2c, 0x30, 0x2c, 0x30, 0x2c, 0x30, 0x6c,
    0x30, 0x2c, 0x30, 0x73, 0x30, 0x2c, 0x30, 0x2c, 0x30, 0x2c, 0x30, 0x6c, 0x30, 0x2c, 0x30, 0x73,
    0x30, 0x2c, 0x30, 0x2c, 0x30, 0x2c, 0x30, 0x6c, 0x30, 0x2c, 0x30, 0x2c, 0x30, 0x2c, 0x30, 0x2c,
    0x30, 0x2c, 0x30, 0x2c, 0x30, 0x2c, 0x30, 0x2c, 0x30, 0x2c, 0x30, 0x73, 0x30, 0x2c, 0x30, 0x2c,
    0x30, 0x2c, 0x30, 0x6c, 0x30, 0x2c, 0x30, 0x2c, 0x30, 0x2c, 0x30, 0x2c, 0x30, 0x2c, 0x30, 0x2c,
    0x30, 0x2c, 0x30, 0x2c, 0x30, 0x2c, 0x30, 0x2c, 0x30, 0x2c, 0x30, 0x2c, 0x30, 0x2c, 0x30, 0x2c,
    0x30, 0x2c, 0x30, 0x2c, 0x30, 0x2c, 0x30, 0x2c, 0x30, 0x2c, 0x30, 0x2c, 0x30, 0x2c, 0x30, 0x2c,
    0x30, 0x2c, 0x30, 0x2c, 0x30, 0x2c, 0x30, 0x2c, 0x30, 0x2c, 0x30, 0x2c, 0x30, 0x2c, 0x30, 0x2c,
    0x30, 0x2c, 0x30, 0x2c, 0x30, 0x2c, 0x30, 0x5a, 0x22, 0x20, 0x73, 0x74, 0x79, 0x6c, 0x65, 0x3d,
    0x22, 0x66, 0x69, 0x6c, 0x6c, 0x3a, 0x23, 0x35, 0x38, 0x35, 0x39, 0x35, 0x62, 0x22, 0x2f, 0x3e,
    0x3c, 0x70, 0x61, 0x74, 0x68, 0x20, 0x64, 0x3d, 0x22, 0x4d, 0x34, 0x33, 0x2e, 0x34, 0x34, 0x2c,
    0x34, 0x30, 0x2e, 0x34, 0x33, 0x6c, 0x30, 0x2c, 0x30, 0x2c, 0x30, 0x2c, 0x30, 0x2c, 0x30, 0x2c,
    0x30, 0x2c, 0x30, 0x2c, 0x30, 0x2c, 0x30, 0x2c, 0x30, 0x2c, 0x30, 0x2c, 0x30, 0x2c, 0x30, 0x2c,
    0x30, 0x2c, 0x30, 0x2c, 0x30, 0x2c, 0x30, 0x2c, 0x30, 0x2c, 0x30, 0x2c, 0x30, 0x2c, 0x30, 0x2c,
    0x30, 0x2c, 0x30, 0x2c, 0x30, 0x2c, 0x30, 0x2c, 0x30, 0x2c, 0x30, 0x2c, 0x30, 0x2c, 0x30, 0x2c,
    0x30, 0x2c, 0x30, 0x2c, 0x30, 0x2c, 0x30, 0x2c, 0x30, 0x73, 0x30, 0x2c, 0x30, 0x2c, 0x30, 0x2c,
    0x30, 0x6c, 0x30, 0x2c, 0x30, 0x73, 0x30, 0x2c, 0x30, 0x2c, 0x30, 0x2c, 0x30, 0x6c, 0x30, 0x2c,
    0x30, 0x2c, 0x30, 0x2c, 0x30, 0x2c, 0x30, 0x2c, 0x30, 0x73, 0x30, 0x2c, 0x30, 0x2c, 0x30, 0x2c,
    0x30, 0x6c, 0x30, 0x2c, 0x30, 0x73, 0x30, 0x2c, 0x30, 0x2c, 0x30, 0x2c, 0x30, 0x6c, 0x30, 0x2c,
    0x30, 0x73, 0x30, 0x2c, 0x30, 0x2c, 0x30, 0x2c, 0x30, 0x6c, 0x30, 0x2c, 0x30, 0x73, 0x30, 0x2c,
    0x30, 0x2c, 0x30, 0x2c, 0x30, 0x6c, 0x30, 0x2c, 0x30, 0x73, 0x30, 0x2c, 0x30, 0x2c, 0x30, 0x2c,
    0x30, 0x6c, 0x30, 0x2c, 0x30, 0x2c, 0x30, 0x2c, 0x30, 0x2c, 0x30, 0x2c, 0x30, 0x2c, 0x30, 0x2c,
    0x30, 0x2c, 0x30, 0x2c, 0x30, 0x2c, 0x30, 0x2c, 0x30, 0x2c, 0x30, 0x2c, 0x30, 0x2c, 0x30, 0x2c,
    0x30, 0x2c, 0x30, 0x2c, 0x30, 0x2c, 0x30, 0x2c, 0x30, 0x2c, 0x30, 0x2c, 0x30, 0x2c, 0x30, 0x2c,
    0x30, 0x2c, 0x30, 0x2c, 0x30, 0x2c, 0x30, 0x2c, 0x30, 0x2c, 0x30, 0x2c, 0x30, 0x2c, 0x30, 0x2c,
    0x30, 0x2c, 0x30, 0x2c, 0x30, 0x2c, 0x30, 0x2c, 0x30, 0x61, 0x32, 0x2c, 0x32, 0x2c, 0x30, 0x2c,
    0x30, 0x2c, 0x30, 0x2d, 0x2e, 0x35, 0x39, 0x2d, 0x2e, 0x33, 0x35, 0x4c, 0x33, 0x37, 0x2c, 0x33,
    0x36, 0x2e, 0x38, 0x31, 0x61, 0x31, 0x30, 0x2e, 0x35, 0x39, 0x2c, 0x31, 0x30, 0x2e, 0x35, 0x39,
    0x2c, 0x30, 0x2c, 0x30, 0x2c, 0x31, 0x2d, 0x32, 0x2e, 0x37, 0x39, 0x2d, 0x31, 0x2e, 0x35, 0x36,
    0x2c, 0x31, 0x30, 0x2e, 0x32, 0x38, 0x2c, 0x31, 0x30, 0x2e, 0x32, 0x38, 0x2c, 0x30, 0x2c, 0x30,
    0x2c, 0x31, 0x2d, 0x31, 0x2e, 0x35, 0x35, 0x2d, 0x32, 0x2e, 0x37, 0x39, 0x6c, 0x2d, 0x31, 0x2e,
    0x35, 0x31, 0x2d, 0x34, 0x61, 0x31, 0x2e, 0x35, 0x38, 0x2c, 0x31, 0x2e, 0x35, 0x38, 0x2c, 0x30,
    0x2c, 0x30, 0x2c, 0x30, 0x2d, 0x2e, 0x33, 0x34, 0x2d, 0x2e, 0x35, 0x39, 0x6c, 0x30, 0x2c, 0x30,
    0x2c, 0x30, 0x2c, 0x30, 0x2d, 0x2e, 0x30, 0x37, 0x2d, 0x2e, 0x30, 0x37, 0x2c, 0x30, 0x2c, 0x30,
    0x2c, 0x30, 0x2c, 0x30, 0x2c, 0x30, 0x2c, 0x30, 0x61, 0x2e, 0x30, 0x38, 0x2e, 0x30, 0x38, 0x2c,
    0x30, 0x2c, 0x30, 0x2c, 0x31, 0x2c, 0x30, 0x2c, 0x30, 0x6c, 0x2d, 0x2e, 0x31, 0x31, 0x2d, 0x2e,
    0x31, 0x2c, 0x30, 0x2c, 0x30, 0x2c, 0x30, 0x2c, 0x30, 0x2c, 0x30, 0x2c, 0x30, 0x2d, 0x2e, 0x31,
    0x31, 0x2d, 0x2e, 0x31, 0x2c, 0x30, 0x2c, 0x30, 0x2c, 0x30, 0x2c, 0x30, 0x2c, 0x30, 0x2c, 0x30,
    0x2c, 0x30, 0x2c, 0x30, 0x41, 0x2e, 0x34, 0x36, 0x2e, 0x34, 0x36, 0x2c, 0x30, 0x2c, 0x30, 0x2c,
    0x30, 0x2c, 0x33, 0x30, 0x2c, 0x32, 0x37, 0x6c, 0x30, 0x2c, 0x30, 0x2c, 0x30, 0x2c, 0x30, 0x2c,
    0x30, 0x2c, 0x30, 0x2c, 0x30, 0x2c, 0x30, 0x2d, 0x2e, 0x31, 0x2d, 0x2e, 0x31, 0x31, 0x73, 0x30,
    0x2c, 0x30, 0x2c, 0x30, 0x2c, 0x30, 0x6c, 0x30, 0x2c, 0x30, 0x73, 0x30, 0x2c, 0x30, 0x2c, 0x30,
    0x2c, 0x30, 0x61, 0x2e, 0x30, 0x38, 0x2e, 0x30, 0x38, 0x2c, 0x30, 0x2c, 0x30, 0x2c, 0x30, 0x2c,
    0x30, 0x2c, 0x30, 0x2c, 0x2e, 0x32, 0x33, 0x2e, 0x32, 0x33, 0x2c, 0x30, 0x2c, 0x30, 0x2c, 0x30,
    0x2d, 0x2e, 0x30, 0x37, 0x2d, 0x2e, 0x30, 0x37, 0x6c, 0x30, 0x2c, 0x30, 0x2c, 0x30, 0x2c, 0x30,
    0x2c, 0x30, 0x2c, 0x30, 0x2c, 0x30, 0x2c, 0x30, 0x2d, 0x2e, 0x31, 0x2d, 0x2e, 0x31, 0x31, 0x2c,
    0x30, 0x2c, 0x30, 0x2c, 0x30, 0x2c, 0x30, 0x2c, 0x30, 0x2c, 0x30, 0x2d, 0x2e, 0x31, 0x2d, 0x2e,
    0x31, 0x31, 0x2c, 0x30, 0x2c, 0x30, 0x63, 0x2d, 0x2e, 0x39, 0x32, 0x2d, 0x31, 0x2e, 0x30, 0x39,
    0x2d, 0x33, 0x2e, 0x31, 0x31, 0x2d, 0x2e, 0x38, 0x38, 0x2d, 0x33, 0x2e, 0x35, 0x39, 0x2e, 0x35,
    0x4c, 0x32, 0x34, 0x2c, 0x33, 0x30, 0x2e, 0x36, 0x37, 0x61, 0x31, 0x30, 0x2e, 0x33, 0x32, 0x2c,
    0x31, 0x30, 0x2e, 0x33, 0x32, 0x2c, 0x30, 0x2c, 0x30, 0x2c, 0x31, 0x2d, 0x36, 0x2e, 0x31, 0x34,
    0x2c, 0x36, 0x2e, 0x31, 0x34, 0x6c, 0x2d, 0x34, 0x2e, 0x31, 0x32, 0x2c, 0x31, 0x2e, 0x35, 0x31,
    0x61, 0x32, 0x2e, 0x30, 0x38, 0x2c, 0x32, 0x2e, 0x30, 0x38, 0x2c, 0x30, 0x2c, 0x30, 0x2c, 0x30,
    0x2d, 0x2e, 0x37, 0x32, 0x2c, 0x33, 0x2e, 0x34, 0x6c, 0x30, 0x2c, 0x30, 0x73, 0x30, 0x2c, 0x30,
    0x2c, 0x30, 0x2c, 0x30, 0x6c, 0x30, 0x2c, 0x30, 0x2c, 0x30, 0x2c, 0x30, 0x2c, 0x30, 0x2c, 0x30,
    0x2c, 0x30, 0x2c, 0x30, 0x2c, 0x30, 0x2c, 0x30, 0x2c, 0x30, 0x2c, 0x30, 0x73, 0x30, 0x2c, 0x30,
    0x2c, 0x30, 0x2c, 0x30, 0x6c, 0x30, 0x2c, 0x30, 0x2c, 0x30, 0x2c, 0x30, 0x2c, 0x30, 0x2c, 0x30,
    0x2c, 0x30, 0x2c, 0x30, 0x2c, 0x30, 0x2c, 0x30, 0x2c, 0x30, 0x2c, 0x30, 0x2c, 0x30, 0x2c, 0x30,
    0x2c, 0x30, 0x2c, 0x30, 0x2c, 0x30, 0x2c, 0x30, 0x61, 0x2e, 0x30, 0x38, 0x2e, 0x30, 0x38, 0x2c,
    0x30, 0x2c, 0x30, 0x2c, 0x30, 0x2c, 0x30, 0x2c, 0x30, 0x6c, 0x30, 0x2c, 0x30, 0x61, 0x2e, 0x30,
    0x38, 0x2e, 0x30, 0x38, 0x2c, 0x30, 0x2c, 0x30, 0x2c, 0x30, 0x2c, 0x30, 0x2c, 0x30, 0x6c, 0x30,
    0x2c, 0x30, 0x2c, 0x30, 0x2c, 0x30, 0x2c, 0x30, 0x2c, 0x30, 0x2c, 0x30, 0x2c, 0x30, 0x2c, 0x30,
    0x2c, 0x30, 0x2c, 0x30, 0x2c, 0x30, 0x73, 0x30, 0x2c, 0x30, 0x2c, 0x30, 0x2c, 0x30, 0x6c, 0x30,
    0x2c, 0x30, 0x2c, 0x30, 0x2c, 0x30, 0x2c, 0x30, 0x2c, 0x30, 0x2c, 0x30, 0x2c, 0x30, 0x2c, 0x30,
    0x2c, 0x30, 0x2c, 0x30, 0x2c, 0x30, 0x2c, 0x30, 0x2c, 0x30, 0x2c, 0x30, 0x2c, 0x30, 0x2c, 0x30,
    0x2c, 0x30, 0x2c, 0x30, 0x2c, 0x30, 0x2c, 0x30, 0x2c, 0x30, 0x2c, 0x30, 0x2c, 0x30, 0x61, 0x2e,
    0x30, 0x38, 0x2e, 0x30, 0x38, 0x2c, 0x30, 0x2c, 0x30, 0x2c, 0x31, 0x2c, 0x30, 0x2c, 0x30, 0x6c,
    0x30, 0x2c, 0x30, 0x2c, 0x30, 0x2c, 0x30, 0x2c, 0x30, 0x2c, 0x30, 0x2c, 0x30, 0x2c, 0x30, 0x2c,
    0x30, 0x2c, 0x30, 0x61, 0x2e, 0x30, 0x38, 0x2e, 0x30, 0x38, 0x2c, 0x30, 0x2c, 0x30, 0x2c, 0x31,
    0x2c, 0x30, 0x2c, 0x30, 0x6c, 0x30, 0x2c, 0x30, 0x2c, 0x30, 0x2c, 0x30, 0x61, 0x2e, 0x30, 0x38,
    0x2e, 0x30, 0x38, 0x2c, 0x30, 0x2c, 0x30, 0x2c, 0x30, 0x2c, 0x30, 0x2c, 0x30, 0x2c, 0x32, 0x2c,
    0x32, 0x2c, 0x30, 0x2c, 0x30, 0x2c, 0x30, 0x2c, 0x2e, 0x37, 0x39, 0x2e, 0x35, 0x32, 0x6c, 0x34,
    0x2e, 0x30, 0x39, 0x2c, 0x31, 0x2e, 0x35, 0x31, 0x61, 0x31, 0x30, 0x2e, 0x35, 0x39, 0x2c, 0x31,
    0x30, 0x2e, 0x35, 0x39, 0x2c, 0x30, 0x2c, 0x30, 0x2c, 0x31, 0x2c, 0x32, 0x2e, 0x37, 0x39, 0x2c,
    0x31, 0x2e, 0x35, 0x36, 0x41, 0x31, 0x30, 0x2e, 0x31, 0x34, 0x2c, 0x31, 0x30, 0x2e, 0x31, 0x34,
    0x2c, 0x30, 0x2c, 0x30, 0x2c, 0x31, 0x2c, 0x32, 0x34, 0x2c, 0x34, 0x39, 0x2e, 0x38, 0x36, 0x6c,
    0x31, 0x2e, 0x34, 0x39, 0x2c, 0x34, 0x61, 0x32, 0x2e, 0x30, 0x38, 0x2c, 0x32, 0x2e, 0x30, 0x38,
    0x2c, 0x30, 0x2c, 0x30, 0x2c, 0x30, 0x2c, 0x2e, 0x35, 0x33, 0x2e, 0x38, 0x33, 0x6c, 0x30, 0x2c,
    0x30, 0x2c, 0x30, 0x2c, 0x30, 0x2c, 0x30, 0x2c, 0x30, 0x2c, 0x30, 0x2c, 0x30, 0x2c, 0x30, 0x2c,
    0x30, 0x2c, 0x30, 0x2c, 0x30, 0x2c, 0x30, 0x2c, 0x30, 0x2c, 0x30, 0x2c, 0x30, 0x73, 0x30, 0x2c,
    0x30, 0x2c, 0x30, 0x2c, 0x30, 0x6c, 0x30, 0x2c, 0x30, 0x2c, 0x30, 0x2c, 0x30, 0x2c, 0x30, 0x2c,
    0x30, 0x2c, 0x30, 0x2c, 0x30, 0x2c, 0x30, 0x2c, 0x30, 0x2c, 0x30, 0x2c, 0x30, 0x2c, 0x30, 0x2c,
    0x30, 0x2c, 0x30, 0x2c, 0x30, 0x2c, 0x30, 0x2c, 0x30, 0x2c, 0x30, 0x2c, 0x30, 0x2c, 0x30, 0x2c,
    0x30, 0x73, 0x30, 0x2c, 0x30, 0x2c, 0x30, 0x2c, 0x30, 0x6c, 0x30, 0x2c, 0x30, 0x2c, 0x30, 0x2c,
    0x30, 0x2c, 0x30, 0x2c, 0x30, 0x2c, 0x30, 0x2c, 0x30, 0x2c, 0x30, 0x2c, 0x30, 0x2c, 0x30, 0x2c,
    0x30, 0x2c, 0x30, 0x2c, 0x30, 0x2c, 0x30, 0x2c, 0x30, 0x2c, 0x30, 0x2c, 0x30, 0x2c, 0x30, 0x2c,
    0x30, 0x2c, 0x30, 0x2c, 0x30, 0x2c, 0x30, 0x2c, 0x30, 0x2c, 0x30, 0x2c, 0x30, 0x2c, 0x30, 0x2c,
    0x30, 0x2c, 0x30, 0x2c, 0x30, 0x2c, 0x30, 0x2c, 0x30, 0x2c, 0x30, 0x2c, 0x30, 0x2c, 0x30, 0x2c,
    0x30, 0x2c, 0x30, 0x2c, 0x30, 0x2c, 0x30, 0x2c, 0x30, 0x2c, 0x30, 0x2c, 0x30, 0x2c, 0x30, 0x2c,
    0x30, 0x2c, 0x30, 0x2c, 0x30, 0x2c, 0x30, 0x2c, 0x30, 0x2c, 0x30, 0x2c, 0x30, 0x2c, 0x30, 0x2c,
    0x30, 0x2c, 0x30, 0x2c, 0x30, 0x2c, 0x30, 0x2c, 0x30, 0x73, 0x30, 0x2c, 0x30, 0x2c, 0x30, 0x2c,
    0x30, 0x61, 0x32, 0x2e, 0x30, 0x37, 0x2c, 0x32, 0x2e, 0x30, 0x37, 0x2c, 0x30, 0x2c, 0x30, 0x2c,
    0x30, 0x2c, 0x31, 0x2e, 0x34, 0x37, 0x2e, 0x36, 0x31, 0x2c, 0x32, 0x2c, 0x32, 0x2c, 0x30, 0x2c,
    0x30, 0x2c, 0x30, 0x2c, 0x31, 0x2e, 0x39, 0x34, 0x2d, 0x31, 0x2e, 0x33, 0x35, 0x6c, 0x31, 0x2e,
    0x35, 0x32, 0x2d, 0x34, 0x2e, 0x31, 0x61, 0x31, 0x30, 0x2e, 0x32, 0x39, 0x2c, 0x31, 0x30, 0x2e,
    0x32, 0x39, 0x2c, 0x30, 0x2c, 0x30, 0x2c, 0x31, 0x2c, 0x36, 0x2e, 0x31, 0x33, 0x2d, 0x36, 0x2e,
    0x31, 0x33, 0x4c, 0x34, 0x32, 0x2e, 0x38, 0x35, 0x2c, 0x34, 0x34, 0x61, 0x32, 0x2e, 0x30, 0x38,
    0x2c, 0x32, 0x2e, 0x30, 0x38, 0x2c, 0x30, 0x2c, 0x30, 0x2c, 0x30, 0x2c, 0x31, 0x2e, 0x33, 0x39,
    0x2d, 0x32, 0x41, 0x32, 0x2e, 0x30, 0x35, 0x2c, 0x32, 0x2e, 0x30, 0x35, 0x2c, 0x30, 0x2c, 0x30,
    0x2c, 0x30, 0x2c, 0x34, 0x33, 0x2e, 0x34, 0x34, 0x2c, 0x34, 0x30, 0x2e, 0x34, 0x33, 0x5a, 0x22,
    0x20, 0x73, 0x74, 0x79, 0x6c, 0x65, 0x3d, 0x22, 0x66, 0x69, 0x6c, 0x6c, 0x3a, 0x23, 0x35, 0x38,
    0x35, 0x39, 0x35, 0x62, 0x22, 0x2f, 0x3e, 0x3c, 0x70, 0x61, 0x74, 0x68, 0x20, 0x64, 0x3d, 0x22,
    0x4d, 0x35, 0x38, 0x2e, 0x38, 0x33, 0x2c, 0x32, 0x38, 0x2e, 0x37, 0x37, 0x68, 0x30, 0x76, 0x30,
    0x68, 0x30, 0x76, 0x30, 0x68, 0x30, 0x76, 0x30, 0x6c, 0x30, 0x2c, 0x30, 0x76, 0x30, 0x68, 0x30,
    0x76, 0x30, 0x6c, 0x30, 0x2c, 0x30, 0x76, 0x30, 0x68, 0x30, 0x76, 0x30, 0x6c, 0x30, 0x2c, 0x30,
    0x76, 0x30, 0x68, 0x30, 0x76, 0x30, 0x6c, 0x30, 0x2c, 0x30, 0x76, 0x30, 0x68, 0x30, 0x76, 0x30,
    0x6c, 0x30, 0x2c, 0x30, 0x76, 0x30, 0x68, 0x30, 0x76, 0x30, 0x6c, 0x30, 0x2c, 0x30, 0x76, 0x30,
    0x68, 0x30, 0x76, 0x30, 0x6c, 0x30, 0x2c, 0x30, 0x76, 0x30, 0x68, 0x30, 0x76, 0x30, 0x6c, 0x30,
    0x2c, 0x30, 0x76, 0x30, 0x68, 0x30, 0x76, 0x30, 0x68, 0x30, 0x76, 0x30, 0x68, 0x30, 0x76, 0x30,
    0x68, 0x30, 0x76, 0x30, 0x68, 0x30, 0x76, 0x30, 0x68, 0x30, 0x76, 0x30, 0x68, 0x30, 0x76, 0x30,
    0x68, 0x30, 0x76, 0x30, 0x68, 0x30, 0x76, 0x30, 0x68, 0x30, 0x76, 0x30, 0x68, 0x30, 0x76, 0x30,
    0x68, 0x30, 0x76, 0x30, 0x68, 0x30, 0x76, 0x30, 0x68, 0x30, 0x76, 0x30, 0x68, 0x30, 0x76, 0x30,
    0x68, 0x30, 0x76, 0x30, 0x6c, 0x30, 0x2c, 0x30, 0x76, 0x30, 0x68, 0x30, 0x76, 0x30, 0x6c, 0x30,
    0x2c, 0x30, 0x76, 0x30, 0x68, 0x30, 0x76, 0x30, 0x6c, 0x30, 0x2c, 0x30, 0x76, 0x30, 0x68, 0x30,
    0x76, 0x30, 0x6c, 0x30, 0x2c, 0x30, 0x76, 0x30, 0x68, 0x30, 0x76, 0x30, 0x6c, 0x30, 0x2c, 0x30,
    0x76, 0x30, 0x68, 0x30, 0x76, 0x30, 0x6c, 0x30, 0x2c, 0x30, 0x76, 0x30, 0x68, 0x30, 0x76, 0x30,
    0x6c, 0x30, 0x2c, 0x30, 0x76, 0x30, 0x68, 0x30, 0x76, 0x30, 0x6c, 0x30, 0x2c, 0x30, 0x76, 0x30,
    0x68, 0x30, 0x76, 0x30, 0x68, 0x30, 0x76, 0x30, 0x6c, 0x2d, 0x33, 0x2e, 0x33, 0x37, 0x2d, 0x31,
    0x2e, 0x32, 0x35, 0x61, 0x34, 0x2e, 0x37, 0x38, 0x2c, 0x34, 0x2e, 0x37, 0x38, 0x2c, 0x30, 0x2c,
    0x30, 0x2c, 0x31, 0x2d, 0x2e, 0x37, 0x39, 0x2d, 0x2e, 0x33, 0x38, 0x2c, 0x35, 0x2e, 0x36, 0x35,
    0x2c, 0x35, 0x2e, 0x36, 0x35, 0x2c, 0x30, 0x2c, 0x30, 0x2c, 0x31, 0x2d, 0x2e, 0x33, 0x38, 0x2d,
    0x2e, 0x37, 0x38, 0x6c, 0x2d, 0x2e, 0x38, 0x2d, 0x32, 0x2e, 0x31, 0x38, 0x61, 0x32, 0x2c, 0x32,
    0x2c, 0x30, 0x2c, 0x30, 0x2c, 0x30, 0x2d, 0x2e, 0x36, 0x39, 0x2d, 0x31, 0x2c, 0x2e, 0x34, 0x36,
    0x2e, 0x34, 0x36, 0x2c, 0x30, 0x2c, 0x30, 0x2c, 0x30, 0x2d, 0x2e, 0x30, 0x37, 0x2d, 0x2e, 0x30,
    0x37, 0x6c, 0x30, 0x2c, 0x30, 0x2d, 0x2e, 0x30, 0x36, 0x2d, 0x2e, 0x30, 0x37, 0x2c, 0x30, 0x2c,
    0x30, 0x73, 0x30, 0x2d, 0x2e, 0x30, 0x35, 0x2d, 0x2e, 0x30, 0x37, 0x2d, 0x2e, 0x30, 0x37, 0x6c,
    0x30, 0x2c, 0x30, 0x2c, 0x30, 0x2c, 0x30, 0x4c, 0x35, 0x30, 0x2e, 0x35, 0x39, 0x2c, 0x32, 0x31,
    0x6c, 0x30, 0x2c, 0x30, 0x2d, 0x2e, 0x30, 0x37, 0x2d, 0x2e, 0x30, 0x37, 0x2c, 0x30, 0x2c, 0x30,
    0x73, 0x30, 0x2d, 0x2e, 0x30, 0x35, 0x2d, 0x2e, 0x30, 0x37, 0x2d, 0x2e, 0x30, 0x37, 0x6c, 0x30,
    0x2c, 0x30, 0x73, 0x30, 0x2d, 0x2e, 0x30, 0x36, 0x2d, 0x2e, 0x30, 0x37, 0x2d, 0x2e, 0x30, 0x37,
    0x6c, 0x30, 0x2c, 0x30, 0x61, 0x2e, 0x34, 0x36, 0x2e, 0x34, 0x36, 0x2c, 0x30, 0x2c, 0x30, 0x2c,
    0x31, 0x2d, 0x2e, 0x30, 0x37, 0x2d, 0x2e, 0x30, 0x37, 0x73, 0x30, 0x2c, 0x30, 0x2c, 0x30, 0x2c,
    0x30, 0x6c, 0x30, 0x2c, 0x30, 0x4c, 0x35, 0x30, 0x2c, 0x32, 0x30, 0x2e, 0x34, 0x34, 0x73, 0x30,
    0x2c, 0x30, 0x2c, 0x30, 0x2c, 0x30, 0x6c, 0x2d, 0x2e, 0x30, 0x37, 0x2d, 0x2e, 0x30, 0x37, 0x2c,
    0x30, 0x2c, 0x30, 0x61, 0x2e, 0x34, 0x36, 0x2e, 0x34, 0x36, 0x2c, 0x30, 0x2c, 0x30, 0x2c, 0x31,
    0x2d, 0x2e, 0x30, 0x37, 0x2d, 0x2e, 0x30, 0x37, 0x73, 0x30, 0x2c, 0x30, 0x2c, 0x30, 0x2c, 0x30,
    0x2c, 0x30, 0x2d, 0x2e, 0x30, 0x35, 0x2d, 0x2e, 0x30, 0x37, 0x2d, 0x2e, 0x30, 0x37, 0x6c, 0x30,
    0x2c, 0x30, 0x61, 0x2e, 0x34, 0x36, 0x2e, 0x34, 0x36, 0x2c, 0x30, 0x2c, 0x30, 0x2c, 0x31, 0x2d,
    0x2e, 0x30, 0x37, 0x2d, 0x2e, 0x30, 0x37, 0x6c, 0x30, 0x2c, 0x30, 0x2c, 0x30, 0x2c, 0x30, 0x61,
    0x2e, 0x34, 0x36, 0x2e, 0x34, 0x36, 0x2c, 0x30, 0x2c, 0x30, 0x2c, 0x30, 0x2d, 0x2e, 0x30, 0x37,
    0x2d, 0x2e, 0x30, 0x37, 0x6c, 0x30, 0x2c, 0x30, 0x61, 0x2e, 0x34, 0x36, 0x2e, 0x34, 0x36, 0x2c,
    0x30, 0x2c, 0x30, 0x2c, 0x31, 0x2d, 0x2e, 0x30, 0x37, 0x2d, 0x2e, 0x30, 0x37, 0x6c, 0x30, 0x2c,
    0x30, 0x61, 0x2e, 0x34, 0x36, 0x2e, 0x34, 0x36, 0x2c, 0x30, 0x2c, 0x30, 0x2c, 0x30, 0x2d, 0x2e,
    0x30, 0x37, 0x2d, 0x2e, 0x30, 0x37, 0x2c, 0x31, 0x2e, 0x38, 0x32, 0x2c, 0x31, 0x2e, 0x38, 0x32,
    0x2c, 0x30, 0x2c, 0x30, 0x2c, 0x30, 0x2d, 0x31, 0x2e, 0x31, 0x36, 0x2d, 0x2e, 0x34, 0x31, 0x6c,
    0x2d, 0x31, 0x2e, 0x33, 0x37, 0x2e, 0x31, 0x35, 0x2d, 0x31, 0x2e, 0x32, 0x34, 0x2c, 0x33, 0x2e,
    0x33, 0x37, 0x61, 0x35, 0x2c, 0x35, 0x2c, 0x30, 0x2c, 0x30, 0x2c, 0x31, 0x2d, 0x33, 0x2c, 0x33,
    0x6c, 0x2d, 0x32, 0x2e, 0x31, 0x39, 0x2e, 0x38, 0x31, 0x41, 0x31, 0x2e, 0x38, 0x39, 0x2c, 0x31,
    0x2e, 0x38, 0x39, 0x2c, 0x30, 0x2c, 0x30, 0x2c, 0x30, 0x2c, 0x33, 0x39, 0x2c, 0x32, 0x38, 0x2e,
    0x33, 0x36, 0x6c, 0x2e, 0x31, 0x34, 0x2c, 0x31, 0x2e, 0x33, 0x37, 0x68, 0x30, 0x76, 0x30, 0x68,
    0x30, 0x76, 0x30, 0x68, 0x30, 0x76, 0x30, 0x68, 0x30, 0x76, 0x30, 0x68, 0x30, 0x76, 0x30, 0x68,
    0x30, 0x76, 0x30, 0x6c, 0x30, 0x2c, 0x30, 0x76, 0x30, 0x68, 0x30, 0x76, 0x30, 0x6c, 0x30, 0x2c,
    0x30, 0x76, 0x30, 0x68, 0x30, 0x76, 0x30, 0x6c, 0x30, 0x2c, 0x30, 0x76, 0x30, 0x68, 0x30, 0x76,
    0x30, 0x6c, 0x30, 0x2c, 0x30, 0x76, 0x30, 0x68, 0x30, 0x76, 0x30, 0x6c, 0x30, 0x2c, 0x30, 0x76,
    0x30, 0x68, 0x30, 0x76, 0x30, 0x6c, 0x30, 0x2c, 0x30, 0x76, 0x30, 0x68, 0x30, 0x76, 0x30, 0x68,
    0x30, 0x76, 0x30, 0x68, 0x30, 0x76, 0x30, 0x68, 0x30, 0x76, 0x30, 0x68, 0x30, 0x76, 0x30, 0x68,
    0x30, 0x76, 0x30, 0x68, 0x30, 0x76, 0x30, 0x68, 0x30, 0x76, 0x30, 0x68, 0x30, 0x76, 0x30, 0x68,
    0x30, 0x76, 0x30, 0x68, 0x30, 0x76, 0x30, 0x68, 0x30, 0x76, 0x30, 0x68, 0x30, 0x76, 0x30, 0x68,
    0x30, 0x76, 0x30, 0x68, 0x30, 0x76, 0x30, 0x68, 0x30, 0x76, 0x30, 0x68, 0x30, 0x76, 0x30, 0x68,
    0x30, 0x76, 0x30, 0x68, 0x30, 0x76, 0x30, 0x68, 0x30, 0x76, 0x30, 0x6c, 0x30, 0x2c, 0x30, 0x76,
    0x30, 0x68, 0x30, 0x76, 0x30, 0x6c, 0x30, 0x2c, 0x30, 0x76, 0x30, 0x68, 0x30, 0x76, 0x30, 0x6c,
    0x30, 0x2c, 0x30, 0x76, 0x30, 0x68, 0x30, 0x76, 0x30, 0x6c, 0x30, 0x2c, 0x30, 0x76, 0x30, 0x68,
    0x30, 0x76, 0x30, 0x6c, 0x30, 0x2c, 0x30, 0x76, 0x30, 0x68, 0x30, 0x76, 0x30, 0x6c, 0x30, 0x2c,
    0x30, 0x76, 0x30, 0x68, 0x30, 0x76, 0x30, 0x6c, 0x30, 0x2c, 0x30, 0x76, 0x30, 0x68, 0x30, 0x76,
    0x30, 0x6c, 0x33, 0x2e, 0x33, 0x36, 0x2c, 0x31, 0x2e, 0x32, 0x34, 0x61, 0x34, 0x2e, 0x35, 0x32,
    0x2c, 0x34, 0x2e, 0x35, 0x32, 0x2c, 0x30, 0x2c, 0x30, 0x2c, 0x31, 0x2c, 0x2e, 0x38, 0x2e, 0x33,
    0x38, 0x2c, 0x37, 0x2c, 0x37, 0x2c, 0x30, 0x2c, 0x30, 0x2c, 0x31, 0x2c, 0x2e, 0x33, 0x38, 0x2e,
    0x37, 0x38, 0x6c, 0x2e, 0x38, 0x33, 0x2c, 0x32, 0x2e, 0x32, 0x37, 0x2e, 0x36, 0x31, 0x2c, 0x31,
    0x2e, 0x32, 0x34, 0x68, 0x30, 0x6c, 0x30, 0x2c, 0x30, 0x68, 0x30, 0x6c, 0x30, 0x2c, 0x30, 0x68,
    0x30, 0x6c, 0x30, 0x2c, 0x30, 0x68, 0x30, 0x6c, 0x30, 0x2c, 0x30, 0x68, 0x30, 0x6c, 0x30, 0x2c,
    0x30, 0x68, 0x30, 0x6c, 0x30, 0x2c, 0x30, 0x68, 0x30, 0x6c, 0x30, 0x2c, 0x30, 0x68, 0x30, 0x6c,
    0x30, 0x2c, 0x30, 0x68, 0x30, 0x6c, 0x30, 0x2c, 0x30, 0x68, 0x30, 0x6c, 0x30, 0x2c, 0x30, 0x68,
    0x30, 0x76, 0x30, 0x68, 0x30, 0x6c, 0x30, 0x2c, 0x30, 0x68, 0x30, 0x76, 0x30, 0x68, 0x30, 0x6c,
    0x30, 0x2c, 0x30, 0x68, 0x30, 0x76, 0x30, 0x68, 0x30, 0x6c, 0x30, 0x2c, 0x30, 0x68, 0x30, 0x76,
    0x30, 0x68, 0x30, 0x6c, 0x30, 0x2c, 0x30, 0x68, 0x30, 0x76, 0x30, 0x68, 0x30, 0x6c, 0x30, 0x2c,
    0x30, 0x68, 0x30, 0x76, 0x30, 0x68, 0x30, 0x6c, 0x30, 0x2c, 0x30, 0x68, 0x30, 0x76, 0x30, 0x68,
    0x30, 0x6c, 0x30, 0x2c, 0x30, 0x68, 0x30, 0x76, 0x30, 0x68, 0x30, 0x6c, 0x30, 0x2c, 0x30, 0x68,
    0x30, 0x76, 0x30, 0x68, 0x30, 0x6c, 0x30, 0x2c, 0x30, 0x68, 0x30, 0x6c, 0x30, 0x2c, 0x30, 0x68,
    0x30, 0x6c, 0x30, 0x2c, 0x30, 0x68, 0x30, 0x6c, 0x30, 0x2c, 0x30, 0x68, 0x30, 0x6c, 0x30, 0x2c,
    0x30, 0x68, 0x30, 0x6c, 0x30, 0x2c, 0x30, 0x68, 0x30, 0x6c, 0x30, 0x2c, 0x30, 0x68, 0x30, 0x6c,
    0x30, 0x2c, 0x30, 0x68, 0x30, 0x6c, 0x30, 0x2c, 0x30, 0x68, 0x30, 0x6c, 0x30, 0x2c, 0x30, 0x68,
    0x30, 0x6c, 0x30, 0x2c, 0x30, 0x68, 0x30, 0x6c, 0x30, 0x2c, 0x30, 0x68, 0x30, 0x6c, 0x30, 0x2c,
    0x30, 0x68, 0x30, 0x6c, 0x30, 0x2c, 0x30, 0x68, 0x30, 0x76, 0x30, 0x68, 0x30, 0x6c, 0x30, 0x2c,
    0x30, 0x68, 0x30, 0x76, 0x30, 0x68, 0x30, 0x6c, 0x30, 0x2c, 0x30, 0x68, 0x30, 0x76, 0x30, 0x68,
    0x30, 0x6c, 0x30, 0x2c, 0x30, 0x68, 0x30, 0x76, 0x30, 0x68, 0x30, 0x6c, 0x30, 0x2c, 0x30, 0x68,
    0x30, 0x76, 0x30, 0x68, 0x30, 0x6c, 0x30, 0x2c, 0x30, 0x68, 0x31, 0x2e, 0x31, 0x37, 0x6c, 0x31,
    0x2e, 0x33, 0x38, 0x2d, 0x2e, 0x31, 0x34, 0x2c, 0x31, 0x2e, 0x32, 0x34, 0x2d, 0x33, 0x2e, 0x33,
    0x36, 0x61, 0x35, 0x2c, 0x35, 0x2c, 0x30, 0x2c, 0x30, 0x2c, 0x31, 0x2c, 0x33, 0x2d, 0x33, 0x6c,
    0x32, 0x2e, 0x32, 0x38, 0x2d, 0x2e, 0x38, 0x34, 0x41, 0x31, 0x2e, 0x39, 0x31, 0x2c, 0x31, 0x2e,
    0x39, 0x31, 0x2c, 0x30, 0x2c, 0x30, 0x2c, 0x30, 0x2c, 0x35, 0x39, 0x2c, 0x33, 0x30, 0x2e, 0x31,
    0x35, 0x5a, 0x22, 0x20, 0x73, 0x74, 0x79, 0x6c, 0x65, 0x3d, 0x22, 0x66, 0x69, 0x6c, 0x6c, 0x3a,
    0x23, 0x35, 0x38, 0x35, 0x39, 0x35, 0x62, 0x22, 0x2f, 0x3e, 0x3c, 0x70, 0x61, 0x74, 0x68, 0x20,
    0x64, 0x3d, 0x22, 0x4d, 0x31, 0x32, 0x2e, 0x35, 0x39, 0x2c, 0x33, 0x33, 0x2e, 0x35, 0x36, 0x61,
    0x32, 0x2c, 0x32, 0x2c, 0x30, 0x2c, 0x30, 0x2c, 0x31, 0x2d, 0x31, 0x2e, 0x38, 0x38, 0x2d, 0x31,
    0x2e, 0x33, 0x31, 0x4c, 0x39, 0x2e, 0x34, 0x38, 0x2c, 0x32, 0x38, 0x2e, 0x39, 0x31, 0x61, 0x38,
    0x2e, 0x31, 0x37, 0x2c, 0x38, 0x2e, 0x31, 0x37, 0x2c, 0x30, 0x2c, 0x30, 0x2c, 0x30, 0x2d, 0x34,
    0x2e, 0x38, 0x33, 0x2d, 0x34, 0x2e, 0x38, 0x33, 0x4c, 0x31, 0x2e, 0x33, 0x31, 0x2c, 0x32, 0x32,
    0x2e, 0x38, 0x35, 0x61, 0x32, 0x2c, 0x32, 0x2c, 0x30, 0x2c, 0x30, 0x2c, 0x31, 0x2c, 0x2e, 0x30,
    0x38, 0x2d, 0x33, 0x2e, 0x37, 0x37, 0x6c, 0x33, 0x2e, 0x32, 0x36, 0x2d, 0x31, 0x2e, 0x32, 0x31,
    0x41, 0x38, 0x2e, 0x31, 0x37, 0x2c, 0x38, 0x2e, 0x31, 0x37, 0x2c, 0x30, 0x2c, 0x30, 0x2c, 0x30,
    0x2c, 0x39, 0x2e, 0x34, 0x38, 0x2c, 0x31, 0x33, 0x6c, 0x31, 0x2e, 0x32, 0x33, 0x2d, 0x33, 0x2e,
    0x33, 0x33, 0x61, 0x32, 0x2e, 0x30, 0x38, 0x2c, 0x32, 0x2e, 0x30, 0x38, 0x2c, 0x30, 0x2c, 0x30,
    0x2c, 0x31, 0x2c, 0x33, 0x2e, 0x37, 0x35, 0x2c, 0x30, 0x4c, 0x31, 0x35, 0x2e, 0x36, 0x39, 0x2c,
    0x31, 0x33, 0x61, 0x38, 0x2e, 0x31, 0x37, 0x2c, 0x38, 0x2e, 0x31, 0x37, 0x2c, 0x30, 0x2c, 0x30,
    0x2c, 0x30, 0x2c, 0x34, 0x2e, 0x38, 0x33, 0x2c, 0x34, 0x2e, 0x38, 0x33, 0x6c, 0x33, 0x2e, 0x33,
    0x33, 0x2c, 0x31, 0x2e, 0x32, 0x34, 0x41, 0x32, 0x2c, 0x32, 0x2c, 0x30, 0x2c, 0x30, 0x2c, 0x31,
    0x2c, 0x32, 0x35, 0x2e, 0x31, 0x37, 0x2c, 0x32, 0x31, 0x61, 0x32, 0x2c, 0x32, 0x2c, 0x30, 0x2c,
    0x30, 0x2c, 0x31, 0x2d, 0x31, 0x2e, 0x33, 0x32, 0x2c, 0x31, 0x2e, 0x38, 0x37, 0x6c, 0x2d, 0x33,
    0x2e, 0x33, 0x33, 0x2c, 0x31, 0x2e, 0x32, 0x33, 0x61, 0x38, 0x2e, 0x31, 0x37, 0x2c, 0x38, 0x2e,
    0x31, 0x37, 0x2c, 0x30, 0x2c, 0x30, 0x2c, 0x30, 0x2d, 0x34, 0x2e, 0x38, 0x33, 0x2c, 0x34, 0x2e,
    0x38, 0x33, 0x6c, 0x2d, 0x31, 0x2e, 0x32, 0x33, 0x2c, 0x33, 0x2e, 0x33, 0x34, 0x61, 0x32, 0x2c,
    0x32, 0x2c, 0x30, 0x2c, 0x30, 0x2c, 0x31, 0x2d, 0x31, 0x2e, 0x38, 0x37, 0x2c, 0x31, 0x2e, 0x33,
    0x31, 0x22, 0x20, 0x73, 0x74, 0x79, 0x6c, 0x65, 0x3d, 0x22, 0x66, 0x69, 0x6c, 0x6c, 0x3a, 0x75,
    0x72, 0x6c, 0x28, 0x23, 0x53, 0x75, 0x6d, 0x6d, 0x65, 0x72, 0x5f, 0x4d, 0x75, 0x6c, 0x74, 0x69,
    0x63, 0x6f, 0x6c, 0x6f, 0x72, 0x29, 0x22, 0x2f, 0x3e, 0x3c, 0x70, 0x61, 0x74, 0x68, 0x20, 0x64,
    0x3d, 0x22, 0x4d, 0x32, 0x37, 0x2e, 0x34, 0x31, 0x2c, 0x35, 0x35, 0x2e, 0x33, 0x61, 0x32, 0x2e,
    0x30, 0x37, 0x2c, 0x32, 0x2e, 0x30, 0x37, 0x2c, 0x30, 0x2c, 0x30, 0x2c, 0x31, 0x2d, 0x32, 0x2d,
    0x31, 0x2e, 0x34, 0x31, 0x6c, 0x2d, 0x31, 0x2e, 0x34, 0x39, 0x2d, 0x34, 0x61, 0x31, 0x30, 0x2e,
    0x32, 0x37, 0x2c, 0x31, 0x30, 0x2e, 0x32, 0x37, 0x2c, 0x30, 0x2c, 0x30, 0x2c, 0x30, 0x2d, 0x36,
    0x2e, 0x31, 0x34, 0x2d, 0x36, 0x2e, 0x31, 0x34, 0x4c, 0x31, 0x33, 0x2e, 0x37, 0x32, 0x2c, 0x34,
    0x32, 0x2e, 0x32, 0x61, 0x32, 0x2e, 0x30, 0x35, 0x2c, 0x32, 0x2e, 0x30, 0x35, 0x2c, 0x30, 0x2c,
    0x30, 0x2c, 0x31, 0x2d, 0x31, 0x2e, 0x33, 0x35, 0x2d, 0x31, 0x2e, 0x39, 0x34, 0x2c, 0x32, 0x2e,
    0x31, 0x31, 0x2c, 0x32, 0x2e, 0x31, 0x31, 0x2c, 0x30, 0x2c, 0x30, 0x2c, 0x31, 0x2c, 0x31, 0x2e,
    0x33, 0x32, 0x2d, 0x31, 0x2e, 0x39, 0x34, 0x6c, 0x34, 0x2e, 0x31, 0x32, 0x2d, 0x31, 0x2e, 0x35,
    0x31, 0x41, 0x31, 0x30, 0x2e, 0x33, 0x32, 0x2c, 0x31, 0x30, 0x2e, 0x33, 0x32, 0x2c, 0x30, 0x2c,
    0x30, 0x2c, 0x30, 0x2c, 0x32, 0x34, 0x2c, 0x33, 0x30, 0x2e, 0x36, 0x37, 0x6c, 0x31, 0x2e, 0x35,
    0x31, 0x2d, 0x34, 0x2e, 0x30, 0x39, 0x61, 0x32, 0x2e, 0x31, 0x37, 0x2c, 0x32, 0x2e, 0x31, 0x37,
    0x2c, 0x30, 0x2c, 0x30, 0x2c, 0x31, 0x2c, 0x33, 0x2e, 0x39, 0x2c, 0x30, 0x6c, 0x31, 0x2e, 0x35,
    0x2c, 0x34, 0x2e, 0x30, 0x35, 0x41, 0x31, 0x30, 0x2e, 0x33, 0x38, 0x2c, 0x31, 0x30, 0x2e, 0x33,
    0x38, 0x2c, 0x30, 0x2c, 0x30, 0x2c, 0x30, 0x2c, 0x33, 0x37, 0x2c, 0x33, 0x36, 0x2e, 0x38, 0x31,
    0x6c, 0x34, 0x2e, 0x30, 0x39, 0x2c, 0x31, 0x2e, 0x35, 0x31, 0x61, 0x32, 0x2e, 0x30, 0x38, 0x2c,
    0x32, 0x2e, 0x30, 0x38, 0x2c, 0x30, 0x2c, 0x30, 0x2c, 0x31, 0x2c, 0x30, 0x2c, 0x33, 0x2e, 0x39,
    0x4c, 0x33, 0x37, 0x2c, 0x34, 0x33, 0x2e, 0x37, 0x32, 0x61, 0x31, 0x30, 0x2e, 0x33, 0x31, 0x2c,
    0x31, 0x30, 0x2e, 0x33, 0x31, 0x2c, 0x30, 0x2c, 0x30, 0x2c, 0x30, 0x2d, 0x36, 0x2e, 0x31, 0x34,
    0x2c, 0x36, 0x2e, 0x31, 0x33, 0x6c, 0x2d, 0x31, 0x2e, 0x35, 0x31, 0x2c, 0x34, 0x2e, 0x30, 0x39,
    0x61, 0x32, 0x2e, 0x30, 0x35, 0x2c, 0x32, 0x2e, 0x30, 0x35, 0x2c, 0x30, 0x2c, 0x30, 0x2c, 0x31,
    0x2d, 0x31, 0x2e, 0x39, 0x34, 0x2c, 0x31, 0x2e, 0x33, 0x36, 0x22, 0x20, 0x73, 0x74, 0x79, 0x6c,
    0x65, 0x3d, 0x22, 0x66, 0x69, 0x6c, 0x6c, 0x3a, 0x75, 0x72, 0x6c, 0x28, 0x23, 0x53, 0x75, 0x6d,
    0x6d, 0x65, 0x72, 0x5f, 0x4d, 0x75, 0x6c, 0x74, 0x69, 0x63, 0x6f, 0x6c, 0x6f, 0x72, 0x2d, 0x32,
    0x29, 0x22, 0x2f, 0x3e, 0x3c, 0x70, 0x61, 0x74, 0x68, 0x20, 0x64, 0x3d, 0x22, 0x4d, 0x34, 0x38,
    0x2e, 0x30, 0x39, 0x2c, 0x33, 0x37, 0x2e, 0x34, 0x34, 0x48, 0x34, 0x36, 0x2e, 0x39, 0x32, 0x6c,
    0x2d, 0x2e, 0x36, 0x31, 0x2d, 0x31, 0x2e, 0x32, 0x34, 0x2d, 0x2e, 0x38, 0x33, 0x2d, 0x32, 0x2e,
    0x32, 0x37, 0x61, 0x35, 0x2c, 0x35, 0x2c, 0x30, 0x2c, 0x30, 0x2c, 0x30, 0x2d, 0x33, 0x2d, 0x33,
    0x6c, 0x2d, 0x33, 0x2e, 0x33, 0x36, 0x2d, 0x31, 0x2e, 0x32, 0x34, 0x4c, 0x33, 0x39, 0x2c, 0x32,
    0x38, 0x2e, 0x33, 0x36, 0x61, 0x31, 0x2e, 0x38, 0x39, 0x2c, 0x31, 0x2e, 0x38, 0x39, 0x2c, 0x30,
    0x2c, 0x30, 0x2c, 0x31, 0x2c, 0x31, 0x2e, 0x33, 0x31, 0x2d, 0x31, 0x2e, 0x38, 0x31, 0x6c, 0x32,
    0x2e, 0x31, 0x39, 0x2d, 0x2e, 0x38, 0x31, 0x61, 0x35, 0x2c, 0x35, 0x2c, 0x30, 0x2c, 0x30, 0x2c,
    0x30, 0x2c, 0x33, 0x2d, 0x33, 0x6c, 0x31, 0x2e, 0x32, 0x34, 0x2d, 0x33, 0x2e, 0x33, 0x37, 0x2c,
    0x31, 0x2e, 0x33, 0x37, 0x2d, 0x2e, 0x31, 0x35, 0x41, 0x31, 0x2e, 0x38, 0x38, 0x2c, 0x31, 0x2e,
    0x38, 0x38, 0x2c, 0x30, 0x2c, 0x30, 0x2c, 0x31, 0x2c, 0x34, 0x39, 0x2e, 0x39, 0x2c, 0x32, 0x30,
    0x2e, 0x36, 0x6c, 0x2e, 0x38, 0x31, 0x2c, 0x32, 0x2e, 0x31, 0x38, 0x61, 0x35, 0x2c, 0x35, 0x2c,
    0x30, 0x2c, 0x30, 0x2c, 0x30, 0x2c, 0x33, 0x2c, 0x32, 0x2e, 0x39, 0x35, 0x4c, 0x35, 0x37, 0x2c,
    0x32, 0x37, 0x6c, 0x2e, 0x31, 0x34, 0x2c, 0x31, 0x2e, 0x33, 0x38, 0x41, 0x31, 0x2e, 0x39, 0x31,
    0x2c, 0x31, 0x2e, 0x39, 0x31, 0x2c, 0x30, 0x2c, 0x30, 0x2c, 0x31, 0x2c, 0x35, 0x36, 0x2c, 0x33,
    0x30, 0x2e, 0x31, 0x33, 0x4c, 0x35, 0x33, 0x2e, 0x36, 0x37, 0x2c, 0x33, 0x31, 0x61, 0x35, 0x2c,
    0x35, 0x2c, 0x30, 0x2c, 0x30, 0x2c, 0x30, 0x2d, 0x33, 0x2c, 0x33, 0x4c, 0x34, 0x39, 0x2e, 0x34,
    0x37, 0x2c, 0x33, 0x37, 0x2e, 0x33, 0x5a, 0x22, 0x20, 0x73, 0x74, 0x79, 0x6c, 0x65, 0x3d, 0x22,
    0x66, 0x69, 0x6c, 0x6c, 0x3a, 0x75, 0x72, 0x6c, 0x28, 0x23, 0x53, 0x75, 0x6d, 0x6d, 0x65, 0x72,
    0x5f, 0x4d, 0x75, 0x6c, 0x74, 0x69, 0x63, 0x6f, 0x6c, 0x6f, 0x72, 0x2d, 0x33, 0x29, 0x22, 0x2f,
    0x3e, 0x3c, 0x70, 0x61, 0x74, 0x68, 0x20, 0x64, 0x3d, 0x22, 0x4d, 0x33, 0x33, 0x2e, 0x31, 0x34,
    0x2c, 0x31, 0x39, 0x2e, 0x31, 0x39, 0x48, 0x33, 0x32, 0x4c, 0x33, 0x31, 0x2e, 0x33, 0x34, 0x2c,
    0x31, 0x38, 0x6c, 0x2d, 0x2e, 0x38, 0x39, 0x2d, 0x32, 0x2e, 0x34, 0x33, 0x61, 0x35, 0x2e, 0x34,
    0x33, 0x2c, 0x35, 0x2e, 0x34, 0x33, 0x2c, 0x30, 0x2c, 0x30, 0x2c, 0x30, 0x2d, 0x33, 0x2e, 0x32,
    0x33, 0x2d, 0x33, 0x2e, 0x32, 0x33, 0x4c, 0x32, 0x33, 0x2e, 0x37, 0x2c, 0x31, 0x31, 0x2c, 0x32,
    0x33, 0x2e, 0x35, 0x34, 0x2c, 0x39, 0x2e, 0x36, 0x61, 0x31, 0x2e, 0x39, 0x32, 0x2c, 0x31, 0x2e,
    0x39, 0x32, 0x2c, 0x30, 0x2c, 0x30, 0x2c, 0x31, 0x2c, 0x31, 0x2e, 0x32, 0x37, 0x2d, 0x31, 0x2e,
    0x38, 0x6c, 0x32, 0x2e, 0x34, 0x31, 0x2d, 0x2e, 0x38, 0x39, 0x61, 0x35, 0x2e, 0x34, 0x36, 0x2c,
    0x35, 0x2e, 0x34, 0x36, 0x2c, 0x30, 0x2c, 0x30, 0x2c, 0x30, 0x2c, 0x33, 0x2e, 0x32, 0x34, 0x2d,
    0x33, 0x2e, 0x32, 0x34, 0x4c, 0x33, 0x31, 0x2e, 0x37, 0x34, 0x2e, 0x31, 0x35, 0x2c, 0x33, 0x33,
    0x2e, 0x31, 0x34, 0x2c, 0x30, 0x61, 0x31, 0x2e, 0x39, 0x34, 0x2c, 0x31, 0x2e, 0x39, 0x34, 0x2c,
    0x30, 0x2c, 0x30, 0x2c, 0x31, 0x2c, 0x31, 0x2e, 0x37, 0x37, 0x2c, 0x31, 0x2e, 0x31, 0x37, 0x6c,
    0x2e, 0x39, 0x31, 0x2c, 0x32, 0x2e, 0x35, 0x31, 0x61, 0x35, 0x2e, 0x34, 0x34, 0x2c, 0x35, 0x2e,
    0x34, 0x34, 0x2c, 0x30, 0x2c, 0x30, 0x2c, 0x30, 0x2c, 0x33, 0x2e, 0x32, 0x34, 0x2c, 0x33, 0x2e,
    0x32, 0x33, 0x6c, 0x33, 0x2e, 0x35, 0x33, 0x2c, 0x31, 0x2e, 0x33, 0x2e, 0x31, 0x35, 0x2c, 0x31,
    0x2e, 0x33, 0x39, 0x61, 0x31, 0x2e, 0x39, 0x31, 0x2c, 0x31, 0x2e, 0x39, 0x31, 0x2c, 0x30, 0x2c,
    0x30, 0x2c, 0x31, 0x2d, 0x31, 0x2e, 0x33, 0x32, 0x2c, 0x31, 0x2e, 0x38, 0x32, 0x6c, 0x2d, 0x32,
    0x2e, 0x33, 0x36, 0x2e, 0x38, 0x37, 0x61, 0x35, 0x2e, 0x34, 0x36, 0x2c, 0x35, 0x2e, 0x34, 0x36,
    0x2c, 0x30, 0x2c, 0x30, 0x2c, 0x30, 0x2d, 0x33, 0x2e, 0x32, 0x34, 0x2c, 0x33, 0x2e, 0x32, 0x34,
    0x6c, 0x2d, 0x31, 0x2e, 0x32, 0x39, 0x2c, 0x33, 0x2e, 0x35, 0x32, 0x5a, 0x22, 0x20, 0x73, 0x74,
    0x79, 0x6c, 0x65, 0x3d, 0x22, 0x66, 0x69, 0x6c, 0x6c, 0x3a, 0x75, 0x72, 0x6c, 0x28, 0x23, 0x53,
    0x75, 0x6d, 0x6d, 0x65, 0x72, 0x5f, 0x4d, 0x75, 0x6c, 0x74, 0x69, 0x63, 0x6f, 0x6c, 0x6f, 0x72,
    0x2d, 0x34, 0x29, 0x22, 0x2f, 0x3e, 0x3c, 0x70, 0x61, 0x74, 0x68, 0x20, 0x64, 0x3d, 0x22, 0x4d,
    0x31, 0x38, 0x2e, 0x31, 0x37, 0x2c, 0x34, 0x30, 0x2e, 0x32, 0x36, 0x6c, 0x2e, 0x38, 0x31, 0x2e,
    0x33, 0x61, 0x31, 0x33, 0x2e, 0x36, 0x37, 0x2c, 0x31, 0x33, 0x2e, 0x36, 0x37, 0x2c, 0x30, 0x2c,
    0x30, 0x2c, 0x31, 0x2c, 0x38, 0x2e, 0x31, 0x33, 0x2c, 0x38, 0x2e, 0x31, 0x33, 0x6c, 0x2e, 0x33,
    0x2e, 0x38, 0x31, 0x2e, 0x33, 0x2d, 0x2e, 0x38, 0x31, 0x61, 0x31, 0x33, 0x2e, 0x36, 0x37, 0x2c,
    0x31, 0x33, 0x2e, 0x36, 0x37, 0x2c, 0x30, 0x2c, 0x30, 0x2c, 0x31, 0x2c, 0x38, 0x2e, 0x31, 0x33,
    0x2d, 0x38, 0x2e, 0x31, 0x33, 0x6c, 0x2e, 0x38, 0x2d, 0x2e, 0x33, 0x2d, 0x2e, 0x38, 0x2d, 0x2e,
    0x33, 0x61, 0x31, 0x33, 0x2e, 0x36, 0x38, 0x2c, 0x31, 0x33, 0x2e, 0x36, 0x38, 0x2c, 0x30, 0x2c,
    0x30, 0x2c, 0x31, 0x2d, 0x38, 0x2e, 0x31, 0x33, 0x2d, 0x38, 0x2e, 0x31, 0x32, 0x6c, 0x2d, 0x2e,
    0x33, 0x2d, 0x2e, 0x38, 0x32, 0x2d, 0x2e, 0x33, 0x2e, 0x38, 0x32, 0x41, 0x31, 0x33, 0x2e, 0x36,
    0x38, 0x2c, 0x31, 0x33, 0x2e, 0x36, 0x38, 0x2c, 0x30, 0x2c, 0x30, 0x2c, 0x31, 0x2c, 0x31, 0x39,
    0x2c, 0x34, 0x30, 0x5a, 0x22, 0x20, 0x73, 0x74, 0x79, 0x6c, 0x65, 0x3d, 0x22, 0x66, 0x69, 0x6c,
    0x6c, 0x3a, 0x23, 0x66, 0x66, 0x66, 0x22, 0x2f, 0x3e, 0x3c, 0x70, 0x61, 0x74, 0x68, 0x20, 0x64,
    0x3d, 0x22, 0x4d, 0x35, 0x2e, 0x39, 0x34, 0x2c, 0x32, 0x31, 0x61, 0x31, 0x31, 0x2e, 0x34, 0x38,
    0x2c, 0x31, 0x31, 0x2e, 0x34, 0x38, 0x2c, 0x30, 0x2c, 0x30, 0x2c, 0x31, 0x2c, 0x36, 0x2e, 0x36,
    0x34, 0x2c, 0x36, 0x2e, 0x36, 0x33, 0x41, 0x31, 0x31, 0x2e, 0x35, 0x34, 0x2c, 0x31, 0x31, 0x2e,
    0x35, 0x34, 0x2c, 0x30, 0x2c, 0x30, 0x2c, 0x31, 0x2c, 0x31, 0x39, 0x2e, 0x32, 0x32, 0x2c, 0x32,
    0x31, 0x61, 0x31, 0x31, 0x2e, 0x36, 0x31, 0x2c, 0x31, 0x31, 0x2e, 0x36, 0x31, 0x2c, 0x30, 0x2c,
    0x30, 0x2c, 0x31, 0x2d, 0x36, 0x2e, 0x36, 0x34, 0x2d, 0x36, 0x2e, 0x36, 0x34, 0x41, 0x31, 0x31,
    0x2e, 0x35, 0x35, 0x2c, 0x31, 0x31, 0x2e, 0x35, 0x35, 0x2c, 0x30, 0x2c, 0x30, 0x2c, 0x31, 0x2c,
    0x35, 0x2e, 0x39, 0x34, 0x2c, 0x32, 0x31, 0x22, 0x20, 0x73, 0x74, 0x79, 0x6c, 0x65, 0x3d, 0x22,
    0x66, 0x69, 0x6c, 0x6c, 0x3a, 0x23, 0x66, 0x66, 0x66, 0x22, 0x2f, 0x3e, 0x3c, 0x70, 0x61, 0x74,
    0x68, 0x20, 0x64, 0x3d, 0x22, 0x4d, 0x32, 0x39, 0x2e, 0x34, 0x33, 0x2c, 0x39, 0x2e, 0x36, 0x61,
    0x38, 0x2e, 0x37, 0x39, 0x2c, 0x38, 0x2e, 0x37, 0x39, 0x2c, 0x30, 0x2c, 0x30, 0x2c, 0x31, 0x2c,
    0x33, 0x2e, 0x37, 0x31, 0x2c, 0x33, 0x2e, 0x37, 0x31, 0x41, 0x38, 0x2e, 0x37, 0x34, 0x2c, 0x38,
    0x2e, 0x37, 0x34, 0x2c, 0x30, 0x2c, 0x30, 0x2c, 0x31, 0x2c, 0x33, 0x36, 0x2e, 0x38, 0x35, 0x2c,
    0x39, 0x2e, 0x36, 0x61, 0x38, 0x2e, 0x37, 0x37, 0x2c, 0x38, 0x2e, 0x37, 0x37, 0x2c, 0x30, 0x2c,
    0x30, 0x2c, 0x31, 0x2d, 0x33, 0x2e, 0x37, 0x31, 0x2d, 0x33, 0x2e, 0x37, 0x2c, 0x38, 0x2e, 0x38,
    0x38, 0x2c, 0x38, 0x2e, 0x38, 0x38, 0x2c, 0x30, 0x2c, 0x30, 0x2c, 0x31, 0x2d, 0x33, 0x2e, 0x37,
    0x31, 0x2c, 0x33, 0x2e, 0x37, 0x22, 0x20, 0x73, 0x74, 0x79, 0x6c, 0x65, 0x3d, 0x22, 0x66, 0x69,
    0x6c, 0x6c, 0x3a, 0x23, 0x66, 0x66, 0x66, 0x22, 0x2f, 0x3e, 0x3c, 0x70, 0x61, 0x74, 0x68, 0x20,
    0x64, 0x3d, 0x22, 0x4d, 0x34, 0x34, 0x2e, 0x38, 0x35, 0x2c, 0x32, 0x38, 0x2e, 0x33, 0x35, 0x41,
    0x38, 0x2e, 0x33, 0x39, 0x2c, 0x38, 0x2e, 0x33, 0x39, 0x2c, 0x30, 0x2c, 0x30, 0x2c, 0x31, 0x2c,
    0x34, 0x38, 0x2e, 0x31, 0x2c, 0x33, 0x31, 0x2e, 0x36, 0x61, 0x38, 0x2e, 0x32, 0x37, 0x2c, 0x38,
    0x2e, 0x32, 0x37, 0x2c, 0x30, 0x2c, 0x30, 0x2c, 0x31, 0x2c, 0x33, 0x2e, 0x32, 0x34, 0x2d, 0x33,
    0x2e, 0x32, 0x34, 0x2c, 0x38, 0x2e, 0x33, 0x37, 0x2c, 0x38, 0x2e, 0x33, 0x37, 0x2c, 0x30, 0x2c,
    0x30, 0x2c, 0x31, 0x2d, 0x33, 0x2e, 0x32, 0x34, 0x2d, 0x33, 0x2e, 0x32, 0x35, 0x2c, 0x38, 0x2e,
    0x33, 0x2c, 0x38, 0x2e, 0x33, 0x2c, 0x30, 0x2c, 0x30, 0x2c, 0x31, 0x2d, 0x33, 0x2e, 0x32, 0x35,
    0x2c, 0x33, 0x2e, 0x32, 0x34, 0x22, 0x20, 0x73, 0x74, 0x79, 0x6c, 0x65, 0x3d, 0x22, 0x66, 0x69,
    0x6c, 0x6c, 0x3a, 0x23, 0x66, 0x66, 0x66, 0x22, 0x2f, 0x3e, 0x3c, 0x2f, 0x73, 0x76, 0x67, 0x3e,
};
static const size_t main_toolbar_ac_twinkle_svg_len = 8784;

static const unsigned char main_toolbar_ac_intensity_svg[] = {
    0x3c, 0x73, 0x76, 0x67, 0x20, 0x69, 0x64, 0x3d, 0x22, 0x4c, 0x61, 0x79, 0x65, 0x72, 0x5f, 0x31,
    0x22, 0x20, 0x64, 0x61, 0x74, 0x61, 0x2d, 0x6e, 0x61, 0x6d, 0x65, 0x3d, 0x22, 0x4c, 0x61, 0x79,
    0x65, 0x72, 0x20, 0x31, 0x22, 0x20, 0x78, 0x6d, 0x6c, 0x6e, 0x73, 0x3d, 0x22, 0x68, 0x74, 0x74,
    0x70, 0x3a, 0x2f, 0x2f, 0x77, 0x77, 0x77, 0x2e, 0x77, 0x33, 0x2e, 0x6f, 0x72, 0x67, 0x2f, 0x32,
    0x30, 0x30, 0x30, 0x2f, 0x73, 0x76, 0x67, 0x22, 0x20, 0x78, 0x6d, 0x6c, 0x6e, 0x73, 0x3a, 0x78,
    0x6c, 0x69, 0x6e, 0x6b, 0x3d, 0x22, 0x68, 0x74, 0x74, 0x70, 0x3a, 0x2f, 0x2f, 0x77, 0x77, 0x77,
    0x2e, 0x77, 0x33, 0x2e, 0x6f, 0x72, 0x67, 0x2f, 0x31, 0x39, 0x39, 0x39, 0x2f, 0x78, 0x6c, 0x69,
    0x6e, 0x6b, 0x22, 0x20, 0x76, 0x69, 0x65, 0x77, 0x42, 0x6f, 0x78, 0x3d, 0x22, 0x30, 0x20, 0x30,
    0x20, 0x35, 0x39, 0x2e, 0x33, 0x34, 0x20, 0x35, 0x39, 0x2e, 0x33, 0x34, 0x22, 0x3e, 0x3c, 0x64,
    0x65, 0x66, 0x73, 0x3e, 0x3c, 0x6c, 0x69, 0x6e, 0x65, 0x61, 0x72, 0x47, 0x72, 0x61, 0x64, 0x69,
    0x65, 0x6e, 0x74, 0x20, 0x69, 0x64, 0x3d, 0x22, 0x53, 0x75, 0x6d, 0x6d, 0x65, 0x72, 0x5f, 0x4d,
    0x75, 0x6c, 0x74, 0x69, 0x63, 0x6f, 0x6c, 0x6f, 0x72, 0x22, 0x20, 0x78, 0x31, 0x3d, 0x22, 0x2d,
    0x34, 0x34, 0x32, 0x2e, 0x39, 0x39, 0x22, 0x20, 0x79, 0x31, 0x3d, 0x22, 0x32, 0x38, 0x2e, 0x37,
    0x37, 0x22, 0x20, 0x78, 0x32, 0x3d, 0x22, 0x36, 0x30, 0x30, 0x2e, 0x35, 0x36, 0x22, 0x20, 0x79,
    0x32, 0x3d, 0x22, 0x32, 0x38, 0x2e, 0x37, 0x37, 0x22, 0x20, 0x67, 0x72, 0x61, 0x64, 0x69, 0x65,
    0x6e, 0x74, 0x55, 0x6e, 0x69, 0x74, 0x73, 0x3d, 0x22, 0x75, 0x73, 0x65, 0x72, 0x53, 0x70, 0x61,
    0x63, 0x65, 0x4f, 0x6e, 0x55, 0x73, 0x65, 0x22, 0x3e, 0x3c, 0x73, 0x74, 0x6f, 0x70, 0x20, 0x6f,
    0x66, 0x66, 0x73, 0x65, 0x74, 0x3d, 0x22, 0x30, 0x2e, 0x31, 0x31, 0x22, 0x20, 0x73, 0x74, 0x6f,
    0x70, 0x2d, 0x63, 0x6f, 0x6c, 0x6f, 0x72, 0x3d, 0x22, 0x23, 0x66, 0x30, 0x63, 0x38, 0x33, 0x62,
    0x22, 0x2f, 0x3e, 0x3c, 0x73, 0x74, 0x6f, 0x70, 0x20, 0x6f, 0x66, 0x66, 0x73, 0x65, 0x74, 0x3d,
    0x22, 0x30, 0x2e, 0x32, 0x34, 0x22, 0x20, 0x73, 0x74, 0x6f, 0x70, 0x2d, 0x63, 0x6f, 0x6c, 0x6f,
    0x72, 0x3d, 0x22, 0x23, 0x66, 0x31, 0x35, 0x36, 0x33, 0x63, 0x22, 0x2f, 0x3e, 0x3c, 0x73, 0x74,
    0x6f, 0x70, 0x20, 0x6f, 0x66, 0x66, 0x73, 0x65, 0x74, 0x3d, 0x22, 0x30, 0x2e, 0x32, 0x37, 0x22,
    0x20, 0x73, 0x74, 0x6f, 0x70, 0x2d, 0x63, 0x6f, 0x6c, 0x6f, 0x72, 0x3d, 0x22, 0x23, 0x65, 0x36,
    0x35, 0x33, 0x35, 0x32, 0x22, 0x2f, 0x3e, 0x3c, 0x73, 0x74, 0x6f, 0x70, 0x20, 0x6f, 0x66, 0x66,
    0x73, 0x65, 0x74, 0x3d, 0x22, 0x30, 0x2e, 0x33, 0x32, 0x22, 0x20, 0x73, 0x74, 0x6f, 0x70, 0x2d,
    0x63, 0x6f, 0x6c, 0x6f, 0x72, 0x3d, 0x22, 0x23, 0x64, 0x33, 0x34, 0x66, 0x37, 0x61, 0x22, 0x2f,
    0x3e, 0x3c, 0x73, 0x74, 0x6f, 0x70, 0x20, 0x6f, 0x66, 0x66, 0x73, 0x65, 0x74, 0x3d, 0x22, 0x30,
    0x2e, 0x33, 0x37, 0x22, 0x20, 0x73, 0x74, 0x6f, 0x70, 0x2d, 0x63, 0x6f, 0x6c, 0x6f, 0x72, 0x3d,
    0x22, 0x23, 0x63, 0x37, 0x34, 0x63, 0x39, 0x32, 0x22, 0x2f, 0x3e, 0x3c, 0x73, 0x74, 0x6f, 0x70,
    0x20, 0x6f, 0x66, 0x66, 0x73, 0x65, 0x74, 0x3d, 0x22, 0x30, 0x2e, 0x33, 0x39, 0x22, 0x20, 0x73,
    0x74, 0x6f, 0x70, 0x2d, 0x63, 0x6f, 0x6c, 0x6f, 0x72, 0x3d, 0x22, 0x23, 0x63, 0x33, 0x34, 0x62,
    0x39, 0x62, 0x22, 0x2f, 0x3e, 0x3c, 0x73, 0x74, 0x6f, 0x70, 0x20, 0x6f, 0x66, 0x66, 0x73, 0x65,
    0x74, 0x3d, 0x22, 0x30, 0x2e, 0x37, 0x39, 0x22, 0x20, 0x73, 0x74, 0x6f, 0x70, 0x2d, 0x63, 0x6f,
    0x6c, 0x6f, 0x72, 0x3d, 0x22, 0x23, 0x30, 0x30, 0x62, 0x33, 0x63, 0x31, 0x22, 0x2f, 0x3e, 0x3c,
    0x73, 0x74, 0x6f, 0x70, 0x20, 0x6f, 0x66, 0x66, 0x73, 0x65, 0x74, 0x3d, 0x22, 0x30, 0x2e, 0x38,
    0x31, 0x22, 0x20, 0x73, 0x74, 0x6f, 0x70, 0x2d, 0x63, 0x6f, 0x6c, 0x6f, 0x72, 0x3d, 0x22, 0x23,
    0x30, 0x30, 0x62, 0x33, 0x36, 0x63, 0x22, 0x2f, 0x3e, 0x3c, 0x73, 0x74, 0x6f, 0x70, 0x20, 0x6f,
    0x66, 0x66, 0x73, 0x65, 0x74, 0x3d, 0x22, 0x31, 0x22, 0x20, 0x73, 0x74, 0x6f, 0x70, 0x2d, 0x63,
    0x6f, 0x6c, 0x6f, 0x72, 0x3d, 0x22, 0x23, 0x30, 0x30, 0x62, 0x33, 0x63, 0x31, 0x22, 0x2f, 0x3e,
    0x3c, 0x2f, 0x6c, 0x69, 0x6e, 0x65, 0x61, 0x72, 0x47, 0x72, 0x61, 0x64, 0x69, 0x65, 0x6e, 0x74,
    0x3e, 0x3c, 0x2f, 0x64, 0x65, 0x66, 0x73, 0x3e, 0x3c, 0x70, 0x61, 0x74, 0x68, 0x20, 0x64, 0x3d,
    0x22, 0x4d, 0x35, 0x38, 0x2e, 0x38, 0x34, 0x2c, 0x32, 0x2e, 0x32, 0x37, 0x6c, 0x30, 0x2c, 0x30,
    0x2c, 0x30, 0x2c, 0x30, 0x61, 0x2e, 0x30, 0x38, 0x2e, 0x30, 0x38, 0x2c, 0x30, 0x2c, 0x30, 0x2c,
    0x30, 0x2c, 0x30, 0x2c, 0x30, 0x6c, 0x30, 0x2c, 0x30, 0x2c, 0x30, 0x2c, 0x30, 0x2c, 0x30, 0x2c,
    0x30, 0x2c, 0x30, 0x2c, 0x30, 0x2c, 0x30, 0x2c, 0x30, 0x2c, 0x30, 0x2c, 0x30, 0x2c, 0x30, 0x2c,
    0x30, 0x2c, 0x30, 0x2c, 0x30, 0x73, 0x30, 0x2c, 0x30, 0x2c, 0x30, 0x2c, 0x30, 0x6c, 0x30, 0x2c,
    0x30, 0x2c, 0x30, 0x2c, 0x30, 0x2c, 0x30, 0x2c, 0x30, 0x2c, 0x30, 0x2c, 0x30, 0x2c, 0x30, 0x2c,
    0x30, 0x2c, 0x30, 0x2c, 0x30, 0x2c, 0x30, 0x2c, 0x30, 0x2c, 0x30, 0x2c, 0x30, 0x2c, 0x30, 0x2c,
    0x30, 0x2c, 0x30, 0x2c, 0x30, 0x2c, 0x30, 0x2c, 0x30, 0x2c, 0x30, 0x2c, 0x30, 0x2c, 0x30, 0x2c,
    0x30, 0x2c, 0x30, 0x2c, 0x30, 0x2c, 0x30, 0x2c, 0x30, 0x2c, 0x30, 0x2c, 0x30, 0x2c, 0x30, 0x2c,
    0x30, 0x2c, 0x30, 0x2c, 0x30, 0x2c, 0x30, 0x2c, 0x30, 0x2c, 0x30, 0x2c, 0x30, 0x2c, 0x30, 0x2c,
    0x30, 0x2c, 0x30, 0x2c, 0x30, 0x73, 0x30, 0x2c, 0x30, 0x2c, 0x30, 0x2c, 0x30, 0x6c, 0x30, 0x2c,
    0x30, 0x2c, 0x30, 0x2c, 0x30, 0x2c, 0x30, 0x2c, 0x30, 0x2c, 0x30, 0x2c, 0x30, 0x2c, 0x30, 0x2c,
    0x30, 0x61, 0x2e, 0x30, 0x38, 0x2e, 0x30, 0x38, 0x2c, 0x30, 0x2c, 0x30, 0x2c, 0x31, 0x2c, 0x30,
    0x2c, 0x30, 0x6c, 0x30, 0x2c, 0x30, 0x2c, 0x30, 0x2c, 0x30, 0x2c, 0x30, 0x2c, 0x30, 0x2c, 0x30,
    0x2c, 0x30, 0x2c, 0x30, 0x2c, 0x30, 0x2c, 0x30, 0x2c, 0x30, 0x2c, 0x30, 0x2c, 0x30, 0x2c, 0x30,
    0x2c, 0x30, 0x2c, 0x30, 0x2c, 0x30, 0x41, 0x31, 0x2e, 0x36, 0x2c, 0x31, 0x2e, 0x36, 0x2c, 0x30,
    0x2c, 0x30, 0x2c, 0x30, 0x2c, 0x35, 0x35, 0x2e, 0x39, 0x31, 0x2c, 0x30, 0x48, 0x31, 0x2e, 0x36,
    0x35, 0x41, 0x31, 0x2e, 0x36, 0x36, 0x2c, 0x31, 0x2e, 0x36, 0x36, 0x2c, 0x30, 0x2c, 0x30, 0x2c,
    0x30, 0x2c, 0x30, 0x2c, 0x31, 0x2e, 0x36, 0x35, 0x56, 0x35, 0x35, 0x2e, 0x39, 0x61, 0x31, 0x2e,
    0x36, 0x32, 0x2c, 0x31, 0x2e, 0x36, 0x32, 0x2c, 0x30, 0x2c, 0x30, 0x2c, 0x30, 0x2c, 0x2e, 0x35,
    0x2c, 0x31, 0x2e, 0x31, 0x37, 0x6c, 0x30, 0x2c, 0x30, 0x2c, 0x30, 0x2c, 0x30, 0x2c, 0x30, 0x2c,
    0x30, 0x2c, 0x30, 0x2c, 0x30, 0x2c, 0x30, 0x2c, 0x30, 0x2c, 0x30, 0x2c, 0x30, 0x73, 0x30, 0x2c,
    0x30, 0x2c, 0x30, 0x2c, 0x30, 0x6c, 0x30, 0x2c, 0x30, 0x2c, 0x30, 0x2c, 0x30, 0x2c, 0x30, 0x2c,
    0x30, 0x2c, 0x30, 0x2c, 0x30, 0x2c, 0x30, 0x2c, 0x30, 0x2c, 0x30, 0x2c, 0x30, 0x2c, 0x30, 0x2c,
    0x30, 0x2c, 0x30, 0x2c, 0x30, 0x2c, 0x30, 0x2c, 0x30, 0x2c, 0x30, 0x2c, 0x30, 0x2c, 0x30, 0x2c,
    0x30, 0x2c, 0x30, 0x2c, 0x30, 0x2c, 0x30, 0x2c, 0x30, 0x2c, 0x30, 0x2c, 0x30, 0x73, 0x30, 0x2c,
    0x30, 0x2c, 0x30, 0x2c, 0x30, 0x6c, 0x30, 0x2c, 0x30, 0x2c, 0x30, 0x2c, 0x30, 0x2c, 0x30, 0x2c,
    0x30, 0x2c, 0x30, 0x2c, 0x30, 0x2c, 0x30, 0x2c, 0x30, 0x2c, 0x30, 0x2c, 0x30, 0x2c, 0x30, 0x2c,
    0x30, 0x2c, 0x30, 0x2c, 0x30, 0x2c, 0x30, 0x2c, 0x30, 0x2c, 0x30, 0x2c, 0x30, 0x2c, 0x30, 0x2c,
    0x30, 0x2c, 0x30, 0x2c, 0x30, 0x2c, 0x30, 0x2c, 0x30, 0x2c, 0x30, 0x2c, 0x30, 0x2c, 0x30, 0x2c,
    0x30, 0x73, 0x30, 0x2c, 0x30, 0x2c, 0x30, 0x2c, 0x30, 0x6c, 0x30, 0x2c, 0x30, 0x2c, 0x30, 0x2c,
    0x30, 0x2c, 0x30, 0x2c, 0x30, 0x2c, 0x30, 0x2c, 0x30, 0x2c, 0x30, 0x2c, 0x30, 0x2c, 0x30, 0x2c,
    0x30, 0x2c, 0x30, 0x2c, 0x30, 0x2c, 0x30, 0x2c, 0x30, 0x2c, 0x30, 0x2c, 0x30, 0x2c, 0x30, 0x2c,
    0x30, 0x2c, 0x30, 0x2c, 0x30, 0x2c, 0x30, 0x2c, 0x30, 0x61, 0x31, 0x2e, 0x36, 0x34, 0x2c, 0x31,
    0x2e, 0x36, 0x34, 0x2c, 0x30, 0x2c, 0x30, 0x2c, 0x30, 0x2c, 0x31, 0x2e, 0x31, 0x38, 0x2e, 0x35,
    0x48, 0x35, 0x37, 0x2e, 0x36, 0x39, 0x61, 0x31, 0x2e, 0x36, 0x35, 0x2c, 0x31, 0x2e, 0x36, 0x35,
    0x2c, 0x30, 0x2c, 0x30, 0x2c, 0x30, 0x2c, 0x31, 0x2e, 0x36, 0x35, 0x2d, 0x31, 0x2e, 0x36, 0x34,
    0x56, 0x33, 0x2e, 0x34, 0x35, 0x41, 0x31, 0x2e, 0x36, 0x32, 0x2c, 0x31, 0x2e, 0x36, 0x32, 0x2c,
    0x30, 0x2c, 0x30, 0x2c, 0x30, 0x2c, 0x35, 0x38, 0x2e, 0x38, 0x34, 0x2c, 0x32, 0x2e, 0x32, 0x37,
    0x5a, 0x22, 0x20, 0x73, 0x74, 0x79, 0x6c, 0x65, 0x3d, 0x22, 0x66, 0x69, 0x6c, 0x6c, 0x3a, 0x23,
    0x35, 0x38, 0x35, 0x39, 0x35, 0x62, 0x22, 0x2f, 0x3e, 0x3c, 0x70, 0x61, 0x74, 0x68, 0x20, 0x64,
    0x3d, 0x22, 0x4d, 0x35, 0x37, 0x2e, 0x35, 0x34, 0x2c, 0x35, 0x35, 0x2e, 0x39, 0x31, 0x56, 0x31,
    0x2e, 0x36, 0x35, 0x41, 0x31, 0x2e, 0x36, 0x34, 0x2c, 0x31, 0x2e, 0x36, 0x34, 0x2c, 0x30, 0x2c,
    0x30, 0x2c, 0x30, 0x2c, 0x35, 0x35, 0x2e, 0x39, 0x31, 0x2c, 0x30, 0x48, 0x31, 0x2e, 0x36, 0x35,
    0x41, 0x31, 0x2e, 0x36, 0x36, 0x2c, 0x31, 0x2e, 0x36, 0x36, 0x2c, 0x30, 0x2c, 0x30, 0x2c, 0x30,
    0x2c, 0x30, 0x2c, 0x31, 0x2e, 0x36, 0x35, 0x56, 0x35, 0x35, 0x2e, 0x39, 0x61, 0x31, 0x2e, 0x36,
    0x35, 0x2c, 0x31, 0x2e, 0x36, 0x35, 0x2c, 0x30, 0x2c, 0x30, 0x2c, 0x30, 0x2c, 0x31, 0x2e, 0x36,
    0x34, 0x2c, 0x31, 0x2e, 0x36, 0x34, 0x48, 0x35, 0x35, 0x2e, 0x39, 0x6d, 0x30, 0x2c, 0x30, 0x61,
    0x31, 0x2e, 0x36, 0x35, 0x2c, 0x31, 0x2e, 0x36, 0x35, 0x2c, 0x30, 0x2c, 0x30, 0x2c, 0x30, 0x2c,
    0x31, 0x2e, 0x36, 0x34, 0x2d, 0x31, 0x2e, 0x36, 0x34, 0x22, 0x20, 0x73, 0x74, 0x79, 0x6c, 0x65,
    0x3d, 0x22, 0x66, 0x69, 0x6c, 0x6c, 0x3a, 0x75, 0x72, 0x6c, 0x28, 0x23, 0x53, 0x75, 0x6d, 0x6d,
    0x65, 0x72, 0x5f, 0x4d, 0x75, 0x6c, 0x74, 0x69, 0x63, 0x6f, 0x6c, 0x6f, 0x72, 0x29, 0x22, 0x2f,
    0x3e, 0x3c, 0x72, 0x65, 0x63, 0x74, 0x20, 0x78, 0x3d, 0x22, 0x33, 0x2e, 0x33, 0x22, 0x20, 0x79,
    0x3d, 0x22, 0x33, 0x2e, 0x32, 0x39, 0x22, 0x20, 0x77, 0x69, 0x64, 0x74, 0x68, 0x3d, 0x22, 0x35,
    0x30, 0x2e, 0x39, 0x36, 0x22, 0x20, 0x68, 0x65, 0x69, 0x67, 0x68, 0x74, 0x3d, 0x22, 0x32, 0x35,
    0x2e, 0x36, 0x33, 0x22, 0x20, 0x73, 0x74, 0x79, 0x6c, 0x65, 0x3d, 0x22, 0x66, 0x69, 0x6c, 0x6c,
    0x3a, 0x23, 0x66, 0x66, 0x66, 0x22, 0x2f, 0x3e, 0x3c, 0x2f, 0x73, 0x76, 0x67, 0x3e,
};
static const size_t main_toolbar_ac_intensity_svg_len = 1582;

static const unsigned char main_toolbar_ac_ramp_up_svg[] = {
    0x3c, 0x73, 0x76, 0x67, 0x20, 0x69, 0x64, 0x3d, 0x22, 0x4c, 0x61, 0x79, 0x65, 0x72, 0x5f, 0x31,
    0x22, 0x20, 0x64, 0x61, 0x74, 0x61, 0x2d, 0x6e, 0x61, 0x6d, 0x65, 0x3d, 0x22, 0x4c, 0x61, 0x79,
    0x65, 0x72, 0x20, 0x31, 0x22, 0x20, 0x78, 0x6d, 0x6c, 0x6e, 0x73, 0x3d, 0x22, 0x68, 0x74, 0x74,
    0x70, 0x3a, 0x2f, 0x2f, 0x77, 0x77, 0x77, 0x2e, 0x77, 0x33, 0x2e, 0x6f, 0x72, 0x67, 0x2f, 0x32,
    0x30, 0x30, 0x30, 0x2f, 0x73, 0x76, 0x67, 0x22, 0x20, 0x78, 0x6d, 0x6c, 0x6e, 0x73, 0x3a, 0x78,
    0x6c, 0x69, 0x6e, 0x6b, 0x3d, 0x22, 0x68, 0x74, 0x74, 0x70, 0x3a, 0x2f, 0x2f, 0x77, 0x77, 0x77,
    0x2e, 0x77, 0x33, 0x2e, 0x6f, 0x72, 0x67, 0x2f, 0x31, 0x39, 0x39, 0x39, 0x2f, 0x78, 0x6c, 0x69,
    0x6e, 0x6b, 0x22, 0x20, 0x76, 0x69, 0x65, 0x77, 0x42, 0x6f, 0x78, 0x3d, 0x22, 0x30, 0x20, 0x30,
    0x20, 0x35, 0x39, 0x2e, 0x35, 0x35, 0x20, 0x35, 0x39, 0x2e, 0x35, 0x35, 0x22, 0x3e, 0x3c, 0x64,
    0x65, 0x66, 0x73, 0x3e, 0x3c, 0x6c, 0x69, 0x6e, 0x65, 0x61, 0x72, 0x47, 0x72, 0x61, 0x64, 0x69,
    0x65, 0x6e, 0x74, 0x20, 0x69, 0x64, 0x3d, 0x22, 0x53, 0x75, 0x6d, 0x6d, 0x65, 0x72, 0x5f, 0x4d,
    0x75, 0x6c, 0x74, 0x69, 0x63, 0x6f, 0x6c, 0x6f, 0x72, 0x22, 0x20, 0x78, 0x31, 0x3d, 0x22, 0x2d,
    0x35, 0x32, 0x30, 0x2e, 0x34, 0x37, 0x22, 0x20, 0x79, 0x31, 0x3d, 0x22, 0x32, 0x39, 0x2e, 0x30,
    0x33, 0x22, 0x20, 0x78, 0x32, 0x3d, 0x22, 0x35, 0x32, 0x33, 0x2e, 0x30, 0x38, 0x22, 0x20, 0x79,
    0x32, 0x3d, 0x22, 0x32, 0x39, 0x2e, 0x30, 0x33, 0x22, 0x20, 0x67, 0x72, 0x61, 0x64, 0x69, 0x65,
    0x6e, 0x74, 0x55, 0x6e, 0x69, 0x74, 0x73, 0x3d, 0x22, 0x75, 0x73, 0x65, 0x72, 0x53, 0x70, 0x61,
    0x63, 0x65, 0x4f, 0x6e, 0x55, 0x73, 0x65, 0x22, 0x3e, 0x3c, 0x73, 0x74, 0x6f, 0x70, 0x20, 0x6f,
    0x66, 0x66, 0x73, 0x65, 0x74, 0x3d, 0x22, 0x30, 0x2e, 0x31, 0x31, 0x22, 0x20, 0x73, 0x74, 0x6f,
    0x70, 0x2d, 0x63, 0x6f, 0x6c, 0x6f, 0x72, 0x3d, 0x22, 0x23, 0x66, 0x30, 0x63, 0x38, 0x33, 0x62,
    0x22, 0x2f, 0x3e, 0x3c, 0x73, 0x74, 0x6f, 0x70, 0x20, 0x6f, 0x66, 0x66, 0x73, 0x65, 0x74, 0x3d,
    0x22, 0x30, 0x2e, 0x32, 0x34, 0x22, 0x20, 0x73, 0x74, 0x6f, 0x70, 0x2d, 0x63, 0x6f, 0x6c, 0x6f,
    0x72, 0x3d, 0x22, 0x23, 0x66, 0x31, 0x35, 0x36, 0x33, 0x63, 0x22, 0x2f, 0x3e, 0x3c, 0x73, 0x74,
    0x6f, 0x70, 0x20, 0x6f, 0x66, 0x66, 0x73, 0x65, 0x74, 0x3d, 0x22, 0x30, 0x2e, 0x32, 0x37, 0x22,
    0x20, 0x73, 0x74, 0x6f, 0x70, 0x2d, 0x63, 0x6f, 0x6c, 0x6f, 0x72, 0x3d, 0x22, 0x23, 0x65, 0x36,
    0x35, 0x33, 0x35, 0x32, 0x22, 0x2f, 0x3e, 0x3c, 0x73, 0x74, 0x6f, 0x70, 0x20, 0x6f, 0x66, 0x66,
    0x73, 0x65, 0x74, 0x3d, 0x22, 0x30, 0x2e, 0x33, 0x32, 0x22, 0x20, 0x73, 0x74, 0x6f, 0x70, 0x2d,
    0x63, 0x6f, 0x6c, 0x6f, 0x72, 0x3d, 0x22, 0x23, 0x64, 0x33, 0x34, 0x66, 0x37, 0x61, 0x22, 0x2f,
    0x3e, 0x3c, 0x73, 0x74, 0x6f, 0x70, 0x20, 0x6f, 0x66, 0x66, 0x73, 0x65, 0x74, 0x3d, 0x22, 0x30,
    0x2e, 0x33, 0x37, 0x22, 0x20, 0x73, 0x74, 0x6f, 0x70, 0x2d, 0x63, 0x6f, 0x6c, 0x6f, 0x72, 0x3d,
    0x22, 0x23, 0x63, 0x37, 0x34, 0x63, 0x39, 0x32, 0x22, 0x2f, 0x3e, 0x3c, 0x73, 0x74, 0x6f, 0x70,
    0x20, 0x6f, 0x66, 0x66, 0x73, 0x65, 0x74, 0x3d, 0x22, 0x30, 0x2e, 0x33, 0x39, 0x22, 0x20, 0x73,
    0x74, 0x6f, 0x70, 0x2d, 0x63, 0x6f, 0x6c, 0x6f, 0x72, 0x3d, 0x22, 0x23, 0x63, 0x33, 0x34, 0x62,
    0x39, 0x62, 0x22, 0x2f, 0x3e, 0x3c, 0x73, 0x74, 0x6f, 0x70, 0x20, 0x6f, 0x66, 0x66, 0x73, 0x65,
    0x74, 0x3d, 0x22, 0x30, 0x2e, 0x37, 0x39, 0x22, 0x20, 0x73, 0x74, 0x6f, 0x70, 0x2d, 0x63, 0x6f,
    0x6c, 0x6f, 0x72, 0x3d, 0x22, 0x23, 0x30, 0x30, 0x62, 0x33, 0x63, 0x31, 0x22, 0x2f, 0x3e, 0x3c,
    0x73, 0x74, 0x6f, 0x70, 0x20, 0x6f, 0x66, 0x66, 0x73, 0x65, 0x74, 0x3d, 0x22, 0x30, 0x2e, 0x38,
    0x31, 0x22, 0x20, 0x73, 0x74, 0x6f, 0x70, 0x2d, 0x63, 0x6f, 0x6c, 0x6f, 0x72, 0x3d, 0x22, 0x23,
    0x30, 0x30, 0x62, 0x33, 0x36, 0x63, 0x22, 0x2f, 0x3e, 0x3c, 0x73, 0x74, 0x6f, 0x70, 0x20, 0x6f,
    0x66, 0x66, 0x73, 0x65, 0x74, 0x3d, 0x22, 0x31, 0x22, 0x20, 0x73, 0x74, 0x6f, 0x70, 0x2d, 0x63,
    0x6f, 0x6c, 0x6f, 0x72, 0x3d, 0x22, 0x23, 0x30, 0x30, 0x62, 0x33, 0x63, 0x31, 0x22, 0x2f, 0x3e,
    0x3c, 0x2f, 0x6c, 0x69, 0x6e, 0x65, 0x61, 0x72, 0x47, 0x72, 0x61, 0x64, 0x69, 0x65, 0x6e, 0x74,
    0x3e, 0x3c, 0x2f, 0x64, 0x65, 0x66, 0x73, 0x3e, 0x3c, 0x70, 0x61, 0x74, 0x68, 0x20, 0x64, 0x3d,
    0x22, 0x4d, 0x35, 0x38, 0x2e, 0x39, 0x31, 0x2c, 0x32, 0x2e, 0x31, 0x39, 0x6c, 0x30, 0x2c, 0x30,
    0x73, 0x30, 0x2c, 0x30, 0x2c, 0x30, 0x2c, 0x30, 0x6c, 0x30, 0x2c, 0x30, 0x2c, 0x30, 0x2c, 0x30,
    0x2c, 0x30, 0x2c, 0x30, 0x2c, 0x30, 0x2c, 0x30, 0x2c, 0x30, 0x2c, 0x30, 0x2c, 0x30, 0x2c, 0x30,
    0x2c, 0x30, 0x2c, 0x30, 0x2c, 0x30, 0x2c, 0x30, 0x2c, 0x30, 0x2c, 0x30, 0x2c, 0x30, 0x2c, 0x30,
    0x2c, 0x30, 0x2c, 0x30, 0x2c, 0x30, 0x2c, 0x30, 0x61, 0x2e, 0x30, 0x38, 0x2e, 0x30, 0x38, 0x2c,
    0x30, 0x2c, 0x30, 0x2c, 0x31, 0x2c, 0x30, 0x2c, 0x30, 0x6c, 0x30, 0x2c, 0x30, 0x2c, 0x30, 0x2c,
    0x30, 0x2c, 0x30, 0x2c, 0x30, 0x2c, 0x30, 0x2c, 0x30, 0x2c, 0x30, 0x2c, 0x30, 0x61, 0x2e, 0x30,
    0x38, 0x2e, 0x30, 0x38, 0x2c, 0x30, 0x2c, 0x30, 0x2c, 0x31, 0x2c, 0x30, 0x2c, 0x30, 0x6c, 0x30,
    0x2c, 0x30, 0x2c, 0x30, 0x2c, 0x30, 0x2c, 0x30, 0x2c, 0x30, 0x73, 0x30, 0x2c, 0x30, 0x2c, 0x30,
    0x2c, 0x30, 0x6c, 0x30, 0x2c, 0x30, 0x61, 0x2e, 0x30, 0x38, 0x2e, 0x30, 0x38, 0x2c, 0x30, 0x2c,
    0x30, 0x2c, 0x31, 0x2c, 0x30, 0x2c, 0x30, 0x6c, 0x30, 0x2c, 0x30, 0x2c, 0x30, 0x2c, 0x30, 0x2c,
    0x30, 0x2c, 0x30, 0x2c, 0x30, 0x2c, 0x30, 0x2c, 0x30, 0x2c, 0x30, 0x2c, 0x30, 0x2c, 0x30, 0x2c,
    0x30, 0x2c, 0x30, 0x2c, 0x30, 0x2c, 0x30, 0x2c, 0x30, 0x2c, 0x30, 0x2c, 0x30, 0x2c, 0x30, 0x2c,
    0x30, 0x2c, 0x30, 0x2c, 0x30, 0x2c, 0x30, 0x2c, 0x30, 0x2c, 0x30, 0x2c, 0x30, 0x2c, 0x30, 0x2c,
    0x30, 0x2c, 0x30, 0x2c, 0x30, 0x2c, 0x30, 0x2c, 0x30, 0x2c, 0x30, 0x2c, 0x30, 0x2c, 0x30, 0x2c,
    0x30, 0x2c, 0x30, 0x61, 0x2e, 0x30, 0x38, 0x2e, 0x30, 0x38, 0x2c, 0x30, 0x2c, 0x30, 0x2c, 0x30,
    0x2c, 0x30, 0x2c, 0x30, 0x6c, 0x30, 0x2c, 0x30, 0x2c, 0x30, 0x2c, 0x30, 0x2c, 0x30, 0x2c, 0x30,
    0x61, 0x31, 0x2e, 0x35, 0x37, 0x2c, 0x31, 0x2e, 0x35, 0x37, 0x2c, 0x30, 0x2c, 0x30, 0x2c, 0x30,
    0x2d, 0x2e, 0x34, 0x37, 0x2d, 0x2e, 0x33, 0x2c, 0x31, 0x2e, 0x37, 0x34, 0x2c, 0x31, 0x2e, 0x37,
    0x34, 0x2c, 0x30, 0x2c, 0x30, 0x2c, 0x30, 0x2d, 0x31, 0x2e, 0x39, 0x31, 0x2e, 0x33, 0x37, 0x4c,
    0x2e, 0x35, 0x32, 0x2c, 0x35, 0x34, 0x2e, 0x37, 0x38, 0x61, 0x31, 0x2e, 0x37, 0x34, 0x2c, 0x31,
    0x2e, 0x37, 0x34, 0x2c, 0x30, 0x2c, 0x30, 0x2c, 0x30, 0x2d, 0x2e, 0x33, 0x39, 0x2c, 0x31, 0x2e,
    0x39, 0x2c, 0x32, 0x2c, 0x32, 0x2c, 0x30, 0x2c, 0x30, 0x2c, 0x30, 0x2c, 0x2e, 0x33, 0x2e, 0x34,
    0x38, 0x6c, 0x30, 0x2c, 0x30, 0x2c, 0x30, 0x2c, 0x30, 0x2c, 0x30, 0x2c, 0x30, 0x2c, 0x30, 0x2c,
    0x30, 0x2c, 0x30, 0x2c, 0x30, 0x2c, 0x30, 0x2c, 0x30, 0x2c, 0x30, 0x2c, 0x30, 0x2c, 0x30, 0x2c,
    0x30, 0x2c, 0x30, 0x2c, 0x30, 0x2c, 0x30, 0x2c, 0x30, 0x2c, 0x30, 0x2c, 0x30, 0x2c, 0x30, 0x2c,
    0x30, 0x2c, 0x30, 0x2c, 0x30, 0x2c, 0x30, 0x2c, 0x30, 0x2c, 0x30, 0x2c, 0x30, 0x2c, 0x30, 0x2c,
    0x30, 0x2c, 0x30, 0x2c, 0x30, 0x2c, 0x30, 0x2c, 0x30, 0x2c, 0x30, 0x2c, 0x30, 0x2c, 0x30, 0x2c,
    0x30, 0x2c, 0x30, 0x2c, 0x30, 0x2c, 0x30, 0x2c, 0x30, 0x2c, 0x30, 0x2c, 0x30, 0x2c, 0x30, 0x2c,
    0x30, 0x2c, 0x30, 0x2c, 0x30, 0x2c, 0x30, 0x2c, 0x30, 0x2c, 0x30, 0x2c, 0x30, 0x2c, 0x30, 0x2c,
    0x30, 0x2c, 0x30, 0x2c, 0x30, 0x2c, 0x30, 0x2c, 0x30, 0x2c, 0x30, 0x2c, 0x30, 0x2c, 0x30, 0x2c,
    0x30, 0x2c, 0x30, 0x2c, 0x30, 0x2c, 0x30, 0x2c, 0x30, 0x2c, 0x30, 0x2c, 0x30, 0x2c, 0x30, 0x2c,
    0x30, 0x2c, 0x30, 0x2c, 0x30, 0x2c, 0x30, 0x2c, 0x30, 0x2c, 0x30, 0x2c, 0x30, 0x2c, 0x30, 0x2c,
    0x30, 0x2c, 0x30, 0x2c, 0x30, 0x2c, 0x30, 0x2c, 0x30, 0x2c, 0x30, 0x2c, 0x30, 0x2c, 0x30, 0x2c,
    0x30, 0x2c, 0x30, 0x2c, 0x30, 0x2c, 0x30, 0x2c, 0x30, 0x2c, 0x30, 0x2c, 0x30, 0x2c, 0x30, 0x2c,
    0x30, 0x2c, 0x30, 0x2c, 0x30, 0x2c, 0x30, 0x2c, 0x30, 0x61, 0x31, 0x2e, 0x37, 0x37, 0x2c, 0x31,
    0x2e, 0x37, 0x37, 0x2c, 0x30, 0x2c, 0x30, 0x2c, 0x30, 0x2c, 0x31, 0x2e, 0x33, 0x36, 0x2e, 0x36,
    0x34, 0x48, 0x35, 0x37, 0x2e, 0x38, 0x31, 0x61, 0x31, 0x2e, 0x37, 0x33, 0x2c, 0x31, 0x2e, 0x37,
    0x33, 0x2c, 0x30, 0x2c, 0x30, 0x2c, 0x30, 0x2c, 0x31, 0x2e, 0x37, 0x34, 0x2d, 0x31, 0x2e, 0x37,
    0x34, 0x56, 0x33, 0x2e, 0x35, 0x35, 0x41, 0x31, 0x2e, 0x37, 0x35, 0x2c, 0x31, 0x2e, 0x37, 0x35,
    0x2c, 0x30, 0x2c, 0x30, 0x2c, 0x30, 0x2c, 0x35, 0x38, 0x2e, 0x39, 0x31, 0x2c, 0x32, 0x2e, 0x31,
    0x39, 0x5a, 0x22, 0x20, 0x73, 0x74, 0x79, 0x6c, 0x65, 0x3d, 0x22, 0x66, 0x69, 0x6c, 0x6c, 0x3a,
    0x23, 0x35, 0x38, 0x35, 0x39, 0x35, 0x62, 0x22, 0x2f, 0x3e, 0x3c, 0x70, 0x61, 0x74, 0x68, 0x20,
    0x64, 0x3d, 0x22, 0x4d, 0x35, 0x36, 0x2e, 0x36, 0x38, 0x2e, 0x32, 0x38, 0x61, 0x31, 0x2e, 0x37,
    0x34, 0x2c, 0x31, 0x2e, 0x37, 0x34, 0x2c, 0x30, 0x2c, 0x30, 0x2c, 0x30, 0x2d, 0x31, 0x2e, 0x39,
    0x31, 0x2e, 0x33, 0x38, 0x4c, 0x2e, 0x35, 0x32, 0x2c, 0x35, 0x34, 0x2e, 0x39, 0x32, 0x61, 0x31,
    0x2e, 0x37, 0x36, 0x2c, 0x31, 0x2e, 0x37, 0x36, 0x2c, 0x30, 0x2c, 0x30, 0x2c, 0x30, 0x2d, 0x2e,
    0x33, 0x39, 0x2c, 0x31, 0x2e, 0x39, 0x31, 0x2c, 0x31, 0x2e, 0x37, 0x38, 0x2c, 0x31, 0x2e, 0x37,
    0x38, 0x2c, 0x30, 0x2c, 0x30, 0x2c, 0x30, 0x2c, 0x31, 0x2e, 0x36, 0x33, 0x2c, 0x31, 0x2e, 0x30,
    0x38, 0x48, 0x35, 0x36, 0x61, 0x31, 0x2e, 0x37, 0x35, 0x2c, 0x31, 0x2e, 0x37, 0x35, 0x2c, 0x30,
    0x2c, 0x30, 0x2c, 0x30, 0x2c, 0x31, 0x2e, 0x37, 0x35, 0x2d, 0x31, 0x2e, 0x37, 0x35, 0x56, 0x31,
    0x2e, 0x39, 0x41, 0x31, 0x2e, 0x37, 0x36, 0x2c, 0x31, 0x2e, 0x37, 0x36, 0x2c, 0x30, 0x2c, 0x30,
    0x2c, 0x30, 0x2c, 0x35, 0x36, 0x2e, 0x36, 0x38, 0x2e, 0x32, 0x38, 0x22, 0x20, 0x73, 0x74, 0x79,
    0x6c, 0x65, 0x3d, 0x22, 0x66, 0x69, 0x6c, 0x6c, 0x3a, 0x75, 0x72, 0x6c, 0x28, 0x23, 0x53, 0x75,
    0x6d, 0x6d, 0x65, 0x72, 0x5f, 0x4d, 0x75, 0x6c, 0x74, 0x69, 0x63, 0x6f, 0x6c, 0x6f, 0x72, 0x29,
    0x22, 0x2f, 0x3e, 0x3c, 0x2f, 0x73, 0x76, 0x67, 0x3e,
};
static const size_t main_toolbar_ac_ramp_up_svg_len = 1561;

static const unsigned char main_toolbar_ac_ramp_down_svg[] = {
    0x3c, 0x73, 0x76, 0x67, 0x20, 0x69, 0x64, 0x3d, 0x22, 0x4c, 0x61, 0x79, 0x65, 0x72, 0x5f, 0x31,
    0x22, 0x20, 0x64, 0x61, 0x74, 0x61, 0x2d, 0x6e, 0x61, 0x6d, 0x65, 0x3d, 0x22, 0x4c, 0x61, 0x79,
    0x65, 0x72, 0x20, 0x31, 0x22, 0x20, 0x78, 0x6d, 0x6c, 0x6e, 0x73, 0x3d, 0x22, 0x68, 0x74, 0x74,
    0x70, 0x3a, 0x2f, 0x2f, 0x77, 0x77, 0x77, 0x2e, 0x77, 0x33, 0x2e, 0x6f, 0x72, 0x67, 0x2f, 0x32,
    0x30, 0x30, 0x30, 0x2f, 0x73, 0x76, 0x67, 0x22, 0x20, 0x78, 0x6d, 0x6c, 0x6e, 0x73, 0x3a, 0x78,
    0x6c, 0x69, 0x6e, 0x6b, 0x3d, 0x22, 0x68, 0x74, 0x74, 0x70, 0x3a, 0x2f, 0x2f, 0x77, 0x77, 0x77,
    0x2e, 0x77, 0x33, 0x2e, 0x6f, 0x72, 0x67, 0x2f, 0x31, 0x39, 0x39, 0x39, 0x2f, 0x78, 0x6c, 0x69,
    0x6e, 0x6b, 0x22, 0x20, 0x76, 0x69, 0x65, 0x77, 0x42, 0x6f, 0x78, 0x3d, 0x22, 0x30, 0x20, 0x30,
    0x20, 0x35, 0x39, 0x2e, 0x35, 0x35, 0x20, 0x35, 0x39, 0x2e, 0x35, 0x35, 0x22, 0x3e, 0x3c, 0x64,
    0x65, 0x66, 0x73, 0x3e, 0x3c, 0x6c, 0x69, 0x6e, 0x65, 0x61, 0x72, 0x47, 0x72, 0x61, 0x64, 0x69,
    0x65, 0x6e, 0x74, 0x20, 0x69, 0x64, 0x3d, 0x22, 0x53, 0x75, 0x6d, 0x6d, 0x65, 0x72, 0x5f, 0x4d,
    0x75, 0x6c, 0x74, 0x69, 0x63, 0x6f, 0x6c, 0x6f, 0x72, 0x22, 0x20, 0x78, 0x31, 0x3d, 0x22, 0x2d,
    0x35, 0x39, 0x32, 0x2e, 0x36, 0x36, 0x22, 0x20, 0x79, 0x31, 0x3d, 0x22, 0x32, 0x38, 0x2e, 0x38,
    0x38, 0x22, 0x20, 0x78, 0x32, 0x3d, 0x22, 0x34, 0x35, 0x30, 0x2e, 0x38, 0x38, 0x22, 0x20, 0x79,
    0x32, 0x3d, 0x22, 0x32, 0x38, 0x2e, 0x38, 0x38, 0x22, 0x20, 0x67, 0x72, 0x61, 0x64, 0x69, 0x65,
    0x6e, 0x74, 0x55, 0x6e, 0x69, 0x74, 0x73, 0x3d, 0x22, 0x75, 0x73, 0x65, 0x72, 0x53, 0x70, 0x61,
    0x63, 0x65, 0x4f, 0x6e, 0x55, 0x73, 0x65, 0x22, 0x3e, 0x3c, 0x73, 0x74, 0x6f, 0x70, 0x20, 0x6f,
    0x66, 0x66, 0x73, 0x65, 0x74, 0x3d, 0x22, 0x30, 0x2e, 0x31, 0x31, 0x22, 0x20, 0x73, 0x74, 0x6f,
    0x70, 0x2d, 0x63, 0x6f, 0x6c, 0x6f, 0x72, 0x3d, 0x22, 0x23, 0x66, 0x30, 0x63, 0x38, 0x33, 0x62,
    0x22, 0x2f, 0x3e, 0x3c, 0x73, 0x74, 0x6f, 0x70, 0x20, 0x6f, 0x66, 0x66, 0x73, 0x65, 0x74, 0x3d,
    0x22, 0x30, 0x2e, 0x32, 0x34, 0x22, 0x20, 0x73, 0x74, 0x6f, 0x70, 0x2d, 0x63, 0x6f, 0x6c, 0x6f,
    0x72, 0x3d, 0x22, 0x23, 0x66, 0x31, 0x35, 0x36, 0x33, 0x63, 0x22, 0x2f, 0x3e, 0x3c, 0x73, 0x74,
    0x6f, 0x70, 0x20, 0x6f, 0x66, 0x66, 0x73, 0x65, 0x74, 0x3d, 0x22, 0x30, 0x2e, 0x32, 0x37, 0x22,
    0x20, 0x73, 0x74, 0x6f, 0x70, 0x2d, 0x63, 0x6f, 0x6c, 0x6f, 0x72, 0x3d, 0x22, 0x23, 0x65, 0x36,
    0x35, 0x33, 0x35, 0x32, 0x22, 0x2f, 0x3e, 0x3c, 0x73, 0x74, 0x6f, 0x70, 0x20, 0x6f, 0x66, 0x66,
    0x73, 0x65, 0x74, 0x3d, 0x22, 0x30, 0x2e, 0x33, 0x32, 0x22, 0x20, 0x73, 0x74, 0x6f, 0x70, 0x2d,
    0x63, 0x6f, 0x6c, 0x6f, 0x72, 0x3d, 0x22, 0x23, 0x64, 0x33, 0x34, 0x66, 0x37, 0x61, 0x22, 0x2f,
    0x3e, 0x3c, 0x73, 0x74, 0x6f, 0x70, 0x20, 0x6f, 0x66, 0x66, 0x73, 0x65, 0x74, 0x3d, 0x22, 0x30,
    0x2e, 0x33, 0x37, 0x22, 0x20, 0x73, 0x74, 0x6f, 0x70, 0x2d, 0x63, 0x6f, 0x6c, 0x6f, 0x72, 0x3d,
    0x22, 0x23, 0x63, 0x37, 0x34, 0x63, 0x39, 0x32, 0x22, 0x2f, 0x3e, 0x3c, 0x73, 0x74, 0x6f, 0x70,
    0x20, 0x6f, 0x66, 0x66, 0x73, 0x65, 0x74, 0x3d, 0x22, 0x30, 0x2e, 0x33, 0x39, 0x22, 0x20, 0x73,
    0x74, 0x6f, 0x70, 0x2d, 0x63, 0x6f, 0x6c, 0x6f, 0x72, 0x3d, 0x22, 0x23, 0x63, 0x33, 0x34, 0x62,
    0x39, 0x62, 0x22, 0x2f, 0x3e, 0x3c, 0x73, 0x74, 0x6f, 0x70, 0x20, 0x6f, 0x66, 0x66, 0x73, 0x65,
    0x74, 0x3d, 0x22, 0x30, 0x2e, 0x37, 0x39, 0x22, 0x20, 0x73, 0x74, 0x6f, 0x70, 0x2d, 0x63, 0x6f,
    0x6c, 0x6f, 0x72, 0x3d, 0x22, 0x23, 0x30, 0x30, 0x62, 0x33, 0x63, 0x31, 0x22, 0x2f, 0x3e, 0x3c,
    0x73, 0x74, 0x6f, 0x70, 0x20, 0x6f, 0x66, 0x66, 0x73, 0x65, 0x74, 0x3d, 0x22, 0x30, 0x2e, 0x38,
    0x31, 0x22, 0x20, 0x73, 0x74, 0x6f, 0x70, 0x2d, 0x63, 0x6f, 0x6c, 0x6f, 0x72, 0x3d, 0x22, 0x23,
    0x30, 0x30, 0x62, 0x33, 0x36, 0x63, 0x22, 0x2f, 0x3e, 0x3c, 0x73, 0x74, 0x6f, 0x70, 0x20, 0x6f,
    0x66, 0x66, 0x73, 0x65, 0x74, 0x3d, 0x22, 0x31, 0x22, 0x20, 0x73, 0x74, 0x6f, 0x70, 0x2d, 0x63,
    0x6f, 0x6c, 0x6f, 0x72, 0x3d, 0x22, 0x23, 0x30, 0x30, 0x62, 0x33, 0x63, 0x31, 0x22, 0x2f, 0x3e,
    0x3c, 0x2f, 0x6c, 0x69, 0x6e, 0x65, 0x61, 0x72, 0x47, 0x72, 0x61, 0x64, 0x69, 0x65, 0x6e, 0x74,
    0x3e, 0x3c, 0x2f, 0x64, 0x65, 0x66, 0x73, 0x3e, 0x3c, 0x70, 0x61, 0x74, 0x68, 0x20, 0x64, 0x3d,
    0x22, 0x4d, 0x35, 0x39, 0x2c, 0x35, 0x36, 0x2e, 0x35, 0x37, 0x2c, 0x35, 0x39, 0x2c, 0x35, 0x36,
    0x2e, 0x35, 0x68, 0x30, 0x4c, 0x34, 0x2e, 0x37, 0x31, 0x2c, 0x32, 0x2e, 0x32, 0x34, 0x68, 0x30,
    0x6c, 0x30, 0x2c, 0x30, 0x68, 0x30, 0x4c, 0x34, 0x2e, 0x35, 0x2c, 0x32, 0x68, 0x30, 0x6c, 0x30,
    0x2c, 0x30, 0x68, 0x30, 0x6c, 0x2d, 0x2e, 0x32, 0x31, 0x2d, 0x2e, 0x32, 0x31, 0x68, 0x30, 0x4c,
    0x34, 0x2c, 0x31, 0x2e, 0x35, 0x37, 0x48, 0x34, 0x6c, 0x30, 0x2c, 0x30, 0x48, 0x34, 0x4c, 0x33,
    0x2e, 0x38, 0x2c, 0x31, 0x2e, 0x33, 0x32, 0x68, 0x30, 0x6c, 0x2d, 0x2e, 0x32, 0x31, 0x2d, 0x2e,
    0x32, 0x31, 0x68, 0x30, 0x6c, 0x30, 0x2c, 0x30, 0x68, 0x30, 0x4c, 0x33, 0x2e, 0x33, 0x37, 0x2e,
    0x39, 0x68, 0x30, 0x6c, 0x30, 0x2c, 0x30, 0x68, 0x30, 0x4c, 0x33, 0x2e, 0x31, 0x33, 0x2e, 0x36,
    0x35, 0x68, 0x30, 0x4c, 0x33, 0x2c, 0x2e, 0x35, 0x35, 0x48, 0x33, 0x6c, 0x30, 0x2c, 0x30, 0x41,
    0x31, 0x2e, 0x37, 0x36, 0x2c, 0x31, 0x2e, 0x37, 0x36, 0x2c, 0x30, 0x2c, 0x30, 0x2c, 0x30, 0x2c,
    0x30, 0x2c, 0x31, 0x2e, 0x37, 0x36, 0x56, 0x35, 0x36, 0x61, 0x31, 0x2e, 0x37, 0x33, 0x2c, 0x31,
    0x2e, 0x37, 0x33, 0x2c, 0x30, 0x2c, 0x30, 0x2c, 0x30, 0x2c, 0x2e, 0x35, 0x33, 0x2c, 0x31, 0x2e,
    0x32, 0x35, 0x6c, 0x30, 0x2c, 0x30, 0x2c, 0x30, 0x2c, 0x30, 0x2c, 0x30, 0x2c, 0x30, 0x2c, 0x30,
    0x2c, 0x30, 0x2c, 0x30, 0x2c, 0x30, 0x2c, 0x30, 0x2c, 0x30, 0x2c, 0x30, 0x2c, 0x30, 0x2c, 0x30,
    0x2c, 0x30, 0x2c, 0x30, 0x2c, 0x30, 0x2c, 0x30, 0x2c, 0x30, 0x2c, 0x30, 0x2c, 0x30, 0x2c, 0x30,
    0x2c, 0x30, 0x2c, 0x30, 0x2c, 0x30, 0x2c, 0x30, 0x2c, 0x30, 0x2c, 0x30, 0x2c, 0x30, 0x2c, 0x30,
    0x2c, 0x30, 0x2c, 0x30, 0x2c, 0x30, 0x2c, 0x30, 0x2c, 0x30, 0x2c, 0x30, 0x2c, 0x30, 0x2c, 0x30,
    0x2c, 0x30, 0x2c, 0x30, 0x2c, 0x30, 0x2c, 0x30, 0x2c, 0x30, 0x2c, 0x30, 0x2c, 0x30, 0x2c, 0x30,
    0x2c, 0x30, 0x2c, 0x30, 0x2c, 0x30, 0x2c, 0x30, 0x2c, 0x30, 0x2c, 0x30, 0x2c, 0x30, 0x2c, 0x30,
    0x2c, 0x30, 0x2c, 0x30, 0x2c, 0x30, 0x2c, 0x30, 0x2c, 0x30, 0x2c, 0x30, 0x2c, 0x30, 0x2c, 0x30,
    0x2c, 0x30, 0x2c, 0x30, 0x2c, 0x30, 0x2c, 0x30, 0x2c, 0x30, 0x2c, 0x30, 0x2c, 0x30, 0x2c, 0x30,
    0x2c, 0x30, 0x2c, 0x30, 0x2c, 0x30, 0x2c, 0x30, 0x2c, 0x30, 0x2c, 0x30, 0x2c, 0x30, 0x2c, 0x30,
    0x2c, 0x30, 0x2c, 0x30, 0x2c, 0x30, 0x2c, 0x30, 0x2c, 0x30, 0x2c, 0x30, 0x2c, 0x30, 0x2c, 0x30,
    0x2c, 0x30, 0x2c, 0x30, 0x2c, 0x30, 0x2c, 0x30, 0x2c, 0x30, 0x2c, 0x30, 0x2c, 0x30, 0x2c, 0x30,
    0x2c, 0x30, 0x2c, 0x30, 0x2c, 0x30, 0x2c, 0x30, 0x2c, 0x30, 0x61, 0x31, 0x2e, 0x37, 0x36, 0x2c,
    0x31, 0x2e, 0x37, 0x36, 0x2c, 0x30, 0x2c, 0x30, 0x2c, 0x30, 0x2c, 0x31, 0x2e, 0x32, 0x35, 0x2e,
    0x35, 0x32, 0x48, 0x35, 0x37, 0x2e, 0x38, 0x61, 0x31, 0x2e, 0x37, 0x34, 0x2c, 0x31, 0x2e, 0x37,
    0x34, 0x2c, 0x30, 0x2c, 0x30, 0x2c, 0x30, 0x2c, 0x31, 0x2e, 0x32, 0x34, 0x2d, 0x33, 0x5a, 0x22,
    0x20, 0x73, 0x74, 0x79, 0x6c, 0x65, 0x3d, 0x22, 0x66, 0x69, 0x6c, 0x6c, 0x3a, 0x23, 0x35, 0x38,
    0x35, 0x39, 0x35, 0x62, 0x22, 0x2f, 0x3e, 0x3c, 0x70, 0x61, 0x74, 0x68, 0x20, 0x64, 0x3d, 0x22,
    0x4d, 0x31, 0x2e, 0x30, 0x38, 0x2e, 0x31, 0x34, 0x41, 0x31, 0x2e, 0x37, 0x34, 0x2c, 0x31, 0x2e,
    0x37, 0x34, 0x2c, 0x30, 0x2c, 0x30, 0x2c, 0x31, 0x2c, 0x33, 0x2c, 0x2e, 0x35, 0x31, 0x4c, 0x35,
    0x37, 0x2e, 0x32, 0x34, 0x2c, 0x35, 0x34, 0x2e, 0x37, 0x38, 0x61, 0x31, 0x2e, 0x37, 0x34, 0x2c,
    0x31, 0x2e, 0x37, 0x34, 0x2c, 0x30, 0x2c, 0x30, 0x2c, 0x31, 0x2d, 0x31, 0x2e, 0x32, 0x33, 0x2c,
    0x33, 0x48, 0x31, 0x2e, 0x37, 0x35, 0x41, 0x31, 0x2e, 0x37, 0x34, 0x2c, 0x31, 0x2e, 0x37, 0x34,
    0x2c, 0x30, 0x2c, 0x30, 0x2c, 0x31, 0x2c, 0x30, 0x2c, 0x35, 0x36, 0x56, 0x31, 0x2e, 0x37, 0x36,
    0x41, 0x31, 0x2e, 0x37, 0x35, 0x2c, 0x31, 0x2e, 0x37, 0x35, 0x2c, 0x30, 0x2c, 0x30, 0x2c, 0x31,
    0x2c, 0x31, 0x2e, 0x30, 0x38, 0x2e, 0x31, 0x34, 0x22, 0x20, 0x73, 0x74, 0x79, 0x6c, 0x65, 0x3d,
    0x22, 0x66, 0x69, 0x6c, 0x6c, 0x3a, 0x75, 0x72, 0x6c, 0x28, 0x23, 0x53, 0x75, 0x6d, 0x6d, 0x65,
    0x72, 0x5f, 0x4d, 0x75, 0x6c, 0x74, 0x69, 0x63, 0x6f, 0x6c, 0x6f, 0x72, 0x29, 0x22, 0x2f, 0x3e,
    0x3c, 0x2f, 0x73, 0x76, 0x67, 0x3e,
};
static const size_t main_toolbar_ac_ramp_down_svg_len = 1318;

static const unsigned char main_toolbar_ac_ramp_up_down_svg[] = {
    0x3c, 0x73, 0x76, 0x67, 0x20, 0x69, 0x64, 0x3d, 0x22, 0x4c, 0x61, 0x79, 0x65, 0x72, 0x5f, 0x31,
    0x22, 0x20, 0x64, 0x61, 0x74, 0x61, 0x2d, 0x6e, 0x61, 0x6d, 0x65, 0x3d, 0x22, 0x4c, 0x61, 0x79,
    0x65, 0x72, 0x20, 0x31, 0x22, 0x20, 0x78, 0x6d, 0x6c, 0x6e, 0x73, 0x3d, 0x22, 0x68, 0x74, 0x74,
    0x70, 0x3a, 0x2f, 0x2f, 0x77, 0x77, 0x77, 0x2e, 0x77, 0x33, 0x2e, 0x6f, 0x72, 0x67, 0x2f, 0x32,
    0x30, 0x30, 0x30, 0x2f, 0x73, 0x76, 0x67, 0x22, 0x20, 0x78, 0x6d, 0x6c, 0x6e, 0x73, 0x3a, 0x78,
    0x6c, 0x69, 0x6e, 0x6b, 0x3d, 0x22, 0x68, 0x74, 0x74, 0x70, 0x3a, 0x2f, 0x2f, 0x77, 0x77, 0x77,
    0x2e, 0x77, 0x33, 0x2e, 0x6f, 0x72, 0x67, 0x2f, 0x31, 0x39, 0x39, 0x39, 0x2f, 0x78, 0x6c, 0x69,
    0x6e, 0x6b, 0x22, 0x20, 0x76, 0x69, 0x65, 0x77, 0x42, 0x6f, 0x78, 0x3d, 0x22, 0x30, 0x20, 0x30,
    0x20, 0x35, 0x39, 0x2e, 0x34, 0x33, 0x20, 0x35, 0x39, 0x2e, 0x33, 0x36, 0x22, 0x3e, 0x3c, 0x64,
    0x65, 0x66, 0x73, 0x3e, 0x3c, 0x6c, 0x69, 0x6e, 0x65, 0x61, 0x72, 0x47, 0x72, 0x61, 0x64, 0x69,
    0x65, 0x6e, 0x74, 0x20, 0x69, 0x64, 0x3d, 0x22, 0x53, 0x75, 0x6d, 0x6d, 0x65, 0x72, 0x5f, 0x4d,
    0x75, 0x6c, 0x74, 0x69, 0x63, 0x6f, 0x6c, 0x6f, 0x72, 0x22, 0x20, 0x78, 0x31, 0x3d, 0x22, 0x2d,
    0x36, 0x36, 0x33, 0x2e, 0x31, 0x35, 0x22, 0x20, 0x79, 0x31, 0x3d, 0x22, 0x32, 0x38, 0x2e, 0x39,
    0x33, 0x22, 0x20, 0x78, 0x32, 0x3d, 0x22, 0x33, 0x38, 0x30, 0x2e, 0x34, 0x22, 0x20, 0x79, 0x32,
    0x3d, 0x22, 0x32, 0x38, 0x2e, 0x39, 0x33, 0x22, 0x20, 0x67, 0x72, 0x61, 0x64, 0x69, 0x65, 0x6e,
    0x74, 0x55, 0x6e, 0x69, 0x74, 0x73, 0x3d, 0x22, 0x75, 0x73, 0x65, 0x72, 0x53, 0x70, 0x61, 0x63,
    0x65, 0x4f, 0x6e, 0x55, 0x73, 0x65, 0x22, 0x3e, 0x3c, 0x73, 0x74, 0x6f, 0x70, 0x20, 0x6f, 0x66,
    0x66, 0x73, 0x65, 0x74, 0x3d, 0x22, 0x30, 0x2e, 0x31, 0x31, 0x22, 0x20, 0x73, 0x74, 0x6f, 0x70,
    0x2d, 0x63, 0x6f, 0x6c, 0x6f, 0x72, 0x3d, 0x22, 0x23, 0x66, 0x30, 0x63, 0x38, 0x33, 0x62, 0x22,
    0x2f, 0x3e, 0x3c, 0x73, 0x74, 0x6f, 0x70, 0x20, 0x6f, 0x66, 0x66, 0x73, 0x65, 0x74, 0x3d, 0x22,
    0x30, 0x2e, 0x32, 0x34, 0x22, 0x20, 0x73, 0x74, 0x6f, 0x70, 0x2d, 0x63, 0x6f, 0x6c, 0x6f, 0x72,
    0x3d, 0x22, 0x23, 0x66, 0x31, 0x35, 0x36, 0x33, 0x63, 0x22, 0x2f, 0x3e, 0x3c, 0x73, 0x74, 0x6f,
    0x70, 0x20, 0x6f, 0x66, 0x66, 0x73, 0x65, 0x74, 0x3d, 0x22, 0x30, 0x2e, 0x32, 0x37, 0x22, 0x20,
    0x73, 0x74, 0x6f, 0x70, 0x2d, 0x63, 0x6f, 0x6c, 0x6f, 0x72, 0x3d, 0x22, 0x23, 0x65, 0x36, 0x35,
    0x33, 0x35, 0x32, 0x22, 0x2f, 0x3e, 0x3c, 0x73, 0x74, 0x6f, 0x70, 0x20, 0x6f, 0x66, 0x66, 0x73,
    0x65, 0x74, 0x3d, 0x22, 0x30, 0x2e, 0x33, 0x32, 0x22, 0x20, 0x73, 0x74, 0x6f, 0x70, 0x2d, 0x63,
    0x6f, 0x6c, 0x6f, 0x72, 0x3d, 0x22, 0x23, 0x64, 0x33, 0x34, 0x66, 0x37, 0x61, 0x22, 0x2f, 0x3e,
    0x3c, 0x73, 0x74, 0x6f, 0x70, 0x20, 0x6f, 0x66, 0x66, 0x73, 0x65, 0x74, 0x3d, 0x22, 0x30, 0x2e,
    0x33, 0x37, 0x22, 0x20, 0x73, 0x74, 0x6f, 0x70, 0x2d, 0x63, 0x6f, 0x6c, 0x6f, 0x72, 0x3d, 0x22,
    0x23, 0x63, 0x37, 0x34, 0x63, 0x39, 0x32, 0x22, 0x2f, 0x3e, 0x3c, 0x73, 0x74, 0x6f, 0x70, 0x20,
    0x6f, 0x66, 0x66, 0x73, 0x65, 0x74, 0x3d, 0x22, 0x30, 0x2e, 0x33, 0x39, 0x22, 0x20, 0x73, 0x74,
    0x6f, 0x70, 0x2d, 0x63, 0x6f, 0x6c, 0x6f, 0x72, 0x3d, 0x22, 0x23, 0x63, 0x33, 0x34, 0x62, 0x39,
    0x62, 0x22, 0x2f, 0x3e, 0x3c, 0x73, 0x74, 0x6f, 0x70, 0x20, 0x6f, 0x66, 0x66, 0x73, 0x65, 0x74,
    0x3d, 0x22, 0x30, 0x2e, 0x37, 0x39, 0x22, 0x20, 0x73, 0x74, 0x6f, 0x70, 0x2d, 0x63, 0x6f, 0x6c,
    0x6f, 0x72, 0x3d, 0x22, 0x23, 0x30, 0x30, 0x62, 0x33, 0x63, 0x31, 0x22, 0x2f, 0x3e, 0x3c, 0x73,
    0x74, 0x6f, 0x70, 0x20, 0x6f, 0x66, 0x66, 0x73, 0x65, 0x74, 0x3d, 0x22, 0x30, 0x2e, 0x38, 0x31,
    0x22, 0x20, 0x73, 0x74, 0x6f, 0x70, 0x2d, 0x63, 0x6f, 0x6c, 0x6f, 0x72, 0x3d, 0x22, 0x23, 0x30,
    0x30, 0x62, 0x33, 0x36, 0x63, 0x22, 0x2f, 0x3e, 0x3c, 0x73, 0x74, 0x6f, 0x70, 0x20, 0x6f, 0x66,
    0x66, 0x73, 0x65, 0x74, 0x3d, 0x22, 0x31, 0x22, 0x20, 0x73, 0x74, 0x6f, 0x70, 0x2d, 0x63, 0x6f,
    0x6c, 0x6f, 0x72, 0x3d, 0x22, 0x23, 0x30, 0x30, 0x62, 0x33, 0x63, 0x31, 0x22, 0x2f, 0x3e, 0x3c,
    0x2f, 0x6c, 0x69, 0x6e, 0x65, 0x61, 0x72, 0x47, 0x72, 0x61, 0x64, 0x69, 0x65, 0x6e, 0x74, 0x3e,
    0x3c, 0x2f, 0x64, 0x65, 0x66, 0x73, 0x3e, 0x3c, 0x70, 0x61, 0x74, 0x68, 0x20, 0x64, 0x3d, 0x22,
    0x4d, 0x35, 0x39, 0x2e, 0x32, 0x34, 0x2c, 0x35, 0x36, 0x2e, 0x38, 0x32, 0x2c, 0x33, 0x32, 0x2e,
    0x31, 0x37, 0x2c, 0x32, 0x2e, 0x36, 0x38, 0x61, 0x31, 0x2e, 0x35, 0x2c, 0x31, 0x2e, 0x35, 0x2c,
    0x30, 0x2c, 0x30, 0x2c, 0x30, 0x2d, 0x2e, 0x33, 0x2d, 0x2e, 0x34, 0x6c, 0x30, 0x2c, 0x30, 0x2c,
    0x30, 0x2c, 0x30, 0x2c, 0x30, 0x2c, 0x30, 0x2c, 0x30, 0x2c, 0x30, 0x2c, 0x30, 0x2c, 0x30, 0x2c,
    0x30, 0x2c, 0x30, 0x2c, 0x30, 0x2c, 0x30, 0x2c, 0x30, 0x2c, 0x30, 0x61, 0x2e, 0x30, 0x38, 0x2e,
    0x30, 0x38, 0x2c, 0x30, 0x2c, 0x30, 0x2c, 0x30, 0x2c, 0x30, 0x2c, 0x30, 0x6c, 0x30, 0x2c, 0x30,
    0x2c, 0x30, 0x2c, 0x30, 0x2c, 0x30, 0x2c, 0x30, 0x2c, 0x30, 0x2c, 0x30, 0x2c, 0x30, 0x2c, 0x30,
    0x61, 0x2e, 0x30, 0x38, 0x2e, 0x30, 0x38, 0x2c, 0x30, 0x2c, 0x30, 0x2c, 0x30, 0x2c, 0x30, 0x2c,
    0x30, 0x6c, 0x30, 0x2c, 0x30, 0x2c, 0x30, 0x2c, 0x30, 0x2c, 0x30, 0x2c, 0x30, 0x2c, 0x30, 0x2c,
    0x30, 0x2c, 0x30, 0x2c, 0x30, 0x2c, 0x30, 0x2c, 0x30, 0x2c, 0x30, 0x2c, 0x30, 0x2c, 0x30, 0x2c,
    0x30, 0x2c, 0x30, 0x2c, 0x30, 0x2c, 0x30, 0x2c, 0x30, 0x2c, 0x30, 0x2c, 0x30, 0x2c, 0x30, 0x2c,
    0x30, 0x2c, 0x30, 0x2c, 0x30, 0x2c, 0x30, 0x2c, 0x30, 0x2c, 0x30, 0x2c, 0x30, 0x2c, 0x30, 0x2c,
    0x30, 0x2c, 0x30, 0x2c, 0x30, 0x2c, 0x30, 0x2c, 0x30, 0x2c, 0x30, 0x2c, 0x30, 0x61, 0x2e, 0x30,
    0x38, 0x2e, 0x30, 0x38, 0x2c, 0x30, 0x2c, 0x30, 0x2c, 0x31, 0x2c, 0x30, 0x2c, 0x30, 0x6c, 0x30,
    0x2c, 0x30, 0x2c, 0x30, 0x2c, 0x30, 0x2c, 0x30, 0x2c, 0x30, 0x2c, 0x30, 0x2c, 0x30, 0x2c, 0x30,
    0x2c, 0x30, 0x61, 0x2e, 0x30, 0x38, 0x2e, 0x30, 0x38, 0x2c, 0x30, 0x2c, 0x30, 0x2c, 0x31, 0x2c,
    0x30, 0x2c, 0x30, 0x6c, 0x30, 0x2c, 0x30, 0x2c, 0x30, 0x2c, 0x30, 0x61, 0x2e, 0x30, 0x38, 0x2e,
    0x30, 0x38, 0x2c, 0x30, 0x2c, 0x30, 0x2c, 0x30, 0x2c, 0x30, 0x2c, 0x30, 0x6c, 0x30, 0x2c, 0x30,
    0x2c, 0x30, 0x2c, 0x30, 0x61, 0x2e, 0x30, 0x38, 0x2e, 0x30, 0x38, 0x2c, 0x30, 0x2c, 0x30, 0x2c,
    0x31, 0x2c, 0x30, 0x2c, 0x30, 0x6c, 0x30, 0x2c, 0x30, 0x2c, 0x30, 0x2c, 0x30, 0x2c, 0x30, 0x2c,
    0x30, 0x61, 0x31, 0x2e, 0x38, 0x32, 0x2c, 0x31, 0x2e, 0x38, 0x32, 0x2c, 0x30, 0x2c, 0x30, 0x2c,
    0x30, 0x2d, 0x32, 0x2e, 0x38, 0x35, 0x2e, 0x33, 0x37, 0x4c, 0x2e, 0x31, 0x39, 0x2c, 0x35, 0x35,
    0x61, 0x31, 0x2e, 0x37, 0x32, 0x2c, 0x31, 0x2e, 0x37, 0x32, 0x2c, 0x30, 0x2c, 0x30, 0x2c, 0x30,
    0x2c, 0x2e, 0x30, 0x37, 0x2c, 0x31, 0x2e, 0x37, 0x2c, 0x32, 0x2e, 0x31, 0x32, 0x2c, 0x32, 0x2e,
    0x31, 0x32, 0x2c, 0x30, 0x2c, 0x30, 0x2c, 0x30, 0x2c, 0x2e, 0x33, 0x2e, 0x33, 0x36, 0x6c, 0x30,
    0x2c, 0x30, 0x2c, 0x30, 0x2c, 0x30, 0x2c, 0x30, 0x2c, 0x30, 0x2c, 0x30, 0x2c, 0x30, 0x61, 0x2e,
    0x30, 0x38, 0x2e, 0x30, 0x38, 0x2c, 0x30, 0x2c, 0x30, 0x2c, 0x31, 0x2c, 0x30, 0x2c, 0x30, 0x6c,
    0x30, 0x2c, 0x30, 0x2c, 0x30, 0x2c, 0x30, 0x2c, 0x30, 0x2c, 0x30, 0x2c, 0x30, 0x2c, 0x30, 0x2c,
    0x30, 0x2c, 0x30, 0x2c, 0x30, 0x2c, 0x30, 0x2c, 0x30, 0x2c, 0x30, 0x2c, 0x30, 0x2c, 0x30, 0x2c,
    0x30, 0x2c, 0x30, 0x2c, 0x30, 0x2c, 0x30, 0x2c, 0x30, 0x2c, 0x30, 0x2c, 0x30, 0x2c, 0x30, 0x2c,
    0x30, 0x2c, 0x30, 0x2c, 0x30, 0x2c, 0x30, 0x2c, 0x30, 0x2c, 0x30, 0x2c, 0x30, 0x2c, 0x30, 0x2c,
    0x30, 0x2c, 0x30, 0x2c, 0x30, 0x2c, 0x30, 0x2c, 0x30, 0x2c, 0x30, 0x2c, 0x30, 0x2c, 0x30, 0x2c,
    0x30, 0x2c, 0x30, 0x2c, 0x30, 0x2c, 0x30, 0x2c, 0x30, 0x2c, 0x30, 0x2c, 0x30, 0x2c, 0x30, 0x2c,
    0x30, 0x2c, 0x30, 0x2c, 0x30, 0x2c, 0x30, 0x2c, 0x30, 0x2c, 0x30, 0x2c, 0x30, 0x2c, 0x30, 0x2c,
    0x30, 0x2c, 0x30, 0x2c, 0x30, 0x2c, 0x30, 0x2c, 0x30, 0x2c, 0x30, 0x2c, 0x30, 0x2c, 0x30, 0x2c,
    0x30, 0x2c, 0x30, 0x2c, 0x30, 0x2c, 0x30, 0x73, 0x30, 0x2c, 0x30, 0x2c, 0x30, 0x2c, 0x30, 0x6c,
    0x30, 0x2c, 0x30, 0x2c, 0x30, 0x2c, 0x30, 0x2c, 0x30, 0x2c, 0x30, 0x73, 0x30, 0x2c, 0x30, 0x2c,
    0x30, 0x2c, 0x30, 0x6c, 0x30, 0x2c, 0x30, 0x2c, 0x30, 0x2c, 0x30, 0x2c, 0x30, 0x2c, 0x30, 0x2c,
    0x30, 0x2c, 0x30, 0x2c, 0x30, 0x2c, 0x30, 0x2c, 0x30, 0x2c, 0x30, 0x61, 0x31, 0x2e, 0x37, 0x35,
    0x2c, 0x31, 0x2e, 0x37, 0x35, 0x2c, 0x30, 0x2c, 0x30, 0x2c, 0x30, 0x2c, 0x31, 0x2e, 0x32, 0x32,
    0x2e, 0x35, 0x31, 0x48, 0x35, 0x37, 0x2e, 0x36, 0x38, 0x61, 0x31, 0x2e, 0x37, 0x35, 0x2c, 0x31,
    0x2e, 0x37, 0x35, 0x2c, 0x30, 0x2c, 0x30, 0x2c, 0x30, 0x2c, 0x31, 0x2e, 0x35, 0x36, 0x2d, 0x32,
    0x2e, 0x35, 0x34, 0x5a, 0x22, 0x20, 0x73, 0x74, 0x79, 0x6c, 0x65, 0x3d, 0x22, 0x66, 0x69, 0x6c,
    0x6c, 0x3a, 0x23, 0x35, 0x38, 0x35, 0x39, 0x35, 0x62, 0x22, 0x2f, 0x3e, 0x3c, 0x70, 0x61, 0x74,
    0x68, 0x20, 0x64, 0x3d, 0x22, 0x4d, 0x35, 0x37, 0x2e, 0x34, 0x35, 0x2c, 0x35, 0x35, 0x2e, 0x31,
    0x38, 0x2c, 0x33, 0x30, 0x2e, 0x33, 0x38, 0x2c, 0x31, 0x61, 0x31, 0x2e, 0x38, 0x32, 0x2c, 0x31,
    0x2e, 0x38, 0x32, 0x2c, 0x30, 0x2c, 0x30, 0x2c, 0x30, 0x2d, 0x33, 0x2e, 0x31, 0x32, 0x2c, 0x30,
    0x4c, 0x2e, 0x31, 0x39, 0x2c, 0x35, 0x35, 0x2e, 0x31, 0x38, 0x61, 0x31, 0x2e, 0x37, 0x32, 0x2c,
    0x31, 0x2e, 0x37, 0x32, 0x2c, 0x30, 0x2c, 0x30, 0x2c, 0x30, 0x2c, 0x2e, 0x30, 0x37, 0x2c, 0x31,
    0x2e, 0x37, 0x2c, 0x31, 0x2e, 0x37, 0x39, 0x2c, 0x31, 0x2e, 0x37, 0x39, 0x2c, 0x30, 0x2c, 0x30,
    0x2c, 0x30, 0x2c, 0x31, 0x2e, 0x34, 0x39, 0x2e, 0x38, 0x33, 0x48, 0x35, 0x35, 0x2e, 0x38, 0x39,
    0x61, 0x31, 0x2e, 0x37, 0x36, 0x2c, 0x31, 0x2e, 0x37, 0x36, 0x2c, 0x30, 0x2c, 0x30, 0x2c, 0x30,
    0x2c, 0x31, 0x2e, 0x34, 0x38, 0x2d, 0x2e, 0x38, 0x33, 0x2c, 0x31, 0x2e, 0x37, 0x32, 0x2c, 0x31,
    0x2e, 0x37, 0x32, 0x2c, 0x30, 0x2c, 0x30, 0x2c, 0x30, 0x2c, 0x2e, 0x30, 0x38, 0x2d, 0x31, 0x2e,
    0x37, 0x22, 0x20, 0x73, 0x74, 0x79, 0x6c, 0x65, 0x3d, 0x22, 0x66, 0x69, 0x6c, 0x6c, 0x3a, 0x75,
    0x72, 0x6c, 0x28, 0x23, 0x53, 0x75, 0x6d, 0x6d, 0x65, 0x72, 0x5f, 0x4d, 0x75, 0x6c, 0x74, 0x69,
    0x63, 0x6f, 0x6c, 0x6f, 0x72, 0x29, 0x22, 0x2f, 0x3e, 0x3c, 0x2f, 0x73, 0x76, 0x67, 0x3e,
};
static const size_t main_toolbar_ac_ramp_up_down_svg_len = 1583;

static const unsigned char main_toolbar_ac_fill_svg[] = {
    0x3c, 0x73, 0x76, 0x67, 0x20, 0x69, 0x64, 0x3d, 0x22, 0x4c, 0x61, 0x79, 0x65, 0x72, 0x5f, 0x31,
    0x22, 0x20, 0x64, 0x61, 0x74, 0x61, 0x2d, 0x6e, 0x61, 0x6d, 0x65, 0x3d, 0x22, 0x4c, 0x61, 0x79,
    0x65, 0x72, 0x20, 0x31, 0x22, 0x20, 0x78, 0x6d, 0x6c, 0x6e, 0x73, 0x3d, 0x22, 0x68, 0x74, 0x74,
    0x70, 0x3a, 0x2f, 0x2f, 0x77, 0x77, 0x77, 0x2e, 0x77, 0x33, 0x2e, 0x6f, 0x72, 0x67, 0x2f, 0x32,
    0x30, 0x30, 0x30, 0x2f, 0x73, 0x76, 0x67, 0x22, 0x20, 0x78, 0x6d, 0x6c, 0x6e, 0x73, 0x3a, 0x78,
    0x6c, 0x69, 0x6e, 0x6b, 0x3d, 0x22, 0x68, 0x74, 0x74, 0x70, 0x3a, 0x2f, 0x2f, 0x77, 0x77, 0x77,
    0x2e, 0x77, 0x33, 0x2e, 0x6f, 0x72, 0x67, 0x2f, 0x31, 0x39, 0x39, 0x39, 0x2f, 0x78, 0x6c, 0x69,
    0x6e, 0x6b, 0x22, 0x20, 0x76, 0x69, 0x65, 0x77, 0x42, 0x6f, 0x78, 0x3d, 0x22, 0x30, 0x20, 0x30,
    0x20, 0x35, 0x35, 0x2e, 0x37, 0x32, 0x20, 0x35, 0x39, 0x2e, 0x33, 0x22, 0x3e, 0x3c, 0x64, 0x65,
    0x66, 0x73, 0x3e, 0x3c, 0x6c, 0x69, 0x6e, 0x65, 0x61, 0x72, 0x47, 0x72, 0x61, 0x64, 0x69, 0x65,
    0x6e, 0x74, 0x20, 0x69, 0x64, 0x3d, 0x22, 0x53, 0x75, 0x6d, 0x6d, 0x65, 0x72, 0x5f, 0x4d, 0x75,
    0x6c, 0x74, 0x69, 0x63, 0x6f, 0x6c, 0x6f, 0x72, 0x22, 0x20, 0x78, 0x31, 0x3d, 0x22, 0x2d, 0x37,
    0x35, 0x31, 0x2e, 0x33, 0x36, 0x22, 0x20, 0x79, 0x31, 0x3d, 0x22, 0x32, 0x37, 0x2e, 0x31, 0x36,
    0x22, 0x20, 0x78, 0x32, 0x3d, 0x22, 0x32, 0x39, 0x32, 0x2e, 0x31, 0x39, 0x22, 0x20, 0x79, 0x32,
    0x3d, 0x22, 0x32, 0x37, 0x2e, 0x31, 0x36, 0x22, 0x20, 0x67, 0x72, 0x61, 0x64, 0x69, 0x65, 0x6e,
    0x74, 0x55, 0x6e, 0x69, 0x74, 0x73, 0x3d, 0x22, 0x75, 0x73, 0x65, 0x72, 0x53, 0x70, 0x61, 0x63,
    0x65, 0x4f, 0x6e, 0x55, 0x73, 0x65, 0x22, 0x3e, 0x3c, 0x73, 0x74, 0x6f, 0x70, 0x20, 0x6f, 0x66,
    0x66, 0x73, 0x65, 0x74, 0x3d, 0x22, 0x30, 0x2e, 0x31, 0x31, 0x22, 0x20, 0x73, 0x74, 0x6f, 0x70,
    0x2d, 0x63, 0x6f, 0x6c, 0x6f, 0x72, 0x3d, 0x22, 0x23, 0x66, 0x30, 0x63, 0x38, 0x33, 0x62, 0x22,
    0x2f, 0x3e, 0x3c, 0x73, 0x74, 0x6f, 0x70, 0x20, 0x6f, 0x66, 0x66, 0x73, 0x65, 0x74, 0x3d, 0x22,
    0x30, 0x2e, 0x32, 0x34, 0x22, 0x20, 0x73, 0x74, 0x6f, 0x70, 0x2d, 0x63, 0x6f, 0x6c, 0x6f, 0x72,
    0x3d, 0x22, 0x23, 0x66, 0x31, 0x35, 0x36, 0x33, 0x63, 0x22, 0x2f, 0x3e, 0x3c, 0x73, 0x74, 0x6f,
    0x70, 0x20, 0x6f, 0x66, 0x66, 0x73, 0x65, 0x74, 0x3d, 0x22, 0x30, 0x2e, 0x32, 0x37, 0x22, 0x20,
    0x73, 0x74, 0x6f, 0x70, 0x2d, 0x63, 0x6f, 0x6c, 0x6f, 0x72, 0x3d, 0x22, 0x23, 0x65, 0x36, 0x35,
    0x33, 0x35, 0x32, 0x22, 0x2f, 0x3e, 0x3c, 0x73, 0x74, 0x6f, 0x70, 0x20, 0x6f, 0x66, 0x66, 0x73,
    0x65, 0x74, 0x3d, 0x22, 0x30, 0x2e, 0x33, 0x32, 0x22, 0x20, 0x73, 0x74, 0x6f, 0x70, 0x2d, 0x63,
    0x6f, 0x6c, 0x6f, 0x72, 0x3d, 0x22, 0x23, 0x64, 0x33, 0x34, 0x66, 0x37, 0x61, 0x22, 0x2f, 0x3e,
    0x3c, 0x73, 0x74, 0x6f, 0x70, 0x20, 0x6f, 0x66, 0x66, 0x73, 0x65, 0x74, 0x3d, 0x22, 0x30, 0x2e,
    0x33, 0x37, 0x22, 0x20, 0x73, 0x74, 0x6f, 0x70, 0x2d, 0x63, 0x6f, 0x6c, 0x6f, 0x72, 0x3d, 0x22,
    0x23, 0x63, 0x37, 0x34, 0x63, 0x39, 0x32, 0x22, 0x2f, 0x3e, 0x3c, 0x73, 0x74, 0x6f, 0x70, 0x20,
    0x6f, 0x66, 0x66, 0x73, 0x65, 0x74, 0x3d, 0x22, 0x30, 0x2e, 0x33, 0x39, 0x22, 0x20, 0x73, 0x74,
    0x6f, 0x70, 0x2d, 0x63, 0x6f, 0x6c, 0x6f, 0x72, 0x3d, 0x22, 0x23, 0x63, 0x33, 0x34, 0x62, 0x39,
    0x62, 0x22, 0x2f, 0x3e, 0x3c, 0x73, 0x74, 0x6f, 0x70, 0x20, 0x6f, 0x66, 0x66, 0x73, 0x65, 0x74,
    0x3d, 0x22, 0x30, 0x2e, 0x37, 0x39, 0x22, 0x20, 0x73, 0x74, 0x6f, 0x70, 0x2d, 0x63, 0x6f, 0x6c,
    0x6f, 0x72, 0x3d, 0x22, 0x23, 0x30, 0x30, 0x62, 0x33, 0x63, 0x31, 0x22, 0x2f, 0x3e, 0x3c, 0x73,
    0x74, 0x6f, 0x70, 0x20, 0x6f, 0x66, 0x66, 0x73, 0x65, 0x74, 0x3d, 0x22, 0x30, 0x2e, 0x38, 0x31,
    0x22, 0x20, 0x73, 0x74, 0x6f, 0x70, 0x2d, 0x63, 0x6f, 0x6c, 0x6f, 0x72, 0x3d, 0x22, 0x23, 0x30,
    0x30, 0x62, 0x33, 0x36, 0x63, 0x22, 0x2f, 0x3e, 0x3c, 0x73, 0x74, 0x6f, 0x70, 0x20, 0x6f, 0x66,
    0x66, 0x73, 0x65, 0x74, 0x3d, 0x22, 0x31, 0x22, 0x20, 0x73, 0x74, 0x6f, 0x70, 0x2d, 0x63, 0x6f,
    0x6c, 0x6f, 0x72, 0x3d, 0x22, 0x23, 0x30, 0x30, 0x62, 0x33, 0x63, 0x31, 0x22, 0x2f, 0x3e, 0x3c,
    0x2f, 0x6c, 0x69, 0x6e, 0x65, 0x61, 0x72, 0x47, 0x72, 0x61, 0x64, 0x69, 0x65, 0x6e, 0x74, 0x3e,
    0x3c, 0x6c, 0x69, 0x6e, 0x65, 0x61, 0x72, 0x47, 0x72, 0x61, 0x64, 0x69, 0x65, 0x6e, 0x74, 0x20,
    0x69, 0x64, 0x3d, 0x22, 0x53, 0x75, 0x6d, 0x6d, 0x65, 0x72, 0x5f, 0x4d, 0x75, 0x6c, 0x74, 0x69,
    0x63, 0x6f, 0x6c, 0x6f, 0x72, 0x2d, 0x32, 0x22, 0x20, 0x78, 0x31, 0x3d, 0x22, 0x2d, 0x37, 0x35,
    0x31, 0x2e, 0x33, 0x36, 0x22, 0x20, 0x79, 0x31, 0x3d, 0x22, 0x34, 0x34, 0x2e, 0x39, 0x32, 0x22,
    0x20, 0x78, 0x32, 0x3d, 0x22, 0x32, 0x39, 0x32, 0x2e, 0x31, 0x39, 0x22, 0x20, 0x79, 0x32, 0x3d,
    0x22, 0x34, 0x34, 0x2e, 0x39, 0x32, 0x22, 0x20, 0x78, 0x6c, 0x69, 0x6e, 0x6b, 0x3a, 0x68, 0x72,
    0x65, 0x66, 0x3d, 0x22, 0x23, 0x53, 0x75, 0x6d, 0x6d, 0x65, 0x72, 0x5f, 0x4d, 0x75, 0x6c, 0x74,
    0x69, 0x63, 0x6f, 0x6c, 0x6f, 0x72, 0x22, 0x2f, 0x3e, 0x3c, 0x2f, 0x64, 0x65, 0x66, 0x73, 0x3e,
    0x3c, 0x70, 0x61, 0x74, 0x68, 0x20, 0x64, 0x3d, 0x22, 0x4d, 0x35, 0x30, 0x2c, 0x33, 0x30, 0x2e,
    0x35, 0x33, 0x6c, 0x2d, 0x2e, 0x30, 0x37, 0x2d, 0x2e, 0x30, 0x37, 0x68, 0x30, 0x4c, 0x32, 0x37,
    0x2e, 0x32, 0x34, 0x2c, 0x37, 0x2e, 0x38, 0x32, 0x68, 0x30, 0x6c, 0x30, 0x2c, 0x30, 0x68, 0x30,
    0x4c, 0x32, 0x37, 0x2c, 0x37, 0x2e, 0x36, 0x31, 0x68, 0x30, 0x6c, 0x30, 0x2c, 0x30, 0x68, 0x30,
    0x6c, 0x2d, 0x2e, 0x32, 0x32, 0x2d, 0x2e, 0x32, 0x31, 0x68, 0x30, 0x6c, 0x2d, 0x2e, 0x32, 0x31,
    0x2d, 0x2e, 0x32, 0x31, 0x68, 0x30, 0x6c, 0x30, 0x2c, 0x30, 0x68, 0x30, 0x6c, 0x2d, 0x2e, 0x32,
    0x31, 0x2d, 0x2e, 0x32, 0x31, 0x68, 0x30, 0x6c, 0x2d, 0x2e, 0x32, 0x31, 0x2d, 0x2e, 0x32, 0x31,
    0x68, 0x30, 0x6c, 0x30, 0x2c, 0x30, 0x68, 0x30, 0x6c, 0x2d, 0x2e, 0x31, 0x37, 0x2d, 0x2e, 0x31,
    0x38, 0x68, 0x30, 0x6c, 0x30, 0x2c, 0x30, 0x68, 0x30, 0x6c, 0x2d, 0x2e, 0x32, 0x31, 0x2d, 0x2e,
    0x32, 0x32, 0x68, 0x30, 0x6c, 0x2d, 0x2e, 0x31, 0x31, 0x2d, 0x2e, 0x31, 0x68, 0x30, 0x6c, 0x30,
    0x2c, 0x30, 0x4c, 0x32, 0x31, 0x2e, 0x32, 0x34, 0x2c, 0x31, 0x30, 0x2c, 0x31, 0x34, 0x2e, 0x37,
    0x33, 0x2c, 0x33, 0x2e, 0x32, 0x32, 0x68, 0x30, 0x6c, 0x30, 0x2c, 0x30, 0x68, 0x30, 0x6c, 0x30,
    0x2c, 0x30, 0x68, 0x30, 0x6c, 0x30, 0x2c, 0x30, 0x68, 0x30, 0x6c, 0x30, 0x2c, 0x30, 0x68, 0x30,
    0x6c, 0x30, 0x2c, 0x30, 0x68, 0x30, 0x6c, 0x30, 0x2c, 0x30, 0x68, 0x30, 0x6c, 0x30, 0x2c, 0x30,
    0x68, 0x30, 0x6c, 0x30, 0x2c, 0x30, 0x68, 0x30, 0x6c, 0x30, 0x2c, 0x30, 0x68, 0x30, 0x6c, 0x30,
    0x2c, 0x30, 0x68, 0x30, 0x6c, 0x30, 0x2c, 0x30, 0x68, 0x30, 0x6c, 0x30, 0x2c, 0x30, 0x68, 0x30,
    0x6c, 0x30, 0x2c, 0x30, 0x68, 0x30, 0x6c, 0x30, 0x2c, 0x30, 0x68, 0x30, 0x6c, 0x30, 0x2c, 0x30,
    0x68, 0x30, 0x6c, 0x30, 0x2c, 0x30, 0x68, 0x30, 0x6c, 0x30, 0x2c, 0x30, 0x68, 0x30, 0x6c, 0x30,
    0x2c, 0x30, 0x68, 0x30, 0x6c, 0x30, 0x2c, 0x30, 0x68, 0x30, 0x6c, 0x30, 0x2c, 0x30, 0x68, 0x30,
    0x6c, 0x30, 0x2c, 0x30, 0x68, 0x30, 0x6c, 0x30, 0x2c, 0x30, 0x68, 0x30, 0x6c, 0x30, 0x2c, 0x30,
    0x68, 0x30, 0x6c, 0x30, 0x2c, 0x30, 0x68, 0x30, 0x6c, 0x30, 0x2c, 0x30, 0x68, 0x30, 0x6c, 0x30,
    0x2c, 0x30, 0x68, 0x30, 0x6c, 0x30, 0x2c, 0x30, 0x68, 0x30, 0x6c, 0x30, 0x2c, 0x30, 0x68, 0x30,
    0x6c, 0x30, 0x2c, 0x30, 0x68, 0x30, 0x6c, 0x30, 0x2c, 0x30, 0x68, 0x30, 0x6c, 0x30, 0x2c, 0x30,
    0x68, 0x30, 0x6c, 0x30, 0x2c, 0x30, 0x68, 0x30, 0x6c, 0x30, 0x2c, 0x30, 0x68, 0x30, 0x6c, 0x30,
    0x2c, 0x30, 0x68, 0x30, 0x6c, 0x30, 0x2c, 0x30, 0x68, 0x30, 0x6c, 0x30, 0x2c, 0x30, 0x68, 0x30,
    0x6c, 0x30, 0x2c, 0x30, 0x68, 0x30, 0x6c, 0x30, 0x2c, 0x30, 0x68, 0x30, 0x6c, 0x30, 0x2c, 0x30,
    0x68, 0x30, 0x6c, 0x30, 0x2c, 0x30, 0x68, 0x30, 0x6c, 0x30, 0x2c, 0x30, 0x68, 0x30, 0x6c, 0x30,
    0x2c, 0x30, 0x68, 0x30, 0x6c, 0x30, 0x2c, 0x30, 0x68, 0x30, 0x6c, 0x30, 0x2c, 0x30, 0x68, 0x30,
    0x6c, 0x30, 0x2c, 0x30, 0x68, 0x30, 0x6c, 0x30, 0x2c, 0x30, 0x68, 0x30, 0x6c, 0x30, 0x2c, 0x30,
    0x68, 0x30, 0x6c, 0x30, 0x2c, 0x30, 0x68, 0x30, 0x6c, 0x30, 0x2c, 0x30, 0x68, 0x30, 0x6c, 0x30,
    0x2c, 0x30, 0x68, 0x30, 0x6c, 0x30, 0x2c, 0x30, 0x2d, 0x2e, 0x31, 0x31, 0x2d, 0x2e, 0x30, 0x38,
    0x41, 0x35, 0x2e, 0x36, 0x2c, 0x35, 0x2e, 0x36, 0x2c, 0x30, 0x2c, 0x30, 0x2c, 0x30, 0x2c, 0x31,
    0x32, 0x2e, 0x32, 0x2e, 0x39, 0x33, 0x4c, 0x31, 0x31, 0x2e, 0x39, 0x2e, 0x37, 0x36, 0x63, 0x2d,
    0x32, 0x2e, 0x31, 0x32, 0x2d, 0x31, 0x2e, 0x30, 0x39, 0x2d, 0x35, 0x2d, 0x31, 0x2e, 0x30, 0x38,
    0x2d, 0x36, 0x2e, 0x36, 0x33, 0x2e, 0x35, 0x2d, 0x2e, 0x30, 0x37, 0x2e, 0x30, 0x36, 0x2d, 0x2e,
    0x31, 0x36, 0x2e, 0x31, 0x2d, 0x2e, 0x32, 0x33, 0x2e, 0x31, 0x37, 0x73, 0x2d, 0x2e, 0x31, 0x37,
    0x2e, 0x32, 0x35, 0x2d, 0x2e, 0x32, 0x36, 0x2e, 0x33, 0x39, 0x61, 0x36, 0x2e, 0x30, 0x38, 0x2c,
    0x36, 0x2e, 0x30, 0x38, 0x2c, 0x30, 0x2c, 0x30, 0x2c, 0x30, 0x2d, 0x2e, 0x39, 0x33, 0x2c, 0x32,
    0x41, 0x35, 0x2e, 0x32, 0x36, 0x2c, 0x35, 0x2e, 0x32, 0x36, 0x2c, 0x30, 0x2c, 0x30, 0x2c, 0x30,
    0x2c, 0x33, 0x2e, 0x36, 0x2c, 0x35, 0x2e, 0x33, 0x38, 0x2c, 0x37, 0x2e, 0x35, 0x35, 0x2c, 0x37,
    0x2e, 0x35, 0x35, 0x2c, 0x30, 0x2c, 0x30, 0x2c, 0x30, 0x2c, 0x35, 0x2c, 0x39, 0x2e, 0x33, 0x33,
    0x6c, 0x2e, 0x30, 0x36, 0x2e, 0x30, 0x36, 0x68, 0x30, 0x4c, 0x31, 0x33, 0x2e, 0x36, 0x35, 0x2c,
    0x31, 0x38, 0x2c, 0x30, 0x2c, 0x33, 0x31, 0x2e, 0x32, 0x36, 0x6c, 0x30, 0x2c, 0x30, 0x48, 0x30,
    0x6c, 0x30, 0x2c, 0x30, 0x68, 0x30, 0x6c, 0x30, 0x2c, 0x30, 0x68, 0x30, 0x6c, 0x2e, 0x31, 0x37,
    0x2e, 0x31, 0x37, 0x68, 0x30, 0x6c, 0x30, 0x2c, 0x30, 0x68, 0x30, 0x6c, 0x2e, 0x32, 0x31, 0x2e,
    0x32, 0x31, 0x68, 0x30, 0x4c, 0x2e, 0x37, 0x34, 0x2c, 0x33, 0x32, 0x68, 0x30, 0x6c, 0x30, 0x2c,
    0x30, 0x68, 0x30, 0x6c, 0x2e, 0x32, 0x31, 0x2e, 0x32, 0x32, 0x48, 0x31, 0x6c, 0x2e, 0x32, 0x32,
    0x2e, 0x32, 0x31, 0x68, 0x30, 0x6c, 0x30, 0x2c, 0x30, 0x68, 0x30, 0x6c, 0x2e, 0x31, 0x38, 0x2e,
    0x31, 0x38, 0x68, 0x30, 0x6c, 0x30, 0x2c, 0x30, 0x68, 0x30, 0x6c, 0x2e, 0x32, 0x31, 0x2e, 0x32,
    0x31, 0x68, 0x30, 0x6c, 0x32, 0x33, 0x2c, 0x32, 0x33, 0x68, 0x30, 0x6c, 0x2e, 0x31, 0x34, 0x2e,
    0x31, 0x34, 0x5a, 0x4d, 0x32, 0x37, 0x2e, 0x33, 0x31, 0x2c, 0x32, 0x31, 0x2e, 0x31, 0x39, 0x63,
    0x2e, 0x33, 0x38, 0x2e, 0x33, 0x35, 0x2e, 0x37, 0x33, 0x2e, 0x33, 0x35, 0x2c, 0x31, 0x2e, 0x34,
    0x34, 0x2e, 0x33, 0x35, 0x73, 0x31, 0x2e, 0x30, 0x38, 0x2c, 0x30, 0x2c, 0x31, 0x2e, 0x34, 0x35,
    0x2d, 0x2e, 0x33, 0x35, 0x61, 0x32, 0x2e, 0x32, 0x37, 0x2c, 0x32, 0x2e, 0x32, 0x37, 0x2c, 0x30,
    0x2c, 0x30, 0x2c, 0x30, 0x2d, 0x2e, 0x33, 0x37, 0x2d, 0x32, 0x2e, 0x35, 0x32, 0x6c, 0x30, 0x2c,
    0x30, 0x68, 0x30, 0x6c, 0x30, 0x2c, 0x30, 0x68, 0x30, 0x6c, 0x30, 0x2c, 0x30, 0x68, 0x30, 0x6c,
    0x2d, 0x2e, 0x31, 0x37, 0x2d, 0x2e, 0x31, 0x37, 0x68, 0x30, 0x6c, 0x30, 0x2c, 0x30, 0x68, 0x30,
    0x6c, 0x2d, 0x2e, 0x32, 0x31, 0x2d, 0x2e, 0x32, 0x31, 0x68, 0x30, 0x6c, 0x2d, 0x2e, 0x32, 0x31,
    0x2d, 0x2e, 0x32, 0x31, 0x68, 0x30, 0x6c, 0x30, 0x2c, 0x30, 0x68, 0x30, 0x6c, 0x2d, 0x2e, 0x32,
    0x2d, 0x2e, 0x32, 0x31, 0x68, 0x30, 0x6c, 0x2d, 0x2e, 0x32, 0x31, 0x2d, 0x2e, 0x32, 0x31, 0x68,
    0x30, 0x6c, 0x30, 0x2c, 0x30, 0x68, 0x30, 0x6c, 0x2d, 0x2e, 0x31, 0x38, 0x2d, 0x2e, 0x31, 0x37,
    0x68, 0x30, 0x6c, 0x30, 0x2c, 0x30, 0x68, 0x30, 0x4c, 0x32, 0x38, 0x2e, 0x31, 0x38, 0x2c, 0x31,
    0x37, 0x68, 0x30, 0x6c, 0x2d, 0x32, 0x2e, 0x36, 0x36, 0x2d, 0x32, 0x2e, 0x36, 0x34, 0x4c, 0x32,
    0x37, 0x2c, 0x31, 0x32, 0x2e, 0x39, 0x33, 0x2c, 0x34, 0x33, 0x2e, 0x31, 0x31, 0x2c, 0x32, 0x38,
    0x2e, 0x37, 0x34, 0x68, 0x2d, 0x33, 0x32, 0x4c, 0x32, 0x33, 0x2c, 0x31, 0x36, 0x2e, 0x38, 0x38,
    0x6c, 0x34, 0x2e, 0x31, 0x37, 0x2c, 0x34, 0x2e, 0x31, 0x37, 0x68, 0x30, 0x5a, 0x4d, 0x31, 0x36,
    0x2e, 0x31, 0x38, 0x2c, 0x31, 0x35, 0x2e, 0x30, 0x38, 0x2c, 0x39, 0x2e, 0x33, 0x33, 0x2c, 0x38,
    0x2e, 0x35, 0x31, 0x43, 0x39, 0x2e, 0x32, 0x38, 0x2c, 0x38, 0x2e, 0x31, 0x34, 0x2c, 0x39, 0x2c,
    0x37, 0x2e, 0x35, 0x31, 0x2c, 0x39, 0x2c, 0x37, 0x2e, 0x31, 0x37, 0x73, 0x2e, 0x33, 0x35, 0x2d,
    0x31, 0x2e, 0x30, 0x37, 0x2e, 0x33, 0x35, 0x2d, 0x31, 0x2e, 0x34, 0x35, 0x61, 0x34, 0x2e, 0x31,
    0x37, 0x2c, 0x34, 0x2e, 0x31, 0x37, 0x2c, 0x30, 0x2c, 0x30, 0x2c, 0x31, 0x2c, 0x32, 0x2e, 0x38,
    0x37, 0x2c, 0x30, 0x4c, 0x31, 0x39, 0x2c, 0x31, 0x32, 0x2e, 0x35, 0x38, 0x5a, 0x22, 0x20, 0x73,
    0x74, 0x79, 0x6c, 0x65, 0x3d, 0x22, 0x66, 0x69, 0x6c, 0x6c, 0x3a, 0x23, 0x35, 0x38, 0x35, 0x39,
    0x35, 0x62, 0x22, 0x2f, 0x3e, 0x3c, 0x70, 0x61, 0x74, 0x68, 0x20, 0x64, 0x3d, 0x22, 0x4d, 0x35,
    0x30, 0x2e, 0x33, 0x32, 0x2c, 0x33, 0x34, 0x2e, 0x31, 0x33, 0x76, 0x30, 0x61, 0x2e, 0x33, 0x31,
    0x2e, 0x33, 0x31, 0x2c, 0x30, 0x2c, 0x30, 0x2c, 0x30, 0x2c, 0x30, 0x2d, 0x2e, 0x30, 0x37, 0x76,
    0x30, 0x6c, 0x30, 0x2d, 0x2e, 0x30, 0x37, 0x76, 0x30, 0x6c, 0x30, 0x2d, 0x2e, 0x30, 0x38, 0x76,
    0x30, 0x6c, 0x30, 0x2d, 0x2e, 0x30, 0x37, 0x76, 0x30, 0x6c, 0x30, 0x2d, 0x2e, 0x30, 0x38, 0x2c,
    0x30, 0x2c, 0x30, 0x2c, 0x30, 0x2d, 0x2e, 0x30, 0x37, 0x76, 0x30, 0x61, 0x2e, 0x37, 0x33, 0x2e,
    0x37, 0x33, 0x2c, 0x30, 0x2c, 0x30, 0x2c, 0x30, 0x2c, 0x30, 0x2d, 0x2e, 0x30, 0x38, 0x6c, 0x30,
    0x2c, 0x30, 0x2c, 0x30, 0x2d, 0x2e, 0x30, 0x37, 0x76, 0x30, 0x61, 0x2e, 0x37, 0x33, 0x2e, 0x37,
    0x33, 0x2c, 0x30, 0x2c, 0x30, 0x2c, 0x30, 0x2c, 0x30, 0x2d, 0x2e, 0x30, 0x38, 0x6c, 0x30, 0x2c,
    0x30, 0x2c, 0x30, 0x2d, 0x2e, 0x30, 0x37, 0x76, 0x30, 0x61, 0x2e, 0x37, 0x33, 0x2e, 0x37, 0x33,
    0x2c, 0x30, 0x2c, 0x30, 0x2c, 0x30, 0x2c, 0x30, 0x2d, 0x2e, 0x30, 0x38, 0x6c, 0x30, 0x2c, 0x30,
    0x2c, 0x30, 0x2d, 0x2e, 0x30, 0x37, 0x76, 0x30, 0x6c, 0x30, 0x2d, 0x2e, 0x30, 0x37, 0x2c, 0x30,
    0x2c, 0x30, 0x2c, 0x30, 0x2d, 0x2e, 0x30, 0x37, 0x76, 0x30, 0x6c, 0x30, 0x2d, 0x2e, 0x30, 0x37,
    0x2c, 0x30, 0x2c, 0x30, 0x2c, 0x30, 0x2d, 0x2e, 0x30, 0x37, 0x76, 0x30, 0x61, 0x2e, 0x31, 0x37,
    0x2e, 0x31, 0x37, 0x2c, 0x30, 0x2c, 0x30, 0x2c, 0x31, 0x2c, 0x30, 0x2d, 0x2e, 0x30, 0x37, 0x6c,
    0x30, 0x2c, 0x30, 0x2c, 0x30, 0x2d, 0x2e, 0x30, 0x37, 0x76, 0x30, 0x61, 0x2e, 0x31, 0x37, 0x2e,
    0x31, 0x37, 0x2c, 0x30, 0x2c, 0x30, 0x2c, 0x31, 0x2c, 0x30, 0x2d, 0x2e, 0x30, 0x37, 0x6c, 0x30,
    0x2c, 0x30, 0x2c, 0x30, 0x2d, 0x2e, 0x30, 0x37, 0x76, 0x30, 0x61, 0x2e, 0x31, 0x37, 0x2e, 0x31,
    0x37, 0x2c, 0x30, 0x2c, 0x30, 0x2c, 0x31, 0x2c, 0x30, 0x2d, 0x2e, 0x30, 0x37, 0x6c, 0x30, 0x2c,
    0x30, 0x61, 0x2e, 0x33, 0x31, 0x2e, 0x33, 0x31, 0x2c, 0x30, 0x2c, 0x30, 0x2c, 0x30, 0x2c, 0x30,
    0x2d, 0x2e, 0x30, 0x37, 0x76, 0x30, 0x6c, 0x30, 0x2d, 0x2e, 0x30, 0x37, 0x76, 0x30, 0x61, 0x2e,
    0x33, 0x31, 0x2e, 0x33, 0x31, 0x2c, 0x30, 0x2c, 0x30, 0x2c, 0x30, 0x2c, 0x30, 0x2d, 0x2e, 0x30,
    0x37, 0x76, 0x30, 0x6c, 0x30, 0x2d, 0x2e, 0x30, 0x37, 0x76, 0x30, 0x61, 0x2e, 0x33, 0x31, 0x2e,
    0x33, 0x31, 0x2c, 0x30, 0x2c, 0x30, 0x2c, 0x30, 0x2c, 0x30, 0x2d, 0x2e, 0x30, 0x37, 0x76, 0x30,
    0x6c, 0x30, 0x2d, 0x2e, 0x30, 0x37, 0x76, 0x30, 0x61, 0x2e, 0x33, 0x31, 0x2e, 0x33, 0x31, 0x2c,
    0x30, 0x2c, 0x30, 0x2c, 0x30, 0x2c, 0x30, 0x2d, 0x2e, 0x30, 0x37, 0x76, 0x30, 0x6c, 0x30, 0x2d,
    0x2e, 0x30, 0x37, 0x76, 0x30, 0x61, 0x2e, 0x33, 0x31, 0x2e, 0x33, 0x31, 0x2c, 0x30, 0x2c, 0x30,
    0x2c, 0x30, 0x2c, 0x30, 0x2d, 0x2e, 0x30, 0x37, 0x76, 0x30, 0x6c, 0x30, 0x2d, 0x2e, 0x30, 0x37,
    0x76, 0x30, 0x6c, 0x30, 0x2d, 0x2e, 0x30, 0x38, 0x76, 0x30, 0x6c, 0x30, 0x2d, 0x2e, 0x30, 0x37,
    0x76, 0x30, 0x6c, 0x30, 0x2d, 0x2e, 0x30, 0x38, 0x76, 0x30, 0x6c, 0x30, 0x2d, 0x2e, 0x30, 0x37,
    0x76, 0x30, 0x6c, 0x30, 0x2d, 0x2e, 0x30, 0x38, 0x2c, 0x30, 0x2c, 0x30, 0x2c, 0x30, 0x2d, 0x2e,
    0x30, 0x37, 0x76, 0x30, 0x6c, 0x30, 0x2d, 0x2e, 0x30, 0x38, 0x2c, 0x30, 0x2c, 0x30, 0x2c, 0x30,
    0x2d, 0x2e, 0x30, 0x37, 0x76, 0x30, 0x6c, 0x30, 0x2d, 0x2e, 0x30, 0x38, 0x2c, 0x30, 0x2c, 0x30,
    0x2c, 0x30, 0x2d, 0x2e, 0x30, 0x37, 0x76, 0x30, 0x6c, 0x30, 0x2d, 0x2e, 0x30, 0x38, 0x2c, 0x30,
    0x2c, 0x30, 0x2c, 0x30, 0x2d, 0x2e, 0x30, 0x37, 0x76, 0x30, 0x6c, 0x30, 0x2d, 0x2e, 0x30, 0x38,
    0x2c, 0x30, 0x2c, 0x30, 0x2c, 0x30, 0x2d, 0x2e, 0x30, 0x37, 0x76, 0x30, 0x6c, 0x30, 0x2d, 0x2e,
    0x30, 0x38, 0x2c, 0x30, 0x2c, 0x30, 0x2c, 0x30, 0x2d, 0x2e, 0x30, 0x37, 0x76, 0x30, 0x6c, 0x30,
    0x2d, 0x2e, 0x30, 0x38, 0x2c, 0x30, 0x2c, 0x30, 0x2c, 0x30, 0x2d, 0x2e, 0x30, 0x37, 0x76, 0x30,
    0x61, 0x2e, 0x31, 0x37, 0x2e, 0x31, 0x37, 0x2c, 0x30, 0x2c, 0x30, 0x2c, 0x31, 0x2c, 0x30, 0x2d,
    0x2e, 0x30, 0x37, 0x6c, 0x30, 0x2c, 0x30, 0x2c, 0x30, 0x2d, 0x2e, 0x30, 0x37, 0x73, 0x2d, 0x35,
    0x2e, 0x33, 0x38, 0x2c, 0x31, 0x36, 0x2e, 0x39, 0x2d, 0x35, 0x2e, 0x33, 0x38, 0x2c, 0x31, 0x39,
    0x2e, 0x37, 0x36, 0x61, 0x35, 0x2e, 0x33, 0x39, 0x2c, 0x35, 0x2e, 0x33, 0x39, 0x2c, 0x30, 0x2c,
    0x30, 0x2c, 0x30, 0x2c, 0x31, 0x2e, 0x36, 0x33, 0x2c, 0x33, 0x2e, 0x38, 0x6c, 0x30, 0x2c, 0x30,
    0x2c, 0x30, 0x2c, 0x30, 0x73, 0x30, 0x2c, 0x30, 0x2c, 0x30, 0x2c, 0x30, 0x6c, 0x30, 0x2c, 0x30,
    0x73, 0x30, 0x2c, 0x30, 0x2c, 0x30, 0x2c, 0x30, 0x6c, 0x30, 0x2c, 0x30, 0x2c, 0x30, 0x2c, 0x30,
    0x2c, 0x30, 0x2c, 0x30, 0x73, 0x30, 0x2c, 0x30, 0x2c, 0x30, 0x2c, 0x30, 0x6c, 0x30, 0x2c, 0x30,
    0x2c, 0x30, 0x2c, 0x30, 0x2c, 0x30, 0x2c, 0x30, 0x61, 0x2e, 0x30, 0x38, 0x2e, 0x30, 0x38, 0x2c,
    0x30, 0x2c, 0x30, 0x2c, 0x30, 0x2c, 0x30, 0x2c, 0x30, 0x6c, 0x30, 0x2c, 0x30, 0x2c, 0x30, 0x2c,
    0x30, 0x2c, 0x30, 0x2c, 0x30, 0x2c, 0x30, 0x2c, 0x30, 0x61, 0x2e, 0x30, 0x38, 0x2e, 0x30, 0x38,
    0x2c, 0x30, 0x2c, 0x30, 0x2c, 0x31, 0x2c, 0x30, 0x2c, 0x30, 0x6c, 0x30, 0x2c, 0x30, 0x2c, 0x30,
    0x2c, 0x30, 0x2c, 0x30, 0x2c, 0x30, 0x61, 0x2e, 0x30, 0x38, 0x2e, 0x30, 0x38, 0x2c, 0x30, 0x2c,
    0x30, 0x2c, 0x30, 0x2c, 0x30, 0x2c, 0x30, 0x6c, 0x30, 0x2c, 0x30, 0x2c, 0x30, 0x2c, 0x30, 0x2c,
    0x30, 0x2c, 0x30, 0x2c, 0x30, 0x2c, 0x30, 0x2c, 0x30, 0x2c, 0x30, 0x2c, 0x30, 0x2c, 0x30, 0x2c,
    0x30, 0x2c, 0x30, 0x2c, 0x30, 0x2c, 0x30, 0x2c, 0x30, 0x2c, 0x30, 0x2c, 0x30, 0x2c, 0x30, 0x2c,
    0x30, 0x2c, 0x30, 0x2c, 0x30, 0x2c, 0x30, 0x61, 0x2e, 0x30, 0x38, 0x2e, 0x30, 0x38, 0x2c, 0x30,
    0x2c, 0x30, 0x2c, 0x31, 0x2c, 0x30, 0x2c, 0x30, 0x6c, 0x30, 0x2c, 0x30, 0x2c, 0x30, 0x2c, 0x30,
    0x2c, 0x30, 0x2c, 0x30, 0x2c, 0x30, 0x2c, 0x30, 0x2c, 0x30, 0x2c, 0x30, 0x2c, 0x30, 0x2c, 0x30,
    0x2c, 0x30, 0x2c, 0x30, 0x2c, 0x30, 0x2c, 0x30, 0x2c, 0x30, 0x2c, 0x30, 0x2c, 0x30, 0x2c, 0x30,
    0x2c, 0x30, 0x2c, 0x30, 0x2c, 0x30, 0x2c, 0x30, 0x2c, 0x30, 0x2c, 0x30, 0x2c, 0x30, 0x2c, 0x30,
    0x2c, 0x30, 0x2c, 0x30, 0x61, 0x35, 0x2e, 0x33, 0x37, 0x2c, 0x35, 0x2e, 0x33, 0x37, 0x2c, 0x30,
    0x2c, 0x30, 0x2c, 0x30, 0x2c, 0x33, 0x2e, 0x37, 0x38, 0x2c, 0x31, 0x2e, 0x36, 0x34, 0x2c, 0x35,
    0x2e, 0x35, 0x33, 0x2c, 0x35, 0x2e, 0x35, 0x33, 0x2c, 0x30, 0x2c, 0x30, 0x2c, 0x30, 0x2c, 0x35,
    0x2e, 0x34, 0x2d, 0x35, 0x2e, 0x34, 0x31, 0x43, 0x35, 0x35, 0x2e, 0x37, 0x32, 0x2c, 0x35, 0x31,
    0x2c, 0x35, 0x30, 0x2e, 0x33, 0x32, 0x2c, 0x33, 0x34, 0x2e, 0x31, 0x33, 0x2c, 0x35, 0x30, 0x2e,
    0x33, 0x32, 0x2c, 0x33, 0x34, 0x2e, 0x31, 0x33, 0x5a, 0x22, 0x20, 0x73, 0x74, 0x79, 0x6c, 0x65,
    0x3d, 0x22, 0x66, 0x69, 0x6c, 0x6c, 0x3a, 0x23, 0x35, 0x38, 0x35, 0x39, 0x35, 0x62, 0x22, 0x2f,
    0x3e, 0x3c, 0x70, 0x61, 0x74, 0x68, 0x20, 0x64, 0x3d, 0x22, 0x4d, 0x32, 0x35, 0x2e, 0x35, 0x32,
    0x2c, 0x36, 0x2e, 0x30, 0x39, 0x2c, 0x32, 0x31, 0x2e, 0x32, 0x2c, 0x31, 0x30, 0x2c, 0x31, 0x32,
    0x2e, 0x39, 0x33, 0x2c, 0x31, 0x2e, 0x34, 0x33, 0x41, 0x36, 0x2e, 0x34, 0x31, 0x2c, 0x36, 0x2e,
    0x34, 0x31, 0x2c, 0x30, 0x2c, 0x30, 0x2c, 0x30, 0x2c, 0x35, 0x2c, 0x31, 0x2e, 0x34, 0x33, 0x61,
    0x37, 0x2e, 0x34, 0x32, 0x2c, 0x37, 0x2e, 0x34, 0x32, 0x2c, 0x30, 0x2c, 0x30, 0x2c, 0x30, 0x2d,
    0x31, 0x2e, 0x34, 0x34, 0x2c, 0x34, 0x41, 0x37, 0x2e, 0x35, 0x35, 0x2c, 0x37, 0x2e, 0x35, 0x35,
    0x2c, 0x30, 0x2c, 0x30, 0x2c, 0x30, 0x2c, 0x35, 0x2c, 0x39, 0x2e, 0x33, 0x33, 0x4c, 0x31, 0x33,
    0x2e, 0x36, 0x35, 0x2c, 0x31, 0x38, 0x2c, 0x30, 0x2c, 0x33, 0x31, 0x2e, 0x32, 0x36, 0x6c, 0x32,
    0x33, 0x2c, 0x32, 0x33, 0x4c, 0x34, 0x38, 0x2e, 0x31, 0x36, 0x2c, 0x32, 0x38, 0x2e, 0x37, 0x34,
    0x5a, 0x6d, 0x2d, 0x31, 0x38, 0x2c, 0x2e, 0x37, 0x32, 0x63, 0x30, 0x2d, 0x2e, 0x33, 0x35, 0x2d,
    0x2e, 0x33, 0x36, 0x2d, 0x31, 0x2e, 0x30, 0x37, 0x2d, 0x2e, 0x33, 0x36, 0x2d, 0x31, 0x2e, 0x34,
    0x33, 0x73, 0x2e, 0x33, 0x36, 0x2d, 0x31, 0x2e, 0x30, 0x38, 0x2e, 0x33, 0x36, 0x2d, 0x31, 0x2e,
    0x34, 0x35, 0x61, 0x34, 0x2e, 0x30, 0x38, 0x2c, 0x34, 0x2e, 0x30, 0x38, 0x2c, 0x30, 0x2c, 0x30,
    0x2c, 0x31, 0x2c, 0x32, 0x2e, 0x38, 0x38, 0x2c, 0x30, 0x4c, 0x31, 0x39, 0x2c, 0x31, 0x32, 0x2e,
    0x35, 0x38, 0x6c, 0x2d, 0x32, 0x2e, 0x38, 0x36, 0x2c, 0x32, 0x2e, 0x35, 0x5a, 0x6d, 0x30, 0x2c,
    0x32, 0x31, 0x2e, 0x39, 0x33, 0x4c, 0x32, 0x31, 0x2e, 0x32, 0x2c, 0x31, 0x35, 0x2e, 0x30, 0x38,
    0x6c, 0x34, 0x2e, 0x33, 0x32, 0x2c, 0x34, 0x2e, 0x33, 0x32, 0x63, 0x2e, 0x33, 0x37, 0x2e, 0x33,
    0x35, 0x2e, 0x37, 0x32, 0x2e, 0x33, 0x35, 0x2c, 0x31, 0x2e, 0x34, 0x34, 0x2e, 0x33, 0x35, 0x73,
    0x31, 0x2e, 0x30, 0x37, 0x2c, 0x30, 0x2c, 0x31, 0x2e, 0x34, 0x34, 0x2d, 0x2e, 0x33, 0x35, 0x41,
    0x32, 0x2e, 0x32, 0x35, 0x2c, 0x32, 0x2e, 0x32, 0x35, 0x2c, 0x30, 0x2c, 0x30, 0x2c, 0x30, 0x2c,
    0x32, 0x38, 0x2c, 0x31, 0x36, 0x2e, 0x38, 0x37, 0x6c, 0x2d, 0x34, 0x2e, 0x33, 0x2d, 0x34, 0x2e,
    0x32, 0x39, 0x2c, 0x31, 0x2e, 0x34, 0x34, 0x2d, 0x31, 0x2e, 0x34, 0x35, 0x2c, 0x31, 0x38, 0x2c,
    0x31, 0x37, 0x2e, 0x36, 0x31, 0x5a, 0x22, 0x20, 0x73, 0x74, 0x79, 0x6c, 0x65, 0x3d, 0x22, 0x66,
    0x69, 0x6c, 0x6c, 0x3a, 0x75, 0x72, 0x6c, 0x28, 0x23, 0x53, 0x75, 0x6d, 0x6d, 0x65, 0x72, 0x5f,
    0x4d, 0x75, 0x6c, 0x74, 0x69, 0x63, 0x6f, 0x6c, 0x6f, 0x72, 0x29, 0x22, 0x2f, 0x3e, 0x3c, 0x70,
    0x61, 0x74, 0x68, 0x20, 0x64, 0x3d, 0x22, 0x4d, 0x34, 0x38, 0x2e, 0x35, 0x33, 0x2c, 0x33, 0x32,
    0x2e, 0x33, 0x34, 0x73, 0x2d, 0x35, 0x2e, 0x33, 0x38, 0x2c, 0x31, 0x36, 0x2e, 0x39, 0x2d, 0x35,
    0x2e, 0x33, 0x38, 0x2c, 0x31, 0x39, 0x2e, 0x37, 0x36, 0x61, 0x35, 0x2e, 0x33, 0x39, 0x2c, 0x35,
    0x2e, 0x33, 0x39, 0x2c, 0x30, 0x2c, 0x31, 0x2c, 0x30, 0x2c, 0x31, 0x30, 0x2e, 0x37, 0x37, 0x2c,
    0x30, 0x63, 0x30, 0x2d, 0x32, 0x2e, 0x38, 0x36, 0x2d, 0x35, 0x2e, 0x33, 0x39, 0x2d, 0x31, 0x39,
    0x2e, 0x37, 0x36, 0x2d, 0x35, 0x2e, 0x33, 0x39, 0x2d, 0x31, 0x39, 0x2e, 0x37, 0x36, 0x22, 0x20,
    0x73, 0x74, 0x79, 0x6c, 0x65, 0x3d, 0x22, 0x66, 0x69, 0x6c, 0x6c, 0x3a, 0x75, 0x72, 0x6c, 0x28,
    0x23, 0x53, 0x75, 0x6d, 0x6d, 0x65, 0x72, 0x5f, 0x4d, 0x75, 0x6c, 0x74, 0x69, 0x63, 0x6f, 0x6c,
    0x6f, 0x72, 0x2d, 0x32, 0x29, 0x22, 0x2f, 0x3e, 0x3c, 0x70, 0x61, 0x74, 0x68, 0x20, 0x64, 0x3d,
    0x22, 0x4d, 0x37, 0x2e, 0x35, 0x35, 0x2c, 0x36, 0x2e, 0x38, 0x31, 0x63, 0x30, 0x2d, 0x2e, 0x33,
    0x35, 0x2d, 0x2e, 0x33, 0x36, 0x2d, 0x31, 0x2e, 0x30, 0x37, 0x2d, 0x2e, 0x33, 0x36, 0x2d, 0x31,
    0x2e, 0x34, 0x33, 0x73, 0x2e, 0x33, 0x36, 0x2d, 0x31, 0x2e, 0x30, 0x38, 0x2e, 0x33, 0x36, 0x2d,
    0x31, 0x2e, 0x34, 0x35, 0x61, 0x34, 0x2e, 0x30, 0x38, 0x2c, 0x34, 0x2e, 0x30, 0x38, 0x2c, 0x30,
    0x2c, 0x30, 0x2c, 0x31, 0x2c, 0x32, 0x2e, 0x38, 0x38, 0x2c, 0x30, 0x4c, 0x31, 0x39, 0x2c, 0x31,
    0x32, 0x2e, 0x35, 0x38, 0x6c, 0x2d, 0x32, 0x2e, 0x38, 0x36, 0x2c, 0x32, 0x2e, 0x35, 0x5a, 0x22,
    0x20, 0x73, 0x74, 0x79, 0x6c, 0x65, 0x3d, 0x22, 0x66, 0x69, 0x6c, 0x6c, 0x3a, 0x23, 0x66, 0x66,
    0x66, 0x22, 0x2f, 0x3e, 0x3c, 0x70, 0x61, 0x74, 0x68, 0x20, 0x64, 0x3d, 0x22, 0x4d, 0x37, 0x2e,
    0x35, 0x35, 0x2c, 0x32, 0x38, 0x2e, 0x37, 0x34, 0x2c, 0x32, 0x31, 0x2e, 0x32, 0x2c, 0x31, 0x35,
    0x2e, 0x30, 0x38, 0x6c, 0x34, 0x2e, 0x33, 0x32, 0x2c, 0x34, 0x2e, 0x33, 0x32, 0x63, 0x2e, 0x33,
    0x37, 0x2e, 0x33, 0x35, 0x2e, 0x37, 0x32, 0x2e, 0x33, 0x35, 0x2c, 0x31, 0x2e, 0x34, 0x34, 0x2e,
    0x33, 0x35, 0x73, 0x31, 0x2e, 0x30, 0x37, 0x2c, 0x30, 0x2c, 0x31, 0x2e, 0x34, 0x34, 0x2d, 0x2e,
    0x33, 0x35, 0x41, 0x32, 0x2e, 0x32, 0x35, 0x2c, 0x32, 0x2e, 0x32, 0x35, 0x2c, 0x30, 0x2c, 0x30,
    0x2c, 0x30, 0x2c, 0x32, 0x38, 0x2c, 0x31, 0x36, 0x2e, 0x38, 0x37, 0x6c, 0x2d, 0x34, 0x2e, 0x33,
    0x2d, 0x34, 0x2e, 0x32, 0x39, 0x2c, 0x31, 0x2e, 0x34, 0x34, 0x2d, 0x31, 0x2e, 0x34, 0x35, 0x2c,
    0x31, 0x38, 0x2c, 0x31, 0x37, 0x2e, 0x36, 0x31, 0x5a, 0x22, 0x20, 0x73, 0x74, 0x79, 0x6c, 0x65,
    0x3d, 0x22, 0x66, 0x69, 0x6c, 0x6c, 0x3a, 0x23, 0x66, 0x66, 0x66, 0x22, 0x2f, 0x3e, 0x3c, 0x2f,
    0x73, 0x76, 0x67, 0x3e,
};
static const size_t main_toolbar_ac_fill_svg_len = 3828;

static const unsigned char main_toolbar_ac_cascade_svg[] = {
    0x3c, 0x73, 0x76, 0x67, 0x20, 0x69, 0x64, 0x3d, 0x22, 0x4c, 0x61, 0x79, 0x65, 0x72, 0x5f, 0x31,
    0x22, 0x20, 0x64, 0x61, 0x74, 0x61, 0x2d, 0x6e, 0x61, 0x6d, 0x65, 0x3d, 0x22, 0x4c, 0x61, 0x79,
    0x65, 0x72, 0x20, 0x31, 0x22, 0x20, 0x78, 0x6d, 0x6c, 0x6e, 0x73, 0x3d, 0x22, 0x68, 0x74, 0x74,
    0x70, 0x3a, 0x2f, 0x2f, 0x77, 0x77, 0x77, 0x2e, 0x77, 0x33, 0x2e, 0x6f, 0x72, 0x67, 0x2f, 0x32,
    0x30, 0x30, 0x30, 0x2f, 0x73, 0x76, 0x67, 0x22, 0x20, 0x78, 0x6d, 0x6c, 0x6e, 0x73, 0x3a, 0x78,
    0x6c, 0x69, 0x6e, 0x6b, 0x3d, 0x22, 0x68, 0x74, 0x74, 0x70, 0x3a, 0x2f, 0x2f, 0x77, 0x77, 0x77,
    0x2e, 0x77, 0x33, 0x2e, 0x6f, 0x72, 0x67, 0x2f, 0x31, 0x39, 0x39, 0x39, 0x2f, 0x78, 0x6c, 0x69,
    0x6e, 0x6b, 0x22, 0x20, 0x76, 0x69, 0x65, 0x77, 0x42, 0x6f, 0x78, 0x3d, 0x22, 0x30, 0x20, 0x30,
    0x20, 0x35, 0x39, 0x2e, 0x33, 0x20, 0x35, 0x33, 0x2e, 0x32, 0x22, 0x3e, 0x3c, 0x64, 0x65, 0x66,
    0x73, 0x3e, 0x3c, 0x6c, 0x69, 0x6e, 0x65, 0x61, 0x72, 0x47, 0x72, 0x61, 0x64, 0x69, 0x65, 0x6e,
    0x74, 0x20, 0x69, 0x64, 0x3d, 0x22, 0x53, 0x75, 0x6d, 0x6d, 0x65, 0x72, 0x5f, 0x4d, 0x75, 0x6c,
    0x74, 0x69, 0x63, 0x6f, 0x6c, 0x6f, 0x72, 0x22, 0x20, 0x78, 0x31, 0x3d, 0x22, 0x2d, 0x38, 0x31,
    0x34, 0x2e, 0x37, 0x37, 0x22, 0x20, 0x79, 0x31, 0x3d, 0x22, 0x32, 0x35, 0x2e, 0x34, 0x35, 0x22,
    0x20, 0x78, 0x32, 0x3d, 0x22, 0x32, 0x32, 0x38, 0x2e, 0x37, 0x38, 0x22, 0x20, 0x79, 0x32, 0x3d,
    0x22, 0x32, 0x35, 0x2e, 0x34, 0x35, 0x22, 0x20, 0x67, 0x72, 0x61, 0x64, 0x69, 0x65, 0x6e, 0x74,
    0x55, 0x6e, 0x69, 0x74, 0x73, 0x3d, 0x22, 0x75, 0x73, 0x65, 0x72, 0x53, 0x70, 0x61, 0x63, 0x65,
    0x4f, 0x6e, 0x55, 0x73, 0x65, 0x22, 0x3e, 0x3c, 0x73, 0x74, 0x6f, 0x70, 0x20, 0x6f, 0x66, 0x66,
    0x73, 0x65, 0x74, 0x3d, 0x22, 0x30, 0x2e, 0x31, 0x31, 0x22, 0x20, 0x73, 0x74, 0x6f, 0x70, 0x2d,
    0x63, 0x6f, 0x6c, 0x6f, 0x72, 0x3d, 0x22, 0x23, 0x66, 0x30, 0x63, 0x38, 0x33, 0x62, 0x22, 0x2f,
    0x3e, 0x3c, 0x73, 0x74, 0x6f, 0x70, 0x20, 0x6f, 0x66, 0x66, 0x73, 0x65, 0x74, 0x3d, 0x22, 0x30,
    0x2e, 0x32, 0x34, 0x22, 0x20, 0x73, 0x74, 0x6f, 0x70, 0x2d, 0x63, 0x6f, 0x6c, 0x6f, 0x72, 0x3d,
    0x22, 0x23, 0x66, 0x31, 0x35, 0x36, 0x33, 0x63, 0x22, 0x2f, 0x3e, 0x3c, 0x73, 0x74, 0x6f, 0x70,
    0x20, 0x6f, 0x66, 0x66, 0x73, 0x65, 0x74, 0x3d, 0x22, 0x30, 0x2e, 0x32, 0x37, 0x22, 0x20, 0x73,
    0x74, 0x6f, 0x70, 0x2d, 0x63, 0x6f, 0x6c, 0x6f, 0x72, 0x3d, 0x22, 0x23, 0x65, 0x36, 0x35, 0x33,
    0x35, 0x32, 0x22, 0x2f, 0x3e, 0x3c, 0x73, 0x74, 0x6f, 0x70, 0x20, 0x6f, 0x66, 0x66, 0x73, 0x65,
    0x74, 0x3d, 0x22, 0x30, 0x2e, 0x33, 0x32, 0x22, 0x20, 0x73, 0x74, 0x6f, 0x70, 0x2d, 0x63, 0x6f,
    0x6c, 0x6f, 0x72, 0x3d, 0x22, 0x23, 0x64, 0x33, 0x34, 0x66, 0x37, 0x61, 0x22, 0x2f, 0x3e, 0x3c,
    0x73, 0x74, 0x6f, 0x70, 0x20, 0x6f, 0x66, 0x66, 0x73, 0x65, 0x74, 0x3d, 0x22, 0x30, 0x2e, 0x33,
    0x37, 0x22, 0x20, 0x73, 0x74, 0x6f, 0x70, 0x2d, 0x63, 0x6f, 0x6c, 0x6f, 0x72, 0x3d, 0x22, 0x23,
    0x63, 0x37, 0x34, 0x63, 0x39, 0x32, 0x22, 0x2f, 0x3e, 0x3c, 0x73, 0x74, 0x6f, 0x70, 0x20, 0x6f,
    0x66, 0x66, 0x73, 0x65, 0x74, 0x3d, 0x22, 0x30, 0x2e, 0x33, 0x39, 0x22, 0x20, 0x73, 0x74, 0x6f,
    0x70, 0x2d, 0x63, 0x6f, 0x6c, 0x6f, 0x72, 0x3d, 0x22, 0x23, 0x63, 0x33, 0x34, 0x62, 0x39, 0x62,
    0x22, 0x2f, 0x3e, 0x3c, 0x73, 0x74, 0x6f, 0x70, 0x20, 0x6f, 0x66, 0x66, 0x73, 0x65, 0x74, 0x3d,
    0x22, 0x30, 0x2e, 0x37, 0x39, 0x22, 0x20, 0x73, 0x74, 0x6f, 0x70, 0x2d, 0x63, 0x6f, 0x6c, 0x6f,
    0x72, 0x3d, 0x22, 0x23, 0x30, 0x30, 0x62, 0x33, 0x63, 0x31, 0x22, 0x2f, 0x3e, 0x3c, 0x73, 0x74,
    0x6f, 0x70, 0x20, 0x6f, 0x66, 0x66, 0x73, 0x65, 0x74, 0x3d, 0x22, 0x30, 0x2e, 0x38, 0x31, 0x22,
    0x20, 0x73, 0x74, 0x6f, 0x70, 0x2d, 0x63, 0x6f, 0x6c, 0x6f, 0x72, 0x3d, 0x22, 0x23, 0x30, 0x30,
    0x62, 0x33, 0x36, 0x63, 0x22, 0x2f, 0x3e, 0x3c, 0x73, 0x74, 0x6f, 0x70, 0x20, 0x6f, 0x66, 0x66,
    0x73, 0x65, 0x74, 0x3d, 0x22, 0x31, 0x22, 0x20, 0x73, 0x74, 0x6f, 0x70, 0x2d, 0x63, 0x6f, 0x6c,
    0x6f, 0x72, 0x3d, 0x22, 0x23, 0x30, 0x30, 0x62, 0x33, 0x63, 0x31, 0x22, 0x2f, 0x3e, 0x3c, 0x2f,
    0x6c, 0x69, 0x6e, 0x65, 0x61, 0x72, 0x47, 0x72, 0x61, 0x64, 0x69, 0x65, 0x6e, 0x74, 0x3e, 0x3c,
    0x6c, 0x69, 0x6e, 0x65, 0x61, 0x72, 0x47, 0x72, 0x61, 0x64, 0x69, 0x65, 0x6e, 0x74, 0x20, 0x69,
    0x64, 0x3d, 0x22, 0x53, 0x75, 0x6d, 0x6d, 0x65, 0x72, 0x5f, 0x4d, 0x75, 0x6c, 0x74, 0x69, 0x63,
    0x6f, 0x6c, 0x6f, 0x72, 0x2d, 0x32, 0x22, 0x20, 0x78, 0x31, 0x3d, 0x22, 0x2d, 0x38, 0x31, 0x34,
    0x2e, 0x37, 0x37, 0x22, 0x20, 0x79, 0x31, 0x3d, 0x22, 0x34, 0x33, 0x2e, 0x36, 0x35, 0x22, 0x20,
    0x78, 0x32, 0x3d, 0x22, 0x32, 0x32, 0x38, 0x2e, 0x37, 0x38, 0x22, 0x20, 0x79, 0x32, 0x3d, 0x22,
    0x34, 0x33, 0x2e, 0x36, 0x35, 0x22, 0x20, 0x78, 0x6c, 0x69, 0x6e, 0x6b, 0x3a, 0x68, 0x72, 0x65,
    0x66, 0x3d, 0x22, 0x23, 0x53, 0x75, 0x6d, 0x6d, 0x65, 0x72, 0x5f, 0x4d, 0x75, 0x6c, 0x74, 0x69,
    0x63, 0x6f, 0x6c, 0x6f, 0x72, 0x22, 0x2f, 0x3e, 0x3c, 0x6c, 0x69, 0x6e, 0x65, 0x61, 0x72, 0x47,
    0x72, 0x61, 0x64, 0x69, 0x65, 0x6e, 0x74, 0x20, 0x69, 0x64, 0x3d, 0x22, 0x53, 0x75, 0x6d, 0x6d,
    0x65, 0x72, 0x5f, 0x4d, 0x75, 0x6c, 0x74, 0x69, 0x63, 0x6f, 0x6c, 0x6f, 0x72, 0x2d, 0x33, 0x22,
    0x20, 0x78, 0x31, 0x3d, 0x22, 0x2d, 0x38, 0x31, 0x34, 0x2e, 0x37, 0x37, 0x22, 0x20, 0x79, 0x31,
    0x3d, 0x22, 0x37, 0x2e, 0x37, 0x35, 0x22, 0x20, 0x78, 0x32, 0x3d, 0x22, 0x32, 0x32, 0x38, 0x2e,
    0x37, 0x38, 0x22, 0x20, 0x79, 0x32, 0x3d, 0x22, 0x37, 0x2e, 0x37, 0x35, 0x22, 0x20, 0x78, 0x6c,
    0x69, 0x6e, 0x6b, 0x3a, 0x68, 0x72, 0x65, 0x66, 0x3d, 0x22, 0x23, 0x53, 0x75, 0x6d, 0x6d, 0x65,
    0x72, 0x5f, 0x4d, 0x75, 0x6c, 0x74, 0x69, 0x63, 0x6f, 0x6c, 0x6f, 0x72, 0x22, 0x2f, 0x3e, 0x3c,
    0x2f, 0x64, 0x65, 0x66, 0x73, 0x3e, 0x3c, 0x70, 0x61, 0x74, 0x68, 0x20, 0x64, 0x3d, 0x22, 0x4d,
    0x34, 0x34, 0x2e, 0x31, 0x39, 0x2c, 0x33, 0x33, 0x56, 0x32, 0x31, 0x2e, 0x34, 0x38, 0x61, 0x32,
    0x2c, 0x32, 0x2c, 0x30, 0x2c, 0x30, 0x2c, 0x30, 0x2d, 0x2e, 0x36, 0x2d, 0x31, 0x2e, 0x34, 0x33,
    0x6c, 0x30, 0x2c, 0x30, 0x2c, 0x30, 0x2c, 0x30, 0x2c, 0x30, 0x2c, 0x30, 0x2c, 0x30, 0x2c, 0x30,
    0x2c, 0x30, 0x2c, 0x30, 0x2c, 0x30, 0x2c, 0x30, 0x2c, 0x30, 0x2c, 0x30, 0x2c, 0x30, 0x2c, 0x30,
    0x2c, 0x30, 0x2c, 0x30, 0x2c, 0x30, 0x2c, 0x30, 0x2c, 0x30, 0x2c, 0x30, 0x2c, 0x30, 0x2c, 0x30,
    0x2c, 0x30, 0x2c, 0x30, 0x2c, 0x30, 0x2c, 0x30, 0x73, 0x30, 0x2c, 0x30, 0x2c, 0x30, 0x2c, 0x30,
    0x6c, 0x30, 0x2c, 0x30, 0x2c, 0x30, 0x2c, 0x30, 0x2c, 0x30, 0x2c, 0x30, 0x2c, 0x30, 0x2c, 0x30,
    0x2c, 0x30, 0x2c, 0x30, 0x2c, 0x30, 0x2c, 0x30, 0x2c, 0x30, 0x2c, 0x30, 0x2c, 0x30, 0x2c, 0x30,
    0x2c, 0x30, 0x2c, 0x30, 0x2c, 0x30, 0x2c, 0x30, 0x2c, 0x30, 0x2c, 0x30, 0x2c, 0x30, 0x2c, 0x30,
    0x61, 0x2e, 0x30, 0x38, 0x2e, 0x30, 0x38, 0x2c, 0x30, 0x2c, 0x30, 0x2c, 0x30, 0x2c, 0x30, 0x2c,
    0x30, 0x6c, 0x30, 0x2c, 0x30, 0x2c, 0x30, 0x2c, 0x30, 0x61, 0x2e, 0x30, 0x38, 0x2e, 0x30, 0x38,
    0x2c, 0x30, 0x2c, 0x30, 0x2c, 0x31, 0x2c, 0x30, 0x2c, 0x30, 0x6c, 0x30, 0x2c, 0x30, 0x2c, 0x30,
    0x2c, 0x30, 0x2c, 0x30, 0x2c, 0x30, 0x2c, 0x30, 0x2c, 0x30, 0x2c, 0x30, 0x2c, 0x30, 0x2c, 0x30,
    0x2c, 0x30, 0x2c, 0x30, 0x2c, 0x30, 0x2c, 0x30, 0x2c, 0x30, 0x2c, 0x30, 0x2c, 0x30, 0x2c, 0x30,
    0x2c, 0x30, 0x2c, 0x30, 0x2c, 0x30, 0x2c, 0x30, 0x2c, 0x30, 0x2c, 0x30, 0x2c, 0x30, 0x2c, 0x30,
    0x2c, 0x30, 0x2c, 0x30, 0x2c, 0x30, 0x2c, 0x30, 0x2c, 0x30, 0x2c, 0x30, 0x2c, 0x30, 0x2c, 0x30,
    0x2c, 0x30, 0x2c, 0x30, 0x2c, 0x30, 0x61, 0x32, 0x2c, 0x32, 0x2c, 0x30, 0x2c, 0x30, 0x2c, 0x30,
    0x2d, 0x31, 0x2e, 0x34, 0x32, 0x2d, 0x2e, 0x36, 0x31, 0x48, 0x31, 0x38, 0x2e, 0x36, 0x32, 0x61,
    0x32, 0x2c, 0x32, 0x2c, 0x30, 0x2c, 0x30, 0x2c, 0x30, 0x2d, 0x32, 0x2c, 0x32, 0x56, 0x33, 0x31,
    0x2e, 0x32, 0x31, 0x61, 0x32, 0x2c, 0x32, 0x2c, 0x30, 0x2c, 0x30, 0x2c, 0x30, 0x2c, 0x2e, 0x36,
    0x2c, 0x31, 0x2e, 0x34, 0x33, 0x6c, 0x30, 0x2c, 0x30, 0x2c, 0x30, 0x2c, 0x30, 0x2c, 0x30, 0x2c,
    0x30, 0x2c, 0x30, 0x2c, 0x30, 0x2c, 0x30, 0x2c, 0x30, 0x2c, 0x30, 0x2c, 0x30, 0x2c, 0x30, 0x2c,
    0x30, 0x2c, 0x30, 0x2c, 0x30, 0x73, 0x30, 0x2c, 0x30, 0x2c, 0x30, 0x2c, 0x30, 0x6c, 0x30, 0x2c,
    0x30, 0x2c, 0x30, 0x2c, 0x30, 0x2c, 0x30, 0x2c, 0x30, 0x2c, 0x30, 0x2c, 0x30, 0x2c, 0x30, 0x2c,
    0x30, 0x73, 0x30, 0x2c, 0x30, 0x2c, 0x30, 0x2c, 0x30, 0x6c, 0x30, 0x2c, 0x30, 0x2c, 0x30, 0x2c,
    0x30, 0x2c, 0x30, 0x2c, 0x30, 0x2c, 0x30, 0x2c, 0x30, 0x2c, 0x30, 0x2c, 0x30, 0x73, 0x30, 0x2c,
    0x30, 0x2c, 0x30, 0x2c, 0x30, 0x6c, 0x30, 0x2c, 0x30, 0x2c, 0x30, 0x2c, 0x30, 0x2c, 0x30, 0x2c,
    0x30, 0x2c, 0x30, 0x2c, 0x30, 0x2c, 0x30, 0x2c, 0x30, 0x2c, 0x30, 0x2c, 0x30, 0x61, 0x2e, 0x30,
    0x38, 0x2e, 0x30, 0x38, 0x2c, 0x30, 0x2c, 0x30, 0x2c, 0x30, 0x2c, 0x30, 0x2c, 0x30, 0x6c, 0x30,
    0x2c, 0x30, 0x2c, 0x30, 0x2c, 0x30, 0x2c, 0x30, 0x2c, 0x30, 0x2c, 0x30, 0x2c, 0x30, 0x2c, 0x30,
    0x2c, 0x30, 0x2c, 0x30, 0x2c, 0x30, 0x2c, 0x30, 0x2c, 0x30, 0x2c, 0x30, 0x2c, 0x30, 0x2c, 0x30,
    0x2c, 0x30, 0x2c, 0x30, 0x2c, 0x30, 0x2c, 0x30, 0x2c, 0x30, 0x2c, 0x30, 0x2c, 0x30, 0x2c, 0x30,
    0x2c, 0x30, 0x2c, 0x30, 0x2c, 0x30, 0x2c, 0x30, 0x2c, 0x30, 0x2c, 0x30, 0x2c, 0x30, 0x2c, 0x30,
    0x2c, 0x30, 0x2c, 0x30, 0x2c, 0x30, 0x2c, 0x30, 0x2c, 0x30, 0x2c, 0x30, 0x2c, 0x30, 0x2c, 0x30,
    0x2c, 0x30, 0x2c, 0x30, 0x2c, 0x30, 0x61, 0x32, 0x2c, 0x32, 0x2c, 0x30, 0x2c, 0x30, 0x2c, 0x30,
    0x2c, 0x31, 0x2e, 0x34, 0x33, 0x2e, 0x36, 0x48, 0x34, 0x32, 0x2e, 0x32, 0x41, 0x32, 0x2c, 0x32,
    0x2c, 0x30, 0x2c, 0x30, 0x2c, 0x30, 0x2c, 0x34, 0x34, 0x2e, 0x31, 0x39, 0x2c, 0x33, 0x33, 0x5a,
    0x22, 0x20, 0x73, 0x74, 0x79, 0x6c, 0x65, 0x3d, 0x22, 0x66, 0x69, 0x6c, 0x6c, 0x3a, 0x23, 0x35,
    0x38, 0x35, 0x39, 0x35, 0x62, 0x22, 0x2f, 0x3e, 0x3c, 0x70, 0x61, 0x74, 0x68, 0x20, 0x64, 0x3d,
    0x22, 0x4d, 0x35, 0x38, 0x2e, 0x37, 0x2c, 0x33, 0x38, 0x2e, 0x32, 0x36, 0x6c, 0x30, 0x2c, 0x30,
    0x2c, 0x30, 0x2c, 0x30, 0x2c, 0x30, 0x2c, 0x30, 0x2c, 0x30, 0x2c, 0x30, 0x2c, 0x30, 0x2c, 0x30,
    0x2c, 0x30, 0x2c, 0x30, 0x2c, 0x30, 0x2c, 0x30, 0x2c, 0x30, 0x2c, 0x30, 0x2c, 0x30, 0x2c, 0x30,
    0x2c, 0x30, 0x2c, 0x30, 0x2c, 0x30, 0x2c, 0x30, 0x2c, 0x30, 0x2c, 0x30, 0x2c, 0x30, 0x2c, 0x30,
    0x2c, 0x30, 0x2c, 0x30, 0x2c, 0x30, 0x2c, 0x30, 0x2c, 0x30, 0x2c, 0x30, 0x2c, 0x30, 0x2c, 0x30,
    0x2c, 0x30, 0x2c, 0x30, 0x2c, 0x30, 0x2c, 0x30, 0x2c, 0x30, 0x2c, 0x30, 0x2c, 0x30, 0x2c, 0x30,
    0x73, 0x30, 0x2c, 0x30, 0x2c, 0x30, 0x2c, 0x30, 0x6c, 0x30, 0x2c, 0x30, 0x2c, 0x30, 0x2c, 0x30,
    0x2c, 0x30, 0x2c, 0x30, 0x2c, 0x30, 0x2c, 0x30, 0x2c, 0x30, 0x2c, 0x30, 0x73, 0x30, 0x2c, 0x30,
    0x2c, 0x30, 0x2c, 0x30, 0x6c, 0x30, 0x2c, 0x30, 0x73, 0x30, 0x2c, 0x30, 0x2c, 0x30, 0x2c, 0x30,
    0x6c, 0x30, 0x2c, 0x30, 0x2c, 0x30, 0x2c, 0x30, 0x2c, 0x30, 0x2c, 0x30, 0x2c, 0x30, 0x2c, 0x30,
    0x2c, 0x30, 0x2c, 0x30, 0x2c, 0x30, 0x2c, 0x30, 0x2c, 0x30, 0x2c, 0x30, 0x2c, 0x30, 0x2c, 0x30,
    0x2c, 0x30, 0x2c, 0x30, 0x2c, 0x30, 0x2c, 0x30, 0x2c, 0x30, 0x2c, 0x30, 0x2c, 0x30, 0x2c, 0x30,
    0x2c, 0x30, 0x2c, 0x30, 0x2c, 0x30, 0x2c, 0x30, 0x2c, 0x30, 0x2c, 0x30, 0x2c, 0x30, 0x2c, 0x30,
    0x2c, 0x30, 0x2c, 0x30, 0x2c, 0x30, 0x2c, 0x30, 0x2c, 0x30, 0x2c, 0x30, 0x2c, 0x30, 0x2c, 0x30,
    0x61, 0x32, 0x2c, 0x32, 0x2c, 0x30, 0x2c, 0x30, 0x2c, 0x30, 0x2d, 0x31, 0x2e, 0x34, 0x32, 0x2d,
    0x2e, 0x36, 0x31, 0x48, 0x33, 0x33, 0x2e, 0x37, 0x32, 0x61, 0x32, 0x2c, 0x32, 0x2c, 0x30, 0x2c,
    0x30, 0x2c, 0x30, 0x2d, 0x32, 0x2c, 0x32, 0x56, 0x34, 0x39, 0x2e, 0x34, 0x31, 0x61, 0x32, 0x2c,
    0x32, 0x2c, 0x30, 0x2c, 0x30, 0x2c, 0x30, 0x2c, 0x2e, 0x36, 0x2c, 0x31, 0x2e, 0x34, 0x32, 0x6c,
    0x30, 0x2c, 0x30, 0x2c, 0x30, 0x2c, 0x30, 0x2c, 0x30, 0x2c, 0x30, 0x2c, 0x30, 0x2c, 0x30, 0x73,
    0x30, 0x2c, 0x30, 0x2c, 0x30, 0x2c, 0x30, 0x6c, 0x30, 0x2c, 0x30, 0x2c, 0x30, 0x2c, 0x30, 0x2c,
    0x30, 0x2c, 0x30, 0x2c, 0x30, 0x2c, 0x30, 0x2c, 0x30, 0x2c, 0x30, 0x2c, 0x30, 0x2c, 0x30, 0x2c,
    0x30, 0x2c, 0x30, 0x2c, 0x30, 0x2c, 0x30, 0x2c, 0x30, 0x2c, 0x30, 0x2c, 0x30, 0x2c, 0x30, 0x61,
    0x2e, 0x30, 0x38, 0x2e, 0x30, 0x38, 0x2c, 0x30, 0x2c, 0x30, 0x2c, 0x30, 0x2c, 0x30, 0x2c, 0x30,
    0x6c, 0x30, 0x2c, 0x30, 0x2c, 0x30, 0x2c, 0x30, 0x2c, 0x30, 0x2c, 0x30, 0x2c, 0x30, 0x2c, 0x30,
    0x2c, 0x30, 0x2c, 0x30, 0x61, 0x2e, 0x30, 0x38, 0x2e, 0x30, 0x38, 0x2c, 0x30, 0x2c, 0x30, 0x2c,
    0x30, 0x2c, 0x30, 0x2c, 0x30, 0x6c, 0x30, 0x2c, 0x30, 0x2c, 0x30, 0x2c, 0x30, 0x2c, 0x30, 0x2c,
    0x30, 0x61, 0x2e, 0x30, 0x38, 0x2e, 0x30, 0x38, 0x2c, 0x30, 0x2c, 0x30, 0x2c, 0x30, 0x2c, 0x30,
    0x2c, 0x30, 0x6c, 0x30, 0x2c, 0x30, 0x2c, 0x30, 0x2c, 0x30, 0x2c, 0x30, 0x2c, 0x30, 0x61, 0x2e,
    0x30, 0x38, 0x2e, 0x30, 0x38, 0x2c, 0x30, 0x2c, 0x30, 0x2c, 0x30, 0x2c, 0x30, 0x2c, 0x30, 0x6c,
    0x30, 0x2c, 0x30, 0x2c, 0x30, 0x2c, 0x30, 0x2c, 0x30, 0x2c, 0x30, 0x2c, 0x30, 0x2c, 0x30, 0x2c,
    0x30, 0x2c, 0x30, 0x2c, 0x30, 0x2c, 0x30, 0x2c, 0x30, 0x2c, 0x30, 0x2c, 0x30, 0x2c, 0x30, 0x2c,
    0x30, 0x2c, 0x30, 0x2c, 0x30, 0x2c, 0x30, 0x73, 0x30, 0x2c, 0x30, 0x2c, 0x30, 0x2c, 0x30, 0x6c,
    0x30, 0x2c, 0x30, 0x2c, 0x30, 0x2c, 0x30, 0x2c, 0x30, 0x2c, 0x30, 0x2c, 0x30, 0x2c, 0x30, 0x2c,
    0x30, 0x2c, 0x30, 0x2c, 0x30, 0x2c, 0x30, 0x2c, 0x30, 0x2c, 0x30, 0x2c, 0x30, 0x2c, 0x30, 0x2c,
    0x30, 0x2c, 0x30, 0x61, 0x32, 0x2c, 0x32, 0x2c, 0x30, 0x2c, 0x30, 0x2c, 0x30, 0x2c, 0x31, 0x2e,
    0x34, 0x32, 0x2e, 0x36, 0x31, 0x68, 0x32, 0x31, 0x2e, 0x38, 0x61, 0x32, 0x2c, 0x32, 0x2c, 0x30,
    0x2c, 0x30, 0x2c, 0x30, 0x2c, 0x32, 0x2d, 0x32, 0x56, 0x33, 0x39, 0x2e, 0x36, 0x38, 0x41, 0x32,
    0x2c, 0x32, 0x2c, 0x30, 0x2c, 0x30, 0x2c, 0x30, 0x2c, 0x35, 0x38, 0x2e, 0x37, 0x2c, 0x33, 0x38,
    0x2e, 0x32, 0x36, 0x5a, 0x22, 0x20, 0x73, 0x74, 0x79, 0x6c, 0x65, 0x3d, 0x22, 0x66, 0x69, 0x6c,
    0x6c, 0x3a, 0x23, 0x35, 0x38, 0x35, 0x39, 0x35, 0x62, 0x22, 0x2f, 0x3e, 0x3c, 0x70, 0x61, 0x74,
    0x68, 0x20, 0x64, 0x3d, 0x22, 0x4d, 0x32, 0x37, 0x2e, 0x35, 0x37, 0x2c, 0x31, 0x35, 0x2e, 0x33,
    0x31, 0x56, 0x33, 0x2e, 0x37, 0x38, 0x41, 0x32, 0x2c, 0x32, 0x2c, 0x30, 0x2c, 0x30, 0x2c, 0x30,
    0x2c, 0x32, 0x37, 0x2c, 0x32, 0x2e, 0x33, 0x36, 0x6c, 0x30, 0x2c, 0x30, 0x2c, 0x30, 0x2c, 0x30,
    0x2c, 0x30, 0x2c, 0x30, 0x2c, 0x30, 0x2c, 0x30, 0x2c, 0x30, 0x2c, 0x30, 0x2c, 0x30, 0x2c, 0x30,
    0x2c, 0x30, 0x2c, 0x30, 0x2c, 0x30, 0x2c, 0x30, 0x2c, 0x30, 0x2c, 0x30, 0x2c, 0x30, 0x2c, 0x30,
    0x2c, 0x30, 0x2c, 0x30, 0x2c, 0x30, 0x2c, 0x30, 0x2c, 0x30, 0x2c, 0x30, 0x2c, 0x30, 0x2c, 0x30,
    0x73, 0x30, 0x2c, 0x30, 0x2c, 0x30, 0x2c, 0x30, 0x6c, 0x30, 0x2c, 0x30, 0x2c, 0x30, 0x2c, 0x30,
    0x2c, 0x30, 0x2c, 0x30, 0x2c, 0x30, 0x2c, 0x30, 0x2c, 0x30, 0x2c, 0x30, 0x2c, 0x30, 0x2c, 0x30,
    0x2c, 0x30, 0x2c, 0x30, 0x2c, 0x30, 0x2c, 0x30, 0x2c, 0x30, 0x2c, 0x30, 0x2c, 0x30, 0x2c, 0x30,
    0x2c, 0x30, 0x2c, 0x30, 0x2c, 0x30, 0x2c, 0x30, 0x73, 0x30, 0x2c, 0x30, 0x2c, 0x30, 0x2c, 0x30,
    0x6c, 0x30, 0x2c, 0x30, 0x2c, 0x30, 0x2c, 0x30, 0x2c, 0x30, 0x2c, 0x30, 0x2c, 0x30, 0x2c, 0x30,
    0x2c, 0x30, 0x2c, 0x30, 0x2c, 0x30, 0x2c, 0x30, 0x2c, 0x30, 0x2c, 0x30, 0x2c, 0x30, 0x2c, 0x30,
    0x61, 0x2e, 0x30, 0x38, 0x2e, 0x30, 0x38, 0x2c, 0x30, 0x2c, 0x30, 0x2c, 0x30, 0x2c, 0x30, 0x2c,
    0x30, 0x6c, 0x30, 0x2c, 0x30, 0x2c, 0x30, 0x2c, 0x30, 0x73, 0x30, 0x2c, 0x30, 0x2c, 0x30, 0x2c,
    0x30, 0x6c, 0x30, 0x2c, 0x30, 0x2c, 0x30, 0x2c, 0x30, 0x2c, 0x30, 0x2c, 0x30, 0x2c, 0x30, 0x2c,
    0x30, 0x2c, 0x30, 0x2c, 0x30, 0x2c, 0x30, 0x2c, 0x30, 0x2c, 0x30, 0x2c, 0x30, 0x2c, 0x30, 0x2c,
    0x30, 0x2c, 0x30, 0x2c, 0x30, 0x2c, 0x30, 0x2c, 0x30, 0x41, 0x32, 0x2c, 0x32, 0x2c, 0x30, 0x2c,
    0x30, 0x2c, 0x30, 0x2c, 0x32, 0x33, 0x2e, 0x37, 0x38, 0x2c, 0x30, 0x48, 0x32, 0x41, 0x32, 0x2c,
    0x32, 0x2c, 0x30, 0x2c, 0x30, 0x2c, 0x30, 0x2c, 0x30, 0x2c, 0x32, 0x56, 0x31, 0x33, 0x2e, 0x35,
    0x32, 0x61, 0x32, 0x2c, 0x32, 0x2c, 0x30, 0x2c, 0x30, 0x2c, 0x30, 0x2c, 0x2e, 0x36, 0x2c, 0x31,
    0x2e, 0x34, 0x32, 0x6c, 0x30, 0x2c, 0x30, 0x2c, 0x30, 0x2c, 0x30, 0x2c, 0x30, 0x2c, 0x30, 0x2c,
    0x30, 0x2c, 0x30, 0x2c, 0x30, 0x2c, 0x30, 0x2c, 0x30, 0x2c, 0x30, 0x2c, 0x30, 0x2c, 0x30, 0x2c,
    0x30, 0x2c, 0x30, 0x2c, 0x30, 0x2c, 0x30, 0x2c, 0x30, 0x2c, 0x30, 0x2c, 0x30, 0x2c, 0x30, 0x2c,
    0x30, 0x2c, 0x30, 0x2c, 0x30, 0x2c, 0x30, 0x2c, 0x30, 0x2c, 0x30, 0x2c, 0x30, 0x2c, 0x30, 0x2c,
    0x30, 0x2c, 0x30, 0x2c, 0x30, 0x2c, 0x30, 0x2c, 0x30, 0x2c, 0x30, 0x2c, 0x30, 0x2c, 0x30, 0x2c,
    0x30, 0x2c, 0x30, 0x2c, 0x30, 0x2c, 0x30, 0x2c, 0x30, 0x2c, 0x30, 0x2c, 0x30, 0x2c, 0x30, 0x2c,
    0x30, 0x2c, 0x30, 0x2c, 0x30, 0x2c, 0x30, 0x2c, 0x30, 0x2c, 0x30, 0x2c, 0x30, 0x2c, 0x30, 0x2c,
    0x30, 0x2c, 0x30, 0x2c, 0x30, 0x2c, 0x30, 0x2c, 0x30, 0x2c, 0x30, 0x2c, 0x30, 0x2c, 0x30, 0x2c,
    0x30, 0x2c, 0x30, 0x2c, 0x30, 0x2c, 0x30, 0x2c, 0x30, 0x2c, 0x30, 0x2c, 0x30, 0x2c, 0x30, 0x2c,
    0x30, 0x2c, 0x30, 0x2c, 0x30, 0x2c, 0x30, 0x2c, 0x30, 0x2c, 0x30, 0x2c, 0x30, 0x2c, 0x30, 0x2c,
    0x30, 0x2c, 0x30, 0x2c, 0x30, 0x2c, 0x30, 0x2c, 0x30, 0x2c, 0x30, 0x2c, 0x30, 0x2c, 0x30, 0x2c,
    0x30, 0x2c, 0x30, 0x2c, 0x30, 0x2c, 0x30, 0x2c, 0x30, 0x2c, 0x30, 0x2c, 0x30, 0x2c, 0x30, 0x2c,
    0x30, 0x2c, 0x30, 0x2c, 0x30, 0x2c, 0x30, 0x2c, 0x30, 0x2c, 0x30, 0x61, 0x32, 0x2c, 0x32, 0x2c,
    0x30, 0x2c, 0x30, 0x2c, 0x30, 0x2c, 0x31, 0x2e, 0x34, 0x32, 0x2e, 0x36, 0x68, 0x32, 0x31, 0x2e,
    0x38, 0x41, 0x32, 0x2c, 0x32, 0x2c, 0x30, 0x2c, 0x30, 0x2c, 0x30, 0x2c, 0x32, 0x37, 0x2e, 0x35,
    0x37, 0x2c, 0x31, 0x35, 0x2e, 0x33, 0x31, 0x5a, 0x22, 0x20, 0x73, 0x74, 0x79, 0x6c, 0x65, 0x3d,
    0x22, 0x66, 0x69, 0x6c, 0x6c, 0x3a, 0x23, 0x35, 0x38, 0x35, 0x39, 0x35, 0x62, 0x22, 0x2f, 0x3e,
    0x3c, 0x70, 0x61, 0x74, 0x68, 0x20, 0x64, 0x3d, 0x22, 0x4d, 0x34, 0x30, 0x2e, 0x34, 0x31, 0x2c,
    0x31, 0x37, 0x2e, 0x36, 0x39, 0x48, 0x31, 0x38, 0x2e, 0x36, 0x32, 0x61, 0x32, 0x2c, 0x32, 0x2c,
    0x30, 0x2c, 0x30, 0x2c, 0x30, 0x2d, 0x32, 0x2c, 0x32, 0x56, 0x33, 0x31, 0x2e, 0x32, 0x31, 0x61,
    0x32, 0x2c, 0x32, 0x2c, 0x30, 0x2c, 0x30, 0x2c, 0x30, 0x2c, 0x32, 0x2c, 0x32, 0x48, 0x34, 0x30,
    0x2e, 0x34, 0x31, 0x61, 0x32, 0x2c, 0x32, 0x2c, 0x30, 0x2c, 0x30, 0x2c, 0x30, 0x2c, 0x32, 0x2d,
    0x32, 0x56, 0x31, 0x39, 0x2e, 0x36, 0x38, 0x41, 0x32, 0x2c, 0x32, 0x2c, 0x30, 0x2c, 0x30, 0x2c,
    0x30, 0x2c, 0x34, 0x30, 0x2e, 0x34, 0x31, 0x2c, 0x31, 0x37, 0x2e, 0x36, 0x39, 0x5a, 0x22, 0x20,
    0x73, 0x74, 0x79, 0x6c, 0x65, 0x3d, 0x22, 0x66, 0x69, 0x6c, 0x6c, 0x3a, 0x75, 0x72, 0x6c, 0x28,
    0x23, 0x53, 0x75, 0x6d, 0x6d, 0x65, 0x72, 0x5f, 0x4d, 0x75, 0x6c, 0x74, 0x69, 0x63, 0x6f, 0x6c,
    0x6f, 0x72, 0x29, 0x22, 0x2f, 0x3e, 0x3c, 0x70, 0x61, 0x74, 0x68, 0x20, 0x64, 0x3d, 0x22, 0x4d,
    0x35, 0x35, 0x2e, 0x35, 0x32, 0x2c, 0x33, 0x35, 0x2e, 0x38, 0x39, 0x48, 0x33, 0x33, 0x2e, 0x37,
    0x32, 0x61, 0x32, 0x2c, 0x32, 0x2c, 0x30, 0x2c, 0x30, 0x2c, 0x30, 0x2d, 0x32, 0x2c, 0x32, 0x56,
    0x34, 0x39, 0x2e, 0x34, 0x31, 0x61, 0x32, 0x2c, 0x32, 0x2c, 0x30, 0x2c, 0x30, 0x2c, 0x30, 0x2c,
    0x32, 0x2c, 0x32, 0x68, 0x32, 0x31, 0x2e, 0x38, 0x61, 0x32, 0x2c, 0x32, 0x2c, 0x30, 0x2c, 0x30,
    0x2c, 0x30, 0x2c, 0x32, 0x2d, 0x32, 0x56, 0x33, 0x37, 0x2e, 0x38, 0x39, 0x41, 0x32, 0x2c, 0x32,
    0x2c, 0x30, 0x2c, 0x30, 0x2c, 0x30, 0x2c, 0x35, 0x35, 0x2e, 0x35, 0x32, 0x2c, 0x33, 0x35, 0x2e,
    0x38, 0x39, 0x5a, 0x22, 0x20, 0x73, 0x74, 0x79, 0x6c, 0x65, 0x3d, 0x22, 0x66, 0x69, 0x6c, 0x6c,
    0x3a, 0x75, 0x72, 0x6c, 0x28, 0x23, 0x53, 0x75, 0x6d, 0x6d, 0x65, 0x72, 0x5f, 0x4d, 0x75, 0x6c,
    0x74, 0x69, 0x63, 0x6f, 0x6c, 0x6f, 0x72, 0x2d, 0x32, 0x29, 0x22, 0x2f, 0x3e, 0x3c, 0x70, 0x61,
    0x74, 0x68, 0x20, 0x64, 0x3d, 0x22, 0x4d, 0x32, 0x33, 0x2e, 0x37, 0x38, 0x2c, 0x30, 0x48, 0x32,
    0x41, 0x32, 0x2c, 0x32, 0x2c, 0x30, 0x2c, 0x30, 0x2c, 0x30, 0x2c, 0x30, 0x2c, 0x32, 0x56, 0x31,
    0x33, 0x2e, 0x35, 0x32, 0x61, 0x32, 0x2c, 0x32, 0x2c, 0x30, 0x2c, 0x30, 0x2c, 0x30, 0x2c, 0x32,
    0x2c, 0x32, 0x48, 0x32, 0x33, 0x2e, 0x37, 0x38, 0x61, 0x32, 0x2c, 0x32, 0x2c, 0x30, 0x2c, 0x30,
    0x2c, 0x30, 0x2c, 0x32, 0x2d, 0x32, 0x56, 0x32, 0x61, 0x32, 0x2c, 0x32, 0x2c, 0x30, 0x2c, 0x30,
    0x2c, 0x30, 0x2d, 0x32, 0x2d, 0x32, 0x22, 0x20, 0x73, 0x74, 0x79, 0x6c, 0x65, 0x3d, 0x22, 0x66,
    0x69, 0x6c, 0x6c, 0x3a, 0x75, 0x72, 0x6c, 0x28, 0x23, 0x53, 0x75, 0x6d, 0x6d, 0x65, 0x72, 0x5f,
    0x4d, 0x75, 0x6c, 0x74, 0x69, 0x63, 0x6f, 0x6c, 0x6f, 0x72, 0x2d, 0x33, 0x29, 0x22, 0x2f, 0x3e,
    0x3c, 0x72, 0x65, 0x63, 0x74, 0x20, 0x78, 0x3d, 0x22, 0x32, 0x2e, 0x36, 0x36, 0x22, 0x20, 0x79,
    0x3d, 0x22, 0x32, 0x2e, 0x36, 0x36, 0x22, 0x20, 0x77, 0x69, 0x64, 0x74, 0x68, 0x3d, 0x22, 0x32,
    0x30, 0x2e, 0x34, 0x35, 0x22, 0x20, 0x68, 0x65, 0x69, 0x67, 0x68, 0x74, 0x3d, 0x22, 0x31, 0x30,
    0x2e, 0x31, 0x38, 0x22, 0x20, 0x73, 0x74, 0x79, 0x6c, 0x65, 0x3d, 0x22, 0x66, 0x69, 0x6c, 0x6c,
    0x3a, 0x23, 0x66, 0x66, 0x66, 0x22, 0x2f, 0x3e, 0x3c, 0x2f, 0x73, 0x76, 0x67, 0x3e,
};
static const size_t main_toolbar_ac_cascade_svg_len = 3278;

static const unsigned char main_toolbar_ac_foreground_svg[] = {
    0x3c, 0x73, 0x76, 0x67, 0x20, 0x69, 0x64, 0x3d, 0x22, 0x4c, 0x61, 0x79, 0x65, 0x72, 0x5f, 0x31,
    0x22, 0x20, 0x64, 0x61, 0x74, 0x61, 0x2d, 0x6e, 0x61, 0x6d, 0x65, 0x3d, 0x22, 0x4c, 0x61, 0x79,
    0x65, 0x72, 0x20, 0x31, 0x22, 0x20, 0x78, 0x6d, 0x6c, 0x6e, 0x73, 0x3d, 0x22, 0x68, 0x74, 0x74,
    0x70, 0x3a, 0x2f, 0x2f, 0x77, 0x77, 0x77, 0x2e, 0x77, 0x33, 0x2e, 0x6f, 0x72, 0x67, 0x2f, 0x32,
    0x30, 0x30, 0x30, 0x2f, 0x73, 0x76, 0x67, 0x22, 0x20, 0x78, 0x6d, 0x6c, 0x6e, 0x73, 0x3a, 0x78,
    0x6c, 0x69, 0x6e, 0x6b, 0x3d, 0x22, 0x68, 0x74, 0x74, 0x70, 0x3a, 0x2f, 0x2f, 0x77, 0x77, 0x77,
    0x2e, 0x77, 0x33, 0x2e, 0x6f, 0x72, 0x67, 0x2f, 0x31, 0x39, 0x39, 0x39, 0x2f, 0x78, 0x6c, 0x69,
    0x6e, 0x6b, 0x22, 0x20, 0x76, 0x69, 0x65, 0x77, 0x42, 0x6f, 0x78, 0x3d, 0x22, 0x30, 0x20, 0x30,
    0x20, 0x35, 0x39, 0x2e, 0x36, 0x32, 0x20, 0x35, 0x39, 0x2e, 0x36, 0x31, 0x22, 0x3e, 0x3c, 0x64,
    0x65, 0x66, 0x73, 0x3e, 0x3c, 0x6c, 0x69, 0x6e, 0x65, 0x61, 0x72, 0x47, 0x72, 0x61, 0x64, 0x69,
    0x65, 0x6e, 0x74, 0x20, 0x69, 0x64, 0x3d, 0x22, 0x53, 0x75, 0x6d, 0x6d, 0x65, 0x72, 0x5f, 0x4d,
    0x75, 0x6c, 0x74, 0x69, 0x63, 0x6f, 0x6c, 0x6f, 0x72, 0x22, 0x20, 0x78, 0x31, 0x3d, 0x22, 0x34,
    0x34, 0x2e, 0x33, 0x31, 0x22, 0x20, 0x79, 0x31, 0x3d, 0x22, 0x36, 0x2e, 0x37, 0x36, 0x22, 0x20,
    0x78, 0x32, 0x3d, 0x22, 0x34, 0x34, 0x2e, 0x33, 0x31, 0x22, 0x20, 0x79, 0x32, 0x3d, 0x22, 0x36,
    0x2e, 0x37, 0x36, 0x22, 0x20, 0x67, 0x72, 0x61, 0x64, 0x69, 0x65, 0x6e, 0x74, 0x55, 0x6e, 0x69,
    0x74, 0x73, 0x3d, 0x22, 0x75, 0x73, 0x65, 0x72, 0x53, 0x70, 0x61, 0x63, 0x65, 0x4f, 0x6e, 0x55,
    0x73, 0x65, 0x22, 0x3e, 0x3c, 0x73, 0x74, 0x6f, 0x70, 0x20, 0x6f, 0x66, 0x66, 0x73, 0x65, 0x74,
    0x3d, 0x22, 0x30, 0x2e, 0x31, 0x31, 0x22, 0x20, 0x73, 0x74, 0x6f, 0x70, 0x2d, 0x63, 0x6f, 0x6c,
    0x6f, 0x72, 0x3d, 0x22, 0x23, 0x66, 0x30, 0x63, 0x38, 0x33, 0x62, 0x22, 0x2f, 0x3e, 0x3c, 0x73,
    0x74, 0x6f, 0x70, 0x20, 0x6f, 0x66, 0x66, 0x73, 0x65, 0x74, 0x3d, 0x22, 0x30, 0x2e, 0x32, 0x34,
    0x22, 0x20, 0x73, 0x74, 0x6f, 0x70, 0x2d, 0x63, 0x6f, 0x6c, 0x6f, 0x72, 0x3d, 0x22, 0x23, 0x66,
    0x31, 0x35, 0x36, 0x33, 0x63, 0x22, 0x2f, 0x3e, 0x3c, 0x73, 0x74, 0x6f, 0x70, 0x20, 0x6f, 0x66,
    0x66, 0x73, 0x65, 0x74, 0x3d, 0x22, 0x30, 0x2e, 0x32, 0x37, 0x22, 0x20, 0x73, 0x74, 0x6f, 0x70,
    0x2d, 0x63, 0x6f, 0x6c, 0x6f, 0x72, 0x3d, 0x22, 0x23, 0x65, 0x36, 0x35, 0x33, 0x35, 0x32, 0x22,
    0x2f, 0x3e, 0x3c, 0x73, 0x74, 0x6f, 0x70, 0x20, 0x6f, 0x66, 0x66, 0x73, 0x65, 0x74, 0x3d, 0x22,
    0x30, 0x2e, 0x33, 0x32, 0x22, 0x20, 0x73, 0x74, 0x6f, 0x70, 0x2d, 0x63, 0x6f, 0x6c, 0x6f, 0x72,
    0x3d, 0x22, 0x23, 0x64, 0x33, 0x34, 0x66, 0x37, 0x61, 0x22, 0x2f, 0x3e, 0x3c, 0x73, 0x74, 0x6f,
    0x70, 0x20, 0x6f, 0x66, 0x66, 0x73, 0x65, 0x74, 0x3d, 0x22, 0x30, 0x2e, 0x33, 0x37, 0x22, 0x20,
    0x73, 0x74, 0x6f, 0x70, 0x2d, 0x63, 0x6f, 0x6c, 0x6f, 0x72, 0x3d, 0x22, 0x23, 0x63, 0x37, 0x34,
    0x63, 0x39, 0x32, 0x22, 0x2f, 0x3e, 0x3c, 0x73, 0x74, 0x6f, 0x70, 0x20, 0x6f, 0x66, 0x66, 0x73,
    0x65, 0x74, 0x3d, 0x22, 0x30, 0x2e, 0x33, 0x39, 0x22, 0x20, 0x73, 0x74, 0x6f, 0x70, 0x2d, 0x63,
    0x6f, 0x6c, 0x6f, 0x72, 0x3d, 0x22, 0x23, 0x63, 0x33, 0x34, 0x62, 0x39, 0x62, 0x22, 0x2f, 0x3e,
    0x3c, 0x73, 0x74, 0x6f, 0x70, 0x20, 0x6f, 0x66, 0x66, 0x73, 0x65, 0x74, 0x3d, 0x22, 0x30, 0x2e,
    0x37, 0x39, 0x22, 0x20, 0x73, 0x74, 0x6f, 0x70, 0x2d, 0x63, 0x6f, 0x6c, 0x6f, 0x72, 0x3d, 0x22,
    0x23, 0x30, 0x30, 0x62, 0x33, 0x63, 0x31, 0x22, 0x2f, 0x3e, 0x3c, 0x73, 0x74, 0x6f, 0x70, 0x20,
    0x6f, 0x66, 0x66, 0x73, 0x65, 0x74, 0x3d, 0x22, 0x30, 0x2e, 0x38, 0x31, 0x22, 0x20, 0x73, 0x74,
    0x6f, 0x70, 0x2d, 0x63, 0x6f, 0x6c, 0x6f, 0x72, 0x3d, 0x22, 0x23, 0x30, 0x30, 0x62, 0x33, 0x36,
    0x63, 0x22, 0x2f, 0x3e, 0x3c, 0x73, 0x74, 0x6f, 0x70, 0x20, 0x6f, 0x66, 0x66, 0x73, 0x65, 0x74,
    0x3d, 0x22, 0x31, 0x22, 0x20, 0x73, 0x74, 0x6f, 0x70, 0x2d, 0x63, 0x6f, 0x6c, 0x6f, 0x72, 0x3d,
    0x22, 0x23, 0x30, 0x30, 0x62, 0x33, 0x63, 0x31, 0x22, 0x2f, 0x3e, 0x3c, 0x2f, 0x6c, 0x69, 0x6e,
    0x65, 0x61, 0x72, 0x47, 0x72, 0x61, 0x64, 0x69, 0x65, 0x6e, 0x74, 0x3e, 0x3c, 0x6c, 0x69, 0x6e,
    0x65, 0x61, 0x72, 0x47, 0x72, 0x61, 0x64, 0x69, 0x65, 0x6e, 0x74, 0x20, 0x69, 0x64, 0x3d, 0x22,
    0x53, 0x75, 0x6d, 0x6d, 0x65, 0x72, 0x5f, 0x4d, 0x75, 0x6c, 0x74, 0x69, 0x63, 0x6f, 0x6c, 0x6f,
    0x72, 0x2d, 0x32, 0x22, 0x20, 0x78, 0x31, 0x3d, 0x22, 0x2d, 0x38, 0x39, 0x32, 0x2e, 0x33, 0x39,
    0x22, 0x20, 0x79, 0x31, 0x3d, 0x22, 0x34, 0x34, 0x2e, 0x33, 0x22, 0x20, 0x78, 0x32, 0x3d, 0x22,
    0x31, 0x35, 0x31, 0x2e, 0x31, 0x36, 0x22, 0x20, 0x79, 0x32, 0x3d, 0x22, 0x34, 0x34, 0x2e, 0x33,
    0x22, 0x20, 0x78, 0x6c, 0x69, 0x6e, 0x6b, 0x3a, 0x68, 0x72, 0x65, 0x66, 0x3d, 0x22, 0x23, 0x53,
    0x75, 0x6d, 0x6d, 0x65, 0x72, 0x5f, 0x4d, 0x75, 0x6c, 0x74, 0x69, 0x63, 0x6f, 0x6c, 0x6f, 0x72,
    0x22, 0x2f, 0x3e, 0x3c, 0x6c, 0x69, 0x6e, 0x65, 0x61, 0x72, 0x47, 0x72, 0x61, 0x64, 0x69, 0x65,
    0x6e, 0x74, 0x20, 0x69, 0x64, 0x3d, 0x22, 0x53, 0x75, 0x6d, 0x6d, 0x65, 0x72, 0x5f, 0x4d, 0x75,
    0x6c, 0x74, 0x69, 0x63, 0x6f, 0x6c, 0x6f, 0x72, 0x2d, 0x33, 0x22, 0x20, 0x78, 0x31, 0x3d, 0x22,
    0x2d, 0x38, 0x39, 0x32, 0x2e, 0x33, 0x39, 0x22, 0x20, 0x79, 0x31, 0x3d, 0x22, 0x32, 0x38, 0x2e,
    0x39, 0x31, 0x22, 0x20, 0x78, 0x32, 0x3d, 0x22, 0x31, 0x35, 0x31, 0x2e, 0x31, 0x36, 0x22, 0x20,
    0x79, 0x32, 0x3d, 0x22, 0x32, 0x38, 0x2e, 0x39, 0x31, 0x22, 0x20, 0x78, 0x6c, 0x69, 0x6e, 0x6b,
    0x3a, 0x68, 0x72, 0x65, 0x66, 0x3d, 0x22, 0x23, 0x53, 0x75, 0x6d, 0x6d, 0x65, 0x72, 0x5f, 0x4d,
    0x75, 0x6c, 0x74, 0x69, 0x63, 0x6f, 0x6c, 0x6f, 0x72, 0x22, 0x2f, 0x3e, 0x3c, 0x6c, 0x69, 0x6e,
    0x65, 0x61, 0x72, 0x47, 0x72, 0x61, 0x64, 0x69, 0x65, 0x6e, 0x74, 0x20, 0x69, 0x64, 0x3d, 0x22,
    0x53, 0x75, 0x6d, 0x6d, 0x65, 0x72, 0x5f, 0x4d, 0x75, 0x6c, 0x74, 0x69, 0x63, 0x6f, 0x6c, 0x6f,
    0x72, 0x2d, 0x34, 0x22, 0x20, 0x78, 0x31, 0x3d, 0x22, 0x32, 0x2e, 0x36, 0x39, 0x22, 0x20, 0x79,
    0x31, 0x3d, 0x22, 0x32, 0x33, 0x2e, 0x34, 0x39, 0x22, 0x20, 0x78, 0x32, 0x3d, 0x22, 0x32, 0x2e,
    0x37, 0x22, 0x20, 0x79, 0x32, 0x3d, 0x22, 0x32, 0x33, 0x2e, 0x34, 0x39, 0x22, 0x20, 0x78, 0x6c,
    0x69, 0x6e, 0x6b, 0x3a, 0x68, 0x72, 0x65, 0x66, 0x3d, 0x22, 0x23, 0x53, 0x75, 0x6d, 0x6d, 0x65,
    0x72, 0x5f, 0x4d, 0x75, 0x6c, 0x74, 0x69, 0x63, 0x6f, 0x6c, 0x6f, 0x72, 0x22, 0x2f, 0x3e, 0x3c,
    0x2f, 0x64, 0x65, 0x66, 0x73, 0x3e, 0x3c, 0x70, 0x61, 0x74, 0x68, 0x20, 0x64, 0x3d, 0x22, 0x4d,
    0x35, 0x39, 0x2e, 0x32, 0x31, 0x2c, 0x31, 0x33, 0x61, 0x2e, 0x30, 0x38, 0x2e, 0x30, 0x38, 0x2c,
    0x30, 0x2c, 0x30, 0x2c, 0x30, 0x2c, 0x30, 0x2c, 0x30, 0x6c, 0x30, 0x2c, 0x30, 0x73, 0x30, 0x2c,
    0x30, 0x2c, 0x30, 0x2c, 0x30, 0x6c, 0x30, 0x2c, 0x30, 0x73, 0x30, 0x2c, 0x30, 0x2c, 0x30, 0x2c,
    0x30, 0x6c, 0x30, 0x2c, 0x30, 0x2c, 0x30, 0x2c, 0x30, 0x2c, 0x30, 0x2c, 0x30, 0x2c, 0x30, 0x2c,
    0x30, 0x2c, 0x30, 0x2c, 0x30, 0x2c, 0x30, 0x2c, 0x30, 0x2c, 0x30, 0x2c, 0x30, 0x2c, 0x30, 0x2c,
    0x30, 0x2c, 0x30, 0x2c, 0x30, 0x2c, 0x30, 0x2c, 0x30, 0x2c, 0x30, 0x2c, 0x30, 0x2c, 0x30, 0x2c,
    0x30, 0x2c, 0x30, 0x2c, 0x30, 0x2c, 0x30, 0x2c, 0x30, 0x2c, 0x30, 0x2c, 0x30, 0x2c, 0x30, 0x2c,
    0x30, 0x61, 0x2e, 0x30, 0x38, 0x2e, 0x30, 0x38, 0x2c, 0x30, 0x2c, 0x30, 0x2c, 0x30, 0x2c, 0x30,
    0x2c, 0x30, 0x6c, 0x30, 0x2c, 0x30, 0x2c, 0x30, 0x2c, 0x30, 0x2c, 0x30, 0x2c, 0x30, 0x61, 0x2e,
    0x30, 0x38, 0x2e, 0x30, 0x38, 0x2c, 0x30, 0x2c, 0x30, 0x2c, 0x30, 0x2c, 0x30, 0x2c, 0x30, 0x6c,
    0x30, 0x2c, 0x30, 0x73, 0x30, 0x2c, 0x30, 0x2c, 0x30, 0x2c, 0x30, 0x6c, 0x30, 0x2c, 0x30, 0x61,
    0x2e, 0x30, 0x38, 0x2e, 0x30, 0x38, 0x2c, 0x30, 0x2c, 0x30, 0x2c, 0x30, 0x2c, 0x30, 0x2c, 0x30,
    0x6c, 0x30, 0x2c, 0x30, 0x2c, 0x30, 0x2c, 0x30, 0x2c, 0x30, 0x2c, 0x30, 0x2c, 0x30, 0x2c, 0x30,
    0x2c, 0x30, 0x2c, 0x30, 0x2c, 0x30, 0x2c, 0x30, 0x2c, 0x30, 0x2c, 0x30, 0x2c, 0x30, 0x2c, 0x30,
    0x2c, 0x30, 0x2c, 0x30, 0x2c, 0x30, 0x2c, 0x30, 0x73, 0x30, 0x2c, 0x30, 0x2c, 0x30, 0x2c, 0x30,
    0x6c, 0x30, 0x2c, 0x30, 0x2c, 0x30, 0x2c, 0x30, 0x2c, 0x30, 0x2c, 0x30, 0x2c, 0x30, 0x2c, 0x30,
    0x2c, 0x30, 0x2c, 0x30, 0x73, 0x30, 0x2c, 0x30, 0x2c, 0x30, 0x2c, 0x30, 0x6c, 0x30, 0x2c, 0x30,
    0x2c, 0x30, 0x2c, 0x30, 0x2c, 0x30, 0x2c, 0x30, 0x61, 0x31, 0x2e, 0x33, 0x33, 0x2c, 0x31, 0x2e,
    0x33, 0x33, 0x2c, 0x30, 0x2c, 0x30, 0x2c, 0x30, 0x2d, 0x31, 0x2d, 0x2e, 0x34, 0x31, 0x48, 0x34,
    0x38, 0x2e, 0x37, 0x39, 0x56, 0x33, 0x2e, 0x31, 0x34, 0x61, 0x31, 0x2e, 0x33, 0x33, 0x2c, 0x31,
    0x2e, 0x33, 0x33, 0x2c, 0x30, 0x2c, 0x30, 0x2c, 0x30, 0x2d, 0x2e, 0x34, 0x31, 0x2d, 0x31, 0x73,
    0x30, 0x2c, 0x30, 0x2c, 0x30, 0x2c, 0x30, 0x6c, 0x30, 0x2c, 0x30, 0x73, 0x30, 0x2c, 0x30, 0x2c,
    0x30, 0x2c, 0x30, 0x6c, 0x30, 0x2c, 0x30, 0x73, 0x30, 0x2c, 0x30, 0x2c, 0x30, 0x2c, 0x30, 0x6c,
    0x30, 0x2c, 0x30, 0x2c, 0x30, 0x2c, 0x30, 0x2c, 0x30, 0x2c, 0x30, 0x2c, 0x30, 0x2c, 0x30, 0x2c,
    0x30, 0x2c, 0x30, 0x2c, 0x30, 0x2c, 0x30, 0x2c, 0x30, 0x2c, 0x30, 0x2c, 0x30, 0x2c, 0x30, 0x2c,
    0x30, 0x2c, 0x30, 0x2c, 0x30, 0x2c, 0x30, 0x2c, 0x30, 0x2c, 0x30, 0x2c, 0x30, 0x2c, 0x30, 0x2c,
    0x30, 0x2c, 0x30, 0x2c, 0x30, 0x2c, 0x30, 0x2c, 0x30, 0x2c, 0x30, 0x2c, 0x30, 0x2c, 0x30, 0x73,
    0x30, 0x2c, 0x30, 0x2c, 0x30, 0x2c, 0x30, 0x6c, 0x30, 0x2c, 0x30, 0x2c, 0x30, 0x2c, 0x30, 0x2c,
    0x30, 0x2c, 0x30, 0x2c, 0x30, 0x2c, 0x30, 0x2c, 0x30, 0x2c, 0x30, 0x2c, 0x30, 0x2c, 0x30, 0x2c,
    0x30, 0x2c, 0x30, 0x2c, 0x30, 0x2c, 0x30, 0x2c, 0x30, 0x2c, 0x30, 0x2c, 0x30, 0x2c, 0x30, 0x2c,
    0x30, 0x2c, 0x30, 0x73, 0x30, 0x2c, 0x30, 0x2c, 0x30, 0x2c, 0x30, 0x6c, 0x30, 0x2c, 0x30, 0x2c,
    0x30, 0x2c, 0x30, 0x2c, 0x30, 0x2c, 0x30, 0x2c, 0x30, 0x2c, 0x30, 0x2c, 0x30, 0x2c, 0x30, 0x2c,
    0x30, 0x2c, 0x30, 0x2c, 0x30, 0x2c, 0x30, 0x2c, 0x30, 0x2c, 0x30, 0x2c, 0x30, 0x2c, 0x30, 0x2c,
    0x30, 0x2c, 0x30, 0x2c, 0x30, 0x2c, 0x30, 0x2c, 0x30, 0x2c, 0x30, 0x73, 0x30, 0x2c, 0x30, 0x2c,
    0x30, 0x2c, 0x30, 0x6c, 0x30, 0x2c, 0x30, 0x2c, 0x30, 0x2c, 0x30, 0x2c, 0x30, 0x2c, 0x30, 0x61,
    0x31, 0x2e, 0x33, 0x37, 0x2c, 0x31, 0x2e, 0x33, 0x37, 0x2c, 0x30, 0x2c, 0x30, 0x2c, 0x30, 0x2d,
    0x31, 0x2d, 0x2e, 0x34, 0x31, 0x48, 0x31, 0x2e, 0x33, 0x35, 0x41, 0x31, 0x2e, 0x33, 0x35, 0x2c,
    0x31, 0x2e, 0x33, 0x35, 0x2c, 0x30, 0x2c, 0x30, 0x2c, 0x30, 0x2c, 0x30, 0x2c, 0x31, 0x2e, 0x33,
    0x34, 0x56, 0x34, 0x35, 0x2e, 0x36, 0x35, 0x61, 0x31, 0x2e, 0x33, 0x36, 0x2c, 0x31, 0x2e, 0x33,
    0x36, 0x2c, 0x30, 0x2c, 0x30, 0x2c, 0x30, 0x2c, 0x2e, 0x34, 0x31, 0x2c, 0x31, 0x6c, 0x30, 0x2c,
    0x30, 0x2c, 0x30, 0x2c, 0x30, 0x2c, 0x30, 0x2c, 0x30, 0x2c, 0x30, 0x2c, 0x30, 0x2c, 0x30, 0x2c,
    0x30, 0x73, 0x30, 0x2c, 0x30, 0x2c, 0x30, 0x2c, 0x30, 0x6c, 0x30, 0x2c, 0x30, 0x2c, 0x30, 0x2c,
    0x30, 0x2c, 0x30, 0x2c, 0x30, 0x2c, 0x30, 0x2c, 0x30, 0x2c, 0x30, 0x2c, 0x30, 0x2c, 0x30, 0x2c,
    0x30, 0x2c, 0x30, 0x2c, 0x30, 0x2c, 0x30, 0x2c, 0x30, 0x2c, 0x30, 0x2c, 0x30, 0x2c, 0x30, 0x2c,
    0x30, 0x2c, 0x30, 0x2c, 0x30, 0x2c, 0x30, 0x2c, 0x30, 0x2c, 0x30, 0x2c, 0x30, 0x2c, 0x30, 0x2c,
    0x30, 0x2c, 0x30, 0x2c, 0x30, 0x2c, 0x30, 0x2c, 0x30, 0x2c, 0x30, 0x2c, 0x30, 0x2c, 0x30, 0x2c,
    0x30, 0x2c, 0x30, 0x2c, 0x30, 0x2c, 0x30, 0x2c, 0x30, 0x2c, 0x30, 0x2c, 0x30, 0x2c, 0x30, 0x2c,
    0x30, 0x2c, 0x30, 0x2c, 0x30, 0x2c, 0x30, 0x2c, 0x30, 0x2c, 0x30, 0x2c, 0x30, 0x2c, 0x30, 0x2c,
    0x30, 0x2c, 0x30, 0x2c, 0x30, 0x2c, 0x30, 0x2c, 0x30, 0x2c, 0x30, 0x2c, 0x30, 0x2c, 0x30, 0x2c,
    0x30, 0x2c, 0x30, 0x2c, 0x30, 0x2c, 0x30, 0x2c, 0x30, 0x2c, 0x30, 0x2c, 0x30, 0x2c, 0x30, 0x2c,
    0x30, 0x2c, 0x30, 0x2c, 0x30, 0x2c, 0x30, 0x2c, 0x30, 0x2c, 0x30, 0x2c, 0x30, 0x2c, 0x30, 0x2c,
    0x30, 0x2c, 0x30, 0x2c, 0x30, 0x2c, 0x30, 0x2c, 0x30, 0x2c, 0x30, 0x2c, 0x30, 0x2c, 0x30, 0x2c,
    0x30, 0x2c, 0x30, 0x2c, 0x30, 0x2c, 0x30, 0x2c, 0x30, 0x61, 0x31, 0x2e, 0x33, 0x34, 0x2c, 0x31,
    0x2e, 0x33, 0x34, 0x2c, 0x30, 0x2c, 0x30, 0x2c, 0x30, 0x2c, 0x31, 0x2c, 0x2e, 0x34, 0x32, 0x68,
    0x37, 0x2e, 0x36, 0x39, 0x76, 0x37, 0x2e, 0x36, 0x39, 0x61, 0x31, 0x2e, 0x33, 0x33, 0x2c, 0x31,
    0x2e, 0x33, 0x33, 0x2c, 0x30, 0x2c, 0x30, 0x2c, 0x30, 0x2c, 0x2e, 0x34, 0x31, 0x2c, 0x31, 0x2c,
    0x2e, 0x30, 0x38, 0x2e, 0x30, 0x38, 0x2c, 0x30, 0x2c, 0x30, 0x2c, 0x31, 0x2c, 0x30, 0x2c, 0x30,
    0x6c, 0x30, 0x2c, 0x30, 0x2c, 0x30, 0x2c, 0x30, 0x2c, 0x30, 0x2c, 0x30, 0x73, 0x30, 0x2c, 0x30,
    0x2c, 0x30, 0x2c, 0x30, 0x6c, 0x30, 0x2c, 0x30, 0x2c, 0x30, 0x2c, 0x30, 0x2c, 0x30, 0x2c, 0x30,
    0x2c, 0x30, 0x2c, 0x30, 0x2c, 0x30, 0x2c, 0x30, 0x2c, 0x30, 0x2c, 0x30, 0x2c, 0x30, 0x2c, 0x30,
    0x2c, 0x30, 0x2c, 0x30, 0x2c, 0x30, 0x2c, 0x30, 0x2c, 0x30, 0x2c, 0x30, 0x2c, 0x30, 0x2c, 0x30,
    0x2c, 0x30, 0x2c, 0x30, 0x2c, 0x30, 0x2c, 0x30, 0x2c, 0x30, 0x2c, 0x30, 0x2c, 0x30, 0x2c, 0x30,
    0x2c, 0x30, 0x2c, 0x30, 0x2c, 0x30, 0x2c, 0x30, 0x2c, 0x30, 0x2c, 0x30, 0x73, 0x30, 0x2c, 0x30,
    0x2c, 0x30, 0x2c, 0x30, 0x6c, 0x30, 0x2c, 0x30, 0x2c, 0x30, 0x2c, 0x30, 0x2c, 0x30, 0x2c, 0x30,
    0x73, 0x30, 0x2c, 0x30, 0x2c, 0x30, 0x2c, 0x30, 0x6c, 0x30, 0x2c, 0x30, 0x61, 0x2e, 0x30, 0x38,
    0x2e, 0x30, 0x38, 0x2c, 0x30, 0x2c, 0x30, 0x2c, 0x31, 0x2c, 0x30, 0x2c, 0x30, 0x6c, 0x30, 0x2c,
    0x30, 0x73, 0x30, 0x2c, 0x30, 0x2c, 0x30, 0x2c, 0x30, 0x6c, 0x30, 0x2c, 0x30, 0x2c, 0x30, 0x2c,
    0x30, 0x2c, 0x30, 0x2c, 0x30, 0x2c, 0x30, 0x2c, 0x30, 0x2c, 0x30, 0x2c, 0x30, 0x2c, 0x30, 0x2c,
    0x30, 0x2c, 0x30, 0x2c, 0x30, 0x2c, 0x30, 0x2c, 0x30, 0x73, 0x30, 0x2c, 0x30, 0x2c, 0x30, 0x2c,
    0x30, 0x6c, 0x30, 0x2c, 0x30, 0x2c, 0x30, 0x2c, 0x30, 0x2c, 0x30, 0x2c, 0x30, 0x2c, 0x30, 0x2c,
    0x30, 0x2c, 0x30, 0x2c, 0x30, 0x2c, 0x30, 0x2c, 0x30, 0x2c, 0x30, 0x2c, 0x30, 0x2c, 0x30, 0x2c,
    0x30, 0x2c, 0x30, 0x2c, 0x30, 0x61, 0x31, 0x2e, 0x33, 0x37, 0x2c, 0x31, 0x2e, 0x33, 0x37, 0x2c,
    0x30, 0x2c, 0x30, 0x2c, 0x30, 0x2c, 0x31, 0x2c, 0x2e, 0x34, 0x31, 0x68, 0x34, 0x34, 0x2e, 0x33,
    0x61, 0x31, 0x2e, 0x33, 0x34, 0x2c, 0x31, 0x2e, 0x33, 0x34, 0x2c, 0x30, 0x2c, 0x30, 0x2c, 0x30,
    0x2c, 0x31, 0x2e, 0x33, 0x34, 0x2d, 0x31, 0x2e, 0x33, 0x34, 0x56, 0x31, 0x34, 0x41, 0x31, 0x2e,
    0x33, 0x33, 0x2c, 0x31, 0x2e, 0x33, 0x33, 0x2c, 0x30, 0x2c, 0x30, 0x2c, 0x30, 0x2c, 0x35, 0x39,
    0x2e, 0x32, 0x31, 0x2c, 0x31, 0x33, 0x5a, 0x6d, 0x2d, 0x31, 0x34, 0x2e, 0x39, 0x2d, 0x32, 0x2e,
    0x31, 0x38, 0x56, 0x34, 0x34, 0x2e, 0x33, 0x31, 0x48, 0x34, 0x2e, 0x34, 0x38, 0x56, 0x34, 0x2e,
    0x34, 0x38, 0x48, 0x34, 0x34, 0x2e, 0x33, 0x31, 0x5a, 0x22, 0x20, 0x73, 0x74, 0x79, 0x6c, 0x65,
    0x3d, 0x22, 0x66, 0x69, 0x6c, 0x6c, 0x3a, 0x23, 0x35, 0x38, 0x35, 0x39, 0x35, 0x62, 0x22, 0x2f,
    0x3e, 0x3c, 0x70, 0x6f, 0x6c, 0x79, 0x67, 0x6f, 0x6e, 0x20, 0x70, 0x6f, 0x69, 0x6e, 0x74, 0x73,
    0x3d, 0x22, 0x34, 0x34, 0x2e, 0x33, 0x31, 0x20, 0x31, 0x30, 0x2e, 0x38, 0x33, 0x20, 0x34, 0x34,
    0x2e, 0x33, 0x31, 0x20, 0x32, 0x2e, 0x36, 0x39, 0x20, 0x34, 0x34, 0x2e, 0x33, 0x31, 0x20, 0x31,
    0x30, 0x2e, 0x38, 0x33, 0x20, 0x34, 0x34, 0x2e, 0x33, 0x31, 0x20, 0x31, 0x30, 0x2e, 0x38, 0x33,
    0x22, 0x20, 0x73, 0x74, 0x79, 0x6c, 0x65, 0x3d, 0x22, 0x66, 0x69, 0x6c, 0x6c, 0x3a, 0x75, 0x72,
    0x6c, 0x28, 0x23, 0x53, 0x75, 0x6d, 0x6d, 0x65, 0x72, 0x5f, 0x4d, 0x75, 0x6c, 0x74, 0x69, 0x63,
    0x6f, 0x6c, 0x6f, 0x72, 0x29, 0x22, 0x2f, 0x3e, 0x3c, 0x72, 0x65, 0x63, 0x74, 0x20, 0x78, 0x3d,
    0x22, 0x32, 0x2e, 0x36, 0x39, 0x22, 0x20, 0x79, 0x3d, 0x22, 0x34, 0x34, 0x2e, 0x33, 0x22, 0x20,
    0x77, 0x69, 0x64, 0x74, 0x68, 0x3d, 0x22, 0x38, 0x2e, 0x31, 0x34, 0x22, 0x20, 0x73, 0x74, 0x79,
    0x6c, 0x65, 0x3d, 0x22, 0x66, 0x69, 0x6c, 0x6c, 0x3a, 0x75, 0x72, 0x6c, 0x28, 0x23, 0x53, 0x75,
    0x6d, 0x6d, 0x65, 0x72, 0x5f, 0x4d, 0x75, 0x6c, 0x74, 0x69, 0x63, 0x6f, 0x6c, 0x6f, 0x72, 0x2d,
    0x32, 0x29, 0x22, 0x2f, 0x3e, 0x3c, 0x70, 0x61, 0x74, 0x68, 0x20, 0x64, 0x3d, 0x22, 0x4d, 0x35,
    0x36, 0x2e, 0x34, 0x38, 0x2c, 0x31, 0x30, 0x2e, 0x38, 0x34, 0x48, 0x34, 0x37, 0x56, 0x31, 0x2e,
    0x33, 0x35, 0x41, 0x31, 0x2e, 0x33, 0x35, 0x2c, 0x31, 0x2e, 0x33, 0x35, 0x2c, 0x30, 0x2c, 0x30,
    0x2c, 0x30, 0x2c, 0x34, 0x35, 0x2e, 0x36, 0x35, 0x2c, 0x30, 0x48, 0x31, 0x2e, 0x33, 0x35, 0x41,
    0x31, 0x2e, 0x33, 0x35, 0x2c, 0x31, 0x2e, 0x33, 0x35, 0x2c, 0x30, 0x2c, 0x30, 0x2c, 0x30, 0x2c,
    0x30, 0x2c, 0x31, 0x2e, 0x33, 0x34, 0x56, 0x34, 0x35, 0x2e, 0x36, 0x35, 0x41, 0x31, 0x2e, 0x33,
    0x35, 0x2c, 0x31, 0x2e, 0x33, 0x35, 0x2c, 0x30, 0x2c, 0x30, 0x2c, 0x30, 0x2c, 0x31, 0x2e, 0x33,
    0x35, 0x2c, 0x34, 0x37, 0x68, 0x39, 0x2e, 0x34, 0x38, 0x76, 0x39, 0x2e, 0x34, 0x39, 0x61, 0x31,
    0x2e, 0x33, 0x35, 0x2c, 0x31, 0x2e, 0x33, 0x35, 0x2c, 0x30, 0x2c, 0x30, 0x2c, 0x30, 0x2c, 0x31,
    0x2e, 0x33, 0x35, 0x2c, 0x31, 0x2e, 0x33, 0x34, 0x68, 0x34, 0x34, 0x2e, 0x33, 0x61, 0x31, 0x2e,
    0x33, 0x35, 0x2c, 0x31, 0x2e, 0x33, 0x35, 0x2c, 0x30, 0x2c, 0x30, 0x2c, 0x30, 0x2c, 0x31, 0x2e,
    0x33, 0x34, 0x2d, 0x31, 0x2e, 0x33, 0x34, 0x56, 0x31, 0x32, 0x2e, 0x31, 0x38, 0x41, 0x31, 0x2e,
    0x33, 0x34, 0x2c, 0x31, 0x2e, 0x33, 0x34, 0x2c, 0x30, 0x2c, 0x30, 0x2c, 0x30, 0x2c, 0x35, 0x36,
    0x2e, 0x34, 0x38, 0x2c, 0x31, 0x30, 0x2e, 0x38, 0x34, 0x5a, 0x6d, 0x2d, 0x31, 0x32, 0x2e, 0x31,
    0x37, 0x2c, 0x30, 0x68, 0x30, 0x56, 0x34, 0x34, 0x2e, 0x33, 0x31, 0x48, 0x32, 0x2e, 0x36, 0x39,
    0x56, 0x32, 0x2e, 0x36, 0x39, 0x48, 0x34, 0x34, 0x2e, 0x33, 0x31, 0x5a, 0x22, 0x20, 0x73, 0x74,
    0x79, 0x6c, 0x65, 0x3d, 0x22, 0x66, 0x69, 0x6c, 0x6c, 0x3a, 0x75, 0x72, 0x6c, 0x28, 0x23, 0x53,
    0x75, 0x6d, 0x6d, 0x65, 0x72, 0x5f, 0x4d, 0x75, 0x6c, 0x74, 0x69, 0x63, 0x6f, 0x6c, 0x6f, 0x72,
    0x2d, 0x33, 0x29, 0x22, 0x2f, 0x3e, 0x3c, 0x70, 0x6f, 0x6c, 0x79, 0x67, 0x6f, 0x6e, 0x20, 0x70,
    0x6f, 0x69, 0x6e, 0x74, 0x73, 0x3d, 0x22, 0x32, 0x2e, 0x36, 0x39, 0x20, 0x34, 0x34, 0x2e, 0x33,
    0x20, 0x32, 0x2e, 0x36, 0x39, 0x20, 0x34, 0x34, 0x2e, 0x33, 0x20, 0x32, 0x2e, 0x37, 0x20, 0x32,
    0x2e, 0x36, 0x39, 0x20, 0x32, 0x2e, 0x36, 0x39, 0x20, 0x34, 0x34, 0x2e, 0x33, 0x22, 0x20, 0x73,
    0x74, 0x79, 0x6c, 0x65, 0x3d, 0x22, 0x66, 0x69, 0x6c, 0x6c, 0x3a, 0x75, 0x72, 0x6c, 0x28, 0x23,
    0x53, 0x75, 0x6d, 0x6d, 0x65, 0x72, 0x5f, 0x4d, 0x75, 0x6c, 0x74, 0x69, 0x63, 0x6f, 0x6c, 0x6f,
    0x72, 0x2d, 0x34, 0x29, 0x22, 0x2f, 0x3e, 0x3c, 0x72, 0x65, 0x63, 0x74, 0x20, 0x78, 0x3d, 0x22,
    0x32, 0x2e, 0x36, 0x39, 0x22, 0x20, 0x79, 0x3d, 0x22, 0x32, 0x2e, 0x36, 0x39, 0x22, 0x20, 0x77,
    0x69, 0x64, 0x74, 0x68, 0x3d, 0x22, 0x34, 0x31, 0x2e, 0x36, 0x31, 0x22, 0x20, 0x68, 0x65, 0x69,
    0x67, 0x68, 0x74, 0x3d, 0x22, 0x34, 0x31, 0x2e, 0x36, 0x31, 0x22, 0x20, 0x73, 0x74, 0x79, 0x6c,
    0x65, 0x3d, 0x22, 0x66, 0x69, 0x6c, 0x6c, 0x3a, 0x23, 0x66, 0x66, 0x66, 0x22, 0x2f, 0x3e, 0x3c,
    0x2f, 0x73, 0x76, 0x67, 0x3e,
};
static const size_t main_toolbar_ac_foreground_svg_len = 2949;

static const unsigned char main_toolbar_ac_background_svg[] = {
    0x3c, 0x73, 0x76, 0x67, 0x20, 0x69, 0x64, 0x3d, 0x22, 0x4c, 0x61, 0x79, 0x65, 0x72, 0x5f, 0x31,
    0x22, 0x20, 0x64, 0x61, 0x74, 0x61, 0x2d, 0x6e, 0x61, 0x6d, 0x65, 0x3d, 0x22, 0x4c, 0x61, 0x79,
    0x65, 0x72, 0x20, 0x31, 0x22, 0x20, 0x78, 0x6d, 0x6c, 0x6e, 0x73, 0x3d, 0x22, 0x68, 0x74, 0x74,
    0x70, 0x3a, 0x2f, 0x2f, 0x77, 0x77, 0x77, 0x2e, 0x77, 0x33, 0x2e, 0x6f, 0x72, 0x67, 0x2f, 0x32,
    0x30, 0x30, 0x30, 0x2f, 0x73, 0x76, 0x67, 0x22, 0x20, 0x78, 0x6d, 0x6c, 0x6e, 0x73, 0x3a, 0x78,
    0x6c, 0x69, 0x6e, 0x6b, 0x3d, 0x22, 0x68, 0x74, 0x74, 0x70, 0x3a, 0x2f, 0x2f, 0x77, 0x77, 0x77,
    0x2e, 0x77, 0x33, 0x2e, 0x6f, 0x72, 0x67, 0x2f, 0x31, 0x39, 0x39, 0x39, 0x2f, 0x78, 0x6c, 0x69,
    0x6e, 0x6b, 0x22, 0x20, 0x76, 0x69, 0x65, 0x77, 0x42, 0x6f, 0x78, 0x3d, 0x22, 0x30, 0x20, 0x30,
    0x20, 0x35, 0x39, 0x2e, 0x34, 0x31, 0x20, 0x35, 0x39, 0x2e, 0x34, 0x22, 0x3e, 0x3c, 0x64, 0x65,
    0x66, 0x73, 0x3e, 0x3c, 0x6c, 0x69, 0x6e, 0x65, 0x61, 0x72, 0x47, 0x72, 0x61, 0x64, 0x69, 0x65,
    0x6e, 0x74, 0x20, 0x69, 0x64, 0x3d, 0x22, 0x53, 0x75, 0x6d, 0x6d, 0x65, 0x72, 0x5f, 0x4d, 0x75,
    0x6c, 0x74, 0x69, 0x63, 0x6f, 0x6c, 0x6f, 0x72, 0x22, 0x20, 0x78, 0x31, 0x3d, 0x22, 0x2d, 0x39,
    0x38, 0x35, 0x2e, 0x31, 0x31, 0x22, 0x20, 0x79, 0x31, 0x3d, 0x22, 0x32, 0x38, 0x2e, 0x38, 0x22,
    0x20, 0x78, 0x32, 0x3d, 0x22, 0x35, 0x38, 0x2e, 0x34, 0x34, 0x22, 0x20, 0x79, 0x32, 0x3d, 0x22,
    0x32, 0x38, 0x2e, 0x38, 0x22, 0x20, 0x67, 0x72, 0x61, 0x64, 0x69, 0x65, 0x6e, 0x74, 0x55, 0x6e,
    0x69, 0x74, 0x73, 0x3d, 0x22, 0x75, 0x73, 0x65, 0x72, 0x53, 0x70, 0x61, 0x63, 0x65, 0x4f, 0x6e,
    0x55, 0x73, 0x65, 0x22, 0x3e, 0x3c, 0x73, 0x74, 0x6f, 0x70, 0x20, 0x6f, 0x66, 0x66, 0x73, 0x65,
    0x74, 0x3d, 0x22, 0x30, 0x2e, 0x31, 0x31, 0x22, 0x20, 0x73, 0x74, 0x6f, 0x70, 0x2d, 0x63, 0x6f,
    0x6c, 0x6f, 0x72, 0x3d, 0x22, 0x23, 0x66, 0x30, 0x63, 0x38, 0x33, 0x62, 0x22, 0x2f, 0x3e, 0x3c,
    0x73, 0x74, 0x6f, 0x70, 0x20, 0x6f, 0x66, 0x66, 0x73, 0x65, 0x74, 0x3d, 0x22, 0x30, 0x2e, 0x32,
    0x34, 0x22, 0x20, 0x73, 0x74, 0x6f, 0x70, 0x2d, 0x63, 0x6f, 0x6c, 0x6f, 0x72, 0x3d, 0x22, 0x23,
    0x66, 0x31, 0x35, 0x36, 0x33, 0x63, 0x22, 0x2f, 0x3e, 0x3c, 0x73, 0x74, 0x6f, 0x70, 0x20, 0x6f,
    0x66, 0x66, 0x73, 0x65, 0x74, 0x3d, 0x22, 0x30, 0x2e, 0x32, 0x37, 0x22, 0x20, 0x73, 0x74, 0x6f,
    0x70, 0x2d, 0x63, 0x6f, 0x6c, 0x6f, 0x72, 0x3d, 0x22, 0x23, 0x65, 0x36, 0x35, 0x33, 0x35, 0x32,
    0x22, 0x2f, 0x3e, 0x3c, 0x73, 0x74, 0x6f, 0x70, 0x20, 0x6f, 0x66, 0x66, 0x73, 0x65, 0x74, 0x3d,
    0x22, 0x30, 0x2e, 0x33, 0x32, 0x22, 0x20, 0x73, 0x74, 0x6f, 0x70, 0x2d, 0x63, 0x6f, 0x6c, 0x6f,
    0x72, 0x3d, 0x22, 0x23, 0x64, 0x33, 0x34, 0x66, 0x37, 0x61, 0x22, 0x2f, 0x3e, 0x3c, 0x73, 0x74,
    0x6f, 0x70, 0x20, 0x6f, 0x66, 0x66, 0x73, 0x65, 0x74, 0x3d, 0x22, 0x30, 0x2e, 0x33, 0x37, 0x22,
    0x20, 0x73, 0x74, 0x6f, 0x70, 0x2d, 0x63, 0x6f, 0x6c, 0x6f, 0x72, 0x3d, 0x22, 0x23, 0x63, 0x37,
    0x34, 0x63, 0x39, 0x32, 0x22, 0x2f, 0x3e, 0x3c, 0x73, 0x74, 0x6f, 0x70, 0x20, 0x6f, 0x66, 0x66,
    0x73, 0x65, 0x74, 0x3d, 0x22, 0x30, 0x2e, 0x33, 0x39, 0x22, 0x20, 0x73, 0x74, 0x6f, 0x70, 0x2d,
    0x63, 0x6f, 0x6c, 0x6f, 0x72, 0x3d, 0x22, 0x23, 0x63, 0x33, 0x34, 0x62, 0x39, 0x62, 0x22, 0x2f,
    0x3e, 0x3c, 0x73, 0x74, 0x6f, 0x70, 0x20, 0x6f, 0x66, 0x66, 0x73, 0x65, 0x74, 0x3d, 0x22, 0x30,
    0x2e, 0x37, 0x39, 0x22, 0x20, 0x73, 0x74, 0x6f, 0x70, 0x2d, 0x63, 0x6f, 0x6c, 0x6f, 0x72, 0x3d,
    0x22, 0x23, 0x30, 0x30, 0x62, 0x33, 0x63, 0x31, 0x22, 0x2f, 0x3e, 0x3c, 0x73, 0x74, 0x6f, 0x70,
    0x20, 0x6f, 0x66, 0x66, 0x73, 0x65, 0x74, 0x3d, 0x22, 0x30, 0x2e, 0x38, 0x31, 0x22, 0x20, 0x73,
    0x74, 0x6f, 0x70, 0x2d, 0x63, 0x6f, 0x6c, 0x6f, 0x72, 0x3d, 0x22, 0x23, 0x30, 0x30, 0x62, 0x33,
    0x36, 0x63, 0x22, 0x2f, 0x3e, 0x3c, 0x73, 0x74, 0x6f, 0x70, 0x20, 0x6f, 0x66, 0x66, 0x73, 0x65,
    0x74, 0x3d, 0x22, 0x31, 0x22, 0x20, 0x73, 0x74, 0x6f, 0x70, 0x2d, 0x63, 0x6f, 0x6c, 0x6f, 0x72,
    0x3d, 0x22, 0x23, 0x30, 0x30, 0x62, 0x33, 0x63, 0x31, 0x22, 0x2f, 0x3e, 0x3c, 0x2f, 0x6c, 0x69,
    0x6e, 0x65, 0x61, 0x72, 0x47, 0x72, 0x61, 0x64, 0x69, 0x65, 0x6e, 0x74, 0x3e, 0x3c, 0x2f, 0x64,
    0x65, 0x66, 0x73, 0x3e, 0x3c, 0x70, 0x6f, 0x6c, 0x79, 0x67, 0x6f, 0x6e, 0x20, 0x70, 0x6f, 0x69,
    0x6e, 0x74, 0x73, 0x3d, 0x22, 0x31, 0x33, 0x2e, 0x34, 0x37, 0x20, 0x32, 0x39, 0x2e, 0x37, 0x20,
    0x32, 0x37, 0x2e, 0x32, 0x39, 0x20, 0x32, 0x39, 0x2e, 0x37, 0x20, 0x31, 0x33, 0x2e, 0x34, 0x37,
    0x20, 0x32, 0x39, 0x2e, 0x37, 0x20, 0x31, 0x33, 0x2e, 0x34, 0x37, 0x20, 0x32, 0x39, 0x2e, 0x37,
    0x22, 0x20, 0x73, 0x74, 0x79, 0x6c, 0x65, 0x3d, 0x22, 0x66, 0x69, 0x6c, 0x6c, 0x3a, 0x6e, 0x6f,
    0x6e, 0x65, 0x22, 0x2f, 0x3e, 0x3c, 0x70, 0x61, 0x74, 0x68, 0x20, 0x64, 0x3d, 0x22, 0x4d, 0x35,
    0x39, 0x2c, 0x31, 0x33, 0x6c, 0x30, 0x2c, 0x30, 0x2c, 0x30, 0x2c, 0x30, 0x2c, 0x30, 0x2c, 0x30,
    0x2c, 0x30, 0x2c, 0x30, 0x2c, 0x30, 0x2c, 0x30, 0x2c, 0x30, 0x2c, 0x30, 0x2c, 0x30, 0x2c, 0x30,
    0x2c, 0x30, 0x2c, 0x30, 0x73, 0x30, 0x2c, 0x30, 0x2c, 0x30, 0x2c, 0x30, 0x6c, 0x30, 0x2c, 0x30,
    0x2c, 0x30, 0x2c, 0x30, 0x2c, 0x30, 0x2c, 0x30, 0x2c, 0x30, 0x2c, 0x30, 0x2c, 0x30, 0x2c, 0x30,
    0x73, 0x30, 0x2c, 0x30, 0x2c, 0x30, 0x2c, 0x30, 0x6c, 0x30, 0x2c, 0x30, 0x2c, 0x30, 0x2c, 0x30,
    0x2c, 0x30, 0x2c, 0x30, 0x2c, 0x30, 0x2c, 0x30, 0x2c, 0x30, 0x2c, 0x30, 0x2c, 0x30, 0x2c, 0x30,
    0x2c, 0x30, 0x2c, 0x30, 0x2c, 0x30, 0x2c, 0x30, 0x61, 0x2e, 0x30, 0x38, 0x2e, 0x30, 0x38, 0x2c,
    0x30, 0x2c, 0x30, 0x2c, 0x30, 0x2c, 0x30, 0x2c, 0x30, 0x6c, 0x30, 0x2c, 0x30, 0x2c, 0x30, 0x2c,
    0x30, 0x2c, 0x30, 0x2c, 0x30, 0x73, 0x30, 0x2c, 0x30, 0x2c, 0x30, 0x2c, 0x30, 0x6c, 0x30, 0x2c,
    0x30, 0x2c, 0x30, 0x2c, 0x30, 0x2c, 0x30, 0x2c, 0x30, 0x2c, 0x30, 0x2c, 0x30, 0x2c, 0x30, 0x2c,
    0x30, 0x2c, 0x30, 0x2c, 0x30, 0x2c, 0x30, 0x2c, 0x30, 0x2c, 0x30, 0x2c, 0x30, 0x2c, 0x30, 0x2c,
    0x30, 0x2c, 0x30, 0x2c, 0x30, 0x2c, 0x30, 0x2c, 0x30, 0x2c, 0x30, 0x2c, 0x30, 0x2c, 0x30, 0x2c,
    0x30, 0x2c, 0x30, 0x2c, 0x30, 0x2c, 0x30, 0x2c, 0x30, 0x2c, 0x30, 0x2c, 0x30, 0x2c, 0x30, 0x2c,
    0x30, 0x2c, 0x30, 0x2c, 0x30, 0x2c, 0x30, 0x2c, 0x30, 0x2c, 0x30, 0x2c, 0x30, 0x2c, 0x30, 0x2c,
    0x30, 0x2c, 0x30, 0x2c, 0x30, 0x61, 0x31, 0x2e, 0x33, 0x32, 0x2c, 0x31, 0x2e, 0x33, 0x32, 0x2c,
    0x30, 0x2c, 0x30, 0x2c, 0x30, 0x2d, 0x31, 0x2d, 0x2e, 0x34, 0x32, 0x48, 0x34, 0x38, 0x2e, 0x36,
    0x31, 0x56, 0x33, 0x2e, 0x31, 0x34, 0x61, 0x31, 0x2e, 0x33, 0x2c, 0x31, 0x2e, 0x33, 0x2c, 0x30,
    0x2c, 0x30, 0x2c, 0x30, 0x2d, 0x2e, 0x34, 0x32, 0x2d, 0x31, 0x6c, 0x30, 0x2c, 0x30, 0x2c, 0x30,
    0x2c, 0x30, 0x2c, 0x30, 0x2c, 0x30, 0x2c, 0x30, 0x2c, 0x30, 0x2c, 0x30, 0x2c, 0x30, 0x2c, 0x30,
    0x2c, 0x30, 0x2c, 0x30, 0x2c, 0x30, 0x2c, 0x30, 0x2c, 0x30, 0x2c, 0x30, 0x2c, 0x30, 0x2c, 0x30,
    0x2c, 0x30, 0x2c, 0x30, 0x2c, 0x30, 0x2c, 0x30, 0x2c, 0x30, 0x2c, 0x30, 0x2c, 0x30, 0x2c, 0x30,
    0x2c, 0x30, 0x61, 0x2e, 0x30, 0x38, 0x2e, 0x30, 0x38, 0x2c, 0x30, 0x2c, 0x30, 0x2c, 0x30, 0x2c,
    0x30, 0x2c, 0x30, 0x6c, 0x30, 0x2c, 0x30, 0x2c, 0x30, 0x2c, 0x30, 0x2c, 0x30, 0x2c, 0x30, 0x2c,
    0x30, 0x2c, 0x30, 0x2c, 0x30, 0x2c, 0x30, 0x2c, 0x30, 0x2c, 0x30, 0x2c, 0x30, 0x2c, 0x30, 0x2c,
    0x30, 0x2c, 0x30, 0x2c, 0x30, 0x2c, 0x30, 0x2c, 0x30, 0x2c, 0x30, 0x2c, 0x30, 0x2c, 0x30, 0x2c,
    0x30, 0x2c, 0x30, 0x2c, 0x30, 0x2c, 0x30, 0x2c, 0x30, 0x2c, 0x30, 0x2c, 0x30, 0x2c, 0x30, 0x2c,
    0x30, 0x2c, 0x30, 0x2c, 0x30, 0x2c, 0x30, 0x2c, 0x30, 0x2c, 0x30, 0x2c, 0x30, 0x2c, 0x30, 0x73,
    0x30, 0x2c, 0x30, 0x2c, 0x30, 0x2c, 0x30, 0x6c, 0x30, 0x2c, 0x30, 0x2c, 0x30, 0x2c, 0x30, 0x2c,
    0x30, 0x2c, 0x30, 0x2c, 0x30, 0x2c, 0x30, 0x2c, 0x30, 0x2c, 0x30, 0x2c, 0x30, 0x2c, 0x30, 0x2c,
    0x30, 0x2c, 0x30, 0x2c, 0x30, 0x2c, 0x30, 0x2c, 0x30, 0x2c, 0x30, 0x2c, 0x30, 0x2c, 0x30, 0x2c,
    0x30, 0x2c, 0x30, 0x2c, 0x30, 0x2c, 0x30, 0x2c, 0x30, 0x2c, 0x30, 0x2c, 0x30, 0x2c, 0x30, 0x2c,
    0x30, 0x2c, 0x30, 0x61, 0x31, 0x2e, 0x33, 0x35, 0x2c, 0x31, 0x2e, 0x33, 0x35, 0x2c, 0x30, 0x2c,
    0x30, 0x2c, 0x30, 0x2d, 0x31, 0x2d, 0x2e, 0x34, 0x31, 0x48, 0x31, 0x2e, 0x33, 0x35, 0x41, 0x31,
    0x2e, 0x33, 0x35, 0x2c, 0x31, 0x2e, 0x33, 0x35, 0x2c, 0x30, 0x2c, 0x30, 0x2c, 0x30, 0x2c, 0x30,
    0x2c, 0x31, 0x2e, 0x33, 0x34, 0x56, 0x34, 0x35, 0x2e, 0x34, 0x38, 0x61, 0x31, 0x2e, 0x33, 0x32,
    0x2c, 0x31, 0x2e, 0x33, 0x32, 0x2c, 0x30, 0x2c, 0x30, 0x2c, 0x30, 0x2c, 0x2e, 0x34, 0x31, 0x2c,
    0x31, 0x6c, 0x30, 0x2c, 0x30, 0x2c, 0x30, 0x2c, 0x30, 0x2c, 0x30, 0x2c, 0x30, 0x2c, 0x30, 0x2c,
    0x30, 0x2c, 0x30, 0x2c, 0x30, 0x2c, 0x30, 0x2c, 0x30, 0x2c, 0x30, 0x2c, 0x30, 0x2c, 0x30, 0x2c,
    0x30, 0x2c, 0x30, 0x2c, 0x30, 0x2c, 0x30, 0x2c, 0x30, 0x2c, 0x30, 0x2c, 0x30, 0x2c, 0x30, 0x2c,
    0x30, 0x2c, 0x30, 0x2c, 0x30, 0x2c, 0x30, 0x2c, 0x30, 0x2c, 0x30, 0x2c, 0x30, 0x2c, 0x30, 0x2c,
    0x30, 0x2c, 0x30, 0x2c, 0x30, 0x2c, 0x30, 0x2c, 0x30, 0x2c, 0x30, 0x2c, 0x30, 0x2c, 0x30, 0x2c,
    0x30, 0x2c, 0x30, 0x2c, 0x30, 0x2c, 0x30, 0x2c, 0x30, 0x2c, 0x30, 0x2c, 0x30, 0x2c, 0x30, 0x2c,
    0x30, 0x2c, 0x30, 0x2c, 0x30, 0x2c, 0x30, 0x2c, 0x30, 0x2c, 0x30, 0x2c, 0x30, 0x2c, 0x30, 0x2c,
    0x30, 0x2c, 0x30, 0x2c, 0x30, 0x2c, 0x30, 0x2c, 0x30, 0x2c, 0x30, 0x2c, 0x30, 0x2c, 0x30, 0x2c,
    0x30, 0x2c, 0x30, 0x2c, 0x30, 0x2c, 0x30, 0x2c, 0x30, 0x2c, 0x30, 0x2c, 0x30, 0x2c, 0x30, 0x2c,
    0x30, 0x2c, 0x30, 0x2c, 0x30, 0x2c, 0x30, 0x2c, 0x30, 0x2c, 0x30, 0x2c, 0x30, 0x2c, 0x30, 0x2c,
    0x30, 0x2c, 0x30, 0x2c, 0x30, 0x2c, 0x30, 0x2c, 0x30, 0x2c, 0x30, 0x2c, 0x30, 0x2c, 0x30, 0x2c,
    0x30, 0x2c, 0x30, 0x2c, 0x30, 0x2c, 0x30, 0x2c, 0x30, 0x2c, 0x30, 0x2c, 0x30, 0x2c, 0x30, 0x2c,
    0x30, 0x2c, 0x30, 0x2c, 0x30, 0x2c, 0x30, 0x2c, 0x30, 0x61, 0x31, 0x2e, 0x33, 0x37, 0x2c, 0x31,
    0x2e, 0x33, 0x37, 0x2c, 0x30, 0x2c, 0x30, 0x2c, 0x30, 0x2c, 0x31, 0x2c, 0x2e, 0x34, 0x31, 0x68,
    0x37, 0x2e, 0x36, 0x35, 0x76, 0x37, 0x2e, 0x36, 0x36, 0x61, 0x31, 0x2e, 0x33, 0x33, 0x2c, 0x31,
    0x2e, 0x33, 0x33, 0x2c, 0x30, 0x2c, 0x30, 0x2c, 0x30, 0x2c, 0x2e, 0x34, 0x31, 0x2c, 0x31, 0x2c,
    0x2e, 0x30, 0x38, 0x2e, 0x30, 0x38, 0x2c, 0x30, 0x2c, 0x30, 0x2c, 0x31, 0x2c, 0x30, 0x2c, 0x30,
    0x6c, 0x30, 0x2c, 0x30, 0x2c, 0x30, 0x2c, 0x30, 0x2c, 0x30, 0x2c, 0x30, 0x2c, 0x30, 0x2c, 0x30,
    0x2c, 0x30, 0x2c, 0x30, 0x61, 0x2e, 0x30, 0x38, 0x2e, 0x30, 0x38, 0x2c, 0x30, 0x2c, 0x30, 0x2c,
    0x31, 0x2c, 0x30, 0x2c, 0x30, 0x6c, 0x30, 0x2c, 0x30, 0x2c, 0x30, 0x2c, 0x30, 0x2c, 0x30, 0x2c,
    0x30, 0x2c, 0x30, 0x2c, 0x30, 0x2c, 0x30, 0x2c, 0x30, 0x2c, 0x30, 0x2c, 0x30, 0x2c, 0x30, 0x2c,
    0x30, 0x73, 0x30, 0x2c, 0x30, 0x2c, 0x30, 0x2c, 0x30, 0x6c, 0x30, 0x2c, 0x30, 0x2c, 0x30, 0x2c,
    0x30, 0x2c, 0x30, 0x2c, 0x30, 0x2c, 0x30, 0x2c, 0x30, 0x2c, 0x30, 0x2c, 0x30, 0x2c, 0x30, 0x2c,
    0x30, 0x73, 0x30, 0x2c, 0x30, 0x2c, 0x30, 0x2c, 0x30, 0x6c, 0x30, 0x2c, 0x30, 0x2c, 0x30, 0x2c,
    0x30, 0x2c, 0x30, 0x2c, 0x30, 0x2c, 0x30, 0x2c, 0x30, 0x2c, 0x30, 0x2c, 0x30, 0x2c, 0x30, 0x2c,
    0x30, 0x2c, 0x30, 0x2c, 0x30, 0x2c, 0x30, 0x2c, 0x30, 0x2c, 0x30, 0x2c, 0x30, 0x61, 0x2e, 0x30,
    0x38, 0x2e, 0x30, 0x38, 0x2c, 0x30, 0x2c, 0x30, 0x2c, 0x31, 0x2c, 0x30, 0x2c, 0x30, 0x6c, 0x30,
    0x2c, 0x30, 0x73, 0x30, 0x2c, 0x30, 0x2c, 0x30, 0x2c, 0x30, 0x6c, 0x30, 0x2c, 0x30, 0x2c, 0x30,
    0x2c, 0x30, 0x2c, 0x30, 0x2c, 0x30, 0x73, 0x30, 0x2c, 0x30, 0x2c, 0x30, 0x2c, 0x30, 0x6c, 0x30,
    0x2c, 0x30, 0x2c, 0x30, 0x2c, 0x30, 0x2c, 0x30, 0x2c, 0x30, 0x2c, 0x30, 0x2c, 0x30, 0x2c, 0x30,
    0x2c, 0x30, 0x2c, 0x30, 0x2c, 0x30, 0x2c, 0x30, 0x2c, 0x30, 0x2c, 0x30, 0x2c, 0x30, 0x73, 0x30,
    0x2c, 0x30, 0x2c, 0x30, 0x2c, 0x30, 0x6c, 0x30, 0x2c, 0x30, 0x2c, 0x30, 0x2c, 0x30, 0x2c, 0x30,
    0x2c, 0x30, 0x61, 0x31, 0x2e, 0x33, 0x37, 0x2c, 0x31, 0x2e, 0x33, 0x37, 0x2c, 0x30, 0x2c, 0x30,
    0x2c, 0x30, 0x2c, 0x31, 0x2c, 0x2e, 0x34, 0x31, 0x48, 0x35, 0x38, 0x2e, 0x30, 0x36, 0x61, 0x31,
    0x2e, 0x33, 0x33, 0x2c, 0x31, 0x2e, 0x33, 0x33, 0x2c, 0x30, 0x2c, 0x30, 0x2c, 0x30, 0x2c, 0x31,
    0x2e, 0x33, 0x34, 0x2d, 0x31, 0x2e, 0x33, 0x34, 0x56, 0x31, 0x33, 0x2e, 0x39, 0x32, 0x41, 0x31,
    0x2e, 0x33, 0x36, 0x2c, 0x31, 0x2e, 0x33, 0x36, 0x2c, 0x30, 0x2c, 0x30, 0x2c, 0x30, 0x2c, 0x35,
    0x39, 0x2c, 0x31, 0x33, 0x5a, 0x4d, 0x31, 0x35, 0x2e, 0x32, 0x37, 0x2c, 0x34, 0x38, 0x2e, 0x36,
    0x68, 0x33, 0x32, 0x61, 0x31, 0x2e, 0x33, 0x34, 0x2c, 0x31, 0x2e, 0x33, 0x34, 0x2c, 0x30, 0x2c,
    0x30, 0x2c, 0x30, 0x2c, 0x31, 0x2e, 0x33, 0x34, 0x2d, 0x31, 0x2e, 0x33, 0x33, 0x76, 0x2d, 0x33,
    0x32, 0x68, 0x36, 0x2e, 0x33, 0x33, 0x56, 0x35, 0x34, 0x2e, 0x39, 0x33, 0x48, 0x31, 0x35, 0x2e,
    0x32, 0x36, 0x5a, 0x22, 0x20, 0x73, 0x74, 0x79, 0x6c, 0x65, 0x3d, 0x22, 0x66, 0x69, 0x6c, 0x6c,
    0x3a, 0x23, 0x35, 0x38, 0x35, 0x39, 0x35, 0x62, 0x22, 0x2f, 0x3e, 0x3c, 0x70, 0x61, 0x74, 0x68,
    0x20, 0x64, 0x3d, 0x22, 0x4d, 0x35, 0x36, 0x2e, 0x32, 0x37, 0x2c, 0x31, 0x30, 0x2e, 0x37, 0x39,
    0x48, 0x34, 0x36, 0x2e, 0x38, 0x32, 0x56, 0x31, 0x2e, 0x33, 0x34, 0x41, 0x31, 0x2e, 0x33, 0x34,
    0x2c, 0x31, 0x2e, 0x33, 0x34, 0x2c, 0x30, 0x2c, 0x30, 0x2c, 0x30, 0x2c, 0x34, 0x35, 0x2e, 0x34,
    0x39, 0x2c, 0x30, 0x48, 0x31, 0x2e, 0x33, 0x35, 0x41, 0x31, 0x2e, 0x33, 0x35, 0x2c, 0x31, 0x2e,
    0x33, 0x35, 0x2c, 0x30, 0x2c, 0x30, 0x2c, 0x30, 0x2c, 0x30, 0x2c, 0x31, 0x2e, 0x33, 0x34, 0x56,
    0x34, 0x35, 0x2e, 0x34, 0x38, 0x61, 0x31, 0x2e, 0x33, 0x34, 0x2c, 0x31, 0x2e, 0x33, 0x34, 0x2c,
    0x30, 0x2c, 0x30, 0x2c, 0x30, 0x2c, 0x31, 0x2e, 0x33, 0x34, 0x2c, 0x31, 0x2e, 0x33, 0x33, 0x68,
    0x39, 0x2e, 0x34, 0x35, 0x76, 0x39, 0x2e, 0x34, 0x35, 0x61, 0x31, 0x2e, 0x33, 0x35, 0x2c, 0x31,
    0x2e, 0x33, 0x35, 0x2c, 0x30, 0x2c, 0x30, 0x2c, 0x30, 0x2c, 0x31, 0x2e, 0x33, 0x34, 0x2c, 0x31,
    0x2e, 0x33, 0x34, 0x48, 0x35, 0x36, 0x2e, 0x32, 0x37, 0x61, 0x31, 0x2e, 0x33, 0x34, 0x2c, 0x31,
    0x2e, 0x33, 0x34, 0x2c, 0x30, 0x2c, 0x30, 0x2c, 0x30, 0x2c, 0x31, 0x2e, 0x33, 0x34, 0x2d, 0x31,
    0x2e, 0x33, 0x33, 0x56, 0x31, 0x32, 0x2e, 0x31, 0x33, 0x41, 0x31, 0x2e, 0x33, 0x35, 0x2c, 0x31,
    0x2e, 0x33, 0x35, 0x2c, 0x30, 0x2c, 0x30, 0x2c, 0x30, 0x2c, 0x35, 0x36, 0x2e, 0x32, 0x37, 0x2c,
    0x31, 0x30, 0x2e, 0x37, 0x39, 0x5a, 0x4d, 0x31, 0x33, 0x2e, 0x34, 0x37, 0x2c, 0x35, 0x34, 0x2e,
    0x39, 0x33, 0x68, 0x30, 0x56, 0x34, 0x36, 0x2e, 0x38, 0x31, 0x68, 0x33, 0x32, 0x61, 0x31, 0x2e,
    0x33, 0x33, 0x2c, 0x31, 0x2e, 0x33, 0x33, 0x2c, 0x30, 0x2c, 0x30, 0x2c, 0x30, 0x2c, 0x31, 0x2e,
    0x33, 0x34, 0x2d, 0x31, 0x2e, 0x33, 0x33, 0x76, 0x2d, 0x33, 0x32, 0x68, 0x38, 0x2e, 0x31, 0x32,
    0x56, 0x35, 0x34, 0x2e, 0x39, 0x33, 0x68, 0x30, 0x22, 0x20, 0x73, 0x74, 0x79, 0x6c, 0x65, 0x3d,
    0x22, 0x66, 0x69, 0x6c, 0x6c, 0x3a, 0x75, 0x72, 0x6c, 0x28, 0x23, 0x53, 0x75, 0x6d, 0x6d, 0x65,
    0x72, 0x5f, 0x4d, 0x75, 0x6c, 0x74, 0x69, 0x63, 0x6f, 0x6c, 0x6f, 0x72, 0x29, 0x22, 0x2f, 0x3e,
    0x3c, 0x70, 0x6f, 0x6c, 0x79, 0x67, 0x6f, 0x6e, 0x20, 0x70, 0x6f, 0x69, 0x6e, 0x74, 0x73, 0x3d,
    0x22, 0x35, 0x34, 0x2e, 0x39, 0x33, 0x20, 0x35, 0x34, 0x2e, 0x39, 0x34, 0x20, 0x35, 0x34, 0x2e,
    0x39, 0x33, 0x20, 0x35, 0x34, 0x2e, 0x39, 0x33, 0x20, 0x32, 0x37, 0x2e, 0x32, 0x39, 0x20, 0x35,
    0x34, 0x2e, 0x39, 0x33, 0x20, 0x35, 0x34, 0x2e, 0x39, 0x33, 0x20, 0x35, 0x34, 0x2e, 0x39, 0x34,
    0x22, 0x20, 0x73, 0x74, 0x79, 0x6c, 0x65, 0x3d, 0x22, 0x66, 0x69, 0x6c, 0x6c, 0x3a, 0x23, 0x35,
    0x34, 0x36, 0x30, 0x38, 0x30, 0x22, 0x2f, 0x3e, 0x3c, 0x70, 0x61, 0x74, 0x68, 0x20, 0x64, 0x3d,
    0x22, 0x4d, 0x34, 0x36, 0x2e, 0x38, 0x32, 0x2c, 0x31, 0x33, 0x2e, 0x34, 0x37, 0x76, 0x33, 0x32,
    0x61, 0x31, 0x2e, 0x33, 0x33, 0x2c, 0x31, 0x2e, 0x33, 0x33, 0x2c, 0x30, 0x2c, 0x30, 0x2c, 0x31,
    0x2d, 0x31, 0x2e, 0x33, 0x34, 0x2c, 0x31, 0x2e, 0x33, 0x33, 0x68, 0x2d, 0x33, 0x32, 0x76, 0x38,
    0x2e, 0x31, 0x31, 0x48, 0x35, 0x34, 0x2e, 0x39, 0x33, 0x56, 0x31, 0x33, 0x2e, 0x34, 0x37, 0x5a,
    0x22, 0x20, 0x73, 0x74, 0x79, 0x6c, 0x65, 0x3d, 0x22, 0x66, 0x69, 0x6c, 0x6c, 0x3a, 0x23, 0x66,
    0x66, 0x66, 0x22, 0x2f, 0x3e, 0x3c, 0x2f, 0x73, 0x76, 0x67, 0x3e,
};
static const size_t main_toolbar_ac_background_svg_len = 2523;
